episode,completion_rate,episode_reward,agent_epsilon,jain_index,v1_completion,v2_completion
0,0.44642857142857145,-123.68000000000002,0.9091562615825302,0.9896306295250951,0.49122807017543857,0.4
1,0.38524590163934425,-176.70666666666668,0.7183288830986236,0.9990332276283308,0.3968253968253968,0.3728813559322034
2,0.504950495049505,-106.36666666666667,0.5562889678716474,0.9665166518977043,0.6136363636363636,0.42105263157894735
3,0.36752136752136755,-318.1666666666666,0.4484282034609769,0.9931631377599336,0.3387096774193548,0.4
4,0.3894736842105263,-131.55999999999997,0.37251769488706843,0.9633536509211483,0.47619047619047616,0.32075471698113206
5,0.4107142857142857,-154.24,0.29580711868545667,0.9810284991653113,0.46551724137931033,0.35185185185185186
6,0.3879310344827586,-149.88,0.23607350863684065,0.9999057492931197,0.38461538461538464,0.39215686274509803
7,0.36363636363636365,-227.31999999999996,0.19318370215794672,0.9979155132506655,0.3793103448275862,0.34615384615384615
8,0.32,-267.73333333333323,0.16455423674261854,0.9795084214052937,0.27450980392156865,0.3673469387755102
9,0.4036697247706422,-150.16666666666669,0.13198501352907185,0.9979002183772886,0.4230769230769231,0.38596491228070173
10,0.384,-189.50666666666666,0.10376060541355137,0.9994243315850071,0.375,0.39344262295081966
11,0.35537190082644626,-172.7,0.08364210790237678,0.9993942723714032,0.34782608695652173,0.36538461538461536
12,0.44642857142857145,-97.55333333333334,0.06509970288011008,0.9999125380575893,0.45098039215686275,0.4426229508196721
13,0.3821138211382114,-193.11333333333337,0.05143559895690903,0.9992451920070747,0.37037037037037035,0.391304347826087
14,0.42990654205607476,-115.62,0.04084374120782771,0.9949238578680202,0.4,0.46153846153846156
15,0.4411764705882353,-81.04,0.032595988006089364,0.9849754541759168,0.4909090909090909,0.3829787234042553
16,0.47474747474747475,-80.3,0.025754252208694463,0.9979002183772887,0.45614035087719296,0.5
17,0.5116279069767442,-54.65999999999999,0.020656869087560238,0.9940134684741918,0.5625,0.48148148148148145
18,0.38016528925619836,-181.7133333333333,0.0164031105360144,0.998402555910543,0.36363636363636365,0.3939393939393939
19,0.4017857142857143,-174.34666666666666,0.013090759526015528,0.9941176470588236,0.4375,0.375
20,0.3492063492063492,-214.7533333333333,0.010499784796482848,0.9966906731174061,0.36764705882352944,0.3275862068965517
21,0.3963963963963964,-151.01333333333332,0.00998645168764533,0.9987229752096235,0.38333333333333336,0.4117647058823529
22,0.375,-189.2466666666666,0.00998645168764533,0.993126685407733,0.4074074074074074,0.3448275862068966
23,0.41509433962264153,-146.09333333333333,0.00998645168764533,0.9985780305723426,0.4,0.43137254901960786
24,0.3978494623655914,-107.44666666666667,0.00998645168764533,0.9985755542863848,0.3829787234042553,0.41304347826086957
25,0.41,-124.73333333333333,0.00998645168764533,0.9923401251341759,0.3793103448275862,0.4523809523809524
26,0.35537190082644626,-239.25333333333327,0.00998645168764533,0.9976992399319478,0.3728813559322034,0.3387096774193548
27,0.4107142857142857,-182.51333333333335,0.00998645168764533,0.9832713754646838,0.4642857142857143,0.35714285714285715
28,0.3644067796610169,-210.25333333333333,0.00998645168764533,0.9983874387617315,0.3793103448275862,0.35
29,0.36585365853658536,-197.85999999999996,0.00998645168764533,0.9984577891169415,0.35294117647058826,0.38181818181818183
30,0.4,-181.18,0.00998645168764533,0.9970336189848382,0.4230769230769231,0.3793103448275862
31,0.4,-184.08666666666662,0.00998645168764533,0.9932509389189658,0.43103448275862066,0.36538461538461536
32,0.4158415841584158,-173.86666666666665,0.00998645168764533,0.9956993206079582,0.4423076923076923,0.3877551020408163
33,0.45454545454545453,-127.88666666666664,0.00998645168764533,0.9999867384839647,0.4528301886792453,0.45614035087719296
34,0.36885245901639346,-246.85333333333332,0.00998645168764533,0.9985121333433619,0.3548387096774194,0.38333333333333336
35,0.47,-102.87999999999998,0.00998645168764533,0.9683930026960939,0.39655172413793105,0.5714285714285714
36,0.42718446601941745,-117.01333333333332,0.00998645168764533,0.9962147942165364,0.45652173913043476,0.40350877192982454
37,0.4077669902912621,-142.93999999999997,0.00998645168764533,0.9997128087306147,0.4,0.41379310344827586
38,0.42452830188679247,-148.7733333333333,0.00998645168764533,0.9995064165844029,0.4339622641509434,0.41509433962264153
39,0.4107142857142857,-152.39999999999998,0.00998645168764533,0.9996812240994583,0.40350877192982454,0.41818181818181815
40,0.4174757281553398,-138.44,0.00998645168764533,0.999148256587703,0.40425531914893614,0.42857142857142855
41,0.47115384615384615,-138.73999999999995,0.00998645168764533,0.9483179442308135,0.6,0.3728813559322034
42,0.5542168674698795,-51.45333333333333,0.00998645168764533,0.9992792622039114,0.5384615384615384,0.5681818181818182
43,0.47058823529411764,-106.54666666666667,0.00998645168764533,0.992623192682207,0.42857142857142855,0.5094339622641509
44,0.43,-117.99333333333331,0.00998645168764533,0.999719188767551,0.4375,0.4230769230769231
45,0.46153846153846156,-136.14666666666665,0.00998645168764533,0.9997420062240999,0.46938775510204084,0.45454545454545453
46,0.4166666666666667,-150.86,0.00998645168764533,0.998344303176485,0.4339622641509434,0.4
47,0.5208333333333334,-85.90666666666662,0.00998645168764533,0.9963190650190297,0.5531914893617021,0.4897959183673469
48,0.38016528925619836,-191.36666666666665,0.00998645168764533,0.9990397887846914,0.36923076923076925,0.39285714285714285
49,0.41739130434782606,-149.4333333333333,0.00998645168764533,0.9977770297077316,0.43548387096774194,0.39622641509433965
50,0.4639175257731959,-108.63333333333334,0.00998645168764533,0.9619406076361611,0.5714285714285714,0.38181818181818183
51,0.42857142857142855,-110.31333333333332,0.00998645168764533,0.9809808236403645,0.49019607843137253,0.37037037037037035
52,0.4423076923076923,-117.13333333333334,0.00998645168764533,0.9933527499847731,0.48,0.4074074074074074
53,0.4838709677419355,-97.17999999999998,0.00998645168764533,0.9971845706887323,0.46,0.5116279069767442
54,0.46808510638297873,-105.52666666666667,0.00998645168764533,0.9844377298780436,0.5384615384615384,0.41818181818181815
55,0.42201834862385323,-123.26666666666667,0.00998645168764533,0.9871248908564514,0.4716981132075472,0.375
56,0.4083333333333333,-168.11333333333334,0.00998645168764533,0.9972713711124117,0.38596491228070173,0.42857142857142855
57,0.3706896551724138,-181.74000000000004,0.00998645168764533,0.9966826391448582,0.35,0.39285714285714285
58,0.43564356435643564,-119.09999999999998,0.00998645168764533,0.9919868522224611,0.4864864864864865,0.40625
59,0.4583333333333333,-101.55999999999999,0.00998645168764533,0.9867543893216385,0.5102040816326531,0.40425531914893614
60,0.415929203539823,-144.8533333333333,0.00998645168764533,0.9965930809977444,0.39344262295081966,0.4423076923076923
61,0.44144144144144143,-113.53999999999999,0.00998645168764533,0.9859751037344399,0.39344262295081966,0.5
62,0.4838709677419355,-89.94000000000001,0.00998645168764533,0.9991523827462799,0.4716981132075472,0.5
63,0.5,-79.88666666666666,0.00998645168764533,0.9792813208157982,0.42857142857142855,0.574468085106383
64,0.43,-98.83999999999999,0.00998645168764533,0.9951560818083962,0.46,0.4
65,0.449438202247191,-78.0933333333333,0.00998645168764533,0.9930649831786562,0.41304347826086957,0.4883720930232558
66,0.42857142857142855,-142.45333333333335,0.00998645168764533,0.9592211234580488,0.5306122448979592,0.3492063492063492
67,0.41509433962264153,-121.42,0.00998645168764533,0.9948192006766757,0.38461538461538464,0.4444444444444444
68,0.43564356435643564,-107.91999999999999,0.00998645168764533,0.9854841221240119,0.37777777777777777,0.48214285714285715
69,0.45098039215686275,-109.22000000000004,0.00998645168764533,0.9938861291555217,0.48936170212765956,0.41818181818181815
70,0.38333333333333336,-149.67999999999998,0.00998645168764533,0.9825327510917029,0.3382352941176471,0.4423076923076923
71,0.4036697247706422,-135.2,0.00998645168764533,0.9999998253717401,0.40384615384615385,0.40350877192982454
72,0.4336283185840708,-133.75333333333333,0.00998645168764533,0.9999775064053507,0.43548387096774194,0.43137254901960786
73,0.42201834862385323,-131.79333333333335,0.00998645168764533,0.9999158390843291,0.41818181818181815,0.42592592592592593
74,0.4387755102040816,-87.09333333333332,0.00998645168764533,0.9999918832486484,0.44,0.4375
75,0.43956043956043955,-87.19999999999997,0.00998645168764533,0.999553528362698,0.43137254901960786,0.45
76,0.44144144144144143,-112.70666666666666,0.00998645168764533,0.9999561441978776,0.4444444444444444,0.43859649122807015
77,0.4421052631578947,-95.18666666666668,0.00998645168764533,0.9809808236403648,0.37777777777777777,0.5
78,0.45544554455445546,-106.94000000000001,0.00998645168764533,0.9971611889330679,0.48,0.43137254901960786
79,0.5111111111111111,-70.32666666666665,0.00998645168764533,0.970642201834862,0.6,0.4222222222222222
80,0.42857142857142855,-131.3133333333333,0.00998645168764533,0.9991097262408192,0.4166666666666667,0.4423076923076923
81,0.4017857142857143,-133.74666666666667,0.00998645168764533,0.999817708169071,0.4074074074074074,0.39655172413793105
82,0.4444444444444444,-108.1,0.00998645168764533,0.9943091388645366,0.4117647058823529,0.4791666666666667
83,0.4485981308411215,-126.0333333333333,0.00998645168764533,0.9974981906790031,0.47619047619047616,0.4307692307692308
84,0.5164835164835165,-44.35333333333333,0.00998645168764533,0.9896872579635521,0.4716981132075472,0.5789473684210527
85,0.4883720930232558,-89.20666666666665,0.00998645168764533,0.9858044164037857,0.5454545454545454,0.42857142857142855
86,0.42990654205607476,-127.46666666666665,0.00998645168764533,0.9978211608854803,0.4107142857142857,0.45098039215686275
87,0.42105263157894735,-139.38666666666666,0.00998645168764533,0.9827842720510094,0.4745762711864407,0.36363636363636365
88,0.39285714285714285,-140.2866666666667,0.00998645168764533,0.937936986646755,0.3088235294117647,0.5227272727272727
89,0.4297520661157025,-184.60000000000002,0.00998645168764533,0.991813641491821,0.46774193548387094,0.3898305084745763
90,0.4482758620689655,-142.90666666666664,0.00998645168764533,0.9864019698179568,0.40298507462686567,0.5102040816326531
91,0.4,-140.54,0.00998645168764533,0.9757412851742965,0.3387096774193548,0.46551724137931033
92,0.42342342342342343,-152.94666666666666,0.00998645168764533,0.9948533113398529,0.4583333333333333,0.3968253968253968
93,0.5274725274725275,-45.07999999999999,0.00998645168764533,0.9978211608854802,0.5490196078431373,0.5
94,0.42857142857142855,-138.76,0.00998645168764533,0.9948555380835874,0.39622641509433965,0.4576271186440678
95,0.5952380952380952,-29.886666666666663,0.00998645168764533,0.9999417317328984,0.6,0.5909090909090909
96,0.415929203539823,-152.39333333333332,0.00998645168764533,0.9969828869848008,0.39285714285714285,0.43859649122807015
97,0.4811320754716981,-94.95333333333332,0.00998645168764533,0.9961176382477992,0.4489795918367347,0.5087719298245614
98,0.47115384615384615,-110.29333333333332,0.00998645168764533,0.9999874352410772,0.4727272727272727,0.46938775510204084
99,0.46938775510204084,-74.84,0.00998645168764533,0.9638608959839412,0.38,0.5625
100,0.45217391304347826,-132.07999999999998,0.00998645168764533,0.9996020499969702,0.4603174603174603,0.4423076923076923
101,0.42424242424242425,-111.09333333333338,0.00998645168764533,0.9918032786885247,0.4666666666666667,0.3888888888888889
102,0.41964285714285715,-147.34000000000003,0.00998645168764533,0.9921947178444201,0.45614035087719296,0.38181818181818183
103,0.45098039215686275,-110.93333333333335,0.00998645168764533,0.9981198738960816,0.475,0.43548387096774194
104,0.47058823529411764,-105.47333333333331,0.00998645168764533,0.9870330777715742,0.4262295081967213,0.5365853658536586
105,0.5053763440860215,-70.57333333333334,0.00998645168764533,0.9998892089519165,0.5106382978723404,0.5
106,0.4,-133.26,0.00998645168764533,0.998679432155827,0.38596491228070173,0.41509433962264153
107,0.5054945054945055,-67.39333333333335,0.00998645168764533,0.9998678996036988,0.5,0.5116279069767442
108,0.44036697247706424,-129.21999999999997,0.00998645168764533,0.9999994073729911,0.44,0.4406779661016949
109,0.43859649122807015,-156.0666666666667,0.00998645168764533,0.9574323365687148,0.5370370370370371,0.35
110,0.376,-178.0666666666667,0.00998645168764533,0.9998256949748973,0.38028169014084506,0.37037037037037035
111,0.4423076923076923,-128.5933333333334,0.00998645168764533,0.9991356957649093,0.42857142857142855,0.45454545454545453
112,0.3826086956521739,-141.03999999999996,0.00998645168764533,0.9996241466595077,0.3898305084745763,0.375
113,0.46078431372549017,-106.43333333333334,0.00998645168764533,0.9754870644134737,0.5272727272727272,0.3829787234042553
114,0.4666666666666667,-99.29333333333332,0.00998645168764533,0.9889018738558115,0.5208333333333334,0.42105263157894735
115,0.4368932038834951,-98.81333333333332,0.00998645168764533,0.9985872242063426,0.4528301886792453,0.42
116,0.4423076923076923,-90.48666666666665,0.00998645168764533,0.999974748750063,0.44,0.4444444444444444
117,0.45689655172413796,-110.61333333333334,0.00998645168764533,0.9971654621426476,0.43333333333333335,0.48214285714285715
118,0.45,-90.16,0.00998645168764533,0.9843325220386298,0.5106382978723404,0.39622641509433965
119,0.42735042735042733,-182.32666666666665,0.00998645168764533,0.9956541068874561,0.46,0.40298507462686567
120,0.3644067796610169,-157.94666666666666,0.00998645168764533,0.9957140358241159,0.3953488372093023,0.3466666666666667
121,0.4166666666666667,-115.89999999999998,0.00998645168764533,0.9968848550111531,0.43859649122807015,0.39215686274509803
122,0.4174757281553398,-116.9066666666667,0.00998645168764533,0.9964010597636893,0.39215686274509803,0.4423076923076923
123,0.5425531914893617,-47.74666666666666,0.00998645168764533,0.998332641204665,0.5208333333333334,0.5652173913043478
124,0.41904761904761906,-104.05333333333334,0.00998645168764533,0.9996441281138788,0.4126984126984127,0.42857142857142855
125,0.41346153846153844,-99.44666666666664,0.00998645168764533,0.9860035693460324,0.3684210526315789,0.46808510638297873
126,0.4479166666666667,-95.50666666666666,0.00998645168764533,0.9898382573283645,0.49019607843137253,0.4
127,0.40336134453781514,-153.32666666666665,0.00998645168764533,0.9844869389465768,0.45161290322580644,0.3508771929824561
128,0.47058823529411764,-77.29999999999998,0.00998645168764533,0.9986413271382324,0.45454545454545453,0.48936170212765956
129,0.4563106796116505,-94.08666666666664,0.00998645168764533,0.9997649356844114,0.4489795918367347,0.46296296296296297
130,0.4838709677419355,-51.893333333333324,0.00998645168764533,0.9858044164037857,0.42857142857142855,0.5454545454545454
131,0.41964285714285715,-135.13333333333333,0.00998645168764533,0.99847205175408,0.43636363636363634,0.40350877192982454
132,0.42342342342342343,-109.0333333333333,0.00998645168764533,0.9962157137755113,0.39622641509433965,0.4482758620689655
133,0.4067796610169492,-154.68,0.00998645168764533,0.9999394853857205,0.4098360655737705,0.40350877192982454
134,0.45098039215686275,-105.95999999999997,0.00998645168764533,0.9981132075471698,0.47058823529411764,0.43137254901960786
135,0.4358974358974359,-136.83333333333334,0.00998645168764533,0.9967158530594421,0.4126984126984127,0.46296296296296297
136,0.4,-175.01999999999998,0.00998645168764533,0.9823404972866911,0.45161290322580644,0.3448275862068966
137,0.44545454545454544,-111.10666666666668,0.00998645168764533,0.9944256891522524,0.41379310344827586,0.4807692307692308
138,0.5053763440860215,-71.51333333333335,0.00998645168764533,0.9944757687744644,0.5434782608695652,0.46808510638297873
139,0.5161290322580645,-63.34666666666667,0.00998645168764533,0.9910514995332984,0.45454545454545453,0.55
140,0.4083333333333333,-139.06000000000003,0.00998645168764533,0.9984801919757504,0.3939393939393939,0.42592592592592593
141,0.4766355140186916,-77.83333333333334,0.00998645168764533,0.9998529358143828,0.48214285714285715,0.47058823529411764
142,0.46601941747572817,-91.99333333333337,0.00998645168764533,0.9976490502162874,0.4897959183673469,0.4444444444444444
143,0.46534653465346537,-87.39333333333333,0.00998645168764533,0.9941176470588236,0.42857142857142855,0.5
144,0.42718446601941745,-105.55999999999999,0.00998645168764533,0.9944830151970613,0.46,0.39622641509433965
145,0.4636363636363636,-114.08000000000001,0.00998645168764533,0.9996156802459646,0.4727272727272727,0.45454545454545453
146,0.42342342342342343,-137.88000000000005,0.00998645168764533,0.9929558442042316,0.3898305084745763,0.46153846153846156
147,0.49473684210526314,-63.19333333333333,0.00998645168764533,0.9906662359034417,0.54,0.4444444444444444
148,0.42857142857142855,-107.3,0.00998645168764533,0.9966911007768153,0.4067796610169492,0.45652173913043476
149,0.44339622641509435,-118.21333333333337,0.00998645168764533,0.9990587241409882,0.4583333333333333,0.43103448275862066
150,0.40869565217391307,-123.68,0.00998645168764533,0.9935583767913877,0.375,0.4406779661016949
151,0.3739130434782609,-166.72666666666666,0.00998645168764533,0.9995903922403909,0.38181818181818183,0.36666666666666664
152,0.44660194174757284,-94.16666666666669,0.00998645168764533,0.9985141289630554,0.46296296296296297,0.42857142857142855
153,0.49019607843137253,-98.04666666666668,0.00998645168764533,0.9996923076923078,0.5,0.4827586206896552
154,0.5,-88.29333333333334,0.00998645168764533,0.9961384434758832,0.47368421052631576,0.5365853658536586
155,0.46,-85.76666666666668,0.00998645168764533,0.9900990099009901,0.5,0.4090909090909091
156,0.4528301886792453,-108.07333333333337,0.00998645168764533,0.9952774564526454,0.42,0.48214285714285715
157,0.46464646464646464,-88.67999999999999,0.00998645168764533,0.9749717278733409,0.5263157894736842,0.38095238095238093
158,0.46534653465346537,-95.62,0.00998645168764533,0.9963372332123793,0.4909090909090909,0.43478260869565216
159,0.4642857142857143,-122.9333333333334,0.00998645168764533,0.9989383037043464,0.47692307692307695,0.44680851063829785
160,0.4,-149.27333333333337,0.00998645168764533,0.9786147698682846,0.46938775510204084,0.3484848484848485
161,0.43636363636363634,-127.85333333333337,0.00998645168764533,0.999739921976593,0.42857142857142855,0.4426229508196721
162,0.47058823529411764,-90.42,0.00998645168764533,0.9998986634839495,0.4745762711864407,0.46511627906976744
163,0.42857142857142855,-122.29333333333335,0.00998645168764533,0.9951560818083962,0.46,0.4
164,0.39823008849557523,-139.34000000000003,0.00998645168764533,0.9897653292728883,0.36065573770491804,0.4423076923076923
165,0.40336134453781514,-166.16000000000005,0.00998645168764533,0.9988940018749884,0.4166666666666667,0.3898305084745763
166,0.41818181818181815,-116.0066666666667,0.00998645168764533,0.9986794321558272,0.4339622641509434,0.40350877192982454
167,0.47706422018348627,-97.79333333333335,0.00998645168764533,0.9847539109022218,0.5370370370370371,0.41818181818181815
168,0.46,-86.85333333333335,0.00998645168764533,0.9971249025472546,0.4883720930232558,0.43859649122807015
169,0.4473684210526316,-147.66666666666669,0.00998645168764533,0.9948192006766758,0.48148148148148145,0.4166666666666667
170,0.44554455445544555,-104.38666666666666,0.00998645168764533,0.9988760059705512,0.43333333333333335,0.4634146341463415
171,0.4636363636363636,-102.55333333333331,0.00998645168764533,0.9968814121842159,0.49056603773584906,0.43859649122807015
172,0.48,-77.28666666666666,0.00998645168764533,0.9855085075312795,0.5434782608695652,0.42592592592592593
173,0.4791666666666667,-73.84,0.00998645168764533,0.9838407216379178,0.5434782608695652,0.42
174,0.4897959183673469,-65.83333333333334,0.00998645168764533,0.9887788701805191,0.5384615384615384,0.43478260869565216
175,0.46875,-82.97999999999999,0.00998645168764533,0.9962655601659751,0.5,0.4423076923076923
176,0.5212765957446809,-48.33333333333334,0.00998645168764533,0.9995836802664446,0.5319148936170213,0.5106382978723404
177,0.40707964601769914,-126.19333333333336,0.00998645168764533,0.9972713711124117,0.38596491228070173,0.42857142857142855
178,0.47368421052631576,-78.9,0.00998645168764533,0.9977375565610862,0.5,0.45454545454545453
179,0.45098039215686275,-103.03333333333335,0.00998645168764533,0.9844347027109227,0.5102040816326531,0.39622641509433965
180,0.5647058823529412,-34.08666666666666,0.00998645168764533,0.9998616108497093,0.5714285714285714,0.5581395348837209
181,0.4519230769230769,-110.49333333333333,0.00998645168764533,0.9995475113122172,0.46153846153846156,0.4423076923076923
182,0.3865546218487395,-156.27333333333337,0.00998645168764533,0.986659551760939,0.42857142857142855,0.3392857142857143
183,0.42727272727272725,-115.82666666666668,0.00998645168764533,0.99225089082557,0.4642857142857143,0.3888888888888889
184,0.45794392523364486,-111.46666666666665,0.00998645168764533,0.9955213384165525,0.42857142857142855,0.49019607843137253
185,0.43119266055045874,-96.60000000000002,0.00998645168764533,0.985354893356199,0.37735849056603776,0.48214285714285715
186,0.4247787610619469,-145.04000000000002,0.00998645168764533,0.9725057121096725,0.5106382978723404,0.36363636363636365
187,0.5638297872340425,-40.47333333333334,0.00998645168764533,0.9999941936757514,0.5652173913043478,0.5625
188,0.4942528735632184,-61.61333333333334,0.00998645168764533,0.9988503709573987,0.5128205128205128,0.4791666666666667
189,0.4485981308411215,-123.50666666666669,0.00998645168764533,0.99782116088548,0.47058823529411764,0.42857142857142855
190,0.3629032258064516,-172.08666666666673,0.00998645168764533,0.9992700729927007,0.35526315789473684,0.375
191,0.4326923076923077,-98.57333333333335,0.00998645168764533,0.9862388118270642,0.38596491228070173,0.48936170212765956
192,0.4411764705882353,-92.87333333333333,0.00998645168764533,0.9889703286542827,0.4897959183673469,0.39622641509433965
193,0.46017699115044247,-121.87333333333333,0.00998645168764533,0.9989261744966443,0.4745762711864407,0.4444444444444444
194,0.5294117647058824,-40.03333333333333,0.00998645168764533,0.9998288864808274,0.5365853658536586,0.5227272727272727
195,0.5591397849462365,-47.96,0.00998645168764533,0.9923841077557922,0.5106382978723404,0.6086956521739131
196,0.4065040650406504,-171.32666666666668,0.00998645168764533,0.9997900041999159,0.4,0.4117647058823529
197,0.4444444444444444,-97.98666666666668,0.00998645168764533,0.9963963601104784,0.41818181818181815,0.4716981132075472
198,0.5714285714285714,-14.980000000000002,0.00998645168764533,0.9567348892737042,0.4666666666666667,0.71875
199,0.3884297520661157,-165.29333333333338,0.00998645168764533,0.9948347170924465,0.36065573770491804,0.4166666666666667
200,0.39316239316239315,-126.90666666666668,0.00998645168764533,0.9998979800040808,0.3968253968253968,0.3888888888888889
201,0.46153846153846156,-87.74000000000001,0.00998645168764533,0.9966826391448581,0.4897959183673469,0.43636363636363634
202,0.40707964601769914,-117.41333333333333,0.00998645168764533,0.9132454452575185,0.5490196078431373,0.2903225806451613
203,0.42342342342342343,-123.63333333333335,0.00998645168764533,0.9947285418066061,0.45454545454545453,0.39285714285714285
204,0.5057471264367817,-26.413333333333334,0.00998645168764533,0.9966163610928485,0.4791666666666667,0.5384615384615384
205,0.49473684210526314,-74.63333333333334,0.00998645168764533,0.9998737692501896,0.4888888888888889,0.5
206,0.42105263157894735,-145.08000000000004,0.00998645168764533,0.9931034482758619,0.45614035087719296,0.38596491228070173
207,0.47,-86.83999999999999,0.00998645168764533,0.9980777377424751,0.4489795918367347,0.49019607843137253
208,0.41228070175438597,-114.37333333333338,0.00998645168764533,0.9986709870064931,0.39622641509433965,0.4262295081967213
209,0.5,-77.78666666666666,0.00998645168764533,0.9846153846153847,0.5714285714285714,0.4444444444444444
210,0.5376344086021505,-32.49333333333333,0.00998645168764533,0.9746450304259634,0.46296296296296297,0.6410256410256411
211,0.42727272727272725,-142.48000000000002,0.00998645168764533,0.9940993374241189,0.4576271186440678,0.39215686274509803
212,0.4528301886792453,-92.19333333333334,0.00998645168764533,0.9937542743821164,0.41818181818181815,0.49019607843137253
213,0.48484848484848486,-64.80000000000001,0.00998645168764533,0.9998705578159108,0.4791666666666667,0.49019607843137253
214,0.45714285714285713,-88.35333333333334,0.00998645168764533,0.9998281352532946,0.45098039215686275,0.46296296296296297
215,0.48514851485148514,-104.92000000000004,0.00998645168764533,0.9991523827462799,0.5,0.4716981132075472
216,0.5222222222222223,-51.85333333333333,0.00998645168764533,0.9957074078928952,0.48936170212765956,0.5581395348837209
217,0.5252525252525253,-89.08000000000003,0.00998645168764533,0.9953045880420093,0.49019607843137253,0.5625
218,0.5222222222222223,-65.46000000000001,0.00998645168764533,0.9963105868703649,0.5510204081632653,0.4878048780487805
219,0.4166666666666667,-166.64000000000001,0.00998645168764533,0.9998996088761817,0.42105263157894735,0.4126984126984127
220,0.47115384615384615,-84.45333333333333,0.00998645168764533,0.9848647921431455,0.5283018867924528,0.4117647058823529
221,0.4485981308411215,-100.2466666666667,0.00998645168764533,0.9999126637554585,0.4444444444444444,0.4528301886792453
222,0.40350877192982454,-137.89333333333332,0.00998645168764533,0.9987703658161698,0.41818181818181815,0.3898305084745763
223,0.44554455445544555,-112.64666666666666,0.00998645168764533,0.9898382573283645,0.49019607843137253,0.4
224,0.4485981308411215,-93.01333333333334,0.00998645168764533,0.9951760607592619,0.4807692307692308,0.41818181818181815
225,0.3923076923076923,-192.82666666666665,0.00998645168764533,0.9999821539003926,0.3939393939393939,0.390625
226,0.5161290322580645,-65.81333333333333,0.00998645168764533,0.9969478649580038,0.5476190476190477,0.49019607843137253
227,0.40540540540540543,-146.28000000000003,0.00998645168764533,0.9983301339873267,0.4230769230769231,0.3898305084745763
228,0.4519230769230769,-88.11333333333333,0.00998645168764533,0.9953702272479836,0.42,0.48148148148148145
229,0.39090909090909093,-126.98666666666671,0.00998645168764533,0.9856431292118373,0.43333333333333335,0.34
230,0.47474747474747475,-74.06666666666666,0.00998645168764533,0.9680266754378278,0.56,0.3877551020408163
231,0.4636363636363636,-95.51333333333334,0.00998645168764533,0.9987782426437589,0.4482758620689655,0.4807692307692308
232,0.44642857142857145,-133.65333333333336,0.00998645168764533,0.9966684642031276,0.4727272727272727,0.42105263157894735
233,0.45544554455445546,-79.15333333333332,0.00998645168764533,0.9818722446854607,0.39622641509433965,0.5208333333333334
234,0.4485981308411215,-99.19333333333331,0.00998645168764533,0.9830058273091105,0.40298507462686567,0.525
235,0.44954128440366975,-117.25333333333333,0.00998645168764533,0.9988616650383323,0.4642857142857143,0.4339622641509434
236,0.5,-63.98666666666667,0.00998645168764533,0.9793863224042277,0.5777777777777777,0.43137254901960786
237,0.42857142857142855,-140.97333333333333,0.00998645168764533,0.9979436349631865,0.4461538461538462,0.4074074074074074
238,0.44144144144144143,-127.43333333333334,0.00998645168764533,0.998828028771223,0.45614035087719296,0.42592592592592593
239,0.39316239316239315,-155.18,0.00998645168764533,0.9768786127167631,0.46153846153846156,0.3384615384615385
240,0.5,-85.74000000000001,0.00998645168764533,0.9983381805949884,0.5208333333333334,0.48
241,0.47619047619047616,-76.42000000000002,0.00998645168764533,0.9999093052784326,0.4807692307692308,0.4716981132075472
242,0.46938775510204084,-116.68000000000002,0.00998645168764533,0.9989867877117613,0.4523809523809524,0.48214285714285715
243,0.48,-66.54666666666668,0.00998645168764533,0.9855085075312795,0.42592592592592593,0.5434782608695652
244,0.41379310344827586,-158.40666666666667,0.00998645168764533,0.9863866798399765,0.4642857142857143,0.36666666666666664
245,0.46153846153846156,-126.91999999999999,0.00998645168764533,0.994542974079127,0.5,0.43103448275862066
246,0.5111111111111111,-49.50666666666666,0.00998645168764533,0.9880818752063387,0.5714285714285714,0.4583333333333333
247,0.5465116279069767,-58.62,0.00998645168764533,0.9967955876529369,0.574468085106383,0.5128205128205128
248,0.44339622641509435,-101.61333333333333,0.00998645168764533,0.9979532277404171,0.4262295081967213,0.4666666666666667
249,0.47368421052631576,-84.11999999999998,0.00998645168764533,0.9971178233802168,0.4489795918367347,0.5
250,0.4537037037037037,-113.50666666666666,0.00998645168764533,0.9947968739882493,0.4897959183673469,0.423728813559322
251,0.411214953271028,-123.85999999999999,0.00998645168764533,0.9929748482220295,0.4489795918367347,0.3793103448275862
252,0.42990654205607476,-103.78,0.00998645168764533,0.9957383892850931,0.40350877192982454,0.46
253,0.5217391304347826,-66.57333333333332,0.00998645168764533,0.9995276334435522,0.5333333333333333,0.5106382978723404
254,0.5208333333333334,-77.30666666666666,0.00998645168764533,0.9939985251574109,0.4772727272727273,0.5576923076923077
255,0.45794392523364486,-113.31333333333333,0.00998645168764533,0.9921221552227194,0.5,0.41818181818181815
256,0.46875,-82.58666666666667,0.00998645168764533,0.9996213558722468,0.46,0.4782608695652174
257,0.45098039215686275,-110.96666666666665,0.00998645168764533,0.9932311008219943,0.41509433962264153,0.4897959183673469
258,0.46078431372549017,-98.52000000000001,0.00998645168764533,0.9931034482758623,0.5,0.4230769230769231
259,0.4326923076923077,-115.3,0.00998645168764533,0.9999188443434507,0.43636363636363634,0.42857142857142855
260,0.5,-82.16,0.00998645168764533,0.9995301890255094,0.5087719298245614,0.48717948717948717
261,0.4392523364485981,-112.62666666666667,0.00998645168764533,0.9990635198575173,0.4528301886792453,0.42592592592592593
262,0.46,-92.66666666666669,0.00998645168764533,0.9887284845477649,0.4117647058823529,0.5102040816326531
263,0.45098039215686275,-92.58,0.00998645168764533,1.0,0.45098039215686275,0.45098039215686275
264,0.47619047619047616,-110.63333333333334,0.00998645168764533,0.9991843393148451,0.46296296296296297,0.49019607843137253
265,0.4897959183673469,-82.54666666666667,0.00998645168764533,0.9983367983367983,0.47058823529411764,0.5106382978723404
266,0.4339622641509434,-124.57333333333332,0.00998645168764533,0.9847883210333197,0.49019607843137253,0.38181818181818183
267,0.4742268041237113,-80.39333333333335,0.00998645168764533,0.9945089105659435,0.44,0.5106382978723404
268,0.3805309734513274,-150.95333333333338,0.00998645168764533,0.9846153846153846,0.42857142857142855,0.3333333333333333
269,0.5051546391752577,-75.30000000000001,0.00998645168764533,0.9826843158380791,0.4375,0.5714285714285714
270,0.4339622641509434,-125.29999999999998,0.00998645168764533,0.9961343242027711,0.4074074074074074,0.46153846153846156
271,0.4838709677419355,-85.69333333333333,0.00998645168764533,0.9997900041999158,0.49019607843137253,0.47619047619047616
272,0.4791666666666667,-97.34666666666666,0.00998645168764533,0.9783812756834018,0.5555555555555556,0.4117647058823529
273,0.4380952380952381,-134.38666666666663,0.00998645168764533,0.9880818752063388,0.4897959183673469,0.39285714285714285
274,0.46875,-93.03999999999999,0.00998645168764533,0.9993719080039083,0.45652173913043476,0.48
275,0.5116279069767442,-57.44666666666667,0.00998645168764533,0.9978413383702105,0.4888888888888889,0.5365853658536586
276,0.4897959183673469,-85.52,0.00998645168764533,0.9735044932616753,0.574468085106383,0.4117647058823529
277,0.3253968253968254,-222.96666666666664,0.00998645168764533,0.9946745562130175,0.3492063492063492,0.30158730158730157
278,0.39655172413793105,-150.48666666666668,0.00998645168764533,0.9910514995332983,0.36363636363636365,0.44
279,0.423728813559322,-150.22,0.00998645168764533,0.9997488045661537,0.43137254901960786,0.417910447761194
280,0.40336134453781514,-168.2266666666667,0.00998645168764533,0.9916661891354029,0.36666666666666664,0.4406779661016949
281,0.4489795918367347,-93.52666666666667,0.00998645168764533,0.9808559155751181,0.49206349206349204,0.37142857142857144
282,0.4537037037037037,-110.36000000000001,0.00998645168764533,0.9918032786885246,0.5,0.4166666666666667
283,0.39344262295081966,-177.39333333333335,0.00998645168764533,0.976338299909488,0.46296296296296297,0.3382352941176471
284,0.41379310344827586,-162.76666666666665,0.00998645168764533,0.9982668977469672,0.39655172413793105,0.43103448275862066
285,0.41228070175438597,-118.8866666666667,0.00998645168764533,0.9883025660161995,0.46153846153846156,0.3709677419354839
286,0.4392523364485981,-89.0533333333333,0.00998645168764533,0.9993513075207784,0.45098039215686275,0.42857142857142855
287,0.4158415841584158,-99.19333333333336,0.00998645168764533,0.9999019800039209,0.4117647058823529,0.42
288,0.43243243243243246,-138.80666666666667,0.00998645168764533,0.993576134466632,0.39622641509433965,0.46551724137931033
289,0.46153846153846156,-82.93333333333334,0.00998645168764533,0.9970161446963326,0.48936170212765956,0.43859649122807015
290,0.39215686274509803,-109.65333333333335,0.00998645168764533,0.9999216914643696,0.3958333333333333,0.3888888888888889
291,0.4424778761061947,-133.2866666666667,0.00998645168764533,0.982684315838079,0.5102040816326531,0.390625
292,0.44554455445544555,-105.42666666666665,0.00998645168764533,0.9831749679050443,0.39285714285714285,0.5111111111111111
293,0.4895833333333333,-66.64666666666665,0.00998645168764533,0.9996156802459648,0.4807692307692308,0.5
294,0.47959183673469385,-97.62000000000002,0.00998645168764533,0.9986301369863014,0.5,0.4642857142857143
295,0.45,-100.33333333333333,0.00998645168764533,0.9896949711459193,0.5,0.4074074074074074
296,0.42342342342342343,-127.02666666666667,0.00998645168764533,0.9996993787160132,0.43137254901960786,0.4166666666666667
297,0.46875,-71.79999999999998,0.00998645168764533,0.988463463843085,0.5217391304347826,0.42
298,0.4673913043478261,-68.8,0.00998645168764533,0.9991233026367635,0.4523809523809524,0.48
299,0.4563106796116505,-103.39999999999998,0.00998645168764533,0.9999383108660711,0.46,0.4528301886792453
300,0.42342342342342343,-122.42666666666666,0.00998645168764533,0.968750350672056,0.3548387096774194,0.5102040816326531
301,0.42342342342342343,-141.05333333333334,0.00998645168764533,0.9905895079051869,0.4642857142857143,0.38181818181818183
302,0.4,-142.5266666666667,0.00998645168764533,0.9945246546092171,0.4262295081967213,0.3673469387755102
303,0.40336134453781514,-147.56666666666666,0.00998645168764533,0.9756536505113634,0.34375,0.4727272727272727
304,0.3790322580645161,-198.70000000000002,0.00998645168764533,0.9995475113122173,0.3870967741935484,0.3709677419354839
305,0.42201834862385323,-136.34,0.00998645168764533,0.9932285570974753,0.46,0.3898305084745763
306,0.4742268041237113,-75.9,0.00998645168764533,0.9973500105999575,0.5,0.45098039215686275
307,0.41228070175438597,-132.64666666666665,0.00998645168764533,0.9955883909127871,0.3870967741935484,0.4423076923076923
308,0.4854368932038835,-82.63999999999999,0.00998645168764533,0.9807549606019724,0.5423728813559322,0.4090909090909091
309,0.44144144144144143,-122.27333333333334,0.00998645168764533,0.9998700283827717,0.43636363636363634,0.44642857142857145
310,0.4666666666666667,-64.13999999999999,0.00998645168764533,0.9999898792026609,0.46511627906976744,0.46808510638297873
311,0.415929203539823,-151.38666666666666,0.00998645168764533,0.9905592717743603,0.45614035087719296,0.375
312,0.42718446601941745,-110.53999999999999,0.00998645168764533,0.9858700435143989,0.37735849056603776,0.48
313,0.39823008849557523,-144.2466666666667,0.00998645168764533,0.9983874387617313,0.38181818181818183,0.41379310344827586
314,0.41904761904761906,-129.75333333333333,0.00998645168764533,0.9781370688794271,0.48936170212765956,0.3620689655172414
315,0.4144144144144144,-113.53333333333333,0.00998645168764533,0.9999188443434505,0.4107142857142857,0.41818181818181815
316,0.49473684210526314,-69.09333333333333,0.00998645168764533,0.9972178041353291,0.5217391304347826,0.46938775510204084
317,0.4946236559139785,-45.38666666666667,0.00998645168764533,0.9906758620689657,0.5454545454545454,0.4489795918367347
318,0.4835164835164835,-63.04666666666665,0.00998645168764533,0.9996935735264492,0.49056603773584906,0.47368421052631576
319,0.4387755102040816,-106.63333333333335,0.00998645168764533,0.9858044164037855,0.5,0.39285714285714285
320,0.41379310344827586,-151.73333333333338,0.00998645168764533,0.999860793304158,0.40816326530612246,0.417910447761194
321,0.39622641509433965,-122.5,0.00998645168764533,0.9927929726492313,0.36363636363636365,0.43137254901960786
322,0.38392857142857145,-153.56,0.00998645168764533,0.9776018780473122,0.3275862068965517,0.4444444444444444
323,0.37815126050420167,-145.24666666666667,0.00998645168764533,0.9944023104030485,0.4067796610169492,0.35
324,0.44086021505376344,-48.93333333333334,0.00998645168764533,0.9994352211172078,0.43137254901960786,0.4523809523809524
325,0.36885245901639346,-159.22000000000003,0.00998645168764533,0.9752150757886113,0.3125,0.43103448275862066
326,0.41228070175438597,-143.95999999999998,0.00998645168764533,0.9999593711840193,0.41509433962264153,0.4098360655737705
327,0.4421052631578947,-102.01999999999997,0.00998645168764533,0.9937853624923076,0.40816326530612246,0.4782608695652174
328,0.35658914728682173,-198.68000000000006,0.00998645168764533,0.9979479542069785,0.375,0.3424657534246575
329,0.5,-79.63333333333333,0.00998645168764533,0.9905087541325781,0.5531914893617021,0.45454545454545453
330,0.42,-93.35333333333332,0.00998645168764533,0.9977375565610861,0.44,0.4
331,0.5444444444444444,-64.44,0.00998645168764533,0.9940851907292167,0.5945945945945946,0.5094339622641509
332,0.4351851851851852,-134.54000000000002,0.00998645168764533,0.9984200961416643,0.41818181818181815,0.4528301886792453
333,0.46464646464646464,-99.11333333333334,0.00998645168764533,0.9959157039972932,0.4909090909090909,0.4318181818181818
334,0.5106382978723404,-70.51333333333332,0.00998645168764533,0.9981924988703119,0.4897959183673469,0.5333333333333333
335,0.48,-78.28666666666665,0.00998645168764533,0.9936406995230523,0.4444444444444444,0.5217391304347826
336,0.4854368932038835,-81.25333333333333,0.00998645168764533,0.9999057492931198,0.49019607843137253,0.4807692307692308
337,0.4392523364485981,-117.99333333333333,0.00998645168764533,0.9849026264070038,0.5,0.3898305084745763
338,0.3888888888888889,-139.80000000000004,0.00998645168764533,0.9977375565610856,0.4074074074074074,0.37037037037037035
339,0.43243243243243246,-110.4,0.00998645168764533,0.9984383963286378,0.45098039215686275,0.4166666666666667
340,0.42452830188679247,-111.49333333333335,0.00998645168764533,0.9954337178069204,0.46153846153846156,0.40298507462686567
341,0.40594059405940597,-121.88,0.00998645168764533,0.9970866715222143,0.42857142857142855,0.38461538461538464
342,0.41346153846153844,-112.34666666666666,0.00998645168764533,0.9992948190981059,0.40350877192982454,0.425531914893617
343,0.39344262295081966,-169.14666666666665,0.00998645168764533,0.9919699480182694,0.36231884057971014,0.4339622641509434
344,0.4444444444444444,-135.1466666666667,0.00998645168764533,0.9989443623924914,0.46,0.43103448275862066
345,0.40350877192982454,-160.7466666666667,0.00998645168764533,0.9992834053047898,0.41509433962264153,0.39344262295081966
346,0.40707964601769914,-142.87333333333333,0.00998645168764533,0.9923919915700737,0.3728813559322034,0.4444444444444444
347,0.47619047619047616,-107.02000000000001,0.00998645168764533,0.9986386305513328,0.45652173913043476,0.4915254237288136
348,0.41904761904761906,-96.59333333333333,0.00998645168764533,0.9832145854244483,0.4791666666666667,0.3684210526315789
349,0.44660194174757284,-96.75999999999999,0.00998645168764533,0.9999742334449885,0.4489795918367347,0.4444444444444444
350,0.37719298245614036,-181.23333333333335,0.00998645168764533,0.9994594594594595,0.38596491228070173,0.3684210526315789
351,0.5051546391752577,-79.8733333333333,0.00998645168764533,0.9990577244141854,0.5208333333333334,0.4897959183673469
352,0.44339622641509435,-114.08666666666666,0.00998645168764533,0.9987505421201545,0.42857142857142855,0.46
353,0.3793103448275862,-179.5533333333333,0.00998645168764533,0.9914142024531557,0.3484848484848485,0.42
354,0.4329896907216495,-82.68000000000002,0.00998645168764533,0.9999188443434507,0.42857142857142855,0.43636363636363634
355,0.415929203539823,-118.02000000000001,0.00998645168764533,0.999972174553004,0.41379310344827586,0.41818181818181815
356,0.4152542372881356,-164.86666666666667,0.00998645168764533,0.9999019800039209,0.42,0.4117647058823529
357,0.415929203539823,-142.98000000000002,0.00998645168764533,0.9818430413196758,0.36507936507936506,0.48
358,0.46078431372549017,-120.82,0.00998645168764533,0.9990194322878242,0.4482758620689655,0.4772727272727273
359,0.4,-196.66666666666674,0.00998645168764533,0.9984025559105432,0.4166666666666667,0.38461538461538464
360,0.43119266055045874,-131.28000000000003,0.00998645168764533,0.9981542115096658,0.45098039215686275,0.41379310344827586
361,0.4752475247524752,-79.69999999999999,0.00998645168764533,0.9968537628995722,0.44680851063829785,0.5
362,0.40707964601769914,-145.07333333333338,0.00998645168764533,0.9981652187665014,0.423728813559322,0.3888888888888889
363,0.42201834862385323,-103.76666666666667,0.00998645168764533,0.9958927074601842,0.39655172413793105,0.45098039215686275
364,0.3728813559322034,-143.6466666666667,0.00998645168764533,0.9861189801699717,0.3333333333333333,0.4230769230769231
365,0.36,-197.9,0.00998645168764533,0.999683488213101,0.36666666666666664,0.35384615384615387
366,0.40384615384615385,-130.07333333333338,0.00998645168764533,0.9999158390843291,0.4,0.4074074074074074
367,0.4017857142857143,-145.59333333333336,0.00998645168764533,0.998397490779406,0.41818181818181815,0.38596491228070173
368,0.47619047619047616,-61.78666666666667,0.00998645168764533,0.9996285311308325,0.4864864864864865,0.46808510638297873
369,0.45263157894736844,-86.76666666666667,0.00998645168764533,0.9948940777433914,0.4883720930232558,0.4230769230769231
370,0.43137254901960786,-96.00666666666667,0.00998645168764533,0.9957922015574145,0.46,0.40384615384615385
371,0.4421052631578947,-108.74,0.00998645168764533,0.9945999559180073,0.4117647058823529,0.4772727272727273
372,0.48936170212765956,-71.37333333333333,0.00998645168764533,0.991553935781546,0.5283018867924528,0.43902439024390244
373,0.44660194174757284,-115.61333333333333,0.00998645168764533,0.9867701727531162,0.5,0.39622641509433965
374,0.45794392523364486,-107.53333333333335,0.00998645168764533,0.9979725818043732,0.48,0.43859649122807015
375,0.48314606741573035,-53.646666666666675,0.00998645168764533,0.9989143546441496,0.46808510638297873,0.5
376,0.42990654205607476,-135.77333333333337,0.00998645168764533,0.9999893899204244,0.43137254901960786,0.42857142857142855
377,0.46,-108.53333333333333,0.00998645168764533,0.9986586367369285,0.4782608695652174,0.4444444444444444
378,0.4392523364485981,-103.09333333333335,0.00998645168764533,0.9990635198575173,0.4528301886792453,0.42592592592592593
379,0.3944954128440367,-147.2266666666667,0.00998645168764533,0.9889671166116076,0.3559322033898305,0.44
380,0.38461538461538464,-146.38000000000002,0.00998645168764533,0.9927066450567262,0.4166666666666667,0.3508771929824561
381,0.391304347826087,-141.49333333333334,0.00998645168764533,0.9998169946670004,0.39655172413793105,0.38596491228070173
382,0.36585365853658536,-203.0666666666667,0.00998645168764533,0.9954854604579787,0.34328358208955223,0.39285714285714285
383,0.43564356435643564,-94.52,0.00998645168764533,0.9808346563846677,0.37735849056603776,0.5
384,0.42452830188679247,-90.80666666666666,0.00998645168764533,0.9706422018348624,0.5,0.35185185185185186
385,0.44545454545454544,-125.07333333333334,0.00998645168764533,0.9999550930571649,0.4482758620689655,0.4423076923076923
386,0.4107142857142857,-139.1666666666667,0.00998645168764533,0.9952332436871021,0.43859649122807015,0.38181818181818183
387,0.4444444444444444,-113.92000000000002,0.00998645168764533,0.9999785006855891,0.4423076923076923,0.44642857142857145
388,0.4017857142857143,-146.03333333333336,0.00998645168764533,0.973634945397816,0.4791666666666667,0.34375
389,0.4144144144144144,-137.8866666666667,0.00998645168764533,0.9830051097352535,0.4716981132075472,0.3620689655172414
390,0.4368932038834951,-117.75333333333336,0.00998645168764533,0.9995661605206073,0.42857142857142855,0.44680851063829785
391,0.391304347826087,-149.86666666666667,0.00998645168764533,0.9990453665673056,0.40350877192982454,0.3793103448275862
392,0.48598130841121495,-94.55333333333334,0.00998645168764533,0.9992700729927007,0.5,0.47368421052631576
393,0.4298245614035088,-132.38000000000002,0.00998645168764533,0.9993143950787745,0.41818181818181815,0.4406779661016949
394,0.4090909090909091,-127.16666666666669,0.00998645168764533,0.9930304880698207,0.4406779661016949,0.37254901960784315
395,0.45098039215686275,-100.0,0.00998645168764533,0.9992010142496798,0.4375,0.46296296296296297
396,0.3983739837398374,-160.22666666666666,0.00998645168764533,0.9737400177653643,0.32727272727272727,0.45588235294117646
397,0.44761904761904764,-118.27333333333334,0.00998645168764533,0.9995160191680311,0.4583333333333333,0.43859649122807015
398,0.47058823529411764,-95.07333333333331,0.00998645168764533,0.9717475084808904,0.3877551020408163,0.5471698113207547
399,0.3893805309734513,-126.41333333333334,0.00998645168764533,0.9991523827462798,0.4,0.37735849056603776
400,0.4639175257731959,-87.55333333333336,0.00998645168764533,0.9255279479017819,0.34545454545454546,0.6190476190476191
401,0.38738738738738737,-134.94000000000005,0.00998645168764533,0.9633501670089204,0.32857142857142857,0.4878048780487805
402,0.5,-53.26666666666668,0.00998645168764533,0.9981132075471698,0.4791666666666667,0.5227272727272727
403,0.4444444444444444,-119.23333333333335,0.00998645168764533,0.9858044164037855,0.39285714285714285,0.5
404,0.43956043956043955,-72.71333333333334,0.00998645168764533,0.9930487689543204,0.4857142857142857,0.4107142857142857
405,0.3898305084745763,-172.81333333333336,0.00998645168764533,0.9996286687500033,0.38181818181818183,0.3968253968253968
406,0.3884297520661157,-171.78000000000006,0.00998645168764533,0.9933523698485311,0.3559322033898305,0.41935483870967744
407,0.4205607476635514,-118.51333333333335,0.00998645168764533,0.9990048654087356,0.4339622641509434,0.4074074074074074
408,0.4326923076923077,-109.7066666666667,0.00998645168764533,0.9891241055369365,0.48,0.3888888888888889
409,0.4528301886792453,-94.10666666666665,0.00998645168764533,0.9828551434569629,0.4,0.5217391304347826
410,0.46938775510204084,-94.43333333333334,0.00998645168764533,0.994308013398353,0.5128205128205128,0.4406779661016949
411,0.5154639175257731,-84.17999999999999,0.00998645168764533,0.9973500105999576,0.49019607843137253,0.5434782608695652
412,0.43243243243243246,-111.62666666666668,0.00998645168764533,0.9999948581359714,0.43333333333333335,0.43137254901960786
413,0.4017094017094017,-157.36666666666662,0.00998645168764533,0.9920842711972951,0.43859649122807015,0.36666666666666664
414,0.42574257425742573,-81.40666666666667,0.00998645168764533,0.997190792469766,0.4067796610169492,0.4523809523809524
415,0.4791666666666667,-87.1,0.00998645168764533,0.9849490197919215,0.5526315789473685,0.43103448275862066
416,0.4424778761061947,-127.8666666666667,0.00998645168764533,0.9996944985564707,0.43548387096774194,0.45098039215686275
417,0.46226415094339623,-101.72000000000001,0.00998645168764533,0.9922566097579107,0.5116279069767442,0.42857142857142855
418,0.46078431372549017,-71.37333333333332,0.00998645168764533,0.9977147559663226,0.48148148148148145,0.4375
419,0.5263157894736842,-59.019999999999996,0.00998645168764533,0.9978211608854802,0.5,0.5490196078431373
420,0.45714285714285713,-85.03333333333336,0.00998645168764533,0.9997191887675507,0.4642857142857143,0.4489795918367347
421,0.4351851851851852,-124.51333333333336,0.00998645168764533,0.999894066335786,0.44,0.43103448275862066
422,0.40384615384615385,-125.07999999999997,0.00998645168764533,0.9991356957649091,0.4166666666666667,0.39285714285714285
423,0.4074074074074074,-123.45999999999998,0.00998645168764533,0.9878048780487805,0.36666666666666664,0.4583333333333333
424,0.4479166666666667,-81.38666666666666,0.00998645168764533,0.9866595517609389,0.5,0.3958333333333333
425,0.4803921568627451,-94.39333333333333,0.00998645168764533,0.9999144175940451,0.475,0.4838709677419355
426,0.41228070175438597,-139.50666666666666,0.00998645168764533,0.9888093106535362,0.45614035087719296,0.3684210526315789
427,0.494949494949495,-68.10666666666668,0.00998645168764533,0.9873824100343437,0.5490196078431373,0.4375
428,0.44,-113.92000000000004,0.00998645168764533,0.9994164626587895,0.43103448275862066,0.4523809523809524
429,0.3853211009174312,-148.85999999999996,0.00998645168764533,0.9754967506180761,0.45098039215686275,0.3275862068965517
430,0.4563106796116505,-104.8266666666667,0.00998645168764533,0.9940300856776347,0.42,0.49056603773584906
431,0.4326923076923077,-98.88666666666667,0.00998645168764533,0.9851425106124925,0.390625,0.5
432,0.4318181818181818,-91.32000000000001,0.00998645168764533,0.9999694768329161,0.43333333333333335,0.42857142857142855
433,0.5604395604395604,-41.50666666666667,0.00998645168764533,0.9995475113122173,0.5476190476190477,0.5714285714285714
434,0.4519230769230769,-115.39333333333332,0.00998645168764533,0.9911785462244177,0.5,0.41379310344827586
435,0.46875,-78.95999999999998,0.00998645168764533,0.9995064165844028,0.4791666666666667,0.4583333333333333
436,0.47572815533980584,-83.94666666666669,0.00998645168764533,0.9998382633527501,0.46938775510204084,0.48148148148148145
437,0.4049586776859504,-148.24666666666667,0.00998645168764533,0.9896454981400978,0.4482758620689655,0.36507936507936506
438,0.5,-64.93333333333334,0.00998645168764533,1.0,0.5,0.5
439,0.5375,-33.70666666666666,0.00998645168764533,0.995575221238938,0.5714285714285714,0.5
440,0.46153846153846156,-108.41999999999999,0.00998645168764533,0.9896230502050817,0.41509433962264153,0.5098039215686274
441,0.4528301886792453,-113.24000000000001,0.00998645168764533,0.998266897746967,0.4716981132075472,0.4339622641509434
442,0.45918367346938777,-88.21333333333334,0.00998645168764533,0.996551724137931,0.42857142857142855,0.48214285714285715
443,0.4519230769230769,-94.24666666666666,0.00998645168764533,0.9911785462244177,0.5,0.41379310344827586
444,0.5555555555555556,-45.10666666666667,0.00998645168764533,0.9949238578680203,0.6,0.52
445,0.34375,-213.46,0.00998645168764533,0.977259966311061,0.29411764705882354,0.4
446,0.4943820224719101,-57.17333333333334,0.00998645168764533,0.9898775306173457,0.55,0.4489795918367347
447,0.4424778761061947,-138.34666666666666,0.00998645168764533,0.9998187097558254,0.43636363636363634,0.4482758620689655
448,0.44660194174757284,-101.56000000000004,0.00998645168764533,0.9971814962995152,0.4230769230769231,0.47058823529411764
449,0.47572815533980584,-92.92666666666669,0.00998645168764533,0.9979002183772887,0.45614035087719296,0.5
450,0.4090909090909091,-128.1133333333333,0.00998645168764533,0.9983714882773214,0.42592592592592593,0.39285714285714285
451,0.44329896907216493,-83.57999999999998,0.00998645168764533,0.998875191217493,0.42857142857142855,0.4583333333333333
452,0.46601941747572817,-93.92000000000003,0.00998645168764533,0.9999833948167918,0.46808510638297873,0.4642857142857143
453,0.42857142857142855,-141.64666666666668,0.00998645168764533,0.9920911104080987,0.47058823529411764,0.39344262295081966
454,0.42574257425742573,-98.90666666666668,0.00998645168764533,0.9926798799530782,0.4666666666666667,0.39285714285714285
455,0.48514851485148514,-104.96000000000002,0.00998645168764533,0.9990825688073394,0.5,0.47058823529411764
456,0.4017094017094017,-149.95999999999998,0.00998645168764533,0.9888317758346735,0.44642857142857145,0.36065573770491804
457,0.40384615384615385,-120.62666666666671,0.00998645168764533,0.998576722770827,0.3877551020408163,0.41818181818181815
458,0.4036697247706422,-132.86666666666667,0.00998645168764533,0.9793087760986731,0.46296296296296297,0.34545454545454546
459,0.42990654205607476,-110.05999999999999,0.00998645168764533,0.9949238578680202,0.4,0.46153846153846156
460,0.4107142857142857,-125.93999999999997,0.00998645168764533,0.9998976622174961,0.41509433962264153,0.4067796610169492
461,0.46226415094339623,-79.96000000000001,0.00998645168764533,0.9966358307849885,0.49019607843137253,0.43636363636363634
462,0.4891304347826087,-61.77333333333333,0.00998645168764533,0.9979797427693291,0.5106382978723404,0.4666666666666667
463,0.45918367346938777,-106.26666666666668,0.00998645168764533,0.994542974079127,0.5,0.43103448275862066
464,0.47572815533980584,-80.51333333333335,0.00998645168764533,0.9988236850911468,0.4583333333333333,0.4909090909090909
465,0.43434343434343436,-97.16666666666669,0.00998645168764533,0.9520222045995241,0.5454545454545454,0.34545454545454546
466,0.3442622950819672,-176.9066666666666,0.00998645168764533,0.9938027097728975,0.3709677419354839,0.31666666666666665
467,0.4017094017094017,-163.86666666666673,0.00998645168764533,0.9978059610460192,0.42105263157894735,0.38333333333333336
468,0.4897959183673469,-72.40666666666664,0.00998645168764533,0.997828045202021,0.5087719298245614,0.4634146341463415
469,0.43119266055045874,-109.38000000000001,0.00998645168764533,0.9994231224192829,0.4406779661016949,0.42
470,0.4842105263157895,-74.6,0.00998645168764533,0.9990037635598851,0.46938775510204084,0.5
471,0.4423076923076923,-107.34000000000002,0.00998645168764533,0.998522895125554,0.46,0.42592592592592593
472,0.39655172413793105,-154.75333333333333,0.00998645168764533,0.9952411792864584,0.42857142857142855,0.373134328358209
473,0.4166666666666667,-144.17333333333335,0.00998645168764533,0.9968062455642297,0.4444444444444444,0.3968253968253968
474,0.4107142857142857,-133.15333333333336,0.00998645168764533,0.9937868168723396,0.4444444444444444,0.3793103448275862
475,0.45794392523364486,-102.04666666666668,0.00998645168764533,0.9824408608192392,0.5185185185185185,0.39622641509433965
476,0.4731182795698925,-86.74666666666667,0.00998645168764533,0.9876105246635991,0.4146341463414634,0.5192307692307693
477,0.4387755102040816,-96.52000000000002,0.00998645168764533,0.9994594594594592,0.4489795918367347,0.42857142857142855
478,0.3761467889908257,-127.59999999999998,0.00998645168764533,0.9978423107227131,0.36065573770491804,0.3958333333333333
479,0.3853211009174312,-146.52,0.00998645168764533,0.9852298528278974,0.3392857142857143,0.4339622641509434
480,0.47959183673469385,-82.28666666666669,0.00998645168764533,0.9869731439555458,0.4186046511627907,0.5272727272727272
481,0.47115384615384615,-110.70000000000002,0.00998645168764533,0.9987669695408321,0.45614035087719296,0.48936170212765956
482,0.43564356435643564,-96.09333333333333,0.00998645168764533,0.9944980301589459,0.4642857142857143,0.4
483,0.40625,-93.50666666666666,0.00998645168764533,0.9979470229505142,0.4230769230769231,0.38636363636363635
484,0.37962962962962965,-141.03333333333336,0.00998645168764533,0.9999824936101678,0.37777777777777777,0.38095238095238093
485,0.48863636363636365,-64.67333333333332,0.00998645168764533,0.9953109427613164,0.5238095238095238,0.45652173913043476
486,0.40594059405940597,-114.98,0.00998645168764533,0.9999849186929033,0.4074074074074074,0.40425531914893614
487,0.4158415841584158,-107.04,0.00998645168764533,0.9923640806353086,0.46153846153846156,0.3870967741935484
488,0.41379310344827586,-144.00666666666666,0.00998645168764533,0.9997028231797918,0.4067796610169492,0.42105263157894735
489,0.4351851851851852,-114.1133333333333,0.00998645168764533,0.9982025966048337,0.41935483870967744,0.45652173913043476
490,0.46534653465346537,-102.22666666666665,0.00998645168764533,0.9963372332123793,0.4909090909090909,0.43478260869565216
491,0.40540540540540543,-132.37333333333333,0.00998645168764533,0.9895142306869247,0.36,0.4426229508196721
492,0.4322033898305085,-128.41333333333336,0.00998645168764533,0.9993217482040374,0.4444444444444444,0.421875
493,0.48514851485148514,-85.12666666666667,0.00998645168764533,0.9991523827462799,0.5,0.4716981132075472
494,0.3893805309734513,-155.92000000000002,0.00998645168764533,0.9986607921137294,0.40350877192982454,0.375
495,0.4205607476635514,-111.45333333333336,0.00998645168764533,0.9974834657460171,0.4,0.4423076923076923
496,0.41284403669724773,-127.14666666666668,0.00998645168764533,0.9998937300743892,0.40816326530612246,0.4166666666666667
497,0.5,-62.30666666666666,0.00998645168764533,0.9959054528469058,0.5306122448979592,0.4666666666666667
498,0.41818181818181815,-144.76666666666665,0.00998645168764533,0.9891008997041243,0.375,0.46296296296296297
499,0.46464646464646464,-75.89333333333333,0.00998645168764533,0.9865069279540475,0.5208333333333334,0.4117647058823529
500,0.3805309734513274,-133.34,0.00998645168764533,0.9995586236388352,0.3888888888888889,0.3728813559322034
501,0.5057471264367817,-56.58666666666665,0.00998645168764533,0.9968062455642299,0.47619047619047616,0.5333333333333333
502,0.37606837606837606,-150.94666666666663,0.00998645168764533,0.9674730454196738,0.4528301886792453,0.3125
503,0.44036697247706424,-102.63333333333335,0.00998645168764533,0.987914902520253,0.39285714285714285,0.49056603773584906
504,0.4787234042553192,-87.69999999999999,0.00998645168764533,0.9838052142727057,0.4230769230769231,0.5476190476190477
505,0.39823008849557523,-118.92,0.00998645168764533,0.9678897668679918,0.3382352941176471,0.4888888888888889
506,0.3879310344827586,-150.33999999999997,0.00998645168764533,0.9934155317503107,0.4230769230769231,0.359375
507,0.37962962962962965,-135.29333333333335,0.00998645168764533,0.9904321440018296,0.3448275862068966,0.42
508,0.4174757281553398,-88.02000000000001,0.00998645168764533,0.992769198700096,0.4482758620689655,0.37777777777777777
509,0.391304347826087,-160.90666666666667,0.00998645168764533,0.9833818390636435,0.3392857142857143,0.4406779661016949
510,0.36363636363636365,-157.22666666666663,0.00998645168764533,0.9995723357649169,0.3559322033898305,0.3709677419354839
511,0.43434343434343436,-96.94,0.00998645168764533,0.9982668977469672,0.45454545454545453,0.41818181818181815
512,0.5057471264367817,-69.19333333333333,0.00998645168764533,0.9831489816156841,0.42857142857142855,0.5576923076923077
513,0.44329896907216493,-85.17333333333335,0.00998645168764533,0.9999915002124946,0.4418604651162791,0.4444444444444444
514,0.4380952380952381,-96.61333333333332,0.00998645168764533,0.9955752212389378,0.4107142857142857,0.46938775510204084
515,0.47,-87.51999999999998,0.00998645168764533,0.9994295559850055,0.4807692307692308,0.4583333333333333
516,0.46808510638297873,-80.85333333333332,0.00998645168764533,0.996551724137931,0.4444444444444444,0.5
517,0.4731182795698925,-64.57333333333332,0.00998645168764533,0.9989604989604991,0.4888888888888889,0.4583333333333333
518,0.4639175257731959,-64.73999999999998,0.00998645168764533,0.9755024759685407,0.39622641509433965,0.5454545454545454
519,0.3652173913043478,-139.07999999999998,0.00998645168764533,0.992553846153846,0.39655172413793105,0.3333333333333333
520,0.3902439024390244,-176.51999999999998,0.00998645168764533,0.9983502705556287,0.375,0.4067796610169492
521,0.4485981308411215,-124.00000000000001,0.00998645168764533,0.9957383892850931,0.42105263157894735,0.48
522,0.47191011235955055,-64.35999999999999,0.00998645168764533,0.9850719091932834,0.5192307692307693,0.40540540540540543
523,0.4537037037037037,-115.30666666666666,0.00998645168764533,0.9999676444932223,0.45614035087719296,0.45098039215686275
524,0.40350877192982454,-142.62666666666667,0.00998645168764533,0.9999293885044483,0.4,0.4067796610169492
525,0.41228070175438597,-125.72666666666667,0.00998645168764533,0.9972626131953428,0.3939393939393939,0.4375
526,0.42201834862385323,-104.38,0.00998645168764533,0.9809267274935387,0.48148148148148145,0.36363636363636365
527,0.5217391304347826,-48.61333333333333,0.00998645168764533,0.9928283412008387,0.4791666666666667,0.5681818181818182
528,0.41964285714285715,-121.01333333333332,0.00998645168764533,0.9999417317328982,0.4166666666666667,0.4230769230769231
529,0.40869565217391307,-161.61333333333334,0.00998645168764533,0.9995064165844025,0.41818181818181815,0.4
530,0.3652173913043478,-159.48666666666668,0.00998645168764533,0.9968412884045775,0.3448275862068966,0.38596491228070173
531,0.42857142857142855,-115.46666666666665,0.00998645168764533,0.9985453275922263,0.4117647058823529,0.4444444444444444
532,0.46,-97.3,0.00998645168764533,0.9974091348790212,0.48148148148148145,0.43478260869565216
533,0.4174757281553398,-113.12666666666667,0.00998645168764533,0.9822827321347108,0.4716981132075472,0.36
534,0.5113636363636364,-66.73333333333332,0.00998645168764533,0.9878538495353569,0.4523809523809524,0.5652173913043478
535,0.40707964601769914,-146.18000000000004,0.00998645168764533,0.957730285405113,0.3333333333333333,0.5106382978723404
536,0.4368932038834951,-101.59333333333332,0.00998645168764533,0.9798639672327469,0.38333333333333336,0.5116279069767442
537,0.4479166666666667,-78.16666666666666,0.00998645168764533,0.9935535085633643,0.4090909090909091,0.4807692307692308
538,0.42592592592592593,-110.04000000000002,0.00998645168764533,0.9993763959710379,0.43636363636363634,0.41509433962264153
539,0.36885245901639346,-164.2,0.00998645168764533,0.9969875053013617,0.3492063492063492,0.3898305084745763
540,0.3412698412698413,-185.06000000000003,0.00998645168764533,0.9866595517609393,0.38095238095238093,0.30158730158730157
541,0.4536082474226804,-100.48666666666666,0.00998645168764533,0.9969029298926205,0.4791666666666667,0.42857142857142855
542,0.44642857142857145,-143.41333333333333,0.00998645168764533,0.9920911104080988,0.4098360655737705,0.49019607843137253
543,0.47058823529411764,-89.24666666666666,0.00998645168764533,0.9803807213175942,0.4074074074074074,0.5416666666666666
544,0.4673913043478261,-67.6,0.00998645168764533,0.9991233026367635,0.4523809523809524,0.48
545,0.42727272727272725,-128.8,0.00998645168764533,0.9979157710449647,0.44642857142857145,0.4074074074074074
546,0.4583333333333333,-62.30666666666665,0.00998645168764533,0.9846153846153844,0.4074074074074074,0.5238095238095238
547,0.41964285714285715,-142.30666666666667,0.00998645168764533,0.9939001224196886,0.45,0.38461538461538464
548,0.43,-96.38666666666664,0.00998645168764533,0.9849539915443922,0.375,0.4807692307692308
549,0.4117647058823529,-108.77333333333333,0.00998645168764533,0.9999291240608937,0.40816326530612246,0.41509433962264153
550,0.42201834862385323,-130.74666666666667,0.00998645168764533,0.9921110887502516,0.38596491228070173,0.46153846153846156
551,0.42592592592592593,-130.23999999999998,0.00998645168764533,0.9860708547957002,0.4883720930232558,0.38461538461538464
552,0.4074074074074074,-126.03333333333336,0.00998645168764533,0.9918032786885245,0.37037037037037035,0.4444444444444444
553,0.3963963963963964,-137.92000000000002,0.00998645168764533,0.9968848550111531,0.4166666666666667,0.37254901960784315
554,0.39814814814814814,-124.87333333333335,0.00998645168764533,0.9922856644608227,0.4339622641509434,0.36363636363636365
555,0.4260869565217391,-149.2,0.00998645168764533,0.9999998730843669,0.42592592592592593,0.4262295081967213
556,0.5232558139534884,-44.46666666666666,0.00998645168764533,0.9972375690607734,0.5,0.5555555555555556
557,0.36283185840707965,-142.19333333333333,0.00998645168764533,0.9827875671293188,0.3235294117647059,0.4222222222222222
558,0.4380952380952381,-112.87333333333336,0.00998645168764533,0.9955752212389378,0.46938775510204084,0.4107142857142857
559,0.4897959183673469,-74.06666666666666,0.00998645168764533,0.9735044932616753,0.574468085106383,0.4117647058823529
560,0.4158415841584158,-100.15333333333336,0.00998645168764533,0.9837029893924782,0.3684210526315789,0.4772727272727273
561,0.3629032258064516,-191.80666666666676,0.00998645168764533,0.9903498850742456,0.328125,0.4
562,0.45263157894736844,-80.21333333333334,0.00998645168764533,0.9919316966138654,0.4090909090909091,0.49019607843137253
563,0.46875,-90.21333333333331,0.00998645168764533,0.9995064165844028,0.4791666666666667,0.4583333333333333
564,0.4260869565217391,-128.63333333333333,0.00998645168764533,0.9983614890932363,0.4098360655737705,0.4444444444444444
565,0.4083333333333333,-156.80666666666673,0.00998645168764533,0.9996441281138788,0.4153846153846154,0.4
566,0.39814814814814814,-146.35333333333335,0.00998645168764533,0.998190930996186,0.41379310344827586,0.38
567,0.4174757281553398,-118.90666666666667,0.00998645168764533,0.99891500734798,0.43137254901960786,0.40384615384615385
568,0.45454545454545453,-68.19333333333333,0.00998645168764533,0.989041095890411,0.40476190476190477,0.5
569,0.38738738738738737,-147.83333333333334,0.00998645168764533,0.9992010142496796,0.3968253968253968,0.375
570,0.4074074074074074,-116.83333333333334,0.00998645168764533,0.9969230769230768,0.38596491228070173,0.43137254901960786
571,0.3826086956521739,-141.93333333333334,0.00998645168764533,0.9608412046253547,0.3125,0.47058823529411764
572,0.5274725274725275,-55.833333333333336,0.00998645168764533,0.9998229056860122,0.5208333333333334,0.5348837209302325
573,0.5280898876404494,-57.47333333333333,0.00998645168764533,0.9867656099540589,0.46511627906976744,0.5869565217391305
574,0.41228070175438597,-135.76666666666665,0.00998645168764533,0.9978574072174834,0.43103448275862066,0.39285714285714285
575,0.4891304347826087,-62.599999999999994,0.00998645168764533,0.9702652635337968,0.40816326530612246,0.5813953488372093
576,0.42105263157894735,-128.65333333333334,0.00998645168764533,0.9978681210782614,0.4032258064516129,0.4423076923076923
577,0.4444444444444444,-101.85999999999997,0.00998645168764533,0.9992145226042938,0.43333333333333335,0.4583333333333333
578,0.38095238095238093,-107.96000000000001,0.00998645168764533,0.9964727734227035,0.3584905660377358,0.40384615384615385
579,0.42342342342342343,-116.15333333333334,0.00998645168764533,0.9986427162640766,0.43859649122807015,0.4074074074074074
580,0.3853211009174312,-130.60666666666665,0.00998645168764533,0.9987703658161695,0.4,0.3728813559322034
581,0.4205607476635514,-100.88666666666666,0.00998645168764533,0.9967210066323684,0.39622641509433965,0.4444444444444444
582,0.41818181818181815,-133.81333333333336,0.00998645168764533,0.9999333655399891,0.4153846153846154,0.4222222222222222
583,0.3942307692307692,-119.79333333333335,0.00998645168764533,0.9898775306173458,0.35714285714285715,0.4375
584,0.4444444444444444,-114.5666666666667,0.00998645168764533,0.9887373121776482,0.4909090909090909,0.39622641509433965
585,0.38392857142857145,-170.17333333333337,0.00998645168764533,0.9965403077142695,0.3620689655172414,0.4074074074074074
586,0.4392523364485981,-120.93333333333334,0.00998645168764533,0.9995843455687977,0.43103448275862066,0.4489795918367347
587,0.4519230769230769,-94.14666666666668,0.00998645168764533,0.9993536984455137,0.46296296296296297,0.44
588,0.39285714285714285,-116.18,0.00998645168764533,0.997938144329897,0.4107142857142857,0.375
589,0.44554455445544555,-81.22666666666666,0.00998645168764533,0.9998481434765227,0.45098039215686275,0.44
590,0.4537037037037037,-121.16666666666666,0.00998645168764533,0.9971195635404512,0.48,0.43103448275862066
591,0.4247787610619469,-141.24666666666667,0.00998645168764533,0.9998004848053429,0.43137254901960786,0.41935483870967744
592,0.41,-111.96666666666668,0.00998645168764533,0.9999085735704172,0.4067796610169492,0.4146341463414634
593,0.41379310344827586,-169.64666666666668,0.00998645168764533,0.9973317521494217,0.39344262295081966,0.43636363636363634
594,0.4205607476635514,-125.94666666666667,0.00998645168764533,0.9986777769043312,0.4067796610169492,0.4375
595,0.4742268041237113,-77.95333333333333,0.00998645168764533,0.9990443830961988,0.46,0.48936170212765956
596,0.45918367346938777,-98.54666666666664,0.00998645168764533,0.996551724137931,0.42857142857142855,0.48214285714285715
597,0.4485981308411215,-127.98000000000002,0.00998645168764533,0.9998138425183689,0.4423076923076923,0.45454545454545453
598,0.44329896907216493,-98.75333333333333,0.00998645168764533,0.9936376714456943,0.40816326530612246,0.4791666666666667
599,0.48514851485148514,-99.34,0.00998645168764533,0.9912382331643736,0.5283018867924528,0.4375
600,0.49019607843137253,-77.24,0.00998645168764533,0.9965517241379308,0.46296296296296297,0.5208333333333334
601,0.47959183673469385,-89.08666666666663,0.00998645168764533,0.9999614227297275,0.47619047619047616,0.48214285714285715
602,0.47368421052631576,-73.98666666666668,0.00998645168764533,0.9975552513201643,0.5,0.4528301886792453
603,0.48936170212765956,-68.6,0.00998645168764533,0.999992035243164,0.4878048780487805,0.49056603773584906
604,0.46875,-83.67999999999998,0.00998645168764533,0.9996213558722468,0.4782608695652174,0.46
605,0.4583333333333333,-78.62,0.00998645168764533,0.9729729729729729,0.39285714285714285,0.55
606,0.4631578947368421,-82.74666666666667,0.00998645168764533,0.9989261744966443,0.4745762711864407,0.4444444444444444
607,0.36885245901639346,-189.90000000000003,0.00998645168764533,0.9942112183701612,0.34328358208955223,0.4
608,0.45794392523364486,-110.50666666666665,0.00998645168764533,0.9998775922853737,0.46296296296296297,0.4528301886792453
609,0.4380952380952381,-124.74666666666667,0.00998645168764533,0.9509986398453719,0.35,0.5555555555555556
610,0.4392523364485981,-112.22000000000001,0.00998645168764533,0.9984632636158939,0.423728813559322,0.4583333333333333
611,0.41739130434782606,-122.36,0.00998645168764533,0.9675131104974631,0.4915254237288136,0.3392857142857143
612,0.4107142857142857,-128.36666666666665,0.00998645168764533,0.9870480046926147,0.46153846153846156,0.36666666666666664
613,0.4336283185840708,-117.19333333333334,0.00998645168764533,0.9998663682223633,0.43859649122807015,0.42857142857142855
614,0.40707964601769914,-146.58000000000004,0.00998645168764533,0.9997559189650965,0.4,0.4126984126984127
615,0.4051724137931034,-128.36,0.00998645168764533,0.9648600022489601,0.3333333333333333,0.49056603773584906
616,0.46,-74.75333333333332,0.00998645168764533,0.994542974079127,0.43103448275862066,0.5
617,0.37962962962962965,-133.17333333333335,0.00998645168764533,0.996761573462851,0.40425531914893614,0.36065573770491804
618,0.4205607476635514,-135.10666666666668,0.00998645168764533,0.9897288695339703,0.46296296296296297,0.37735849056603776
619,0.4411764705882353,-100.13999999999997,0.00998645168764533,0.9998601524166008,0.44680851063829785,0.43636363636363634
620,0.42990654205607476,-115.18,0.00998645168764533,0.9929570919674071,0.39215686274509803,0.4642857142857143
621,0.4421052631578947,-85.19333333333333,0.00998645168764533,0.9919990060626143,0.4074074074074074,0.4878048780487805
622,0.38461538461538464,-168.14666666666665,0.00998645168764533,0.9943810948867448,0.3559322033898305,0.41379310344827586
623,0.4230769230769231,-124.70666666666669,0.00998645168764533,0.9642531005814928,0.34545454545454546,0.5102040816326531
624,0.40707964601769914,-145.1466666666667,0.00998645168764533,0.9988013680386117,0.39285714285714285,0.42105263157894735
625,0.43859649122807015,-122.40000000000003,0.00998645168764533,0.9806821611832178,0.38461538461538464,0.5102040816326531
626,0.4845360824742268,-87.92666666666665,0.00998645168764533,0.9865948756034162,0.5416666666666666,0.42857142857142855
627,0.4095238095238095,-136.2,0.00998645168764533,0.9998113840797171,0.41509433962264153,0.40384615384615385
628,0.38333333333333336,-142.74,0.00998645168764533,0.9995836802664446,0.390625,0.375
629,0.46226415094339623,-106.17333333333333,0.00998645168764533,0.985646236715679,0.5192307692307693,0.4074074074074074
630,0.48863636363636365,-56.593333333333334,0.00998645168764533,0.9955364532976984,0.5294117647058824,0.46296296296296297
631,0.41904761904761906,-125.4866666666667,0.00998645168764533,0.9972375690607734,0.4,0.4444444444444444
632,0.46938775510204084,-77.60666666666665,0.00998645168764533,0.9595616879972947,0.5853658536585366,0.38596491228070173
633,0.41739130434782606,-133.84,0.00998645168764533,0.9999243913503705,0.42105263157894735,0.41379310344827586
634,0.35772357723577236,-190.45333333333335,0.00998645168764533,0.9986077950918943,0.3709677419354839,0.3442622950819672
635,0.4942528735632184,-49.06,0.00998645168764533,0.9999019800039209,0.49019607843137253,0.5
636,0.5,-56.57333333333333,0.00998645168764533,0.9957245615453005,0.5365853658536586,0.47058823529411764
637,0.46078431372549017,-117.78000000000002,0.00998645168764533,0.9988163322212538,0.4782608695652174,0.44642857142857145
638,0.4639175257731959,-71.04666666666667,0.00998645168764533,0.9882065596650381,0.5094339622641509,0.4090909090909091
639,0.3644067796610169,-158.89999999999998,0.00998645168764533,0.9996396107796418,0.3709677419354839,0.35714285714285715
640,0.42201834862385323,-133.93333333333334,0.00998645168764533,0.9988236850911468,0.43636363636363634,0.4074074074074074
641,0.39669421487603307,-165.2266666666667,0.00998645168764533,0.9989243210707924,0.38461538461538464,0.4107142857142857
642,0.4423076923076923,-117.12666666666668,0.00998645168764533,0.976878612716763,0.38333333333333336,0.5227272727272727
643,0.5,-63.70000000000002,0.00998645168764533,0.9962531327929688,0.4716981132075472,0.5333333333333333
644,0.39090909090909093,-126.04666666666668,0.00998645168764533,0.9997665719505938,0.39655172413793105,0.38461538461538464
645,0.39814814814814814,-141.7,0.00998645168764533,0.9949459171860119,0.3673469387755102,0.423728813559322
646,0.39622641509433965,-121.89999999999996,0.00998645168764533,0.999644128113879,0.40384615384615385,0.3888888888888889
647,0.46153846153846156,-95.72666666666669,0.00998645168764533,0.9991482565877031,0.44680851063829785,0.47368421052631576
648,0.43564356435643564,-96.91333333333334,0.00998645168764533,0.9657952184319193,0.509090909090909,0.34782608695652173
649,0.4326923076923077,-81.08666666666667,0.00998645168764533,0.9874513294308588,0.3898305084745763,0.4888888888888889
650,0.4666666666666667,-105.26,0.00998645168764533,0.9883589713131794,0.52,0.41818181818181815
651,0.39823008849557523,-141.2466666666667,0.00998645168764533,0.9943639973118488,0.3709677419354839,0.43137254901960786
652,0.46938775510204084,-97.52666666666666,0.00998645168764533,0.9886440670078386,0.5208333333333334,0.42
653,0.45544554455445546,-100.84,0.00998645168764533,0.9831749679050443,0.391304347826087,0.509090909090909
654,0.4117647058823529,-104.65333333333334,0.00998645168764533,0.9992145226042938,0.4230769230769231,0.4
655,0.43137254901960786,-105.89333333333333,0.00998645168764533,0.9849898655761317,0.48936170212765956,0.38181818181818183
656,0.41509433962264153,-115.21333333333334,0.00998645168764533,0.9842457532416085,0.36,0.4642857142857143
657,0.4090909090909091,-128.05333333333334,0.00998645168764533,0.9943989395216392,0.43859649122807015,0.37735849056603776
658,0.43119266055045874,-141.95333333333332,0.00998645168764533,0.9955200736559011,0.46153846153846156,0.40350877192982454
659,0.45098039215686275,-88.53333333333333,0.00998645168764533,0.9749460288603569,0.5333333333333333,0.38596491228070173
660,0.44954128440366975,-133.10000000000002,0.00998645168764533,0.9986998888170848,0.46808510638297873,0.43548387096774194
661,0.38596491228070173,-144.48666666666665,0.00998645168764533,0.9999834757175668,0.3877551020408163,0.38461538461538464
662,0.4895833333333333,-72.69333333333333,0.00998645168764533,0.9931459808662144,0.4528301886792453,0.5348837209302325
663,0.43157894736842106,-82.96,0.00998645168764533,0.9758263820719115,0.35714285714285715,0.49056603773584906
664,0.5432098765432098,-42.57333333333332,0.00998645168764533,0.9948192006766757,0.5,0.5777777777777777
665,0.4174757281553398,-126.18,0.00998645168764533,0.9937316255034774,0.45098039215686275,0.38461538461538464
666,0.43564356435643564,-86.14666666666666,0.00998645168764533,0.9999019800039206,0.44,0.43137254901960786
667,0.4090909090909091,-134.17333333333335,0.00998645168764533,0.9989537669620533,0.4230769230769231,0.39655172413793105
668,0.5058823529411764,-57.306666666666665,0.00998645168764533,0.9965891994792488,0.4772727272727273,0.5365853658536586
669,0.5,-71.61999999999998,0.00998645168764533,0.9961156697210313,0.46938775510204084,0.5319148936170213
670,0.42718446601941745,-118.34666666666666,0.00998645168764533,0.9892908531661831,0.37777777777777777,0.46551724137931033
671,0.4392523364485981,-97.02666666666667,0.00998645168764533,0.9890540006789713,0.4897959183673469,0.39655172413793105
672,0.44,-86.76666666666665,0.00998645168764533,0.9720160125668247,0.37037037037037035,0.5217391304347826
673,0.5054945054945055,-73.79333333333332,0.00998645168764533,0.9970769203298829,0.4772727272727273,0.5319148936170213
674,0.45263157894736844,-99.15333333333332,0.00998645168764533,0.9995635677004471,0.4634146341463415,0.4444444444444444
675,0.42990654205607476,-101.77999999999999,0.00998645168764533,0.9999126637554584,0.42592592592592593,0.4339622641509434
676,0.4485981308411215,-127.54000000000003,0.00998645168764533,0.9938396300209963,0.48214285714285715,0.4117647058823529
677,0.42718446601941745,-89.91333333333333,0.00998645168764533,0.9975711234979745,0.4098360655737705,0.4523809523809524
678,0.4583333333333333,-65.25999999999998,0.00998645168764533,0.9885445011225437,0.4117647058823529,0.5111111111111111
679,0.4051724137931034,-147.86,0.00998645168764533,0.9675588644621668,0.49019607843137253,0.3384615384615385
680,0.36923076923076925,-219.47999999999996,0.00998645168764533,0.9976490502162875,0.38571428571428573,0.35
681,0.46875,-83.17333333333332,0.00998645168764533,0.998812351543943,0.45,0.48214285714285715
682,0.4411764705882353,-98.21333333333332,0.00998645168764533,0.9968395095304715,0.46808510638297873,0.41818181818181815
683,0.42857142857142855,-117.6866666666667,0.00998645168764533,0.9998342480386017,0.43478260869565216,0.423728813559322
684,0.40869565217391307,-148.9733333333333,0.00998645168764533,0.9865660718513893,0.46153846153846156,0.36507936507936506
685,0.46875,-92.80666666666666,0.00998645168764533,0.9962655601659751,0.4423076923076923,0.5
686,0.3652173913043478,-170.4533333333334,0.00998645168764533,0.9764771596959371,0.3114754098360656,0.42592592592592593
687,0.4380952380952381,-114.58,0.00998645168764533,0.9940300856776346,0.4716981132075472,0.40384615384615385
688,0.42424242424242425,-68.72666666666667,0.00998645168764533,0.9813302217036172,0.37037037037037035,0.4888888888888889
689,0.5,-64.91999999999999,0.00998645168764533,0.9995815925830531,0.5098039215686274,0.48936170212765956
690,0.5185185185185185,-42.146666666666675,0.00998645168764533,0.9989604989604985,0.5333333333333333,0.5
691,0.3979591836734694,-87.59333333333332,0.00998645168764533,0.9968616522911391,0.37735849056603776,0.4222222222222222
692,0.46808510638297873,-90.29999999999998,0.00998645168764533,0.9996604979488809,0.46,0.4772727272727273
693,0.43617021276595747,-80.72666666666666,0.00998645168764533,0.9995000918198699,0.425,0.4444444444444444
694,0.3671875,-209.08666666666662,0.00998645168764533,0.9972521932701852,0.3870967741935484,0.3484848484848485
695,0.4339622641509434,-101.86000000000003,0.00998645168764533,0.9973985544516932,0.4583333333333333,0.41379310344827586
696,0.4752475247524752,-99.05333333333334,0.00998645168764533,0.9998010072202016,0.48148148148148145,0.46808510638297873
697,0.3865546218487395,-159.57999999999998,0.00998645168764533,0.9901787001263072,0.421875,0.34545454545454546
698,0.47572815533980584,-90.0,0.00998645168764533,0.9891190632287615,0.43333333333333335,0.5348837209302325
699,0.40186915887850466,-113.94000000000003,0.00998645168764533,0.9999809313145951,0.4,0.40350877192982454
700,0.5058823529411764,-71.97999999999998,0.00998645168764533,0.996641470722568,0.47619047619047616,0.5348837209302325
701,0.3898305084745763,-168.67333333333332,0.00998645168764533,0.9912196460419808,0.42857142857142855,0.3548387096774194
702,0.39473684210526316,-149.48666666666668,0.00998645168764533,0.9942088470237054,0.423728813559322,0.36363636363636365
703,0.5333333333333333,-63.41999999999998,0.00998645168764533,0.9982668977469672,0.5555555555555556,0.5111111111111111
704,0.42857142857142855,-126.78000000000002,0.00998645168764533,0.9994325841856115,0.41818181818181815,0.43859649122807015
705,0.4230769230769231,-130.99333333333337,0.00998645168764533,0.9995459031953908,0.43103448275862066,0.41304347826086957
706,0.43636363636363634,-115.06666666666665,0.00998645168764533,0.9957604384013939,0.4642857142857143,0.4074074074074074
707,0.3709677419354839,-183.55333333333337,0.00998645168764533,0.9998737692501896,0.375,0.36666666666666664
708,0.4387755102040816,-97.83999999999999,0.00998645168764533,0.9902014005754302,0.4,0.4883720930232558
709,0.4563106796116505,-105.38000000000002,0.00998645168764533,0.9997649356844114,0.46296296296296297,0.4489795918367347
710,0.41964285714285715,-141.18,0.00998645168764533,0.9848557465565019,0.4727272727272727,0.3684210526315789
711,0.4489795918367347,-85.75999999999999,0.00998645168764533,0.9911785462244177,0.41379310344827586,0.5
712,0.42201834862385323,-127.61333333333333,0.00998645168764533,0.9921110887502516,0.46153846153846156,0.38596491228070173
713,0.5113636363636364,-58.35999999999999,0.00998645168764533,0.9979856480282949,0.5348837209302325,0.4888888888888889
714,0.45098039215686275,-117.80666666666664,0.00998645168764533,0.9896949711459193,0.4074074074074074,0.5
715,0.4230769230769231,-92.60000000000001,0.00998645168764533,0.9948706525652842,0.4528301886792453,0.39215686274509803
716,0.42718446601941745,-103.11999999999999,0.00998645168764533,0.9952557735409404,0.3958333333333333,0.45454545454545453
717,0.46464646464646464,-93.6,0.00998645168764533,0.9967837772961466,0.4375,0.49019607843137253
718,0.4174757281553398,-117.74666666666667,0.00998645168764533,0.9782720616087333,0.4888888888888889,0.3620689655172414
719,0.46296296296296297,-89.85999999999999,0.00998645168764533,0.9858044164037855,0.5185185185185185,0.4074074074074074
720,0.4411764705882353,-102.2533333333333,0.00998645168764533,0.9846153846153846,0.3888888888888889,0.5
721,0.4421052631578947,-83.36,0.00998645168764533,0.9945999559180073,0.4772727272727273,0.4117647058823529
722,0.48514851485148514,-95.75999999999998,0.00998645168764533,0.9972196374538855,0.4583333333333333,0.5094339622641509
723,0.4017857142857143,-132.18,0.00998645168764533,0.999482501082304,0.39344262295081966,0.4117647058823529
724,0.38738738738738737,-148.74666666666667,0.00998645168764533,0.998960498960499,0.375,0.4
725,0.42727272727272725,-141.99333333333334,0.00998645168764533,0.993257705836012,0.46808510638297873,0.3968253968253968
726,0.5113636363636364,-48.72,0.00998645168764533,0.9824894961912003,0.4444444444444444,0.5813953488372093
727,0.4842105263157895,-72.22666666666665,0.00998645168764533,0.9990037635598851,0.46938775510204084,0.5
728,0.4144144144144144,-137.81333333333333,0.00998645168764533,0.999997535549696,0.41379310344827586,0.41509433962264153
729,0.4326923076923077,-90.32000000000002,0.00998645168764533,0.9999812600727112,0.43103448275862066,0.43478260869565216
730,0.47474747474747475,-92.97333333333331,0.00998645168764533,0.9888916028444155,0.5178571428571429,0.4186046511627907
731,0.45263157894736844,-64.14666666666666,0.00998645168764533,0.9993686038060492,0.4423076923076923,0.46511627906976744
732,0.45098039215686275,-94.20666666666668,0.00998645168764533,0.9999930382478662,0.4523809523809524,0.45
733,0.4017094017094017,-148.73333333333335,0.00998645168764533,0.9959266116815353,0.42857142857142855,0.3770491803278688
734,0.42857142857142855,-113.83333333333334,0.00998645168764533,0.9989936297208605,0.41509433962264153,0.4423076923076923
735,0.47368421052631576,-86.41333333333333,0.00998645168764533,0.9985780305723428,0.49019607843137253,0.45454545454545453
736,0.4725274725274725,-68.99333333333334,0.00998645168764533,0.9853635050306944,0.5365853658536586,0.42
737,0.4051724137931034,-134.16,0.00998645168764533,0.9994939647029163,0.41509433962264153,0.3968253968253968
738,0.46464646464646464,-113.78000000000002,0.00998645168764533,0.9787814264580869,0.5588235294117647,0.4153846153846154
739,0.38181818181818183,-140.73999999999998,0.00998645168764533,0.9978604768193268,0.3968253968253968,0.3617021276595745
740,0.41379310344827586,-141.39333333333326,0.00998645168764533,0.9884723035565248,0.4576271186440678,0.3684210526315789
741,0.46,-90.83333333333331,0.00998645168764533,0.9998268997749696,0.45454545454545453,0.4666666666666667
742,0.40186915887850466,-116.15333333333336,0.00998645168764533,0.9951335831427321,0.37254901960784315,0.42857142857142855
743,0.41818181818181815,-113.88,0.00998645168764533,0.9911451800290387,0.37735849056603776,0.45614035087719296
744,0.41025641025641024,-159.2866666666667,0.00998645168764533,0.9976490502162875,0.3888888888888889,0.42857142857142855
745,0.4188034188034188,-158.23333333333338,0.00998645168764533,0.9967834576513402,0.4393939393939394,0.39215686274509803
746,0.3697478991596639,-174.12666666666664,0.00998645168764533,0.9814936519112147,0.42592592592592593,0.3230769230769231
747,0.4144144144144144,-117.40000000000003,0.00998645168764533,0.9872336903576303,0.3684210526315789,0.46296296296296297
748,0.47959183673469385,-71.87333333333333,0.00998645168764533,0.9900041591359369,0.43859649122807015,0.5365853658536586
749,0.45871559633027525,-118.24666666666666,0.00998645168764533,0.9869538287392096,0.5087719298245614,0.40384615384615385
750,0.46808510638297873,-73.61999999999998,0.00998645168764533,0.995575221238938,0.5,0.4375
751,0.44761904761904764,-106.19999999999999,0.00998645168764533,0.9997356769972907,0.44,0.45454545454545453
752,0.40816326530612246,-115.82,0.00998645168764533,0.9989921733503785,0.4222222222222222,0.39622641509433965
753,0.4056603773584906,-104.09333333333332,0.00998645168764533,0.9898537871075328,0.3709677419354839,0.45454545454545453
754,0.4051724137931034,-149.18,0.00998645168764533,0.997829456571502,0.423728813559322,0.38596491228070173
755,0.4421052631578947,-81.22,0.00998645168764533,0.9928608387220947,0.4791666666666667,0.40425531914893614
756,0.42201834862385323,-117.77333333333335,0.00998645168764533,0.9827977136219321,0.3684210526315789,0.4807692307692308
757,0.4752475247524752,-95.86666666666669,0.00998645168764533,0.9921221552227194,0.5217391304347826,0.43636363636363634
758,0.40384615384615385,-102.83333333333334,0.00998645168764533,0.9991356957649091,0.39285714285714285,0.4166666666666667
759,0.44642857142857145,-113.38000000000005,0.00998645168764533,0.9711157200647644,0.5283018867924528,0.3728813559322034
760,0.35714285714285715,-208.28666666666672,0.00998645168764533,0.9697986577181208,0.42857142857142855,0.3
761,0.38016528925619836,-155.16666666666666,0.00998645168764533,0.9870979612256627,0.43137254901960786,0.34285714285714286
762,0.46938775510204084,-89.97999999999998,0.00998645168764533,0.9951560818083959,0.43478260869565216,0.5
763,0.41346153846153844,-106.46,0.00998645168764533,0.99392700856429,0.38,0.4444444444444444
764,0.45454545454545453,-77.17333333333335,0.00998645168764533,0.9989567670080787,0.46938775510204084,0.44
765,0.48,-80.72,0.00998645168764533,0.998266897746967,0.46,0.5
766,0.44554455445544555,-102.25999999999999,0.00998645168764533,0.9967837772961466,0.42,0.47058823529411764
767,0.47115384615384615,-83.66,0.00998645168764533,0.9921249305988624,0.5087719298245614,0.425531914893617
768,0.46875,-71.52666666666667,0.00998645168764533,0.996450965903093,0.4358974358974359,0.49122807017543857
769,0.46601941747572817,-95.62666666666665,0.00998645168764533,0.9999972314660496,0.4666666666666667,0.46511627906976744
770,0.3697478991596639,-142.14666666666665,0.00998645168764533,0.995042632635106,0.3442622950819672,0.39655172413793105
771,0.40594059405940597,-95.28,0.00998645168764533,0.994582175545011,0.37735849056603776,0.4375
772,0.39814814814814814,-127.66,0.00998645168764533,0.9866595517609392,0.4444444444444444,0.35185185185185186
773,0.36036036036036034,-150.3066666666667,0.00998645168764533,0.9983210475074015,0.34545454545454546,0.375
774,0.5365853658536586,-37.08666666666667,0.00998645168764533,0.9984558661330475,0.5135135135135135,0.5555555555555556
775,0.4339622641509434,-116.84666666666668,0.00998645168764533,0.9815565061238478,0.37254901960784315,0.4909090909090909
776,0.5,-74.13999999999999,0.00998645168764533,0.9890410958904109,0.5490196078431373,0.4444444444444444
777,0.45918367346938777,-91.80000000000001,0.00998645168764533,0.9999374254355862,0.4634146341463415,0.45614035087719296
778,0.45454545454545453,-90.8,0.00998645168764533,0.9983443031764851,0.43478260869565216,0.4716981132075472
779,0.4326923076923077,-97.36666666666667,0.00998645168764533,0.995575221238938,0.46153846153846156,0.40384615384615385
780,0.4791666666666667,-91.82666666666664,0.00998645168764533,0.9981132075471698,0.4583333333333333,0.5
781,0.4368932038834951,-115.37999999999998,0.00998645168764533,0.9950278187771571,0.4074074074074074,0.46938775510204084
782,0.423728813559322,-147.24666666666664,0.00998645168764533,0.9984025559105429,0.4406779661016949,0.4067796610169492
783,0.45,-91.12666666666665,0.00998645168764533,0.9941806425215015,0.41304347826086957,0.48148148148148145
784,0.3865546218487395,-168.4133333333333,0.00998645168764533,0.9961852146983765,0.4098360655737705,0.3620689655172414
785,0.4,-114.76666666666667,0.00998645168764533,0.9967482618890394,0.37735849056603776,0.4230769230769231
786,0.47,-90.71333333333335,0.00998645168764533,0.9850110504141737,0.41509433962264153,0.5319148936170213
787,0.48314606741573035,-61.626666666666665,0.00998645168764533,0.9971666379552646,0.46153846153846156,0.5135135135135135
788,0.4205607476635514,-124.28000000000002,0.00998645168764533,0.9961700028119884,0.4489795918367347,0.39655172413793105
789,0.4166666666666667,-118.76666666666665,0.00998645168764533,0.9898775306173457,0.4666666666666667,0.38095238095238093
790,0.44339622641509435,-114.2,0.00998645168764533,0.9915793493099981,0.4067796610169492,0.48936170212765956
791,0.43,-79.56666666666666,0.00998645168764533,0.9967784944374704,0.4074074074074074,0.45652173913043476
792,0.4835164835164835,-75.53333333333336,0.00998645168764533,0.9888093106535363,0.5306122448979592,0.42857142857142855
793,0.4594594594594595,-103.43333333333337,0.00998645168764533,0.9927066450567261,0.5,0.42105263157894735
794,0.41818181818181815,-139.55333333333334,0.00998645168764533,0.9986794321558272,0.4339622641509434,0.40350877192982454
795,0.45161290322580644,-91.06,0.00998645168764533,0.9721382882015931,0.38,0.5348837209302325
796,0.47,-99.98666666666665,0.00998645168764533,0.9996489599350139,0.46153846153846156,0.4791666666666667
797,0.3879310344827586,-150.78000000000003,0.00998645168764533,0.9987389984044468,0.37254901960784315,0.4
798,0.4411764705882353,-84.19333333333333,0.00998645168764533,0.9847941521274395,0.5135135135135135,0.4
799,0.4945054945054945,-56.04666666666667,0.00998645168764533,0.9480511330875385,0.37777777777777777,0.6086956521739131
800,0.43137254901960786,-94.12,0.00998645168764533,0.994697378426716,0.3953488372093023,0.4576271186440678
801,0.3888888888888889,-104.82666666666664,0.00998645168764533,0.9999928762807855,0.3898305084745763,0.3877551020408163
802,0.4811320754716981,-112.00666666666667,0.00998645168764533,0.9653602607815952,0.4,0.5869565217391305
803,0.3524590163934426,-176.09333333333333,0.00998645168764533,0.9947922497135017,0.328125,0.3793103448275862
804,0.4074074074074074,-138.5266666666667,0.00998645168764533,0.995930953006593,0.4339622641509434,0.38181818181818183
805,0.4528301886792453,-90.47333333333334,0.00998645168764533,0.9911785462244177,0.41379310344827586,0.5
806,0.5232558139534884,-49.379999999999995,0.00998645168764533,0.9992971277087334,0.5106382978723404,0.5384615384615384
807,0.3865546218487395,-172.02,0.00998645168764533,0.9714243496392131,0.45614035087719296,0.3225806451612903
808,0.3870967741935484,-180.95999999999998,0.00998645168764533,0.9949033768983628,0.41818181818181815,0.36231884057971014
809,0.5487804878048781,-43.53999999999999,0.00998645168764533,0.9772112876452453,0.46153846153846156,0.627906976744186
810,0.3879310344827586,-138.64666666666662,0.00998645168764533,0.9899183469421762,0.42857142857142855,0.35
811,0.44339622641509435,-108.14666666666666,0.00998645168764533,0.9898382573283645,0.4,0.49019607843137253
812,0.41346153846153844,-111.90666666666664,0.00998645168764533,0.9946903733665338,0.38596491228070173,0.44680851063829785
813,0.4117647058823529,-84.14666666666665,0.00998645168764533,0.9986607921137299,0.42592592592592593,0.3958333333333333
814,0.4946236559139785,-65.82666666666665,0.00998645168764533,0.9861845137041334,0.5581395348837209,0.44
815,0.47115384615384615,-95.66666666666666,0.00998645168764533,0.9951560818083959,0.43478260869565216,0.5
816,0.40625,-90.14666666666668,0.00998645168764533,0.986218768245787,0.45652173913043476,0.36
817,0.4224137931034483,-135.10000000000002,0.00998645168764533,0.9954246496997425,0.39285714285714285,0.45
818,0.4807692307692308,-115.45333333333335,0.00998645168764533,0.9965093345422218,0.5098039215686274,0.4528301886792453
819,0.3813559322033898,-162.33333333333331,0.00998645168764533,0.9979210336414552,0.4,0.36507936507936506
820,0.41346153846153844,-98.01333333333332,0.00998645168764533,0.9994594594594592,0.40384615384615385,0.4230769230769231
821,0.44761904761904764,-113.34000000000002,0.00998645168764533,0.9990526177666972,0.4339622641509434,0.46153846153846156
822,0.4090909090909091,-144.04666666666668,0.00998645168764533,0.9856235911119292,0.46153846153846156,0.3620689655172414
823,0.4215686274509804,-108.7266666666667,0.00998645168764533,0.9960604217123309,0.3902439024390244,0.4426229508196721
824,0.4672897196261682,-86.75999999999999,0.00998645168764533,0.9999828606314369,0.46551724137931033,0.46938775510204084
825,0.5543478260869565,-69.70666666666665,0.00998645168764533,0.9853458382180539,0.6388888888888888,0.5
826,0.41964285714285715,-159.21333333333337,0.00998645168764533,0.9944415910893586,0.4528301886792453,0.3898305084745763
827,0.4205607476635514,-111.20000000000002,0.00998645168764533,0.9992577888255496,0.40816326530612246,0.43103448275862066
828,0.3709677419354839,-178.40000000000003,0.00998645168764533,0.9935383820108559,0.34328358208955223,0.40350877192982454
829,0.5465116279069767,-39.00666666666666,0.00998645168764533,0.9991382729117662,0.5641025641025641,0.5319148936170213
830,0.41818181818181815,-140.43333333333334,0.00998645168764533,0.9993594875900721,0.4074074074074074,0.42857142857142855
831,0.38095238095238093,-170.12666666666664,0.00998645168764533,1.0,0.38095238095238093,0.38095238095238093
832,0.43564356435643564,-97.61333333333333,0.00998645168764533,0.997716942255723,0.41304347826086957,0.45454545454545453
833,0.38392857142857145,-135.41999999999996,0.00998645168764533,0.9956409739141231,0.4117647058823529,0.36065573770491804
834,0.47,-92.34666666666668,0.00998645168764533,0.9930392662935765,0.5102040816326531,0.43137254901960786
835,0.3879310344827586,-162.99333333333334,0.00998645168764533,0.993024595206618,0.42105263157894735,0.3559322033898305
836,0.44144144144144143,-113.9,0.00998645168764533,0.9904014889657005,0.4827586206896552,0.39622641509433965
837,0.376,-162.85999999999999,0.00998645168764533,0.9871071716357775,0.3333333333333333,0.41935483870967744
838,0.47674418604651164,-58.91333333333334,0.00998645168764533,0.9979381443298971,0.45652173913043476,0.5
839,0.41904761904761906,-105.01333333333335,0.00998645168764533,0.9820044193101383,0.36,0.4727272727272727
840,0.3898305084745763,-156.48666666666665,0.00998645168764533,0.9981132075471696,0.3728813559322034,0.4067796610169492
841,0.3949579831932773,-149.80666666666664,0.00998645168764533,0.9907260246883397,0.43636363636363634,0.359375
842,0.47474747474747475,-91.46666666666664,0.00998645168764533,0.9991445907947315,0.46153846153846156,0.48936170212765956
843,0.4380952380952381,-92.27999999999999,0.00998645168764533,0.9965858755088728,0.46296296296296297,0.4117647058823529
844,0.42424242424242425,-83.00666666666666,0.00998645168764533,0.9986671986814626,0.4107142857142857,0.4418604651162791
845,0.4731182795698925,-79.20000000000002,0.00998645168764533,0.9998253715704915,0.4666666666666667,0.4791666666666667
846,0.344,-189.95333333333332,0.00998645168764533,0.9913131596111168,0.3770491803278688,0.3125
847,0.4230769230769231,-96.84666666666666,0.00998645168764533,0.9996303142329018,0.41509433962264153,0.43137254901960786
848,0.42201834862385323,-115.07999999999998,0.00998645168764533,0.9992430613961312,0.4107142857142857,0.4339622641509434
849,0.4631578947368421,-102.90666666666668,0.00998645168764533,0.9982247138409461,0.4807692307692308,0.4418604651162791
850,0.4074074074074074,-122.14666666666668,0.00998645168764533,0.998073283064004,0.421875,0.38636363636363635
851,0.4077669902912621,-120.92666666666665,0.00998645168764533,0.9964746546951817,0.38596491228070173,0.43478260869565216
852,0.42990654205607476,-105.44666666666669,0.00998645168764533,0.9997443801445387,0.423728813559322,0.4375
853,0.40707964601769914,-133.30666666666667,0.00998645168764533,0.9951313494998479,0.43636363636363634,0.3793103448275862
854,0.3853211009174312,-108.74,0.00998645168764533,0.9975475405302109,0.40350877192982454,0.36538461538461536
855,0.4339622641509434,-117.48000000000002,0.00998645168764533,0.9998663682223633,0.43859649122807015,0.42857142857142855
856,0.40336134453781514,-130.24666666666667,0.00998645168764533,0.9997286846746022,0.4098360655737705,0.39655172413793105
857,0.36065573770491804,-193.11333333333334,0.00998645168764533,0.9630248406243129,0.42857142857142855,0.288135593220339
858,0.46226415094339623,-95.25333333333336,0.00998645168764533,0.9982049970508546,0.48148148148148145,0.4423076923076923
859,0.44642857142857145,-131.76000000000005,0.00998645168764533,0.9920911104080988,0.49019607843137253,0.4098360655737705
860,0.3826086956521739,-151.45999999999998,0.00998645168764533,0.9839247969740796,0.43103448275862066,0.3333333333333333
861,0.4351851851851852,-137.69333333333333,0.00998645168764533,0.9972114167295119,0.41379310344827586,0.46
862,0.41025641025641024,-152.76,0.00998645168764533,0.9941176470588236,0.38095238095238093,0.4444444444444444
863,0.3770491803278688,-170.14666666666665,0.00998645168764533,0.9859433340654512,0.423728813559322,0.3333333333333333
864,0.41964285714285715,-123.98666666666668,0.00998645168764533,0.9821936777552479,0.4807692307692308,0.36666666666666664
865,0.45544554455445546,-85.16666666666666,0.00998645168764533,0.994686695190595,0.4897959183673469,0.4230769230769231
866,0.38524590163934425,-177.85333333333332,0.00998645168764533,0.9998673457977124,0.3898305084745763,0.38095238095238093
867,0.48484848484848486,-86.84,0.00998645168764533,0.9952542152203632,0.5238095238095238,0.45614035087719296
868,0.4411764705882353,-103.49333333333334,0.00998645168764533,0.9926308381491156,0.48,0.40384615384615385
869,0.42342342342342343,-128.98000000000002,0.00998645168764533,0.9744564256673148,0.5,0.36065573770491804
870,0.4392523364485981,-119.19333333333336,0.00998645168764533,0.9636162936669406,0.5294117647058824,0.35714285714285715
871,0.46938775510204084,-86.94666666666666,0.00998645168764533,0.9994671089557227,0.48,0.4583333333333333
872,0.47474747474747475,-86.22666666666667,0.00998645168764533,0.9942080830601822,0.4375,0.5098039215686274
873,0.45794392523364486,-105.24666666666664,0.00998645168764533,0.9857758506270997,0.4098360655737705,0.5217391304347826
874,0.4215686274509804,-122.40666666666667,0.00998645168764533,0.9976748600170825,0.4444444444444444,0.40350877192982454
875,0.4051724137931034,-136.97333333333333,0.00998645168764533,0.9978701335543725,0.38461538461538464,0.421875
876,0.45544554455445546,-70.5,0.00998645168764533,0.9866414608920633,0.5102040816326531,0.40384615384615385
877,0.4423076923076923,-92.85999999999997,0.00998645168764533,0.999630314232902,0.4339622641509434,0.45098039215686275
878,0.5,-62.89333333333333,0.00998645168764533,0.9995425570996009,0.49019607843137253,0.5116279069767442
879,0.4777777777777778,-53.69333333333333,0.00998645168764533,0.9916346493016024,0.5227272727272727,0.43478260869565216
880,0.49,-75.24,0.00998645168764533,0.9962655601659749,0.52,0.46
881,0.43564356435643564,-86.12,0.00998645168764533,0.9882774656074405,0.39285714285714285,0.4888888888888889
882,0.5180722891566265,-33.333333333333336,0.00998645168764533,0.9701886833267537,0.4318181818181818,0.6153846153846154
883,0.46875,-86.2333333333333,0.00998645168764533,0.9983758270535842,0.45098039215686275,0.4888888888888889
884,0.4948453608247423,-78.67999999999999,0.00998645168764533,0.9948192006766758,0.5333333333333333,0.46153846153846156
885,0.45714285714285713,-120.06666666666666,0.00998645168764533,0.9980496852998412,0.43859649122807015,0.4791666666666667
886,0.4174757281553398,-84.60666666666665,0.00998645168764533,0.9907942985483358,0.38333333333333336,0.46511627906976744
887,0.4215686274509804,-112.15333333333335,0.00998645168764533,0.9933262146289376,0.3888888888888889,0.4583333333333333
888,0.49,-69.89333333333333,0.00998645168764533,0.9984801919757504,0.4727272727272727,0.5111111111111111
889,0.42592592592592593,-128.19333333333333,0.00998645168764533,0.999967717984311,0.42857142857142855,0.423728813559322
890,0.4423076923076923,-89.79333333333332,0.00998645168764533,0.9997969846958775,0.43636363636363634,0.4489795918367347
891,0.44036697247706424,-107.19333333333331,0.00998645168764533,0.9937061273051756,0.40384615384615385,0.47368421052631576
892,0.43119266055045874,-117.90000000000002,0.00998645168764533,0.9927629917132249,0.39655172413793105,0.47058823529411764
893,0.43478260869565216,-139.84666666666664,0.00998645168764533,0.9883716202676972,0.4897959183673469,0.3939393939393939
894,0.4666666666666667,-87.63999999999997,0.00998645168764533,0.9970181950952351,0.44,0.4909090909090909
895,0.4380952380952381,-100.92666666666666,0.00998645168764533,0.9837029893924782,0.5,0.38596491228070173
896,0.4339622641509434,-102.93333333333334,0.00998645168764533,0.9828551434569629,0.5,0.38333333333333336
897,0.3629032258064516,-169.7133333333333,0.00998645168764533,0.9965861874283196,0.34328358208955223,0.38596491228070173
898,0.5365853658536586,-46.88666666666666,0.00998645168764533,0.9918032786885248,0.4878048780487805,0.5853658536585366
899,0.4074074074074074,-105.91333333333334,0.00998645168764533,0.9987389984044469,0.39215686274509803,0.42105263157894735
900,0.4489795918367347,-73.64000000000001,0.00998645168764533,0.9986831134626323,0.4666666666666667,0.4339622641509434
901,0.4326923076923077,-100.53333333333335,0.00998645168764533,0.968393002696094,0.5217391304347826,0.3620689655172414
902,0.4298245614035088,-138.8,0.00998645168764533,0.9884843550663079,0.4807692307692308,0.3870967741935484
903,0.46296296296296297,-109.08666666666663,0.00998645168764533,0.9978574072174832,0.4827586206896552,0.44
904,0.41964285714285715,-109.16666666666666,0.00998645168764533,0.9995475113122171,0.4107142857142857,0.42857142857142855
905,0.3944954128440367,-127.1066666666667,0.00998645168764533,0.9994256443918278,0.40350877192982454,0.38461538461538464
906,0.42342342342342343,-122.41333333333333,0.00998645168764533,0.9998494712678282,0.42857142857142855,0.41818181818181815
907,0.45652173913043476,-64.35333333333332,0.00998645168764533,0.9999302701595506,0.46,0.4523809523809524
908,0.375,-180.46666666666667,0.00998645168764533,0.9948224688919228,0.40350877192982454,0.3492063492063492
909,0.4631578947368421,-86.82,0.00998645168764533,0.9990037635598848,0.4782608695652174,0.4489795918367347
910,0.4943820224719101,-57.333333333333336,0.00998645168764533,0.9998737692501896,0.4888888888888889,0.5
911,0.4444444444444444,-113.86666666666669,0.00998645168764533,0.9973932354579823,0.46938775510204084,0.423728813559322
912,0.35537190082644626,-171.2466666666666,0.00998645168764533,0.9884454565435554,0.31666666666666665,0.39344262295081966
913,0.3879310344827586,-170.42,0.00998645168764533,0.999506416584403,0.39655172413793105,0.3793103448275862
914,0.4107142857142857,-117.04666666666667,0.00998645168764533,0.9978897530871681,0.39344262295081966,0.43137254901960786
915,0.46788990825688076,-110.94000000000003,0.00998645168764533,0.9995555073987701,0.47619047619047616,0.45652173913043476
916,0.41509433962264153,-106.94666666666666,0.00998645168764533,0.9999880271066306,0.41379310344827586,0.4166666666666667
917,0.3870967741935484,-161.88666666666663,0.00998645168764533,0.9746450304259635,0.3333333333333333,0.46153846153846156
918,0.4326923076923077,-108.62000000000002,0.00998645168764533,0.9355626120323834,0.5490196078431373,0.32075471698113206
919,0.38333333333333336,-160.26000000000002,0.00998645168764533,0.9817444219066938,0.43859649122807015,0.3333333333333333
920,0.46296296296296297,-105.46000000000002,0.00998645168764533,0.99995308908383,0.4603174603174603,0.4666666666666667
921,0.46296296296296297,-102.84666666666668,0.00998645168764533,0.99985265169393,0.46774193548387094,0.45652173913043476
922,0.5555555555555556,-33.233333333333334,0.00998645168764533,0.9991185112634673,0.5384615384615384,0.5714285714285714
923,0.4444444444444444,-105.96666666666665,0.00998645168764533,0.992238956069123,0.4098360655737705,0.48936170212765956
924,0.48514851485148514,-83.25333333333333,0.00998645168764533,0.9951456972053009,0.4528301886792453,0.5208333333333334
925,0.368,-186.29333333333338,0.00998645168764533,0.9923155087006224,0.40350877192982454,0.3382352941176471
926,0.46938775510204084,-76.09333333333333,0.00998645168764533,0.985196424177807,0.5178571428571429,0.40476190476190477
927,0.42201834862385323,-135.84000000000003,0.00998645168764533,0.9994775097623175,0.4117647058823529,0.43103448275862066
928,0.4803921568627451,-87.67333333333335,0.00998645168764533,0.9997505527691596,0.47368421052631576,0.4888888888888889
929,0.46226415094339623,-112.87999999999998,0.00998645168764533,0.9903460535443311,0.5098039215686274,0.41818181818181815
930,0.47368421052631576,-72.15333333333334,0.00998645168764533,0.9999502691433958,0.4772727272727273,0.47058823529411764
931,0.49,-92.49999999999999,0.00998645168764533,0.9965063618719,0.5227272727272727,0.4642857142857143
932,0.47058823529411764,-102.34666666666666,0.00998645168764533,0.9717475084808904,0.3877551020408163,0.5471698113207547
933,0.4948453608247423,-73.98666666666666,0.00998645168764533,0.9999019800039209,0.49019607843137253,0.5
934,0.47368421052631576,-75.5,0.00998645168764533,0.9989291826997884,0.4583333333333333,0.48936170212765956
935,0.3728813559322034,-170.64666666666668,0.00998645168764533,0.9817444219066939,0.423728813559322,0.3220338983050847
936,0.4,-121.71333333333332,0.00998645168764533,0.9979210336414557,0.38333333333333336,0.42
937,0.48484848484848486,-71.74666666666667,0.00998645168764533,0.9766222568353128,0.4117647058823529,0.5625
938,0.5411764705882353,-43.486666666666665,0.00998645168764533,0.9995360313986128,0.5510204081632653,0.5277777777777778
939,0.3728813559322034,-146.9133333333333,0.00998645168764533,0.9996757104026461,0.3787878787878788,0.36538461538461536
940,0.47572815533980584,-91.97333333333331,0.00998645168764533,0.9989670842935415,0.49056603773584906,0.46
941,0.5108695652173914,-55.766666666666666,0.00998645168764533,0.9714809474633171,0.43137254901960786,0.6097560975609756
942,0.4,-104.5,0.00998645168764533,0.98718759886112,0.4489795918367347,0.35714285714285715
943,0.46296296296296297,-127.77999999999999,0.00998645168764533,0.9941176470588236,0.5,0.42857142857142855
944,0.415929203539823,-155.33999999999997,0.00998645168764533,0.996117743388613,0.4406779661016949,0.3888888888888889
945,0.44,-82.72000000000003,0.00998645168764533,0.9949789054608117,0.40816326530612246,0.47058823529411764
946,0.40350877192982454,-151.64666666666668,0.00998645168764533,0.9999158390843291,0.4074074074074074,0.4
947,0.5204081632653061,-79.69333333333333,0.00998645168764533,0.9937763604567432,0.48,0.5625
948,0.4479166666666667,-88.43333333333334,0.00998645168764533,0.9973666988687712,0.475,0.42857142857142855
949,0.43243243243243246,-110.09333333333336,0.00998645168764533,0.9968253807003462,0.45614035087719296,0.4074074074074074
950,0.43243243243243246,-111.60666666666664,0.00998645168764533,0.9668046192361929,0.36764705882352944,0.5348837209302325
951,0.375,-158.43333333333334,0.00998645168764533,0.960002824459822,0.4482758620689655,0.2962962962962963
952,0.5056179775280899,-70.55333333333333,0.00998645168764533,0.9936119891751755,0.5526315789473685,0.47058823529411764
953,0.4298245614035088,-126.24000000000001,0.00998645168764533,0.998960498960499,0.4166666666666667,0.4444444444444444
954,0.4387755102040816,-97.38666666666667,0.00998645168764533,0.9908494961437098,0.48,0.3958333333333333
955,0.47474747474747475,-98.33333333333331,0.00998645168764533,0.9991445907947315,0.48936170212765956,0.46153846153846156
956,0.5357142857142857,-43.73333333333332,0.00998645168764533,0.9828142107553587,0.4634146341463415,0.6046511627906976
957,0.39344262295081966,-149.38666666666666,0.00998645168764533,0.9955268815601701,0.41935483870967744,0.36666666666666664
958,0.42990654205607476,-114.00666666666669,0.00998645168764533,0.9988353852735656,0.4444444444444444,0.41509433962264153
959,0.41379310344827586,-147.10666666666663,0.00998645168764533,0.9674654678030453,0.49122807017543857,0.3389830508474576
960,0.4845360824742268,-98.64,0.00998645168764533,0.9861396565455888,0.425531914893617,0.54
961,0.4444444444444444,-106.71333333333332,0.00998645168764533,0.9992218067054321,0.43137254901960786,0.45614035087719296
962,0.4583333333333333,-89.60666666666664,0.00998645168764533,0.9936406995230526,0.42592592592592593,0.5
963,0.4247787610619469,-136.71333333333337,0.00998645168764533,0.9811920509820349,0.3709677419354839,0.49019607843137253
964,0.4895833333333333,-79.89333333333335,0.00998645168764533,0.9960607400901162,0.46,0.5217391304347826
965,0.4606741573033708,-61.40666666666667,0.00998645168764533,0.999699378716013,0.47058823529411764,0.45454545454545453
966,0.46808510638297873,-66.89333333333332,0.00998645168764533,0.9968062455642299,0.5,0.44642857142857145
967,0.45,-111.8,0.00998645168764533,0.9888093106535362,0.5,0.40384615384615385
968,0.4188034188034188,-120.52000000000002,0.00998645168764533,0.9987314435207051,0.40350877192982454,0.43333333333333335
969,0.5104166666666666,-76.08666666666667,0.00998645168764533,0.9995064165844029,0.5227272727272727,0.5
970,0.4574468085106383,-86.97333333333333,0.00998645168764533,0.9787232995082797,0.38636363636363635,0.52
971,0.5454545454545454,-51.11333333333334,0.00998645168764533,0.9801878643433116,0.6170212765957447,0.4634146341463415
972,0.46226415094339623,-93.69999999999999,0.00998645168764533,0.9608546342965222,0.37037037037037035,0.5576923076923077
973,0.4791666666666667,-94.12666666666664,0.00998645168764533,0.983271375464684,0.5416666666666666,0.4166666666666667
974,0.4067796610169492,-132.84000000000003,0.00998645168764533,0.9996571820363387,0.41509433962264153,0.4
975,0.4519230769230769,-82.96666666666667,0.00998645168764533,0.988317261483886,0.4918032786885246,0.3953488372093023
976,0.5053763440860215,-72.28666666666665,0.00998645168764533,0.9683648052966842,0.4230769230769231,0.6097560975609756
977,0.45871559633027525,-105.12000000000002,0.00998645168764533,0.9710536266086027,0.5238095238095238,0.3695652173913043
978,0.4224137931034483,-134.3466666666667,0.00998645168764533,0.9948347170924468,0.45454545454545453,0.39344262295081966
979,0.3902439024390244,-166.05333333333334,0.00998645168764533,0.9763741562198652,0.45614035087719296,0.3333333333333333
980,0.5465116279069767,-41.74666666666667,0.00998645168764533,0.9986410265064356,0.525,0.5652173913043478
981,0.45544554455445546,-95.6266666666667,0.00998645168764533,0.9962093241151957,0.425531914893617,0.48148148148148145
982,0.5376344086021505,-66.82666666666667,0.00998645168764533,0.9701477581791867,0.6428571428571429,0.45098039215686275
983,0.46296296296296297,-124.77999999999997,0.00998645168764533,1.0,0.46296296296296297,0.46296296296296297
984,0.46,-98.65999999999998,0.00998645168764533,0.9964129135113591,0.48936170212765956,0.4339622641509434
985,0.4017857142857143,-130.83999999999997,0.00998645168764533,0.998960498960499,0.390625,0.4166666666666667
986,0.4351851851851852,-124.30666666666669,0.00998645168764533,0.9973925796398404,0.45614035087719296,0.4117647058823529
987,0.45,-90.95333333333333,0.00998645168764533,0.9992855918157398,0.4375,0.46153846153846156
988,0.5568181818181818,-49.99999999999999,0.00998645168764533,0.9943455116830922,0.5121951219512195,0.5957446808510638
989,0.5714285714285714,-31.233333333333338,0.00998645168764533,0.9756756756756757,0.5,0.6875
990,0.4838709677419355,-46.3,0.00998645168764533,0.9890410958904108,0.5294117647058824,0.42857142857142855
991,0.42592592592592593,-108.95333333333335,0.00998645168764533,0.9912688690018897,0.4642857142857143,0.38461538461538464
992,0.44036697247706424,-140.0666666666667,0.00998645168764533,0.9994888671116161,0.43103448275862066,0.45098039215686275
993,0.5222222222222223,-48.10666666666667,0.00998645168764533,0.997737556561086,0.5,0.55
994,0.42990654205607476,-105.86000000000003,0.00998645168764533,0.9938861291555214,0.46808510638297873,0.4
995,0.45098039215686275,-92.90666666666668,0.00998645168764533,0.973725161390313,0.38181818181818183,0.5319148936170213
996,0.4666666666666667,-89.08000000000001,0.00998645168764533,0.9932636788562003,0.43333333333333335,0.5111111111111111
997,0.41228070175438597,-139.24666666666667,0.00998645168764533,0.9584026622296172,0.5,0.3275862068965517
998,0.40869565217391307,-138.78000000000003,0.00998645168764533,0.9985727627603569,0.423728813559322,0.39285714285714285
999,0.5795454545454546,-45.87333333333333,0.00998645168764533,0.9999482455232375,0.5833333333333334,0.575
