episode,step,total_queue,avg_latency
0,0,0,0
0,1,0,1.0
0,2,3,1.6666666666666667
0,3,4,2.0
0,4,3,2.3333333333333335
0,5,0,2.3333333333333335
0,6,0,3.125
0,7,3,3.0
0,8,6,3.5
0,9,6,3.769230769230769
0,10,3,4.1875
0,11,5,4.1875
0,12,5,4.473684210526316
0,13,5,4.75
0,14,4,4.857142857142857
0,15,5,4.857142857142857
0,16,6,5.833333333333333
0,17,7,5.833333333333333
0,18,7,6.16
0,19,8,6.423076923076923
0,20,0,7.0
0,21,0,7.172413793103448
0,22,2,7.709677419354839
0,23,5,7.53125
0,24,8,7.617647058823529
0,25,9,7.621621621621622
0,26,16,7.842105263157895
0,27,19,7.926829268292683
0,28,20,8.047619047619047
0,29,23,8.409090909090908
0,30,23,8.804347826086957
0,31,24,8.914893617021276
0,32,26,9.104166666666666
0,33,27,9.122448979591837
0,34,30,9.42
1,0,0,0
1,1,3,0
1,2,3,2.0
1,3,7,2.5
1,4,8,3.0
1,5,0,3.6
1,6,0,3.6
1,7,3,3.875
1,8,8,4.0
1,9,12,4.0
1,10,11,4.0
1,11,14,4.5
1,12,15,5.111111111111111
1,13,17,5.3
1,14,19,5.380952380952381
1,15,20,5.7272727272727275
1,16,20,6.130434782608695
1,17,23,6.56
1,18,24,6.923076923076923
1,19,26,6.923076923076923
1,20,0,7.428571428571429
1,21,2,7.793103448275862
1,22,3,7.8125
1,23,7,8.151515151515152
1,24,9,7.885714285714286
1,25,3,7.75
1,26,8,7.815789473684211
1,27,10,8.075
1,28,15,8.075
1,29,22,8.024390243902438
1,30,27,8.511627906976743
1,31,28,8.5
1,32,29,8.5
1,33,36,8.533333333333333
1,34,38,9.127659574468085
2,0,0,0
2,1,1,1.0
2,2,3,1.5
2,3,6,2.0
2,4,7,2.0
2,5,0,2.8
2,6,2,2.8333333333333335
2,7,2,3.5555555555555554
2,8,5,3.6363636363636362
2,9,7,3.5833333333333335
2,10,5,4.071428571428571
2,11,8,4.375
2,12,11,4.777777777777778
2,13,12,4.684210526315789
2,14,12,5.285714285714286
2,15,16,5.136363636363637
2,16,18,5.521739130434782
2,17,20,5.666666666666667
2,18,24,5.923076923076923
2,19,23,6.111111111111111
2,20,0,6.172413793103448
2,21,1,6.4
2,22,0,6.580645161290323
2,23,1,6.580645161290323
2,24,2,6.676470588235294
2,25,0,6.676470588235294
2,26,4,6.472222222222222
2,27,14,6.631578947368421
2,28,19,6.538461538461538
2,29,25,6.475
2,30,28,7.069767441860465
2,31,28,7.318181818181818
2,32,29,7.760869565217392
2,33,31,7.760869565217392
2,34,35,7.9375
3,0,0,0
3,1,0,0
3,2,1,0
3,3,0,2.0
3,4,2,2.0
3,5,0,3.25
3,6,1,3.0
3,7,0,3.1666666666666665
3,8,0,3.875
3,9,0,4.2
3,10,0,3.909090909090909
3,11,1,4.333333333333333
3,12,0,4.5
3,13,2,4.5
3,14,4,4.466666666666667
3,15,6,5.294117647058823
3,16,6,5.222222222222222
3,17,7,5.631578947368421
3,18,6,6.0476190476190474
3,19,7,6.0476190476190474
3,20,0,6.478260869565218
3,21,2,6.916666666666667
3,22,4,7.185185185185185
3,23,7,7.185185185185185
3,24,9,7.517241379310345
3,25,10,7.9
3,26,11,7.838709677419355
3,27,11,8.21875
3,28,10,8.558823529411764
3,29,12,8.714285714285714
3,30,12,9.18918918918919
3,31,12,9.18918918918919
3,32,11,9.794871794871796
3,33,14,9.794871794871796
3,34,14,10.463414634146341
4,0,0,0
4,1,0,0
4,2,0,1.0
4,3,0,2.0
4,4,0,2.3333333333333335
4,5,0,3.0
4,6,0,3.0
4,7,0,3.3
4,8,0,3.1818181818181817
4,9,0,3.4615384615384617
4,10,0,3.4615384615384617
4,11,0,3.857142857142857
4,12,1,3.7333333333333334
4,13,3,4.388888888888889
4,14,3,4.388888888888889
4,15,6,4.368421052631579
4,16,6,4.75
4,17,7,5.181818181818182
4,18,12,5.478260869565218
4,19,14,5.541666666666667
4,20,0,6.038461538461538
4,21,0,6.296296296296297
4,22,1,6.357142857142857
4,23,2,6.206896551724138
4,24,2,6.787878787878788
4,25,3,6.617647058823529
4,26,6,7.27027027027027
4,27,10,7.157894736842105
4,28,17,7.157894736842105
4,29,18,7.425
4,30,19,7.9523809523809526
4,31,20,8.340909090909092
4,32,20,8.340909090909092
4,33,20,8.577777777777778
4,34,20,9.319148936170214
5,0,0,0
5,1,0,0
5,2,0,0
5,3,0,3.0
5,4,0,3.0
5,5,0,3.25
5,6,0,3.3333333333333335
5,7,0,3.125
5,8,0,3.9
5,9,0,3.5
5,10,0,3.5
5,11,0,3.8
5,12,0,4.0588235294117645
5,13,3,3.9444444444444446
5,14,3,4.315789473684211
5,15,2,4.666666666666667
5,16,3,5.045454545454546
5,17,3,5.043478260869565
5,18,3,5.416666666666667
5,19,2,5.769230769230769
5,20,0,5.769230769230769
5,21,0,6.25
5,22,6,6.103448275862069
5,23,12,6.59375
5,24,13,6.484848484848484
5,25,7,6.771428571428571
5,26,7,6.675675675675675
5,27,9,7.0
5,28,16,7.375
5,29,17,7.439024390243903
5,30,17,7.761904761904762
5,31,16,7.790697674418604
5,32,16,8.181818181818182
5,33,15,8.244444444444444
5,34,15,9.0
6,0,0,0
6,1,0,1.0
6,2,0,1.5
6,3,0,1.5
6,4,0,2.75
6,5,0,2.75
6,6,0,2.75
6,7,0,3.7142857142857144
6,8,0,3.111111111111111
6,9,0,3.111111111111111
6,10,0,3.8
6,11,0,4.363636363636363
6,12,2,4.363636363636363
6,13,2,4.166666666666667
6,14,4,5.266666666666667
6,15,5,5.266666666666667
6,16,5,5.764705882352941
6,17,4,6.2631578947368425
6,18,5,6.7
6,19,5,6.666666666666667
6,20,0,7.181818181818182
6,21,0,7.666666666666667
6,22,3,7.4
6,23,5,7.703703703703703
6,24,4,8.033333333333333
6,25,6,8.033333333333333
6,26,7,8.03125
6,27,10,8.484848484848484
6,28,9,9.085714285714285
6,29,10,9.085714285714285
6,30,9,9.194444444444445
6,31,9,10.026315789473685
6,32,9,10.128205128205128
6,33,9,10.128205128205128
6,34,8,10.634146341463415
7,0,0,0
7,1,0,0
7,2,0,2.0
7,3,0,2.0
7,4,0,3.3333333333333335
7,5,0,3.0
7,6,0,3.3333333333333335
7,7,0,3.857142857142857
7,8,0,3.857142857142857
7,9,0,4.5
7,10,0,4.5
7,11,0,4.888888888888889
7,12,0,4.888888888888889
7,13,0,5.5
7,14,1,5.5
7,15,0,5.230769230769231
7,16,0,5.714285714285714
7,17,0,6.0625
7,18,0,6.277777777777778
7,19,0,6.277777777777778
7,20,0,6.55
7,21,0,6.7272727272727275
7,22,0,6.7272727272727275
7,23,0,7.041666666666667
7,24,0,7.52
7,25,0,7.269230769230769
7,26,0,7.7407407407407405
7,27,0,8.03448275862069
7,28,0,8.433333333333334
7,29,1,8.225806451612904
7,30,4,8.225806451612904
7,31,4,9.0
7,32,7,9.0
7,33,7,8.885714285714286
7,34,7,9.710526315789474
8,0,0,0
8,1,0,0
8,2,0,0
8,3,0,0
8,4,0,3.5
8,5,0,3.0
8,6,0,3.0
8,7,0,3.3333333333333335
8,8,0,3.857142857142857
8,9,0,3.857142857142857
8,10,0,4.375
8,11,0,5.0
8,12,0,5.0
8,13,1,5.0
8,14,0,5.461538461538462
8,15,0,5.461538461538462
8,16,0,5.666666666666667
8,17,0,5.4375
8,18,0,6.0588235294117645
8,19,0,5.833333333333333
8,20,0,6.8
8,21,0,6.571428571428571
8,22,2,6.363636363636363
8,23,2,7.12
8,24,1,6.777777777777778
8,25,3,7.172413793103448
8,26,5,7.483870967741935
8,27,6,7.375
8,28,6,7.2727272727272725
8,29,7,8.142857142857142
8,30,9,8.083333333333334
8,31,9,8.45945945945946
8,32,8,8.447368421052632
8,33,8,8.948717948717949
8,34,10,9.24390243902439
9,0,0,0
9,1,1,0
9,2,0,2.0
9,3,0,2.3333333333333335
9,4,0,2.75
9,5,0,2.75
9,6,0,3.4285714285714284
9,7,0,3.4285714285714284
9,8,0,3.5555555555555554
9,9,0,3.9
9,10,0,3.9
9,11,0,3.9
9,12,0,4.083333333333333
9,13,0,4.615384615384615
9,14,1,4.866666666666666
9,15,1,4.866666666666666
9,16,0,4.75
9,17,2,5.222222222222222
9,18,3,5.684210526315789
9,19,4,5.55
9,20,0,5.55
9,21,0,6.045454545454546
9,22,0,6.565217391304348
9,23,2,6.4
9,24,2,6.230769230769231
9,25,5,6.620689655172414
9,26,5,7.129032258064516
9,27,5,7.129032258064516
9,28,5,7.696969696969697
9,29,7,8.176470588235293
9,30,6,8.285714285714286
9,31,7,8.777777777777779
9,32,7,9.368421052631579
9,33,8,9.820512820512821
9,34,10,10.390243902439025
10,0,0,0
10,1,0,0
10,2,0,0
10,3,0,0
10,4,0,4.0
10,5,0,4.0
10,6,0,4.0
10,7,0,3.0
10,8,0,4.25
10,9,0,4.25
10,10,0,5.0
10,11,0,6.0
10,12,0,6.0
10,13,0,6.571428571428571
10,14,0,7.375
10,15,0,7.888888888888889
10,16,0,7.888888888888889
10,17,0,8.7
10,18,0,8.7
10,19,1,8.666666666666666
10,20,0,9.384615384615385
10,21,0,8.928571428571429
10,22,7,8.928571428571429
10,23,8,9.38888888888889
10,24,10,9.052631578947368
10,25,7,8.8
10,26,8,9.272727272727273
10,27,8,9.625
10,28,11,9.625
10,29,12,10.307692307692308
10,30,15,10.777777777777779
10,31,15,10.821428571428571
10,32,17,10.821428571428571
10,33,18,12.03225806451613
10,34,19,12.03225806451613
11,0,0,0
11,1,0,0
11,2,0,2.0
11,3,0,2.0
11,4,0,3.0
11,5,0,3.6666666666666665
11,6,0,3.6666666666666665
11,7,0,3.6666666666666665
11,8,0,5.4
11,9,0,4.666666666666667
11,10,0,4.666666666666667
11,11,0,5.571428571428571
11,12,0,6.125
11,13,0,6.125
11,14,0,6.125
11,15,0,7.6
11,16,0,7.6
11,17,0,7.6
11,18,0,8.363636363636363
11,19,0,8.538461538461538
11,20,0,8.538461538461538
11,21,1,9.125
11,22,2,8.38888888888889
11,23,3,8.38888888888889
11,24,3,9.047619047619047
11,25,0,8.727272727272727
11,26,1,9.0
11,27,1,9.23076923076923
11,28,3,9.571428571428571
11,29,4,9.571428571428571
11,30,5,9.517241379310345
11,31,4,9.806451612903226
11,32,3,10.090909090909092
11,33,5,10.529411764705882
11,34,4,10.428571428571429
12,0,0,0
12,1,0,0
12,2,0,0
12,3,0,0
12,4,0,4.0
12,5,0,3.0
12,6,0,3.5
12,7,0,3.5
12,8,0,3.2
12,9,0,4.0
12,10,0,4.0
12,11,0,4.0
12,12,0,4.875
12,13,0,4.8
12,14,0,4.545454545454546
12,15,0,5.25
12,16,0,5.25
12,17,0,5.615384615384615
12,18,0,5.357142857142857
12,19,0,6.133333333333334
12,20,0,6.5625
12,21,0,6.294117647058823
12,22,0,7.0
12,23,0,7.0
12,24,0,8.1
12,25,0,8.1
12,26,0,8.571428571428571
12,27,0,8.272727272727273
12,28,4,8.956521739130435
12,29,4,8.708333333333334
12,30,3,9.592592592592593
12,31,3,9.592592592592593
12,32,2,9.428571428571429
12,33,5,10.068965517241379
12,34,7,10.451612903225806
13,0,0,0
13,1,0,0
13,2,0,2.0
13,3,0,2.0
13,4,0,3.0
13,5,0,3.0
13,6,0,2.8
13,7,0,3.5
13,8,0,4.142857142857143
13,9,0,4.142857142857143
13,10,0,4.75
13,11,0,4.75
13,12,0,5.444444444444445
13,13,0,6.1
13,14,0,6.1
13,15,0,6.1
13,16,0,7.5
13,17,0,7.5
13,18,0,7.076923076923077
13,19,1,7.076923076923077
13,20,0,8.0625
13,21,0,8.0625
13,22,0,7.555555555555555
13,23,0,8.210526315789474
13,24,0,8.619047619047619
13,25,1,8.619047619047619
13,26,4,8.625
13,27,6,9.2
13,28,7,9.0
13,29,9,9.592592592592593
13,30,9,9.96551724137931
13,31,9,9.96551724137931
13,32,8,10.419354838709678
13,33,8,10.34375
13,34,9,10.852941176470589
14,0,0,0
14,1,0,0
14,2,0,0
14,3,0,0
14,4,0,3.5
14,5,0,3.5
14,6,0,4.25
14,7,0,4.25
14,8,0,5.0
14,9,0,5.0
14,10,0,5.5
14,11,0,5.5
14,12,0,5.625
14,13,0,6.222222222222222
14,14,0,5.7
14,15,0,6.363636363636363
14,16,0,6.363636363636363
14,17,0,6.538461538461538
14,18,0,6.538461538461538
14,19,0,7.0
14,20,0,7.0
14,21,0,7.944444444444445
14,22,0,7.944444444444445
14,23,3,8.25
14,24,6,8.5
14,25,1,8.26086956521739
14,26,1,8.68
14,27,1,8.538461538461538
14,28,5,9.074074074074074
14,29,5,8.964285714285714
14,30,11,9.551724137931034
14,31,10,9.5
14,32,10,10.03225806451613
14,33,12,10.636363636363637
14,34,13,10.636363636363637
15,0,0,0
15,1,0,0
15,2,0,0
15,3,0,3.0
15,4,0,3.5
15,5,0,3.5
15,6,0,4.333333333333333
15,7,0,5.0
15,8,0,5.0
15,9,0,5.0
15,10,0,6.5
15,11,0,6.5
15,12,0,6.5
15,13,2,6.625
15,14,3,7.333333333333333
15,15,2,6.9
15,16,3,7.636363636363637
15,17,6,7.416666666666667
15,18,6,7.923076923076923
15,19,6,7.857142857142857
15,20,0,8.9375
15,21,0,8.882352941176471
15,22,0,8.722222222222221
15,23,4,8.631578947368421
15,24,8,9.043478260869565
15,25,8,8.791666666666666
15,26,12,9.076923076923077
15,27,15,9.392857142857142
15,28,17,9.392857142857142
15,29,19,10.033333333333333
15,30,22,10.033333333333333
15,31,23,10.6875
15,32,23,10.636363636363637
15,33,23,11.583333333333334
15,34,24,11.567567567567568
16,0,0,0
16,1,0,0
16,2,0,0
16,3,0,3.0
16,4,0,3.5
16,5,0,3.5
16,6,0,3.5
16,7,0,4.333333333333333
16,8,2,4.0
16,9,2,4.142857142857143
16,10,1,4.444444444444445
16,11,1,4.818181818181818
16,12,0,4.833333333333333
16,13,0,4.833333333333333
16,14,0,5.8
16,15,0,5.8
16,16,0,6.25
16,17,0,6.705882352941177
16,18,0,6.705882352941177
16,19,3,7.166666666666667
16,20,0,7.35
16,21,2,7.761904761904762
16,22,6,7.590909090909091
16,23,4,7.64
16,24,4,7.64
16,25,2,8.344827586206897
16,26,3,8.344827586206897
16,27,10,8.6875
16,28,10,9.121212121212121
16,29,9,9.514285714285714
16,30,9,9.514285714285714
16,31,8,9.444444444444445
16,32,8,10.236842105263158
16,33,8,10.179487179487179
16,34,8,10.525
17,0,0,0
17,1,0,0
17,2,0,2.0
17,3,0,2.5
17,4,0,2.5
17,5,0,2.5
17,6,0,3.0
17,7,0,3.8
17,8,0,3.8
17,9,0,3.8
17,10,0,5.571428571428571
17,11,0,5.571428571428571
17,12,0,6.666666666666667
17,13,0,6.666666666666667
17,14,0,7.2
17,15,0,7.7272727272727275
17,16,0,7.7272727272727275
17,17,2,7.7272727272727275
17,18,4,7.846153846153846
17,19,4,8.5
17,20,0,8.2
17,21,0,9.352941176470589
17,22,2,9.166666666666666
17,23,1,9.0
17,24,1,10.095238095238095
17,25,1,10.0
17,26,2,11.041666666666666
17,27,2,11.0
17,28,4,11.0
17,29,7,11.642857142857142
17,30,8,11.642857142857142
17,31,8,11.866666666666667
17,32,8,12.35483870967742
17,33,9,12.1875
17,34,10,12.030303030303031
18,0,0,0
18,1,0,0
18,2,0,0
18,3,0,3.0
18,4,0,3.5
18,5,0,3.5
18,6,0,3.3333333333333335
18,7,0,3.3333333333333335
18,8,0,4.25
18,9,0,4.25
18,10,0,4.6
18,11,0,4.6
18,12,0,5.666666666666667
18,13,3,5.666666666666667
18,14,7,5.75
18,15,8,5.75
18,16,7,6.4
18,17,7,6.4
18,18,6,6.916666666666667
18,19,5,6.923076923076923
18,20,0,7.714285714285714
18,21,1,7.823529411764706
18,22,4,8.5
18,23,7,7.95
18,24,7,7.761904761904762
18,25,6,9.0
18,26,9,8.961538461538462
18,27,9,8.961538461538462
18,28,8,8.851851851851851
18,29,14,9.793103448275861
18,30,15,9.733333333333333
18,31,18,10.193548387096774
18,32,18,10.46875
18,33,19,10.93939393939394
18,34,18,11.235294117647058
19,0,0,0
19,1,0,0
19,2,0,0
19,3,0,2.5
19,4,0,2.5
19,5,0,3.0
19,6,0,3.0
19,7,0,3.5
19,8,0,3.5
19,9,0,4.4
19,10,0,4.833333333333333
19,11,0,4.833333333333333
19,12,0,4.833333333333333
19,13,0,5.571428571428571
19,14,0,6.25
19,15,0,6.25
19,16,0,7.0
19,17,4,7.0
19,18,7,6.583333333333333
19,19,12,7.3076923076923075
19,20,0,7.666666666666667
19,21,0,7.666666666666667
19,22,1,8.722222222222221
19,23,1,8.368421052631579
19,24,4,8.368421052631579
19,25,7,8.714285714285714
19,26,14,9.318181818181818
19,27,17,9.130434782608695
19,28,20,9.708333333333334
19,29,23,10.076923076923077
19,30,23,9.962962962962964
19,31,24,10.535714285714286
19,32,24,10.482758620689655
19,33,26,11.033333333333333
19,34,28,11.0
20,0,0,0
20,1,0,0
20,2,0,0
20,3,0,0
20,4,0,3.0
20,5,0,3.5
20,6,0,3.5
20,7,0,4.0
20,8,0,4.75
20,9,0,5.0
20,10,0,4.5
20,11,0,5.142857142857143
20,12,0,5.625
20,13,0,5.625
20,14,0,6.111111111111111
20,15,0,6.363636363636363
20,16,0,6.363636363636363
20,17,0,6.833333333333333
20,18,0,6.833333333333333
20,19,1,7.615384615384615
20,20,0,7.533333333333333
20,21,0,7.533333333333333
20,22,0,8.0
20,23,0,8.0
20,24,0,8.38888888888889
20,25,0,8.052631578947368
20,26,0,8.75
20,27,0,9.142857142857142
20,28,0,9.142857142857142
20,29,0,9.142857142857142
20,30,0,9.772727272727273
20,31,1,10.217391304347826
20,32,0,9.875
20,33,0,10.52
20,34,1,10.74074074074074
21,0,0,0
21,1,0,0
21,2,0,2.0
21,3,0,2.5
21,4,0,2.6666666666666665
21,5,0,2.6666666666666665
21,6,0,2.6666666666666665
21,7,0,4.0
21,8,0,4.0
21,9,0,4.5
21,10,0,5.0
21,11,0,5.375
21,12,0,5.375
21,13,0,5.375
21,14,0,6.111111111111111
21,15,0,6.6
21,16,0,6.6
21,17,0,6.6
21,18,0,7.461538461538462
21,19,1,7.461538461538462
21,20,0,7.071428571428571
21,21,1,7.666666666666667
21,22,3,7.777777777777778
21,23,7,7.777777777777778
21,24,6,8.545454545454545
21,25,4,8.545454545454545
21,26,7,8.333333333333334
21,27,13,8.92
21,28,15,9.407407407407407
21,29,15,9.321428571428571
21,30,15,9.321428571428571
21,31,14,9.933333333333334
21,32,16,10.375
21,33,19,10.375
21,34,19,10.333333333333334
22,0,0,0
22,1,0,0
22,2,0,0
22,3,0,3.0
22,4,0,3.5
22,5,0,4.0
22,6,0,4.0
22,7,0,4.0
22,8,0,4.6
22,9,0,4.6
22,10,0,4.6
22,11,0,5.0
22,12,0,5.285714285714286
22,13,0,5.5
22,14,0,5.888888888888889
22,15,0,5.888888888888889
22,16,0,6.7272727272727275
22,17,0,6.7272727272727275
22,18,0,7.166666666666667
22,19,0,7.166666666666667
22,20,0,7.615384615384615
22,21,0,7.375
22,22,0,7.375
22,23,1,7.117647058823529
22,24,1,7.368421052631579
22,25,2,7.714285714285714
22,26,5,7.545454545454546
22,27,8,7.3478260869565215
22,28,9,8.23076923076923
22,29,11,8.11111111111111
22,30,13,8.11111111111111
22,31,13,9.033333333333333
22,32,13,9.033333333333333
22,33,12,9.5
22,34,15,9.5
23,0,0,0
23,1,0,0
23,2,0,0
23,3,0,0
23,4,0,4.0
23,5,0,4.0
23,6,0,4.666666666666667
23,7,0,5.25
23,8,0,5.6
23,9,0,5.6
23,10,1,5.571428571428571
23,11,3,6.125
23,12,3,5.777777777777778
23,13,3,6.7272727272727275
23,14,2,6.583333333333333
23,15,2,6.928571428571429
23,16,4,7.333333333333333
23,17,6,7.3125
23,18,7,7.777777777777778
23,19,7,7.777777777777778
23,20,0,8.523809523809524
23,21,1,8.523809523809524
23,22,2,8.91304347826087
23,23,2,9.08
23,24,3,9.333333333333334
23,25,6,9.620689655172415
23,26,13,9.466666666666667
23,27,17,9.875
23,28,21,9.875
23,29,22,10.657142857142857
23,30,26,10.657142857142857
23,31,26,10.555555555555555
23,32,26,11.0
23,33,26,11.282051282051283
23,34,26,11.725
24,0,0,0
24,1,0,0
24,2,0,0
24,3,0,3.0
24,4,0,3.5
24,5,0,3.5
24,6,0,3.5
24,7,0,5.25
24,8,0,5.25
24,9,0,5.8
24,10,0,5.8
24,11,0,6.333333333333333
24,12,0,6.333333333333333
24,13,0,7.0
24,14,0,7.0
24,15,0,7.6
24,16,0,7.6
24,17,0,7.6
24,18,0,8.272727272727273
24,19,0,8.916666666666666
24,20,0,9.538461538461538
24,21,0,9.538461538461538
24,22,0,10.142857142857142
24,23,2,10.25
24,24,3,9.705882352941176
24,25,1,9.55
24,26,3,10.142857142857142
24,27,8,10.166666666666666
24,28,14,10.166666666666666
24,29,18,10.615384615384615
24,30,19,10.407407407407407
24,31,20,10.793103448275861
24,32,21,11.366666666666667
24,33,22,11.225806451612904
24,34,24,11.666666666666666
25,0,0,0
25,1,0,0
25,2,0,0
25,3,0,3.0
25,4,0,3.0
25,5,0,3.3333333333333335
25,6,0,3.3333333333333335
25,7,0,4.25
25,8,0,4.25
25,9,0,5.0
25,10,0,5.833333333333333
25,11,0,5.833333333333333
25,12,0,5.857142857142857
25,13,0,6.625
25,14,0,6.625
25,15,0,6.818181818181818
25,16,1,6.818181818181818
25,17,1,7.076923076923077
25,18,2,7.357142857142857
25,19,4,7.133333333333334
25,20,0,8.0
25,21,1,7.833333333333333
25,22,3,7.85
25,23,5,7.619047619047619
25,24,6,7.913043478260869
25,25,5,8.12
25,26,6,8.153846153846153
25,27,7,8.074074074074074
25,28,12,9.0
25,29,12,9.0
25,30,15,9.5625
25,31,17,9.5625
25,32,16,10.029411764705882
25,33,17,10.542857142857143
25,34,19,11.0
26,0,0,0
26,1,0,0
26,2,0,2.0
26,3,0,2.5
26,4,0,2.6666666666666665
26,5,0,3.25
26,6,0,3.25
26,7,0,3.25
26,8,0,4.333333333333333
26,9,0,4.333333333333333
26,10,0,4.857142857142857
26,11,0,5.375
26,12,0,5.375
26,13,0,5.375
26,14,0,6.5
26,15,0,6.5
26,16,0,6.5
26,17,0,6.5
26,18,1,7.916666666666667
26,19,0,7.461538461538462
26,20,0,8.071428571428571
26,21,0,8.375
26,22,0,8.882352941176471
26,23,0,9.277777777777779
26,24,0,9.277777777777779
26,25,0,9.45
26,26,1,9.45
26,27,5,9.545454545454545
26,28,5,9.833333333333334
26,29,9,9.833333333333334
26,30,10,10.115384615384615
26,31,12,10.592592592592593
26,32,11,10.428571428571429
26,33,13,10.89655172413793
26,34,13,10.8
27,0,0,0
27,1,0,0
27,2,0,0
27,3,0,3.0
27,4,0,3.0
27,5,0,3.0
27,6,0,4.0
27,7,0,4.75
27,8,0,4.75
27,9,0,5.833333333333333
27,10,0,5.833333333333333
27,11,0,5.833333333333333
27,12,0,5.833333333333333
27,13,0,7.125
27,14,0,7.125
27,15,0,7.2
27,16,3,7.2
27,17,3,7.5
27,18,3,7.5
27,19,3,7.928571428571429
27,20,0,8.3125
27,21,4,8.176470588235293
27,22,10,8.9
27,23,12,8.363636363636363
27,24,12,8.363636363636363
27,25,9,8.083333333333334
27,26,11,9.153846153846153
27,27,14,8.964285714285714
27,28,18,8.964285714285714
27,29,21,8.931034482758621
27,30,21,10.0
27,31,22,10.0
27,32,25,10.484848484848484
27,33,26,11.057142857142857
27,34,28,11.057142857142857
28,0,0,0
28,1,0,0
28,2,0,0
28,3,0,0
28,4,0,4.0
28,5,0,4.0
28,6,0,4.5
28,7,0,4.5
28,8,0,5.0
28,9,0,5.0
28,10,0,5.857142857142857
28,11,0,5.857142857142857
28,12,0,6.25
28,13,0,6.777777777777778
28,14,0,7.1
28,15,0,7.1
28,16,0,7.636363636363637
28,17,0,8.083333333333334
28,18,0,8.538461538461538
28,19,0,8.538461538461538
28,20,0,9.0
28,21,0,9.4
28,22,0,9.875
28,23,1,10.294117647058824
28,24,3,9.833333333333334
28,25,0,9.833333333333334
28,26,3,10.136363636363637
28,27,10,10.136363636363637
28,28,11,10.291666666666666
28,29,14,10.04
28,30,17,10.538461538461538
28,31,19,10.821428571428571
28,32,19,10.821428571428571
28,33,19,11.233333333333333
28,34,20,11.233333333333333
29,0,0,0
29,1,0,0
29,2,0,0
29,3,0,2.0
29,4,0,3.0
29,5,0,3.0
29,6,0,3.6666666666666665
29,7,0,3.6666666666666665
29,8,0,4.75
29,9,0,5.4
29,10,0,5.4
29,11,0,5.4
29,12,0,7.0
29,13,0,7.0
29,14,0,7.0
29,15,0,7.75
29,16,0,7.9
29,17,1,7.9
29,18,4,7.454545454545454
29,19,10,8.166666666666666
29,20,0,8.642857142857142
29,21,0,8.642857142857142
29,22,0,8.4
29,23,1,9.0625
29,24,2,9.052631578947368
29,25,2,8.9
29,26,8,9.227272727272727
29,27,13,9.26086956521739
29,28,14,9.92
29,29,14,9.92
29,30,14,10.592592592592593
29,31,14,11.214285714285714
29,32,13,11.068965517241379
29,33,16,11.068965517241379
29,34,18,12.15625
30,0,0,0
30,1,0,0
30,2,0,0
30,3,0,0
30,4,0,4.0
30,5,0,4.0
30,6,0,4.0
30,7,0,5.0
30,8,0,5.25
30,9,0,5.25
30,10,0,5.25
30,11,0,6.4
30,12,2,7.0
30,13,1,6.285714285714286
30,14,3,5.875
30,15,2,7.0
30,16,2,7.0
30,17,1,7.857142857142857
30,18,6,7.857142857142857
30,19,8,8.125
30,20,0,8.764705882352942
30,21,2,9.105263157894736
30,22,3,8.75
30,23,5,8.75
30,24,12,9.565217391304348
30,25,13,9.565217391304348
30,26,13,10.0
30,27,14,10.0
30,28,18,10.333333333333334
30,29,19,10.333333333333334
30,30,18,10.89655172413793
30,31,18,10.89655172413793
30,32,18,11.90625
30,33,18,11.90625
30,34,18,11.909090909090908
31,0,0,0
31,1,0,0
31,2,0,2.0
31,3,0,2.0
31,4,0,2.0
31,5,0,2.0
31,6,0,2.6666666666666665
31,7,0,2.6666666666666665
31,8,0,2.6666666666666665
31,9,0,3.8
31,10,0,3.8
31,11,0,3.8
31,12,0,4.666666666666667
31,13,0,5.0
31,14,0,5.0
31,15,0,5.75
31,16,0,5.75
31,17,0,6.8
31,18,0,6.8
31,19,0,6.8
31,20,0,6.363636363636363
31,21,0,6.866666666666666
31,22,4,6.866666666666666
31,23,6,7.117647058823529
31,24,7,7.5
31,25,6,7.315789473684211
31,26,9,7.315789473684211
31,27,11,7.809523809523809
31,28,11,8.272727272727273
31,29,11,8.347826086956522
31,30,11,8.833333333333334
31,31,10,9.5
31,32,9,9.928571428571429
31,33,9,9.928571428571429
31,34,11,10.903225806451612
32,0,0,0
32,1,0,0
32,2,0,0
32,3,0,0
32,4,0,4.0
32,5,0,4.0
32,6,0,4.0
32,7,0,4.666666666666667
32,8,0,5.5
32,9,0,5.5
32,10,0,5.5
32,11,0,6.4
32,12,0,7.166666666666667
32,13,1,7.166666666666667
32,14,1,6.428571428571429
32,15,1,8.0
32,16,0,7.6
32,17,0,7.6
32,18,0,8.166666666666666
32,19,0,8.76923076923077
32,20,0,9.357142857142858
32,21,0,9.357142857142858
32,22,0,9.357142857142858
32,23,0,10.625
32,24,0,10.625
32,25,0,11.294117647058824
32,26,1,11.88888888888889
32,27,1,11.368421052631579
32,28,2,12.0
32,29,3,11.619047619047619
32,30,6,12.227272727272727
32,31,5,12.5
32,32,7,13.08
32,33,8,13.37037037037037
32,34,8,13.655172413793103
33,0,0,0
33,1,0,0
33,2,0,0
33,3,0,3.0
33,4,0,3.5
33,5,0,3.5
33,6,0,4.0
33,7,0,4.75
33,8,0,4.75
33,9,0,4.666666666666667
33,10,0,4.666666666666667
33,11,0,5.285714285714286
33,12,2,5.75
33,13,1,5.333333333333333
33,14,4,5.9
33,15,3,6.333333333333333
33,16,5,6.333333333333333
33,17,4,6.3076923076923075
33,18,5,6.714285714285714
33,19,4,7.3125
33,20,0,7.3125
33,21,0,8.2
33,22,2,8.2
33,23,1,8.0
33,24,3,8.96
33,25,1,8.76923076923077
33,26,2,9.285714285714286
33,27,7,9.10344827586207
33,28,9,9.35483870967742
33,29,9,9.35483870967742
33,30,9,9.727272727272727
33,31,9,9.727272727272727
33,32,9,10.085714285714285
33,33,11,10.61111111111111
33,34,12,10.54054054054054
34,0,0,0
34,1,0,0
34,2,0,0
34,3,0,0
34,4,0,3.5
34,5,0,3.5
34,6,0,3.5
34,7,0,3.5
34,8,0,5.5
34,9,0,5.5
34,10,0,5.5
34,11,0,5.5
34,12,0,7.333333333333333
34,13,4,7.333333333333333
34,14,4,7.375
34,15,7,8.0
34,16,7,7.6
34,17,7,7.6
34,18,8,8.25
34,19,10,8.923076923076923
34,20,0,8.857142857142858
34,21,0,8.857142857142858
34,22,2,9.6875
34,23,1,9.421052631578947
34,24,2,9.45
34,25,4,10.347826086956522
34,26,8,10.458333333333334
34,27,14,10.807692307692308
34,28,16,11.321428571428571
34,29,18,11.321428571428571
34,30,17,11.966666666666667
34,31,19,12.451612903225806
34,32,21,12.53125
34,33,23,13.06060606060606
34,34,23,13.6
35,0,0,0
35,1,0,0
35,2,0,0
35,3,0,0
35,4,0,3.0
35,5,0,3.3333333333333335
35,6,0,3.0
35,7,0,4.0
35,8,0,4.0
35,9,0,4.285714285714286
35,10,0,4.875
35,11,0,4.875
35,12,0,5.9
35,13,0,5.9
35,14,0,6.363636363636363
35,15,0,6.75
35,16,0,7.230769230769231
35,17,0,7.5
35,18,0,7.933333333333334
35,19,0,7.933333333333334
35,20,0,8.4375
35,21,0,8.823529411764707
35,22,1,9.277777777777779
35,23,2,8.894736842105264
35,24,5,9.35
35,25,7,9.095238095238095
35,26,9,9.636363636363637
35,27,12,9.875
35,28,18,9.875
35,29,21,10.666666666666666
35,30,22,10.666666666666666
35,31,21,11.068965517241379
35,32,20,11.387096774193548
35,33,20,11.387096774193548
35,34,19,11.375
36,0,0,0
36,1,0,0
36,2,0,0
36,3,0,3.0
36,4,0,3.0
36,5,0,3.6666666666666665
36,6,0,3.6666666666666665
36,7,0,3.6666666666666665
36,8,0,4.5
36,9,0,5.2
36,10,0,5.2
36,11,0,5.2
36,12,0,6.714285714285714
36,13,0,6.714285714285714
36,14,0,6.714285714285714
36,15,0,7.5
36,16,0,7.6
36,17,0,7.6
36,18,0,7.6
36,19,0,9.083333333333334
36,20,0,9.083333333333334
36,21,0,8.538461538461538
36,22,1,8.071428571428571
36,23,1,9.5
36,24,0,9.117647058823529
36,25,0,9.117647058823529
36,26,0,8.88888888888889
36,27,0,10.35
36,28,0,9.952380952380953
36,29,4,9.952380952380953
36,30,7,10.347826086956522
36,31,10,11.041666666666666
36,32,12,10.76
36,33,13,12.074074074074074
36,34,15,11.857142857142858
37,0,0,0
37,1,0,0
37,2,0,2.0
37,3,0,2.0
37,4,0,2.0
37,5,0,3.0
37,6,0,3.0
37,7,0,4.2
37,8,0,4.2
37,9,0,4.2
37,10,0,4.833333333333333
37,11,0,5.571428571428571
37,12,0,5.571428571428571
37,13,0,5.571428571428571
37,14,0,6.375
37,15,0,7.0
37,16,0,7.6
37,17,0,7.090909090909091
37,18,0,7.666666666666667
37,19,0,7.666666666666667
37,20,0,8.384615384615385
37,21,1,8.857142857142858
37,22,2,8.647058823529411
37,23,7,8.647058823529411
37,24,8,8.105263157894736
37,25,2,8.65
37,26,3,8.91304347826087
37,27,10,8.91304347826087
37,28,15,9.884615384615385
37,29,16,9.884615384615385
37,30,15,10.392857142857142
37,31,14,10.7
37,32,14,10.7
37,33,13,11.09375
37,34,14,11.606060606060606
38,0,0,0
38,1,0,0
38,2,0,0
38,3,0,0
38,4,0,4.0
38,5,0,4.0
38,6,0,4.0
38,7,0,4.75
38,8,0,4.75
38,9,0,4.6
38,10,0,5.333333333333333
38,11,0,4.857142857142857
38,12,0,4.857142857142857
38,13,0,5.6
38,14,0,5.6
38,15,1,5.75
38,16,2,5.75
38,17,1,6.214285714285714
38,18,1,6.214285714285714
38,19,0,7.117647058823529
38,20,0,7.117647058823529
38,21,2,7.2
38,22,2,7.761904761904762
38,23,5,7.391304347826087
38,24,5,7.391304347826087
38,25,3,7.576923076923077
38,26,4,8.11111111111111
38,27,4,7.9655172413793105
38,28,5,7.9655172413793105
38,29,6,8.483870967741936
38,30,7,9.03125
38,31,6,9.121212121212121
38,32,6,9.542857142857143
38,33,6,10.055555555555555
38,34,6,10.108108108108109
39,0,0,0
39,1,0,0
39,2,0,2.0
39,3,0,2.0
39,4,0,3.0
39,5,0,3.0
39,6,0,4.0
39,7,0,4.0
39,8,0,4.75
39,9,0,5.6
39,10,0,5.6
39,11,0,5.6
39,12,0,6.5
39,13,0,7.285714285714286
39,14,0,8.0
39,15,0,8.0
39,16,0,8.0
39,17,0,9.5
39,18,0,9.5
39,19,0,10.181818181818182
39,20,0,9.5
39,21,6,10.307692307692308
39,22,9,9.9375
39,23,15,9.9375
39,24,18,9.277777777777779
39,25,11,10.6
39,26,14,10.227272727272727
39,27,17,10.130434782608695
39,28,19,10.56
39,29,27,11.115384615384615
39,30,36,11.535714285714286
39,31,38,11.535714285714286
39,32,37,11.517241379310345
39,33,38,12.1
39,34,39,12.625
40,0,0,0
40,1,0,0
40,2,0,0
40,3,0,0
40,4,0,3.5
40,5,0,3.5
40,6,0,3.5
40,7,0,4.0
40,8,0,5.0
40,9,0,5.0
40,10,0,5.6
40,11,0,6.166666666666667
40,12,0,6.571428571428571
40,13,0,6.571428571428571
40,14,2,6.0
40,15,2,7.2
40,16,1,6.818181818181818
40,17,1,7.5
40,18,0,7.785714285714286
40,19,0,8.333333333333334
40,20,0,8.25
40,21,0,8.25
40,22,0,8.823529411764707
40,23,1,9.052631578947368
40,24,2,9.052631578947368
40,25,1,9.238095238095237
40,26,3,9.863636363636363
40,27,2,9.652173913043478
40,28,3,9.652173913043478
40,29,3,10.538461538461538
40,30,3,10.538461538461538
40,31,2,10.37037037037037
40,32,1,10.862068965517242
40,33,2,11.333333333333334
40,34,2,11.193548387096774
41,0,0,0
41,1,0,0
41,2,0,0
41,3,0,3.0
41,4,0,3.5
41,5,0,3.5
41,6,0,3.5
41,7,0,4.333333333333333
41,8,0,5.25
41,9,0,5.25
41,10,0,6.0
41,11,0,6.0
41,12,0,7.428571428571429
41,13,0,7.428571428571429
41,14,0,8.0
41,15,0,8.0
41,16,0,8.666666666666666
41,17,0,8.666666666666666
41,18,0,9.4
41,19,0,10.090909090909092
41,20,0,9.416666666666666
41,21,0,10.076923076923077
41,22,0,10.785714285714286
41,23,1,10.785714285714286
41,24,1,10.2
41,25,0,10.411764705882353
41,26,4,10.736842105263158
41,27,6,10.4
41,28,8,10.952380952380953
41,29,9,10.636363636363637
41,30,12,11.083333333333334
41,31,14,10.92
41,32,15,11.37037037037037
41,33,15,12.035714285714286
41,34,14,11.89655172413793
42,0,0,0
42,1,0,0
42,2,0,2.0
42,3,0,2.0
42,4,0,3.0
42,5,0,3.0
42,6,0,4.0
42,7,0,4.25
42,8,0,5.0
42,9,0,5.0
42,10,0,5.5
42,11,0,5.5
42,12,0,6.285714285714286
42,13,0,6.285714285714286
42,14,0,7.555555555555555
42,15,1,7.555555555555555
42,16,0,8.166666666666666
42,17,1,8.166666666666666
42,18,1,8.357142857142858
42,19,7,8.357142857142858
42,20,0,8.6875
42,21,0,8.6875
42,22,1,9.25
42,23,6,9.047619047619047
42,24,9,8.565217391304348
42,25,12,9.56
42,26,14,9.148148148148149
42,27,17,10.10344827586207
42,28,24,9.966666666666667
42,29,24,10.0
42,30,25,10.5
42,31,24,11.0
42,32,25,11.485714285714286
42,33,26,11.837837837837839
42,34,25,11.81578947368421
43,0,0,0
43,1,0,0
43,2,0,0
43,3,0,2.5
43,4,0,2.5
43,5,0,2.5
43,6,0,2.5
43,7,0,4.5
43,8,0,4.5
43,9,0,5.4
43,10,0,6.0
43,11,0,6.0
43,12,0,6.0
43,13,0,6.75
43,14,0,6.666666666666667
43,15,0,6.666666666666667
43,16,1,6.666666666666667
43,17,1,7.25
43,18,3,7.25
43,19,5,7.785714285714286
43,20,0,7.785714285714286
43,21,0,8.588235294117647
43,22,6,8.588235294117647
43,23,7,8.157894736842104
43,24,6,8.1
43,25,3,8.869565217391305
43,26,4,8.833333333333334
43,27,4,9.074074074074074
43,28,7,9.642857142857142
43,29,8,9.9
43,30,9,9.9
43,31,8,10.5625
43,32,9,10.878787878787879
43,33,10,10.911764705882353
43,34,11,11.457142857142857
44,0,0,0
44,1,0,0
44,2,0,0
44,3,0,3.0
44,4,0,3.5
44,5,0,3.6666666666666665
44,6,0,3.6666666666666665
44,7,0,3.6666666666666665
44,8,0,4.75
44,9,0,5.2
44,10,0,5.2
44,11,0,6.0
44,12,0,6.571428571428571
44,13,0,6.571428571428571
44,14,0,7.888888888888889
44,15,0,7.888888888888889
44,16,0,7.888888888888889
44,17,0,7.888888888888889
44,18,0,8.75
44,19,0,8.75
44,20,0,8.75
44,21,2,8.23076923076923
44,22,9,9.125
44,23,10,8.764705882352942
44,24,10,9.157894736842104
44,25,7,9.272727272727273
44,26,8,9.272727272727273
44,27,11,9.48
44,28,12,10.076923076923077
44,29,11,10.0
44,30,12,10.5
44,31,12,10.482758620689655
44,32,12,11.066666666666666
44,33,11,11.65625
44,34,11,11.65625
45,0,0,0
45,1,0,0
45,2,0,2.0
45,3,0,2.5
45,4,0,2.5
45,5,0,2.5
45,6,0,4.0
45,7,0,4.0
45,8,0,4.6
45,9,0,5.0
45,10,0,5.571428571428571
45,11,0,5.571428571428571
45,12,0,6.0
45,13,0,6.555555555555555
45,14,0,6.555555555555555
45,15,0,7.454545454545454
45,16,0,7.454545454545454
45,17,0,7.454545454545454
45,18,0,7.928571428571429
45,19,0,7.928571428571429
45,20,0,8.466666666666667
45,21,0,8.466666666666667
45,22,0,9.588235294117647
45,23,0,9.166666666666666
45,24,0,9.473684210526315
45,25,0,9.473684210526315
45,26,0,10.05
45,27,2,10.045454545454545
45,28,2,9.695652173913043
45,29,2,9.695652173913043
45,30,3,10.08
45,31,3,10.5
45,32,2,10.333333333333334
45,33,2,10.928571428571429
45,34,1,11.233333333333333
46,0,0,0
46,1,0,0
46,2,0,2.0
46,3,0,2.5
46,4,0,2.5
46,5,0,3.0
46,6,0,3.0
46,7,0,4.0
46,8,0,4.6
46,9,0,4.6
46,10,0,5.5
46,11,0,5.5
46,12,0,6.285714285714286
46,13,0,6.875
46,14,0,6.875
46,15,0,8.1
46,16,0,8.1
46,17,0,8.1
46,18,0,8.1
46,19,0,9.5
46,20,0,9.5
46,21,0,9.5
46,22,0,10.23076923076923
46,23,0,11.0
46,24,0,11.0
46,25,0,11.647058823529411
46,26,2,11.647058823529411
46,27,6,11.789473684210526
46,28,6,11.789473684210526
46,29,9,12.0
46,30,10,12.636363636363637
46,31,9,12.347826086956522
46,32,11,12.875
46,33,12,12.64
46,34,15,13.307692307692308
47,0,0,0
47,1,0,0
47,2,0,2.0
47,3,0,2.0
47,4,0,2.0
47,5,0,3.0
47,6,0,3.5
47,7,0,3.5
47,8,0,4.2
47,9,0,4.2
47,10,0,5.0
47,11,0,5.0
47,12,0,5.375
47,13,0,5.375
47,14,0,5.9
47,15,0,6.636363636363637
47,16,1,7.166666666666667
47,17,1,6.769230769230769
47,18,0,7.066666666666666
47,19,3,7.5
47,20,0,7.833333333333333
47,21,0,7.578947368421052
47,22,3,7.578947368421052
47,23,5,8.08695652173913
47,24,7,8.08695652173913
47,25,5,8.23076923076923
47,26,9,8.551724137931034
47,27,11,8.533333333333333
47,28,14,8.533333333333333
47,29,16,9.393939393939394
47,30,18,9.393939393939394
47,31,19,9.470588235294118
47,32,19,10.333333333333334
47,33,21,10.432432432432432
47,34,22,10.921052631578947
48,0,0,0
48,1,0,0
48,2,0,0
48,3,0,2.0
48,4,0,2.0
48,5,0,2.5
48,6,0,3.0
48,7,0,3.5
48,8,0,3.5
48,9,0,3.5
48,10,0,4.166666666666667
48,11,0,4.166666666666667
48,12,0,4.857142857142857
48,13,0,4.857142857142857
48,14,0,5.25
48,15,0,5.777777777777778
48,16,0,6.2
48,17,0,6.7272727272727275
48,18,0,7.083333333333333
48,19,0,7.083333333333333
48,20,0,7.083333333333333
48,21,0,7.285714285714286
48,22,0,7.8
48,23,0,7.8
48,24,0,7.8
48,25,0,8.61111111111111
48,26,1,8.263157894736842
48,27,7,8.263157894736842
48,28,8,9.181818181818182
48,29,9,8.956521739130435
48,30,12,8.956521739130435
48,31,13,9.4
48,32,15,9.961538461538462
48,33,14,9.851851851851851
48,34,14,10.464285714285714
49,0,0,0
49,1,0,0
49,2,0,2.0
49,3,0,2.0
49,4,0,2.0
49,5,0,3.0
49,6,0,4.0
49,7,0,4.0
49,8,0,4.75
49,9,0,4.75
49,10,0,5.6
49,11,0,6.333333333333333
49,12,0,6.333333333333333
49,13,0,6.333333333333333
49,14,0,7.285714285714286
49,15,0,8.0
49,16,0,8.0
49,17,0,8.88888888888889
49,18,0,9.6
49,19,1,8.909090909090908
49,20,0,10.307692307692308
49,21,0,9.266666666666667
49,22,3,9.875
49,23,4,9.631578947368421
49,24,6,9.631578947368421
49,25,5,9.0
49,26,9,9.590909090909092
49,27,10,9.84
49,28,11,9.84
49,29,10,9.846153846153847
49,30,12,10.444444444444445
49,31,11,10.96551724137931
49,32,12,11.533333333333333
49,33,11,11.516129032258064
49,34,11,12.575757575757576
50,0,0,0
50,1,0,0
50,2,0,0
50,3,0,3.0
50,4,0,3.0
50,5,0,3.6666666666666665
50,6,0,3.75
50,7,0,4.2
50,8,0,4.2
50,9,0,4.666666666666667
50,10,0,4.666666666666667
50,11,0,5.428571428571429
50,12,0,5.875
50,13,0,5.875
50,14,0,5.875
50,15,0,7.3
50,16,0,7.3
50,17,0,7.3
50,18,0,8.666666666666666
50,19,0,8.666666666666666
50,20,0,9.153846153846153
50,21,0,9.153846153846153
50,22,0,9.928571428571429
50,23,0,9.8125
50,24,1,9.8125
50,25,0,9.777777777777779
50,26,1,10.526315789473685
50,27,2,10.227272727272727
50,28,2,10.869565217391305
50,29,1,10.625
50,30,2,11.692307692307692
50,31,1,11.444444444444445
50,32,1,11.444444444444445
50,33,1,11.724137931034482
50,34,1,12.3
51,0,0,0
51,1,0,0
51,2,0,2.0
51,3,0,2.0
51,4,0,3.0
51,5,0,3.0
51,6,0,4.0
51,7,0,4.0
51,8,0,4.4
51,9,0,4.4
51,10,0,5.0
51,11,0,5.571428571428571
51,12,0,6.0
51,13,0,6.444444444444445
51,14,0,6.9
51,15,0,6.9
51,16,0,6.9
51,17,0,7.583333333333333
51,18,0,7.583333333333333
51,19,0,8.0
51,20,0,8.428571428571429
51,21,0,8.428571428571429
51,22,0,8.933333333333334
51,23,0,9.375
51,24,0,9.375
51,25,0,9.444444444444445
51,26,0,9.947368421052632
51,27,0,9.947368421052632
51,28,0,10.45
51,29,0,10.45
51,30,0,11.047619047619047
51,31,0,11.047619047619047
51,32,0,12.08695652173913
51,33,0,12.08695652173913
51,34,0,12.08695652173913
52,0,0,0
52,1,0,0
52,2,0,0
52,3,0,3.0
52,4,0,3.0
52,5,0,3.5
52,6,0,3.5
52,7,0,4.666666666666667
52,8,0,5.25
52,9,0,5.25
52,10,0,5.8
52,11,0,5.0
52,12,0,5.714285714285714
52,13,0,6.25
52,14,0,6.25
52,15,0,7.0
52,16,0,7.5
52,17,0,8.090909090909092
52,18,1,8.090909090909092
52,19,0,7.583333333333333
52,20,0,8.857142857142858
52,21,1,8.533333333333333
52,22,2,8.533333333333333
52,23,2,9.444444444444445
52,24,2,9.444444444444445
52,25,0,9.210526315789474
52,26,2,10.380952380952381
52,27,1,9.826086956521738
52,28,1,9.826086956521738
52,29,0,10.2
52,30,2,10.73076923076923
52,31,1,11.214285714285714
52,32,1,11.689655172413794
52,33,0,11.96774193548387
52,34,2,11.96774193548387
53,0,0,0
53,1,0,0
53,2,0,0
53,3,0,3.0
53,4,0,3.0
53,5,0,3.5
53,6,0,4.333333333333333
53,7,0,4.75
53,8,0,4.75
53,9,0,5.6
53,10,0,6.0
53,11,0,6.0
53,12,0,6.714285714285714
53,13,0,7.125
53,14,0,7.125
53,15,0,7.888888888888889
53,16,0,8.1
53,17,0,8.1
53,18,0,8.818181818181818
53,19,0,9.166666666666666
53,20,0,9.166666666666666
53,21,0,9.846153846153847
53,22,0,9.846153846153847
53,23,0,9.8
53,24,4,10.5
53,25,1,9.61111111111111
53,26,3,9.263157894736842
53,27,8,9.523809523809524
53,28,12,10.227272727272727
53,29,15,10.043478260869565
53,30,17,10.043478260869565
53,31,19,11.076923076923077
53,32,20,11.076923076923077
53,33,20,10.962962962962964
53,34,23,11.642857142857142
54,0,0,0
54,1,0,0
54,2,0,0
54,3,0,3.0
54,4,0,3.0
54,5,0,3.0
54,6,0,4.5
54,7,0,4.5
54,8,0,4.5
54,9,0,4.5
54,10,0,6.333333333333333
54,11,0,6.333333333333333
54,12,0,6.333333333333333
54,13,0,7.142857142857143
54,14,1,7.222222222222222
54,15,1,7.9
54,16,0,7.454545454545454
54,17,0,8.166666666666666
54,18,0,8.5
54,19,0,9.066666666666666
54,20,0,9.066666666666666
54,21,1,9.6875
54,22,4,9.368421052631579
54,23,6,9.368421052631579
54,24,8,8.80952380952381
54,25,7,9.363636363636363
54,26,9,9.56
54,27,9,9.423076923076923
54,28,9,9.423076923076923
54,29,9,10.448275862068966
54,30,12,10.448275862068966
54,31,12,10.935483870967742
54,32,14,11.46875
54,33,15,11.424242424242424
54,34,15,11.411764705882353
55,0,0,0
55,1,0,0
55,2,0,2.0
55,3,0,2.0
55,4,0,3.0
55,5,0,3.0
55,6,0,4.0
55,7,0,4.0
55,8,0,5.6
55,9,0,5.6
55,10,0,5.6
55,11,0,5.714285714285714
55,12,0,6.5
55,13,0,6.5
55,14,0,6.5
55,15,0,7.7
55,16,0,7.7
55,17,0,7.7
55,18,0,7.7
55,19,0,9.166666666666666
55,20,0,9.166666666666666
55,21,0,9.166666666666666
55,22,0,10.0
55,23,0,10.714285714285714
55,24,0,11.4
55,25,0,11.4
55,26,0,12.705882352941176
55,27,3,12.705882352941176
55,28,3,12.11111111111111
55,29,8,12.789473684210526
55,30,13,12.952380952380953
55,31,14,12.952380952380953
55,32,13,13.75
55,33,13,13.75
55,34,12,13.52
56,0,0,0
56,1,0,0
56,2,0,2.0
56,3,0,2.5
56,4,0,2.5
56,5,0,2.5
56,6,0,3.6666666666666665
56,7,0,4.5
56,8,0,5.2
56,9,0,5.2
56,10,0,5.2
56,11,0,6.166666666666667
56,12,0,6.857142857142857
56,13,0,6.857142857142857
56,14,0,6.857142857142857
56,15,0,7.75
56,16,0,8.444444444444445
56,17,0,8.444444444444445
56,18,0,8.444444444444445
56,19,0,9.909090909090908
56,20,0,9.909090909090908
56,21,0,9.923076923076923
56,22,0,9.923076923076923
56,23,0,10.571428571428571
56,24,0,10.571428571428571
56,25,0,10.6875
56,26,0,10.176470588235293
56,27,0,10.473684210526315
56,28,1,11.2
56,29,4,10.80952380952381
56,30,4,11.5
56,31,5,11.173913043478262
56,32,6,11.56
56,33,6,11.56
56,34,7,12.571428571428571
57,0,0,0
57,1,0,0
57,2,0,0
57,3,0,3.0
57,4,0,3.0
57,5,0,3.0
57,6,0,3.5
57,7,0,3.5
57,8,0,4.0
57,9,0,4.0
57,10,0,4.833333333333333
57,11,0,5.285714285714286
57,12,0,5.285714285714286
57,13,0,5.285714285714286
57,14,0,6.555555555555555
57,15,0,6.555555555555555
57,16,0,7.2
57,17,0,7.2
57,18,0,7.909090909090909
57,19,0,7.909090909090909
57,20,0,8.666666666666666
57,21,0,8.666666666666666
57,22,0,9.153846153846153
57,23,0,9.785714285714286
57,24,0,9.785714285714286
57,25,0,9.266666666666667
57,26,2,9.875
57,27,5,10.166666666666666
57,28,9,10.166666666666666
57,29,8,10.55
57,30,10,11.142857142857142
57,31,9,11.521739130434783
57,32,11,11.291666666666666
57,33,14,11.291666666666666
57,34,14,11.73076923076923
58,0,0,0
58,1,0,0
58,2,0,2.0
58,3,0,2.0
58,4,0,2.0
58,5,0,3.0
58,6,0,3.5
58,7,0,4.0
58,8,0,4.0
58,9,0,4.0
58,10,0,5.428571428571429
58,11,0,5.428571428571429
58,12,0,5.428571428571429
58,13,0,6.777777777777778
58,14,0,6.777777777777778
58,15,0,6.777777777777778
58,16,0,7.5
58,17,0,8.181818181818182
58,18,0,8.181818181818182
58,19,0,8.181818181818182
58,20,0,9.0
58,21,0,9.76923076923077
58,22,0,9.76923076923077
58,23,0,10.571428571428571
58,24,0,10.571428571428571
58,25,1,10.75
58,26,2,10.75
58,27,3,10.88888888888889
58,28,8,11.631578947368421
58,29,7,11.857142857142858
58,30,6,12.217391304347826
58,31,6,12.75
58,32,5,12.48
58,33,6,12.48
58,34,5,13.464285714285714
59,0,0,0
59,1,0,0
59,2,0,0
59,3,0,3.0
59,4,0,2.5
59,5,0,2.5
59,6,0,2.5
59,7,0,4.25
59,8,0,4.25
59,9,0,4.25
59,10,0,5.833333333333333
59,11,0,5.833333333333333
59,12,0,5.833333333333333
59,13,0,6.714285714285714
59,14,0,7.25
59,15,0,7.25
59,16,0,7.25
59,17,0,8.8
59,18,0,8.8
59,19,0,8.181818181818182
59,20,0,9.538461538461538
59,21,0,9.538461538461538
59,22,0,9.538461538461538
59,23,1,10.866666666666667
59,24,1,10.3125
59,25,0,10.555555555555555
59,26,0,10.75
59,27,3,11.090909090909092
59,28,2,10.782608695652174
59,29,4,10.782608695652174
59,30,4,11.04
59,31,6,11.653846153846153
59,32,8,11.518518518518519
59,33,8,12.035714285714286
59,34,8,11.96551724137931
60,0,0,0
60,1,0,0
60,2,0,0
60,3,0,0
60,4,0,3.5
60,5,0,3.5
60,6,0,3.5
60,7,0,5.0
60,8,0,5.0
60,9,0,5.4
60,10,0,6.166666666666667
60,11,0,6.166666666666667
60,12,0,6.166666666666667
60,13,0,6.857142857142857
60,14,0,7.625
60,15,0,6.888888888888889
60,16,1,6.888888888888889
60,17,1,7.833333333333333
60,18,4,7.833333333333333
60,19,6,7.538461538461538
60,20,0,8.4375
60,21,4,8.4375
60,22,7,8.473684210526315
60,23,10,8.473684210526315
60,24,14,8.590909090909092
60,25,12,8.434782608695652
60,26,13,8.92
60,27,19,8.807692307692308
60,28,24,9.25
60,29,24,9.25
60,30,24,9.8
60,31,24,10.290322580645162
60,32,23,10.4375
60,33,23,10.4375
60,34,23,11.628571428571428
61,0,0,0
61,1,0,0
61,2,0,0
61,3,0,3.0
61,4,0,3.0
61,5,0,3.0
61,6,0,4.0
61,7,0,4.0
61,8,0,4.5
61,9,0,4.8
61,10,0,4.8
61,11,0,4.8
61,12,0,6.142857142857143
61,13,0,6.142857142857143
61,14,0,6.75
61,15,0,7.444444444444445
61,16,0,7.444444444444445
61,17,0,7.444444444444445
61,18,0,8.1
61,19,0,8.818181818181818
61,20,0,8.818181818181818
61,21,0,9.5
61,22,0,9.5
61,23,0,10.266666666666667
61,24,1,10.266666666666667
61,25,0,9.8125
61,26,0,11.11111111111111
61,27,0,10.35
61,28,1,10.35
61,29,1,11.26086956521739
61,30,1,11.26086956521739
61,31,2,11.52
61,32,3,12.038461538461538
61,33,4,11.777777777777779
61,34,6,12.862068965517242
62,0,0,0
62,1,0,0
62,2,0,0
62,3,0,2.5
62,4,0,2.5
62,5,0,2.5
62,6,0,3.3333333333333335
62,7,0,3.5
62,8,0,3.5
62,9,0,4.4
62,10,0,4.833333333333333
62,11,0,4.833333333333333
62,12,0,5.571428571428571
62,13,0,6.0
62,14,0,6.555555555555555
62,15,0,6.555555555555555
62,16,0,6.555555555555555
62,17,0,7.818181818181818
62,18,0,7.818181818181818
62,19,0,7.818181818181818
62,20,0,8.5
62,21,0,8.642857142857142
62,22,0,8.642857142857142
62,23,1,8.642857142857142
62,24,3,8.875
62,25,4,9.588235294117647
62,26,6,8.894736842105264
62,27,8,9.45
62,28,7,9.863636363636363
62,29,10,10.391304347826088
62,30,11,10.25
62,31,11,10.76
62,32,11,11.25925925925926
62,33,13,11.25925925925926
62,34,13,11.214285714285714
63,0,0,0
63,1,0,0
63,2,0,0
63,3,0,3.0
63,4,0,2.5
63,5,0,2.5
63,6,0,2.5
63,7,0,4.0
63,8,0,4.5
63,9,0,4.5
63,10,0,4.5
63,11,0,6.0
63,12,0,6.0
63,13,0,6.0
63,14,0,6.714285714285714
63,15,0,7.375
63,16,0,7.375
63,17,0,8.11111111111111
63,18,0,8.11111111111111
63,19,2,9.272727272727273
63,20,0,8.666666666666666
63,21,0,8.928571428571429
63,22,0,9.0625
63,23,0,8.764705882352942
63,24,0,8.764705882352942
63,25,0,9.0
63,26,0,9.55
63,27,1,9.238095238095237
63,28,0,9.434782608695652
63,29,3,10.041666666666666
63,30,8,9.8
63,31,9,9.8
63,32,8,10.714285714285714
63,33,8,10.714285714285714
63,34,7,10.551724137931034
64,0,0,0
64,1,0,0
64,2,0,0
64,3,0,0
64,4,0,4.0
64,5,0,4.0
64,6,0,4.0
64,7,0,5.0
64,8,0,5.75
64,9,0,6.4
64,10,0,6.4
64,11,0,7.0
64,12,0,7.0
64,13,0,7.714285714285714
64,14,0,7.714285714285714
64,15,0,8.88888888888889
64,16,0,8.88888888888889
64,17,0,8.88888888888889
64,18,0,10.0
64,19,0,10.0
64,20,0,10.416666666666666
64,21,0,11.0
64,22,0,11.0
64,23,0,12.066666666666666
64,24,0,12.066666666666666
64,25,0,12.066666666666666
64,26,0,12.066666666666666
64,27,0,13.235294117647058
64,28,0,13.235294117647058
64,29,0,14.263157894736842
64,30,0,14.263157894736842
64,31,0,14.19047619047619
64,32,2,14.636363636363637
64,33,3,14.130434782608695
64,34,4,14.666666666666666
65,0,0,0
65,1,0,0
65,2,0,2.0
65,3,0,2.5
65,4,0,3.0
65,5,0,3.5
65,6,0,3.6
65,7,0,4.0
65,8,0,4.285714285714286
65,9,0,4.285714285714286
65,10,0,4.875
65,11,0,5.333333333333333
65,12,0,5.333333333333333
65,13,0,6.0
65,14,0,6.0
65,15,0,6.545454545454546
65,16,0,7.166666666666667
65,17,0,7.166666666666667
65,18,0,7.769230769230769
65,19,0,7.769230769230769
65,20,0,8.5
65,21,2,8.066666666666666
65,22,2,8.88888888888889
65,23,1,8.578947368421053
65,24,1,8.4
65,25,1,8.863636363636363
65,26,1,9.208333333333334
65,27,6,9.76
65,28,5,9.576923076923077
65,29,7,9.576923076923077
65,30,9,9.964285714285714
65,31,11,10.551724137931034
65,32,13,10.4
65,33,13,10.935483870967742
65,34,12,10.84375
66,0,0,0
66,1,0,0
66,2,0,0
66,3,0,3.0
66,4,0,3.5
66,5,0,4.0
66,6,0,4.0
66,7,0,4.75
66,8,0,4.75
66,9,0,5.6
66,10,0,6.0
66,11,0,6.571428571428571
66,12,0,6.571428571428571
66,13,0,7.666666666666667
66,14,0,7.666666666666667
66,15,0,8.1
66,16,0,8.1
66,17,0,9.166666666666666
66,18,0,9.166666666666666
66,19,0,9.166666666666666
66,20,0,9.692307692307692
66,21,0,10.357142857142858
66,22,0,10.357142857142858
66,23,0,11.066666666666666
66,24,0,11.625
66,25,0,11.625
66,26,0,11.625
66,27,0,12.411764705882353
66,28,1,13.0
66,29,3,13.0
66,30,4,13.0
66,31,3,12.571428571428571
66,32,3,13.227272727272727
66,33,2,13.458333333333334
66,34,2,13.458333333333334
67,0,0,0
67,1,0,0
67,2,0,0
67,3,0,3.0
67,4,0,3.5
67,5,0,3.5
67,6,0,3.5
67,7,0,4.4
67,8,0,4.4
67,9,0,4.4
67,10,0,5.166666666666667
67,11,0,5.857142857142857
67,12,0,5.857142857142857
67,13,0,6.5
67,14,0,7.111111111111111
67,15,0,7.111111111111111
67,16,0,7.111111111111111
67,17,0,8.090909090909092
67,18,0,8.090909090909092
67,19,0,9.076923076923077
67,20,0,9.076923076923077
67,21,0,9.076923076923077
67,22,0,9.714285714285714
67,23,0,10.133333333333333
67,24,0,10.75
67,25,1,10.75
67,26,0,11.263157894736842
67,27,1,11.263157894736842
67,28,1,11.333333333333334
67,29,3,11.333333333333334
67,30,6,11.565217391304348
67,31,6,12.041666666666666
67,32,5,11.76
67,33,6,11.76
67,34,7,12.11111111111111
68,0,0,0
68,1,0,0
68,2,0,0
68,3,0,3.0
68,4,0,3.5
68,5,0,3.5
68,6,0,4.333333333333333
68,7,0,4.333333333333333
68,8,0,5.25
68,9,0,5.25
68,10,0,6.2
68,11,0,6.666666666666667
68,12,0,6.666666666666667
68,13,0,7.285714285714286
68,14,0,8.0
68,15,0,8.444444444444445
68,16,0,8.444444444444445
68,17,0,9.636363636363637
68,18,0,9.636363636363637
68,19,0,9.636363636363637
68,20,0,10.333333333333334
68,21,0,10.846153846153847
68,22,0,10.846153846153847
68,23,0,12.066666666666666
68,24,0,12.066666666666666
68,25,0,12.066666666666666
68,26,0,12.5
68,27,0,12.5
68,28,0,12.5
68,29,0,13.0
68,30,2,13.65
68,31,1,13.095238095238095
68,32,1,13.095238095238095
68,33,0,13.875
68,34,1,13.875
69,0,0,0
69,1,0,0
69,2,0,2.0
69,3,0,2.0
69,4,0,2.0
69,5,0,2.0
69,6,0,3.0
69,7,0,3.0
69,8,0,3.0
69,9,0,3.0
69,10,0,4.666666666666667
69,11,0,4.666666666666667
69,12,0,4.666666666666667
69,13,0,5.142857142857143
69,14,0,5.875
69,15,0,5.875
69,16,0,6.222222222222222
69,17,0,6.8
69,18,0,6.8
69,19,0,7.75
69,20,0,7.75
69,21,0,8.384615384615385
69,22,0,8.714285714285714
69,23,0,8.714285714285714
69,24,0,9.333333333333334
69,25,0,9.333333333333334
69,26,0,9.75
69,27,0,9.944444444444445
69,28,0,9.944444444444445
69,29,0,10.0
69,30,3,10.666666666666666
69,31,5,10.272727272727273
69,32,7,10.583333333333334
69,33,7,11.04
69,34,7,10.807692307692308
70,0,0,0
70,1,0,0
70,2,0,0
70,3,0,0
70,4,0,4.0
70,5,0,4.0
70,6,0,4.0
70,7,0,4.666666666666667
70,8,0,5.5
70,9,0,5.5
70,10,0,5.5
70,11,0,6.2
70,12,0,7.166666666666667
70,13,0,7.166666666666667
70,14,0,7.571428571428571
70,15,0,8.375
70,16,0,8.375
70,17,0,8.777777777777779
70,18,0,8.777777777777779
70,19,0,9.7
70,20,0,9.5
70,21,0,10.307692307692308
70,22,0,9.714285714285714
70,23,2,9.2
70,24,2,10.411764705882353
70,25,1,10.0
70,26,2,10.631578947368421
70,27,1,10.35
70,28,3,10.904761904761905
70,29,4,10.727272727272727
70,30,5,11.391304347826088
70,31,7,11.166666666666666
70,32,8,11.64
70,33,7,11.423076923076923
70,34,7,12.344827586206897
71,0,0,0
71,1,0,0
71,2,0,2.0
71,3,0,2.5
71,4,0,2.5
71,5,0,2.5
71,6,0,4.25
71,7,0,4.25
71,8,0,5.0
71,9,0,5.666666666666667
71,10,0,5.666666666666667
71,11,0,5.666666666666667
71,12,0,6.75
71,13,0,6.75
71,14,0,6.75
71,15,0,7.444444444444445
71,16,0,8.0
71,17,0,8.0
71,18,0,8.727272727272727
71,19,0,8.727272727272727
71,20,0,9.416666666666666
71,21,0,9.416666666666666
71,22,0,10.076923076923077
71,23,0,10.714285714285714
71,24,0,10.714285714285714
71,25,0,11.4
71,26,1,11.470588235294118
71,27,1,11.473684210526315
71,28,2,11.473684210526315
71,29,1,11.15
71,30,3,12.409090909090908
71,31,5,12.08695652173913
71,32,6,12.08695652173913
71,33,7,13.0
71,34,7,13.0
72,0,0,0
72,1,0,0
72,2,0,0
72,3,0,3.0
72,4,0,3.0
72,5,0,3.3333333333333335
72,6,0,3.3333333333333335
72,7,0,4.0
72,8,0,4.6
72,9,0,4.6
72,10,0,4.6
72,11,0,5.5
72,12,0,5.5
72,13,0,5.5
72,14,0,5.5
72,15,0,6.9
72,16,0,6.9
72,17,0,7.916666666666667
72,18,0,7.916666666666667
72,19,0,8.615384615384615
72,20,0,8.928571428571429
72,21,0,8.928571428571429
72,22,0,8.928571428571429
72,23,0,9.125
72,24,0,9.529411764705882
72,25,0,10.222222222222221
72,26,3,10.222222222222221
72,27,5,9.789473684210526
72,28,5,11.0
72,29,5,10.681818181818182
72,30,8,11.173913043478262
72,31,8,11.6
72,32,8,11.6
72,33,7,11.925925925925926
72,34,7,11.925925925925926
73,0,0,0
73,1,0,0
73,2,0,2.0
73,3,0,2.0
73,4,0,2.0
73,5,0,3.0
73,6,0,4.0
73,7,0,4.0
73,8,0,5.0
73,9,0,5.6
73,10,0,5.6
73,11,0,6.0
73,12,0,6.571428571428571
73,13,0,6.571428571428571
73,14,0,6.571428571428571
73,15,0,7.888888888888889
73,16,0,7.888888888888889
73,17,1,7.3
73,18,1,8.090909090909092
73,19,1,8.307692307692308
73,20,0,8.307692307692308
73,21,0,8.071428571428571
73,22,1,8.4375
73,23,0,8.722222222222221
73,24,0,8.578947368421053
73,25,1,9.0
73,26,1,9.304347826086957
73,27,2,9.875
73,28,1,9.64
73,29,3,10.777777777777779
73,30,5,10.571428571428571
73,31,6,11.10344827586207
73,32,8,11.419354838709678
73,33,8,11.419354838709678
73,34,9,11.757575757575758
74,0,0,0
74,1,0,0
74,2,0,0
74,3,0,0
74,4,0,3.5
74,5,0,3.5
74,6,0,3.6666666666666665
74,7,0,3.6666666666666665
74,8,0,4.75
74,9,0,4.8
74,10,0,4.8
74,11,0,6.0
74,12,0,6.0
74,13,0,6.0
74,14,0,6.0
74,15,0,7.444444444444445
74,16,0,7.444444444444445
74,17,0,7.9
74,18,0,7.9
74,19,0,8.818181818181818
74,20,0,9.166666666666666
74,21,0,9.166666666666666
74,22,0,10.0
74,23,0,10.0
74,24,0,10.5
74,25,0,10.5
74,26,1,10.941176470588236
74,27,1,10.941176470588236
74,28,0,10.5
74,29,2,10.8
74,30,8,11.333333333333334
74,31,7,10.954545454545455
74,32,7,10.954545454545455
74,33,7,11.375
74,34,8,11.96
75,0,0,0
75,1,0,0
75,2,0,2.0
75,3,0,2.0
75,4,0,3.0
75,5,0,3.3333333333333335
75,6,0,4.0
75,7,0,4.0
75,8,0,4.0
75,9,0,4.8
75,10,0,5.666666666666667
75,11,0,6.285714285714286
75,12,0,6.285714285714286
75,13,0,7.0
75,14,0,7.0
75,15,0,7.0
75,16,0,7.0
75,17,0,8.25
75,18,0,8.25
75,19,0,8.846153846153847
75,20,0,8.846153846153847
75,21,0,9.5
75,22,0,10.133333333333333
75,23,0,10.133333333333333
75,24,0,10.133333333333333
75,25,1,10.944444444444445
75,26,1,10.944444444444445
75,27,0,10.526315789473685
75,28,3,11.2
75,29,2,11.545454545454545
75,30,2,11.545454545454545
75,31,1,12.32
75,32,1,12.32
75,33,0,12.62962962962963
75,34,0,13.178571428571429
76,0,0,0
76,1,0,0
76,2,0,0
76,3,0,3.0
76,4,0,3.0
76,5,0,3.0
76,6,0,4.0
76,7,0,4.0
76,8,0,4.5
76,9,0,4.5
76,10,0,5.625
76,11,0,5.625
76,12,0,5.625
76,13,0,6.111111111111111
76,14,0,6.7
76,15,0,7.090909090909091
76,16,0,7.090909090909091
76,17,0,7.5
76,18,0,7.714285714285714
76,19,0,8.133333333333333
76,20,0,8.133333333333333
76,21,0,8.133333333333333
76,22,0,8.875
76,23,0,9.411764705882353
76,24,0,9.411764705882353
76,25,0,9.0
76,26,0,10.0
76,27,0,9.619047619047619
76,28,0,9.619047619047619
76,29,0,10.227272727272727
76,30,0,10.73913043478261
76,31,0,10.73913043478261
76,32,0,11.25
76,33,0,11.5
76,34,0,12.0
77,0,0,0
77,1,0,0
77,2,0,0
77,3,0,0
77,4,0,0
77,5,0,0
77,6,0,3.5
77,7,0,3.5
77,8,0,4.0
77,9,0,4.5
77,10,0,4.5
77,11,0,5.2
77,12,0,5.2
77,13,0,5.833333333333333
77,14,0,5.833333333333333
77,15,0,6.571428571428571
77,16,0,6.0
77,17,0,6.666666666666667
77,18,0,7.4
77,19,0,8.0
77,20,0,8.583333333333334
77,21,0,8.583333333333334
77,22,0,9.785714285714286
77,23,0,9.785714285714286
77,24,0,9.785714285714286
77,25,0,10.4
77,26,0,11.0625
77,27,0,11.0625
77,28,0,12.166666666666666
77,29,0,11.631578947368421
77,30,0,12.714285714285714
77,31,0,12.714285714285714
77,32,0,13.090909090909092
77,33,0,13.090909090909092
77,34,2,13.208333333333334
78,0,0,0
78,1,0,0
78,2,0,2.0
78,3,0,2.5
78,4,0,2.5
78,5,0,2.5
78,6,0,3.3333333333333335
78,7,0,4.25
78,8,0,4.25
78,9,0,4.8
78,10,0,4.8
78,11,0,5.833333333333333
78,12,0,5.833333333333333
78,13,0,6.571428571428571
78,14,0,6.777777777777778
78,15,0,6.777777777777778
78,16,0,7.5
78,17,0,7.5
78,18,0,8.272727272727273
78,19,0,8.272727272727273
78,20,0,9.0
78,21,0,9.0
78,22,0,9.846153846153847
78,23,0,9.846153846153847
78,24,0,11.4
78,25,0,11.4
78,26,0,12.705882352941176
78,27,0,12.11111111111111
78,28,3,12.11111111111111
78,29,3,11.631578947368421
78,30,5,12.952380952380953
78,31,5,12.545454545454545
78,32,8,12.545454545454545
78,33,7,13.52
78,34,10,13.52
79,0,0,0
79,1,0,0
79,2,0,2.0
79,3,0,2.5
79,4,0,2.3333333333333335
79,5,0,2.3333333333333335
79,6,0,3.25
79,7,0,3.25
79,8,0,4.166666666666667
79,9,0,4.166666666666667
79,10,0,4.857142857142857
79,11,0,4.857142857142857
79,12,0,5.375
79,13,0,5.375
79,14,0,6.222222222222222
79,15,0,6.222222222222222
79,16,0,7.545454545454546
79,17,0,7.545454545454546
79,18,0,8.25
79,19,0,8.76923076923077
79,20,0,9.428571428571429
79,21,0,9.428571428571429
79,22,0,9.933333333333334
79,23,0,10.5625
79,24,0,11.0
79,25,0,11.0
79,26,0,11.555555555555555
79,27,0,12.052631578947368
79,28,0,12.6
79,29,0,12.6
79,30,0,12.6
79,31,0,13.681818181818182
79,32,1,13.681818181818182
79,33,2,13.666666666666666
79,34,2,13.666666666666666
80,0,0,0
80,1,0,0
80,2,0,2.0
80,3,0,2.5
80,4,0,2.5
80,5,0,2.6666666666666665
80,6,0,2.6666666666666665
80,7,0,3.75
80,8,0,4.0
80,9,0,4.666666666666667
80,10,0,4.666666666666667
80,11,0,5.0
80,12,0,5.0
80,13,0,5.75
80,14,0,6.111111111111111
80,15,0,6.111111111111111
80,16,0,6.111111111111111
80,17,0,7.363636363636363
80,18,0,7.363636363636363
80,19,0,8.538461538461538
80,20,0,8.538461538461538
80,21,0,8.538461538461538
80,22,0,8.538461538461538
80,23,0,9.8
80,24,0,9.8
80,25,0,9.8
80,26,0,9.8
80,27,0,11.176470588235293
80,28,0,10.666666666666666
80,29,0,11.263157894736842
80,30,0,11.263157894736842
80,31,0,12.05
80,32,0,11.523809523809524
80,33,0,12.375
80,34,0,11.92
81,0,0,0
81,1,0,0
81,2,0,0
81,3,0,3.0
81,4,0,3.5
81,5,0,4.0
81,6,0,4.5
81,7,0,4.8
81,8,0,4.8
81,9,0,5.0
81,10,0,5.571428571428571
81,11,0,5.571428571428571
81,12,0,5.571428571428571
81,13,0,6.666666666666667
81,14,0,6.666666666666667
81,15,0,7.3
81,16,0,6.818181818181818
81,17,0,7.25
81,18,0,7.25
81,19,0,8.357142857142858
81,20,0,8.357142857142858
81,21,0,8.357142857142858
81,22,0,9.4375
81,23,0,9.4375
81,24,0,10.117647058823529
81,25,0,10.5
81,26,0,11.052631578947368
81,27,0,10.6
81,28,0,10.6
81,29,2,11.095238095238095
81,30,2,11.304347826086957
81,31,2,11.304347826086957
81,32,3,11.0
81,33,3,11.52
81,34,2,11.814814814814815
82,0,0,0
82,1,0,0
82,2,0,0
82,3,0,0
82,4,0,3.5
82,5,0,3.5
82,6,0,3.5
82,7,0,3.5
82,8,0,5.5
82,9,0,5.5
82,10,0,5.5
82,11,0,7.0
82,12,0,7.0
82,13,0,8.125
82,14,0,8.125
82,15,0,8.125
82,16,0,8.88888888888889
82,17,0,9.5
82,18,0,9.5
82,19,0,10.75
82,20,0,10.75
82,21,0,10.571428571428571
82,22,0,11.2
82,23,1,11.117647058823529
82,24,1,11.117647058823529
82,25,3,11.105263157894736
82,26,6,11.75
82,27,5,11.428571428571429
82,28,5,11.428571428571429
82,29,4,12.291666666666666
82,30,3,12.04
82,31,3,12.5
82,32,2,12.928571428571429
82,33,2,13.379310344827585
82,34,1,13.233333333333333
83,0,0,0
83,1,0,0
83,2,0,2.0
83,3,0,2.0
83,4,0,2.0
83,5,0,3.3333333333333335
83,6,0,3.3333333333333335
83,7,0,3.75
83,8,0,4.6
83,9,0,4.6
83,10,0,5.166666666666667
83,11,0,5.428571428571429
83,12,0,5.75
83,13,0,5.75
83,14,0,5.75
83,15,0,6.7
83,16,0,6.7
83,17,0,6.7
83,18,0,6.7
83,19,0,7.916666666666667
83,20,0,7.916666666666667
83,21,0,7.916666666666667
83,22,0,7.916666666666667
83,23,0,9.285714285714286
83,24,0,9.285714285714286
83,25,0,9.933333333333334
83,26,0,9.4375
83,27,0,10.666666666666666
83,28,0,10.666666666666666
83,29,0,10.666666666666666
83,30,2,11.263157894736842
83,31,2,11.428571428571429
83,32,2,11.428571428571429
83,33,3,11.695652173913043
83,34,5,12.04
84,0,0,0
84,1,0,0
84,2,0,0
84,3,0,2.5
84,4,0,2.5
84,5,0,2.5
84,6,0,3.3333333333333335
84,7,0,3.75
84,8,0,4.2
84,9,0,4.2
84,10,0,4.833333333333333
84,11,0,5.428571428571429
84,12,0,5.428571428571429
84,13,0,6.0
84,14,0,6.0
84,15,0,6.777777777777778
84,16,0,6.777777777777778
84,17,0,7.5
84,18,0,8.090909090909092
84,19,0,8.090909090909092
84,20,0,8.090909090909092
84,21,0,8.916666666666666
84,22,0,9.615384615384615
84,23,0,9.615384615384615
84,24,0,9.615384615384615
84,25,0,11.0
84,26,0,11.0
84,27,0,11.75
84,28,0,11.75
84,29,1,11.833333333333334
84,30,4,12.578947368421053
84,31,3,12.476190476190476
84,32,3,12.476190476190476
84,33,2,12.565217391304348
84,34,3,13.25
85,0,0,0
85,1,0,0
85,2,0,0
85,3,0,3.0
85,4,0,3.0
85,5,0,3.0
85,6,0,2.3333333333333335
85,7,0,4.2
85,8,0,4.2
85,9,0,5.0
85,10,0,5.714285714285714
85,11,0,5.714285714285714
85,12,0,5.714285714285714
85,13,0,7.0
85,14,0,7.0
85,15,0,7.6
85,16,0,8.181818181818182
85,17,0,8.181818181818182
85,18,0,8.75
85,19,0,9.384615384615385
85,20,0,9.384615384615385
85,21,0,9.928571428571429
85,22,0,9.928571428571429
85,23,0,10.533333333333333
85,24,0,11.0625
85,25,0,11.647058823529411
85,26,0,11.11111111111111
85,27,0,11.68421052631579
85,28,0,11.68421052631579
85,29,0,12.80952380952381
85,30,0,12.318181818181818
85,31,2,12.318181818181818
85,32,2,12.5
85,33,4,13.0
85,34,5,12.653846153846153
86,0,0,0
86,1,0,0
86,2,0,0
86,3,0,3.0
86,4,0,3.0
86,5,0,3.0
86,6,0,3.0
86,7,0,4.75
86,8,0,4.75
86,9,0,4.75
86,10,0,6.333333333333333
86,11,0,6.333333333333333
86,12,0,7.0
86,13,0,7.625
86,14,0,7.625
86,15,0,8.222222222222221
86,16,0,8.222222222222221
86,17,0,9.0
86,18,0,9.454545454545455
86,19,0,9.454545454545455
86,20,0,9.454545454545455
86,21,0,10.333333333333334
86,22,0,10.923076923076923
86,23,0,10.923076923076923
86,24,1,11.714285714285714
86,25,1,11.5625
86,26,3,11.5625
86,27,6,11.722222222222221
86,28,7,11.722222222222221
86,29,12,11.9
86,30,14,11.9
86,31,14,12.227272727272727
86,32,15,12.782608695652174
86,33,14,13.16
86,34,17,13.16
87,0,0,0
87,1,0,0
87,2,0,0
87,3,0,3.0
87,4,0,3.5
87,5,0,3.5
87,6,0,4.333333333333333
87,7,0,4.333333333333333
87,8,0,5.25
87,9,0,5.25
87,10,0,6.2
87,11,0,6.2
87,12,0,7.166666666666667
87,13,0,7.166666666666667
87,14,0,7.857142857142857
87,15,0,8.375
87,16,0,8.375
87,17,0,9.6
87,18,0,9.6
87,19,0,9.6
87,20,0,10.272727272727273
87,21,0,10.833333333333334
87,22,0,10.833333333333334
87,23,0,11.538461538461538
87,24,0,12.142857142857142
87,25,0,12.142857142857142
87,26,2,12.142857142857142
87,27,3,12.25
87,28,4,12.823529411764707
87,29,6,12.333333333333334
87,30,10,11.947368421052632
87,31,11,12.6
87,32,11,12.863636363636363
87,33,11,12.863636363636363
87,34,11,12.652173913043478
88,0,0,0
88,1,0,0
88,2,0,2.0
88,3,0,2.0
88,4,0,3.0
88,5,0,3.0
88,6,0,4.5
88,7,0,4.5
88,8,0,4.5
88,9,0,4.5
88,10,0,6.166666666666667
88,11,0,6.166666666666667
88,12,0,6.166666666666667
88,13,0,7.625
88,14,0,7.625
88,15,0,7.625
88,16,0,7.625
88,17,0,9.1
88,18,0,9.1
88,19,1,9.166666666666666
88,20,0,9.846153846153847
88,21,0,9.357142857142858
88,22,0,9.0
88,23,0,10.352941176470589
88,24,0,9.526315789473685
88,25,0,10.15
88,26,2,9.80952380952381
88,27,6,10.08695652173913
88,28,6,9.791666666666666
88,29,9,10.44
88,30,8,10.851851851851851
88,31,10,10.642857142857142
88,32,13,10.642857142857142
88,33,14,11.166666666666666
88,34,16,11.65625
89,0,0,0
89,1,0,1.0
89,2,0,1.0
89,3,0,2.0
89,4,0,2.6666666666666665
89,5,0,2.6666666666666665
89,6,0,2.6666666666666665
89,7,0,3.75
89,8,0,4.6
89,9,0,4.6
89,10,0,4.6
89,11,0,6.0
89,12,0,6.0
89,13,0,5.75
89,14,0,5.75
89,15,0,6.666666666666667
89,16,0,6.6
89,17,0,7.2727272727272725
89,18,0,7.333333333333333
89,19,0,7.333333333333333
89,20,0,8.076923076923077
89,21,0,8.076923076923077
89,22,0,8.8
89,23,0,8.8
89,24,0,9.375
89,25,0,9.647058823529411
89,26,0,10.222222222222221
89,27,0,10.222222222222221
89,28,0,10.222222222222221
89,29,0,11.2
89,30,0,10.714285714285714
89,31,0,11.318181818181818
89,32,0,11.695652173913043
89,33,1,12.208333333333334
89,34,2,11.8
90,0,0,0
90,1,0,0
90,2,0,0
90,3,0,3.0
90,4,0,3.0
90,5,0,3.0
90,6,0,4.333333333333333
90,7,0,4.333333333333333
90,8,0,4.333333333333333
90,9,0,5.0
90,10,0,5.8
90,11,0,5.8
90,12,0,5.8
90,13,0,6.666666666666667
90,14,0,7.571428571428571
90,15,0,7.571428571428571
90,16,0,8.25
90,17,0,9.0
90,18,0,9.0
90,19,0,9.8
90,20,0,10.363636363636363
90,21,0,10.363636363636363
90,22,0,11.083333333333334
90,23,1,11.692307692307692
90,24,0,11.0
90,25,0,11.6
90,26,1,11.125
90,27,1,11.277777777777779
90,28,3,11.894736842105264
90,29,3,12.142857142857142
90,30,3,12.142857142857142
90,31,5,12.434782608695652
90,32,5,13.0
90,33,4,12.72
90,34,6,13.307692307692308
91,0,0,0
91,1,0,0
91,2,0,0
91,3,0,3.0
91,4,0,3.0
91,5,0,3.5
91,6,0,3.5
91,7,0,4.666666666666667
91,8,0,4.75
91,9,0,5.4
91,10,0,4.666666666666667
91,11,0,4.666666666666667
91,12,0,5.285714285714286
91,13,0,6.0
91,14,0,6.0
91,15,0,6.0
91,16,0,6.666666666666667
91,17,0,7.5
91,18,0,7.5
91,19,0,8.181818181818182
91,20,0,8.181818181818182
91,21,0,9.692307692307692
91,22,0,9.692307692307692
91,23,0,10.357142857142858
91,24,0,10.933333333333334
91,25,0,11.5625
91,26,0,11.5625
91,27,1,12.176470588235293
91,28,1,11.61111111111111
91,29,4,12.263157894736842
91,30,4,12.428571428571429
91,31,6,12.428571428571429
91,32,7,12.090909090909092
91,33,8,12.782608695652174
91,34,7,13.04
92,0,0,0
92,1,0,0
92,2,0,0
92,3,0,2.0
92,4,0,3.0
92,5,0,3.0
92,6,0,3.0
92,7,0,4.0
92,8,0,4.0
92,9,0,4.2
92,10,0,4.2
92,11,0,5.571428571428571
92,12,0,5.571428571428571
92,13,0,5.571428571428571
92,14,0,6.125
92,15,0,6.888888888888889
92,16,0,7.2
92,17,0,7.2
92,18,0,8.0
92,19,0,8.0
92,20,0,8.416666666666666
92,21,0,8.416666666666666
92,22,0,9.571428571428571
92,23,1,9.066666666666666
92,24,3,9.75
92,25,0,9.352941176470589
92,26,2,10.473684210526315
92,27,4,9.80952380952381
92,28,5,9.80952380952381
92,29,6,10.217391304347826
92,30,8,10.708333333333334
92,31,8,10.52
92,32,9,11.592592592592593
92,33,11,11.428571428571429
92,34,13,11.428571428571429
93,0,0,0
93,1,0,0
93,2,0,0
93,3,0,3.0
93,4,0,3.5
93,5,0,4.0
93,6,0,4.5
93,7,0,4.5
93,8,0,4.5
93,9,0,5.666666666666667
93,10,0,5.666666666666667
93,11,0,6.285714285714286
93,12,0,6.285714285714286
93,13,0,7.0
93,14,0,7.666666666666667
93,15,0,7.666666666666667
93,16,0,7.666666666666667
93,17,0,9.0
93,18,0,9.0
93,19,0,9.5
93,20,0,10.0
93,21,0,10.0
93,22,0,10.571428571428571
93,23,0,11.133333333333333
93,24,0,11.6875
93,25,0,12.235294117647058
93,26,0,12.235294117647058
93,27,2,12.777777777777779
93,28,2,12.210526315789474
93,29,2,12.8
93,30,1,12.954545454545455
93,31,1,12.954545454545455
93,32,0,13.25
93,33,0,13.25
93,34,1,13.576923076923077
94,0,0,0
94,1,0,0
94,2,0,0
94,3,0,3.0
94,4,0,3.5
94,5,0,3.5
94,6,0,4.333333333333333
94,7,0,4.75
94,8,0,4.75
94,9,0,4.75
94,10,0,5.714285714285714
94,11,0,5.714285714285714
94,12,0,6.25
94,13,0,6.888888888888889
94,14,0,6.888888888888889
94,15,0,7.5
94,16,0,8.0
94,17,0,8.5
94,18,0,8.5
94,19,0,8.5
94,20,0,9.153846153846153
94,21,0,9.785714285714286
94,22,0,9.785714285714286
94,23,0,10.4
94,24,0,11.0
94,25,0,11.0
94,26,0,11.588235294117647
94,27,0,12.222222222222221
94,28,0,11.68421052631579
94,29,1,12.3
94,30,2,11.80952380952381
94,31,2,13.0
94,32,1,12.625
94,33,2,12.625
94,34,4,12.846153846153847
95,0,0,0
95,1,0,0
95,2,0,0
95,3,0,3.0
95,4,0,3.5
95,5,0,3.5
95,6,0,3.5
95,7,0,4.666666666666667
95,8,0,5.25
95,9,0,5.25
95,10,0,6.0
95,11,0,6.666666666666667
95,12,0,7.285714285714286
95,13,0,7.875
95,14,0,7.875
95,15,0,8.333333333333334
95,16,0,8.333333333333334
95,17,0,9.0
95,18,0,9.545454545454545
95,19,0,9.545454545454545
95,20,0,9.545454545454545
95,21,0,10.923076923076923
95,22,0,10.923076923076923
95,23,0,11.428571428571429
95,24,0,11.428571428571429
95,25,0,12.066666666666666
95,26,0,12.066666666666666
95,27,0,12.6875
95,28,2,12.6875
95,29,3,12.722222222222221
95,30,5,13.368421052631579
95,31,5,13.523809523809524
95,32,7,13.523809523809524
95,33,7,13.782608695652174
95,34,8,14.291666666666666
96,0,0,0
96,1,0,0
96,2,0,2.0
96,3,0,2.0
96,4,0,2.5
96,5,0,3.3333333333333335
96,6,0,3.3333333333333335
96,7,0,4.0
96,8,0,4.6
96,9,0,5.0
96,10,0,5.0
96,11,0,5.714285714285714
96,12,0,6.25
96,13,0,6.25
96,14,0,5.666666666666667
96,15,0,7.0
96,16,0,7.0
96,17,0,7.583333333333333
96,18,0,8.23076923076923
96,19,0,8.23076923076923
96,20,0,8.642857142857142
96,21,0,9.266666666666667
96,22,0,9.266666666666667
96,23,0,9.75
96,24,0,9.944444444444445
96,25,0,9.944444444444445
96,26,0,9.15
96,27,2,10.318181818181818
96,28,5,9.956521739130435
96,29,5,9.956521739130435
96,30,4,10.32
96,31,4,10.807692307692308
96,32,3,10.703703703703704
96,33,3,11.178571428571429
96,34,2,11.633333333333333
97,0,0,0
97,1,0,0
97,2,0,0
97,3,0,3.0
97,4,0,3.5
97,5,0,3.5
97,6,0,3.5
97,7,0,5.25
97,8,0,5.25
97,9,0,6.0
97,10,0,6.0
97,11,0,6.833333333333333
97,12,0,6.833333333333333
97,13,0,8.0
97,14,0,8.0
97,15,0,8.0
97,16,0,7.9
97,17,0,8.454545454545455
97,18,0,8.454545454545455
97,19,0,8.454545454545455
97,20,0,9.76923076923077
97,21,0,9.76923076923077
97,22,0,10.357142857142858
97,23,1,10.357142857142858
97,24,1,11.0
97,25,1,11.0
97,26,0,11.157894736842104
97,27,3,11.157894736842104
97,28,5,11.476190476190476
97,29,6,12.0
97,30,7,11.652173913043478
97,31,7,12.0
97,32,7,12.5
97,33,6,12.857142857142858
97,34,6,12.857142857142858
98,0,0,0
98,1,0,0
98,2,0,2.0
98,3,0,2.5
98,4,0,2.5
98,5,0,2.5
98,6,0,3.75
98,7,0,3.75
98,8,0,3.75
98,9,0,5.166666666666667
98,10,0,5.166666666666667
98,11,0,5.166666666666667
98,12,0,5.857142857142857
98,13,0,6.5
98,14,0,6.5
98,15,0,6.5
98,16,0,7.333333333333333
98,17,0,8.1
98,18,0,8.1
98,19,0,8.909090909090908
98,20,0,9.666666666666666
98,21,0,10.307692307692308
98,22,0,10.307692307692308
98,23,0,11.0
98,24,2,11.0
98,25,4,11.125
98,26,5,11.125
98,27,5,12.052631578947368
98,28,6,11.7
98,29,10,11.7
98,30,14,12.136363636363637
98,31,16,12.782608695652174
98,32,18,12.583333333333334
98,33,19,12.583333333333334
98,34,21,13.153846153846153
99,0,0,0
99,1,0,0
99,2,0,2.0
99,3,0,2.5
99,4,0,2.5
99,5,0,2.5
99,6,0,3.75
99,7,0,3.75
99,8,0,4.2
99,9,0,4.2
99,10,0,5.166666666666667
99,11,0,5.714285714285714
99,12,0,5.714285714285714
99,13,0,5.714285714285714
99,14,0,6.625
99,15,0,7.0
99,16,0,7.0
99,17,0,7.9
99,18,0,7.9
99,19,0,9.083333333333334
99,20,0,9.083333333333334
99,21,0,9.083333333333334
99,22,0,10.285714285714286
99,23,0,10.285714285714286
99,24,0,10.285714285714286
99,25,0,11.0
99,26,0,11.5625
99,27,0,11.5625
99,28,0,12.294117647058824
99,29,0,12.263157894736842
99,30,5,12.263157894736842
99,31,4,11.8
99,32,5,13.090909090909092
99,33,5,12.695652173913043
99,34,8,12.695652173913043
100,0,0,0
100,1,0,0
100,2,0,2.0
100,3,0,2.0
100,4,0,3.0
100,5,0,2.6666666666666665
100,6,0,3.5
100,7,0,3.8333333333333335
100,8,0,3.8333333333333335
100,9,0,4.571428571428571
100,10,0,5.25
100,11,0,5.25
100,12,0,5.25
100,13,0,6.6
100,14,0,6.6
100,15,0,6.6
100,16,0,7.363636363636363
100,17,0,8.083333333333334
100,18,0,8.083333333333334
100,19,0,7.615384615384615
100,20,0,8.357142857142858
100,21,0,8.75
100,22,0,8.75
100,23,0,9.11111111111111
100,24,0,9.11111111111111
100,25,0,9.45
100,26,2,9.095238095238095
100,27,4,10.125
100,28,4,9.84
100,29,7,9.615384615384615
100,30,8,10.25925925925926
100,31,7,10.758620689655173
100,32,7,11.193548387096774
100,33,10,11.193548387096774
100,34,11,11.09375
101,0,0,0
101,1,0,0
101,2,0,0
101,3,0,3.0
101,4,0,3.0
101,5,0,3.3333333333333335
101,6,0,3.75
101,7,0,3.75
101,8,0,4.4
101,9,0,4.4
101,10,0,5.166666666666667
101,11,0,5.857142857142857
101,12,0,6.375
101,13,0,6.375
101,14,0,6.375
101,15,0,7.5
101,16,0,7.5
101,17,0,8.0
101,18,0,8.583333333333334
101,19,0,8.583333333333334
101,20,0,8.583333333333334
101,21,0,9.857142857142858
101,22,0,9.857142857142858
101,23,0,9.857142857142858
101,24,0,10.533333333333333
101,25,0,11.1875
101,26,0,11.1875
101,27,1,10.647058823529411
101,28,1,11.38888888888889
101,29,1,11.6
101,30,1,11.909090909090908
101,31,0,11.521739130434783
101,32,1,12.125
101,33,0,12.423076923076923
101,34,0,12.423076923076923
102,0,0,0
102,1,0,0
102,2,0,2.0
102,3,0,2.0
102,4,0,2.0
102,5,0,2.0
102,6,0,3.6666666666666665
102,7,0,3.6666666666666665
102,8,0,4.25
102,9,0,4.25
102,10,0,4.8
102,11,0,4.8
102,12,0,5.666666666666667
102,13,0,6.285714285714286
102,14,0,6.285714285714286
102,15,0,7.0
102,16,0,7.555555555555555
102,17,0,8.1
102,18,0,8.545454545454545
102,19,0,8.545454545454545
102,20,0,9.166666666666666
102,21,0,9.166666666666666
102,22,0,9.76923076923077
102,23,0,10.428571428571429
102,24,0,11.0
102,25,0,11.0
102,26,0,11.5625
102,27,0,12.117647058823529
102,28,2,12.105263157894736
102,29,4,12.105263157894736
102,30,3,12.238095238095237
102,31,4,12.818181818181818
102,32,3,12.478260869565217
102,33,6,12.478260869565217
102,34,7,13.423076923076923
103,0,0,0
103,1,0,0
103,2,0,2.0
103,3,0,2.0
103,4,0,2.6666666666666665
103,5,0,2.6666666666666665
103,6,0,2.6666666666666665
103,7,0,4.0
103,8,0,4.0
103,9,0,4.0
103,10,0,4.833333333333333
103,11,0,5.285714285714286
103,12,0,5.285714285714286
103,13,0,5.285714285714286
103,14,0,6.666666666666667
103,15,0,6.666666666666667
103,16,0,6.666666666666667
103,17,0,7.5
103,18,0,8.090909090909092
103,19,0,8.23076923076923
103,20,0,8.785714285714286
103,21,0,8.785714285714286
103,22,0,8.785714285714286
103,23,0,9.533333333333333
103,24,0,10.125
103,25,0,10.125
103,26,0,11.444444444444445
103,27,0,11.444444444444445
103,28,0,11.5
103,29,0,12.0
103,30,0,12.0
103,31,0,11.545454545454545
103,32,0,12.666666666666666
103,33,1,12.666666666666666
103,34,1,12.76923076923077
104,0,0,0
104,1,0,0
104,2,0,0
104,3,0,0
104,4,0,3.0
104,5,0,3.5
104,6,0,3.5
104,7,0,4.333333333333333
104,8,0,5.0
104,9,0,5.0
104,10,0,6.166666666666667
104,11,0,6.166666666666667
104,12,0,6.714285714285714
104,13,0,6.714285714285714
104,14,0,7.375
104,15,0,7.375
104,16,0,8.11111111111111
104,17,0,8.7
104,18,0,8.7
104,19,0,9.363636363636363
104,20,0,9.363636363636363
104,21,0,10.615384615384615
104,22,0,10.615384615384615
104,23,2,10.0
104,24,2,10.666666666666666
104,25,3,10.38888888888889
104,26,5,11.0
104,27,7,10.333333333333334
104,28,10,10.333333333333334
104,29,9,11.375
104,30,13,11.16
104,31,15,11.16
104,32,14,11.62962962962963
104,33,15,12.03448275862069
104,34,15,12.03448275862069
105,0,0,0
105,1,0,0
105,2,0,2.0
105,3,0,2.0
105,4,0,2.0
105,5,0,3.0
105,6,0,3.6666666666666665
105,7,0,3.5
105,8,0,3.5
105,9,0,3.5
105,10,0,4.6
105,11,0,4.833333333333333
105,12,0,4.833333333333333
105,13,0,5.857142857142857
105,14,0,6.25
105,15,0,6.25
105,16,0,7.111111111111111
105,17,0,7.111111111111111
105,18,0,8.363636363636363
105,19,0,8.363636363636363
105,20,0,9.166666666666666
105,21,0,9.166666666666666
105,22,1,9.692307692307692
105,23,3,8.666666666666666
105,24,5,9.941176470588236
105,25,5,9.263157894736842
105,26,9,10.333333333333334
105,27,11,9.869565217391305
105,28,12,9.869565217391305
105,29,11,10.36
105,30,14,10.807692307692308
105,31,14,10.703703703703704
105,32,14,11.321428571428571
105,33,13,11.275862068965518
105,34,15,11.766666666666667
106,0,0,0
106,1,0,0
106,2,0,2.0
106,3,0,2.0
106,4,0,3.0
106,5,0,3.6666666666666665
106,6,0,3.6666666666666665
106,7,0,4.25
106,8,0,4.25
106,9,0,5.0
106,10,0,5.0
106,11,0,5.833333333333333
106,12,0,6.428571428571429
106,13,0,7.0
106,14,0,7.444444444444445
106,15,0,7.444444444444445
106,16,0,8.1
106,17,0,8.1
106,18,0,8.545454545454545
106,19,0,8.545454545454545
106,20,0,9.615384615384615
106,21,1,9.071428571428571
106,22,1,8.666666666666666
106,23,3,8.882352941176471
106,24,3,9.444444444444445
106,25,0,9.210526315789474
106,26,0,9.380952380952381
106,27,5,9.181818181818182
106,28,7,9.458333333333334
106,29,8,10.0
106,30,7,9.76923076923077
106,31,8,9.592592592592593
106,32,9,10.689655172413794
106,33,11,10.7
106,34,13,10.7
107,0,0,0
107,1,0,0
107,2,0,0
107,3,0,0
107,4,0,4.0
107,5,0,4.0
107,6,0,4.0
107,7,0,4.666666666666667
107,8,0,5.5
107,9,0,5.8
107,10,0,5.8
107,11,0,6.5
107,12,0,7.0
107,13,0,7.0
107,14,0,7.0
107,15,0,7.8
107,16,0,7.8
107,17,0,7.363636363636363
107,18,1,8.538461538461538
107,19,0,8.071428571428571
107,20,0,8.6
107,21,2,8.882352941176471
107,22,3,8.555555555555555
107,23,3,8.263157894736842
107,24,5,9.136363636363637
107,25,1,8.666666666666666
107,26,5,8.666666666666666
107,27,10,8.925925925925926
107,28,18,9.428571428571429
107,29,19,9.275862068965518
107,30,20,9.833333333333334
107,31,19,9.709677419354838
107,32,19,10.21875
107,33,18,10.151515151515152
107,34,19,10.735294117647058
108,0,0,0
108,1,0,0
108,2,0,0
108,3,0,0
108,4,0,4.0
108,5,0,3.3333333333333335
108,6,0,3.3333333333333335
108,7,0,4.0
108,8,0,4.0
108,9,0,4.8
108,10,0,5.333333333333333
108,11,0,5.333333333333333
108,12,0,5.857142857142857
108,13,0,6.375
108,14,0,6.375
108,15,0,6.375
108,16,0,7.111111111111111
108,17,0,7.8
108,18,0,7.8
108,19,0,7.8
108,20,0,8.636363636363637
108,21,0,9.25
108,22,0,9.25
108,23,1,8.692307692307692
108,24,1,9.428571428571429
108,25,0,9.6875
108,26,0,9.176470588235293
108,27,1,9.31578947368421
108,28,3,9.714285714285714
108,29,4,9.714285714285714
108,30,4,9.454545454545455
108,31,6,9.91304347826087
108,32,5,10.32
108,33,8,10.32
108,34,8,11.178571428571429
109,0,0,0
109,1,0,0
109,2,0,0
109,3,0,0
109,4,0,2.5
109,5,0,2.5
109,6,0,2.5
109,7,0,3.6666666666666665
109,8,0,4.25
109,9,0,4.25
109,10,0,5.0
109,11,0,5.333333333333333
109,12,0,5.375
109,13,0,5.375
109,14,0,5.777777777777778
109,15,0,5.777777777777778
109,16,0,6.5
109,17,0,6.583333333333333
109,18,0,6.583333333333333
109,19,0,7.3076923076923075
109,20,0,7.857142857142857
109,21,0,7.466666666666667
109,22,0,7.466666666666667
109,23,0,8.705882352941176
109,24,0,8.705882352941176
109,25,0,8.333333333333334
109,26,4,8.5
109,27,7,8.863636363636363
109,28,7,9.041666666666666
109,29,10,9.041666666666666
109,30,11,8.88
109,31,11,9.925925925925926
109,32,10,9.821428571428571
109,33,12,10.413793103448276
109,34,13,10.4
110,0,0,0
110,1,0,0
110,2,0,2.0
110,3,0,2.5
110,4,0,2.5
110,5,0,3.3333333333333335
110,6,0,3.3333333333333335
110,7,0,4.2
110,8,0,4.2
110,9,0,4.2
110,10,0,5.285714285714286
110,11,0,5.285714285714286
110,12,0,6.0
110,13,0,6.0
110,14,0,6.333333333333333
110,15,0,6.333333333333333
110,16,0,7.1
110,17,0,7.363636363636363
110,18,0,7.363636363636363
110,19,0,8.083333333333334
110,20,0,8.083333333333334
110,21,0,9.071428571428571
110,22,0,9.071428571428571
110,23,0,9.071428571428571
110,24,0,10.0625
110,25,0,10.0625
110,26,0,10.0625
110,27,1,11.166666666666666
110,28,3,10.68421052631579
110,29,3,10.68421052631579
110,30,2,11.363636363636363
110,31,2,11.363636363636363
110,32,3,11.08695652173913
110,33,4,11.5
110,34,5,12.0
111,0,0,0
111,1,0,0
111,2,0,0
111,3,0,3.0
111,4,0,3.0
111,5,0,3.0
111,6,0,4.5
111,7,0,4.5
111,8,0,4.8
111,9,0,4.8
111,10,0,5.666666666666667
111,11,0,5.666666666666667
111,12,0,6.75
111,13,0,6.75
111,14,0,6.75
111,15,0,6.75
111,16,0,8.0
111,17,0,8.0
111,18,2,8.0
111,19,4,8.76923076923077
111,20,0,8.76923076923077
111,21,1,9.066666666666666
111,22,1,8.625
111,23,6,9.176470588235293
111,24,8,8.88888888888889
111,25,11,9.45
111,26,12,9.45
111,27,12,9.727272727272727
111,28,16,9.727272727272727
111,29,18,10.76
111,30,18,10.76
111,31,18,10.846153846153847
111,32,20,11.481481481481481
111,33,19,12.0
111,34,19,12.0
112,0,0,0
112,1,0,0
112,2,0,0
112,3,0,3.0
112,4,0,3.5
112,5,0,3.5
112,6,0,3.5
112,7,0,4.666666666666667
112,8,0,4.25
112,9,0,4.25
112,10,0,4.25
112,11,0,5.6
112,12,0,5.833333333333333
112,13,0,5.833333333333333
112,14,0,5.833333333333333
112,15,0,6.666666666666667
112,16,0,6.666666666666667
112,17,0,7.6
112,18,0,8.0
112,19,0,8.833333333333334
112,20,0,8.307692307692308
112,21,0,8.307692307692308
112,22,0,7.8125
112,23,0,8.166666666666666
112,24,2,8.166666666666666
112,25,3,7.894736842105263
112,26,3,9.047619047619047
112,27,5,8.818181818181818
112,28,6,8.818181818181818
112,29,8,9.125
112,30,10,9.88
112,31,9,9.76923076923077
112,32,8,10.071428571428571
112,33,8,10.758620689655173
112,34,7,10.666666666666666
113,0,0,0
113,1,0,0
113,2,0,0
113,3,0,3.0
113,4,0,3.5
113,5,0,4.0
113,6,0,4.0
113,7,0,4.75
113,8,0,5.4
113,9,0,5.833333333333333
113,10,0,5.833333333333333
113,11,0,6.571428571428571
113,12,0,6.571428571428571
113,13,0,7.666666666666667
113,14,0,7.666666666666667
113,15,0,8.3
113,16,0,8.3
113,17,0,8.909090909090908
113,18,2,8.333333333333334
113,19,4,9.0
113,20,0,8.571428571428571
113,21,3,9.266666666666667
113,22,2,9.222222222222221
113,23,6,8.894736842105264
113,24,6,8.65
113,25,8,9.5
113,26,13,9.5
113,27,14,9.076923076923077
113,28,17,10.214285714285714
113,29,18,10.275862068965518
113,30,18,10.275862068965518
113,31,19,11.46875
113,32,19,11.46875
113,33,18,11.575757575757576
113,34,19,12.088235294117647
114,0,0,0
114,1,0,0
114,2,0,0
114,3,0,0
114,4,0,2.0
114,5,0,3.0
114,6,0,3.0
114,7,0,3.0
114,8,0,3.0
114,9,0,4.666666666666667
114,10,0,4.25
114,11,0,4.25
114,12,0,5.4
114,13,0,5.4
114,14,0,5.666666666666667
114,15,0,5.666666666666667
114,16,0,6.857142857142857
114,17,0,7.25
114,18,0,7.25
114,19,0,7.25
114,20,0,8.222222222222221
114,21,0,8.090909090909092
114,22,1,8.461538461538462
114,23,3,8.0
114,24,4,7.666666666666667
114,25,2,8.61111111111111
114,26,5,8.31578947368421
114,27,5,9.227272727272727
114,28,9,9.043478260869565
114,29,8,8.875
114,30,13,9.923076923076923
114,31,12,9.777777777777779
114,32,12,10.206896551724139
114,33,11,10.233333333333333
114,34,12,10.709677419354838
115,0,0,0
115,1,0,0
115,2,0,0
115,3,0,3.0
115,4,0,3.5
115,5,0,3.5
115,6,0,4.333333333333333
115,7,0,5.0
115,8,0,5.0
115,9,0,5.8
115,10,0,5.8
115,11,0,6.666666666666667
115,12,0,7.285714285714286
115,13,0,7.285714285714286
115,14,0,7.285714285714286
115,15,0,8.666666666666666
115,16,0,8.666666666666666
115,17,0,8.666666666666666
115,18,0,9.4
115,19,0,9.818181818181818
115,20,0,9.818181818181818
115,21,0,9.818181818181818
115,22,0,10.666666666666666
115,23,0,11.23076923076923
115,24,0,12.0
115,25,0,12.0
115,26,0,11.8125
115,27,3,11.8125
115,28,2,12.0
115,29,7,12.0
115,30,8,12.2
115,31,8,11.857142857142858
115,32,10,12.590909090909092
115,33,9,12.347826086956522
115,34,11,12.875
116,0,0,0
116,1,0,0
116,2,0,2.0
116,3,0,2.5
116,4,0,2.5
116,5,0,3.5
116,6,0,3.5
116,7,0,3.8
116,8,0,3.8
116,9,0,4.666666666666667
116,10,0,4.666666666666667
116,11,0,5.142857142857143
116,12,0,5.875
116,13,0,5.875
116,14,0,5.875
116,15,0,6.555555555555555
116,16,0,7.4
116,17,0,7.4
116,18,0,7.4
116,19,0,8.090909090909092
116,20,0,8.461538461538462
116,21,0,8.461538461538462
116,22,0,7.928571428571429
116,23,0,9.3125
116,24,0,8.941176470588236
116,25,0,9.75
116,26,4,9.428571428571429
116,27,9,9.428571428571429
116,28,10,10.291666666666666
116,29,11,10.291666666666666
116,30,10,11.185185185185185
116,31,9,11.0
116,32,8,11.433333333333334
116,33,8,11.433333333333334
116,34,7,11.8125
117,0,0,0
117,1,0,0
117,2,0,0
117,3,0,3.0
117,4,0,3.5
117,5,0,4.0
117,6,0,4.25
117,7,0,4.25
117,8,0,5.0
117,9,0,5.0
117,10,0,5.666666666666667
117,11,0,6.285714285714286
117,12,0,6.285714285714286
117,13,0,7.0
117,14,0,7.0
117,15,0,7.777777777777778
117,16,0,8.4
117,17,0,8.4
117,18,0,8.4
117,19,0,9.75
117,20,0,9.75
117,21,0,9.75
117,22,0,10.4
117,23,0,10.4
117,24,2,10.4
117,25,0,10.647058823529411
117,26,2,10.736842105263158
117,27,5,11.0
117,28,9,10.636363636363637
117,29,11,10.636363636363637
117,30,14,11.0
117,31,15,11.64
117,32,15,11.538461538461538
117,33,18,11.538461538461538
117,34,19,12.586206896551724
118,0,0,0
118,1,0,0
118,2,0,2.0
118,3,0,2.0
118,4,0,3.0
118,5,0,3.6666666666666665
118,6,0,3.6666666666666665
118,7,0,4.0
118,8,0,4.4
118,9,0,4.4
118,10,0,5.428571428571429
118,11,0,5.428571428571429
118,12,0,5.428571428571429
118,13,0,6.444444444444445
118,14,0,6.444444444444445
118,15,0,7.0
118,16,0,7.545454545454546
118,17,0,7.916666666666667
118,18,0,8.461538461538462
118,19,0,8.785714285714286
118,20,0,9.266666666666667
118,21,0,8.8125
118,22,0,8.411764705882353
118,23,0,8.88888888888889
118,24,2,8.761904761904763
118,25,2,8.761904761904763
118,26,2,8.5
118,27,7,9.0
118,28,10,9.4
118,29,13,9.4
118,30,18,9.851851851851851
118,31,20,10.357142857142858
118,32,19,10.241379310344827
118,33,19,10.612903225806452
118,34,20,11.15625
119,0,0,0
119,1,0,0
119,2,0,2.0
119,3,0,2.0
119,4,0,3.0
119,5,0,3.6666666666666665
119,6,0,3.6666666666666665
119,7,0,3.6666666666666665
119,8,0,5.0
119,9,0,5.0
119,10,0,5.666666666666667
119,11,0,5.666666666666667
119,12,0,6.875
119,13,0,6.875
119,14,0,7.444444444444445
119,15,0,8.0
119,16,0,8.0
119,17,0,8.0
119,18,0,8.636363636363637
119,19,0,9.166666666666666
119,20,0,9.166666666666666
119,21,0,9.846153846153847
119,22,0,9.866666666666667
119,23,0,9.866666666666667
119,24,1,9.866666666666667
119,25,0,10.61111111111111
119,26,2,10.157894736842104
119,27,2,9.85
119,28,5,10.652173913043478
119,29,8,10.652173913043478
119,30,11,10.416666666666666
119,31,11,11.04
119,32,11,11.444444444444445
119,33,11,12.035714285714286
119,34,10,12.4
120,0,0,0
120,1,0,0
120,2,0,0
120,3,0,2.0
120,4,0,2.0
120,5,0,2.0
120,6,0,2.6666666666666665
120,7,0,3.25
120,8,0,3.25
120,9,0,4.0
120,10,0,4.0
120,11,0,4.666666666666667
120,12,0,4.666666666666667
120,13,0,5.571428571428571
120,14,0,6.125
120,15,0,6.125
120,16,0,6.125
120,17,2,7.0
120,18,1,7.181818181818182
120,19,2,7.833333333333333
120,20,0,8.071428571428571
120,21,0,8.071428571428571
120,22,0,8.777777777777779
120,23,0,8.777777777777779
120,24,0,9.263157894736842
120,25,0,8.9
120,26,2,9.523809523809524
120,27,7,8.91304347826087
120,28,10,9.458333333333334
120,29,10,9.24
120,30,10,9.807692307692308
120,31,12,9.703703703703704
120,32,13,10.25
120,33,14,10.137931034482758
120,34,14,11.129032258064516
121,0,0,0
121,1,0,0
121,2,0,2.0
121,3,0,2.5
121,4,0,3.0
121,5,0,3.0
121,6,0,3.5
121,7,0,3.5
121,8,0,4.833333333333333
121,9,0,4.833333333333333
121,10,0,4.833333333333333
121,11,0,6.0
121,12,0,6.0
121,13,0,6.0
121,14,0,7.3
121,15,0,7.3
121,16,0,7.3
121,17,0,8.090909090909092
121,18,0,8.75
121,19,0,8.75
121,20,0,9.384615384615385
121,21,1,8.857142857142858
121,22,2,9.0625
121,23,2,8.705882352941176
121,24,3,9.157894736842104
121,25,2,9.523809523809524
121,26,4,9.272727272727273
121,27,8,9.75
121,28,10,10.076923076923077
121,29,12,10.076923076923077
121,30,13,9.962962962962964
121,31,14,10.571428571428571
121,32,15,11.0
121,33,16,11.0
121,34,16,11.5
122,0,0,0
122,1,0,0
122,2,0,0
122,3,0,0
122,4,0,3.5
122,5,0,3.5
122,6,0,4.0
122,7,0,4.0
122,8,0,4.0
122,9,0,4.4
122,10,0,5.166666666666667
122,11,0,5.166666666666667
122,12,0,5.857142857142857
122,13,0,6.375
122,14,0,6.375
122,15,0,7.0
122,16,0,7.6
122,17,2,7.090909090909091
122,18,2,7.090909090909091
122,19,4,7.384615384615385
122,20,0,7.8
122,21,3,7.5
122,22,4,7.166666666666667
122,23,5,8.35
122,24,4,7.909090909090909
122,25,2,8.375
122,26,5,8.28
122,27,7,8.851851851851851
122,28,8,9.357142857142858
122,29,11,9.241379310344827
122,30,13,9.733333333333333
122,31,14,9.64516129032258
122,32,14,10.1875
122,33,15,10.121212121212121
122,34,17,10.714285714285714
123,0,0,0
123,1,0,0
123,2,0,0
123,3,0,3.0
123,4,0,3.0
123,5,0,3.0
123,6,0,4.0
123,7,0,4.0
123,8,0,5.2
123,9,0,5.2
123,10,0,5.2
123,11,0,6.285714285714286
123,12,0,6.285714285714286
123,13,0,6.875
123,14,0,6.875
123,15,0,7.0
123,16,0,7.0
123,17,0,7.7272727272727275
123,18,0,7.923076923076923
123,19,0,7.923076923076923
123,20,0,8.2
123,21,1,8.2
123,22,0,8.68421052631579
123,23,0,8.68421052631579
123,24,1,8.952380952380953
123,25,0,8.952380952380953
123,26,4,9.304347826086957
123,27,10,9.0
123,28,11,10.038461538461538
123,29,12,9.814814814814815
123,30,13,10.793103448275861
123,31,12,10.633333333333333
123,32,12,10.633333333333333
123,33,12,11.09375
123,34,12,11.575757575757576
124,0,0,0
124,1,0,0
124,2,0,2.0
124,3,0,2.0
124,4,0,3.3333333333333335
124,5,0,3.3333333333333335
124,6,0,3.3333333333333335
124,7,0,4.6
124,8,0,4.6
124,9,0,4.6
124,10,0,6.0
124,11,0,6.0
124,12,0,6.625
124,13,0,6.625
124,14,0,7.333333333333333
124,15,0,7.333333333333333
124,16,1,8.454545454545455
124,17,0,7.916666666666667
124,18,2,7.916666666666667
124,19,1,8.142857142857142
124,20,0,8.866666666666667
124,21,2,8.5625
124,22,2,8.722222222222221
124,23,3,8.368421052631579
124,24,4,8.952380952380953
124,25,3,8.727272727272727
124,26,8,9.166666666666666
124,27,14,9.0
124,28,13,9.481481481481481
124,29,16,9.481481481481481
124,30,18,9.862068965517242
124,31,20,9.862068965517242
124,32,22,10.9375
124,33,24,10.9375
124,34,25,11.914285714285715
125,0,0,0
125,1,0,0
125,2,0,2.0
125,3,0,2.0
125,4,0,2.5
125,5,0,2.5
125,6,0,3.75
125,7,0,3.75
125,8,0,4.666666666666667
125,9,0,4.666666666666667
125,10,0,5.0
125,11,0,5.0
125,12,0,5.75
125,13,0,5.75
125,14,0,6.333333333333333
125,15,1,6.333333333333333
125,16,2,6.7272727272727275
125,17,2,6.7272727272727275
125,18,1,7.785714285714286
125,19,2,7.785714285714286
125,20,0,7.6
125,21,0,8.764705882352942
125,22,0,8.421052631578947
125,23,0,8.9
125,24,0,9.523809523809524
125,25,0,9.181818181818182
125,26,1,9.92
125,27,3,9.92
125,28,5,9.653846153846153
125,29,6,10.037037037037036
125,30,6,10.448275862068966
125,31,7,10.448275862068966
125,32,6,10.3
125,33,8,11.3125
125,34,10,11.212121212121213
126,0,0,0
126,1,0,0
126,2,0,0
126,3,0,0
126,4,0,4.0
126,5,0,4.0
126,6,0,4.666666666666667
126,7,0,4.666666666666667
126,8,0,5.25
126,9,0,6.0
126,10,0,6.0
126,11,0,6.5
126,12,0,6.5
126,13,0,6.857142857142857
126,14,0,6.857142857142857
126,15,0,7.625
126,16,0,7.625
126,17,0,8.222222222222221
126,18,0,8.222222222222221
126,19,0,9.1
126,20,0,9.636363636363637
126,21,0,9.636363636363637
126,22,1,9.636363636363637
126,23,0,9.76923076923077
126,24,0,10.357142857142858
126,25,0,9.933333333333334
126,26,1,10.117647058823529
126,27,4,10.117647058823529
126,28,5,10.368421052631579
126,29,9,11.0
126,30,11,11.272727272727273
126,31,12,11.272727272727273
126,32,12,11.043478260869565
126,33,12,11.52
126,34,13,12.076923076923077
127,0,0,0
127,1,0,0
127,2,0,2.0
127,3,0,2.0
127,4,0,3.0
127,5,0,3.0
127,6,0,4.0
127,7,0,4.75
127,8,0,4.75
127,9,0,5.6
127,10,0,6.333333333333333
127,11,0,6.333333333333333
127,12,0,7.375
127,13,0,7.375
127,14,0,8.0
127,15,0,8.5
127,16,0,8.5
127,17,0,9.0
127,18,0,8.416666666666666
127,19,0,9.076923076923077
127,20,0,9.642857142857142
127,21,0,9.6875
127,22,0,9.777777777777779
127,23,2,9.85
127,24,6,9.565217391304348
127,25,4,9.565217391304348
127,26,7,9.962962962962964
127,27,10,9.962962962962964
127,28,13,9.785714285714286
127,29,19,10.666666666666666
127,30,22,10.548387096774194
127,31,24,10.548387096774194
127,32,26,11.382352941176471
127,33,29,11.382352941176471
127,34,28,11.342857142857143
128,0,0,0
128,1,0,0
128,2,0,2.0
128,3,0,2.0
128,4,0,2.0
128,5,0,3.25
128,6,0,3.25
128,7,0,3.25
128,8,0,4.5
128,9,0,4.5
128,10,0,4.5
128,11,0,5.0
128,12,0,5.375
128,13,0,5.5
128,14,0,5.5
128,15,0,5.5
128,16,0,6.090909090909091
128,17,0,6.666666666666667
128,18,0,6.666666666666667
128,19,0,6.666666666666667
128,20,0,7.4
128,21,0,7.4
128,22,0,6.882352941176471
128,23,0,7.5
128,24,0,7.476190476190476
128,25,0,7.476190476190476
128,26,0,7.869565217391305
128,27,0,8.375
128,28,2,8.12
128,29,6,8.692307692307692
128,30,6,9.0
128,31,6,9.0
128,32,6,8.862068965517242
128,33,6,9.96774193548387
128,34,6,9.875
129,0,0,0
129,1,0,0
129,2,0,2.0
129,3,0,2.5
129,4,0,3.0
129,5,0,3.0
129,6,0,3.5
129,7,0,3.5
129,8,0,4.2
129,9,0,4.833333333333333
129,10,0,4.833333333333333
129,11,0,6.125
129,12,0,6.125
129,13,0,6.777777777777778
129,14,0,6.777777777777778
129,15,0,7.4
129,16,0,8.0
129,17,0,8.0
129,18,0,8.583333333333334
129,19,0,9.076923076923077
129,20,0,9.076923076923077
129,21,0,9.133333333333333
129,22,2,9.352941176470589
129,23,3,8.944444444444445
129,24,5,9.05
129,25,0,9.318181818181818
129,26,0,9.043478260869565
129,27,2,9.481481481481481
129,28,9,9.481481481481481
129,29,9,9.758620689655173
129,30,11,10.133333333333333
129,31,10,9.96774193548387
129,32,12,10.46875
129,33,12,10.363636363636363
129,34,15,10.794117647058824
130,0,0,0
130,1,0,0
130,2,0,0
130,3,0,3.0
130,4,0,3.5
130,5,0,3.5
130,6,0,4.0
130,7,0,4.75
130,8,0,4.75
130,9,0,4.75
130,10,0,6.166666666666667
130,11,0,6.166666666666667
130,12,0,6.166666666666667
130,13,0,6.166666666666667
130,14,0,7.875
130,15,0,7.875
130,16,0,7.875
130,17,1,8.666666666666666
130,18,2,8.727272727272727
130,19,3,8.727272727272727
130,20,0,9.076923076923077
130,21,0,9.714285714285714
130,22,3,10.0625
130,23,4,9.588235294117647
130,24,4,9.588235294117647
130,25,3,10.105263157894736
130,26,5,10.571428571428571
130,27,7,10.571428571428571
130,28,11,11.043478260869565
130,29,11,11.043478260869565
130,30,15,11.52
130,31,16,11.52
130,32,15,12.222222222222221
130,33,15,12.071428571428571
130,34,17,13.2
131,0,0,0
131,1,0,0
131,2,0,2.0
131,3,0,2.0
131,4,0,3.3333333333333335
131,5,0,3.3333333333333335
131,6,0,3.3333333333333335
131,7,0,4.8
131,8,0,4.8
131,9,0,5.714285714285714
131,10,0,5.714285714285714
131,11,0,5.714285714285714
131,12,0,5.714285714285714
131,13,0,7.0
131,14,0,7.0
131,15,0,7.0
131,16,0,7.7
131,17,0,8.454545454545455
131,18,1,8.916666666666666
131,19,2,8.714285714285714
131,20,0,8.714285714285714
131,21,3,9.294117647058824
131,22,3,8.88888888888889
131,23,4,8.526315789473685
131,24,5,8.3
131,25,4,8.958333333333334
131,26,5,8.73076923076923
131,27,14,9.148148148148149
131,28,17,9.586206896551724
131,29,20,9.586206896551724
131,30,23,9.903225806451612
131,31,24,9.903225806451612
131,32,26,10.333333333333334
131,33,26,10.333333333333334
131,34,25,10.8
132,0,0,0
132,1,0,0
132,2,0,0
132,3,0,2.0
132,4,0,3.0
132,5,0,3.0
132,6,0,3.3333333333333335
132,7,0,4.25
132,8,0,4.25
132,9,0,4.25
132,10,0,5.0
132,11,0,5.833333333333333
132,12,0,6.428571428571429
132,13,0,6.428571428571429
132,14,0,7.125
132,15,0,7.666666666666667
132,16,0,7.666666666666667
132,17,0,7.666666666666667
132,18,0,8.4
132,19,0,8.5
132,20,0,8.5
132,21,2,8.714285714285714
132,22,3,8.875
132,23,3,8.875
132,24,6,8.222222222222221
132,25,6,9.4
132,26,6,9.0
132,27,8,9.0
132,28,7,9.5
132,29,7,10.04
132,30,9,10.0
132,31,11,11.071428571428571
132,32,13,11.0
132,33,13,11.0
132,34,13,11.0
133,0,0,0
133,1,0,0
133,2,0,2.0
133,3,0,2.0
133,4,0,3.0
133,5,0,3.6666666666666665
133,6,0,3.6666666666666665
133,7,0,4.25
133,8,0,4.25
133,9,0,5.333333333333333
133,10,0,5.333333333333333
133,11,0,5.857142857142857
133,12,0,5.857142857142857
133,13,0,6.625
133,14,0,6.625
133,15,0,7.222222222222222
133,16,0,7.9
133,17,0,7.9
133,18,0,8.545454545454545
133,19,0,9.25
133,20,0,9.25
133,21,0,8.692307692307692
133,22,0,9.428571428571429
133,23,2,10.066666666666666
133,24,3,9.5625
133,25,0,10.235294117647058
133,26,2,10.526315789473685
133,27,4,10.1
133,28,8,10.1
133,29,10,11.130434782608695
133,30,14,11.130434782608695
133,31,16,11.52
133,32,18,11.52
133,33,18,12.571428571428571
133,34,20,12.571428571428571
134,0,0,0
134,1,0,0
134,2,0,0
134,3,0,3.0
134,4,0,3.5
134,5,0,3.3333333333333335
134,6,0,3.3333333333333335
134,7,0,3.3333333333333335
134,8,0,4.6
134,9,0,4.6
134,10,0,5.5
134,11,0,5.857142857142857
134,12,0,5.857142857142857
134,13,0,5.857142857142857
134,14,0,6.75
134,15,0,7.333333333333333
134,16,0,7.333333333333333
134,17,0,8.454545454545455
134,18,0,8.454545454545455
134,19,0,8.454545454545455
134,20,0,9.0
134,21,0,9.692307692307692
134,22,0,9.692307692307692
134,23,0,10.933333333333334
134,24,0,10.375
134,25,0,10.882352941176471
134,26,1,10.6
134,27,1,10.19047619047619
134,28,4,10.818181818181818
134,29,6,11.041666666666666
134,30,9,11.64
134,31,9,11.384615384615385
134,32,9,11.962962962962964
134,33,9,12.206896551724139
134,34,10,12.033333333333333
135,0,0,0
135,1,0,0
135,2,0,0
135,3,0,0
135,4,0,3.0
135,5,0,3.5
135,6,0,3.3333333333333335
135,7,0,3.3333333333333335
135,8,0,4.25
135,9,0,4.4
135,10,0,4.4
135,11,0,4.4
135,12,0,5.857142857142857
135,13,0,5.857142857142857
135,14,0,5.857142857142857
135,15,0,6.5
135,16,0,7.333333333333333
135,17,0,7.333333333333333
135,18,0,7.333333333333333
135,19,0,8.0
135,20,0,8.333333333333334
135,21,2,8.846153846153847
135,22,2,8.357142857142858
135,23,4,9.2
135,24,5,9.411764705882353
135,25,0,9.68421052631579
135,26,0,9.5
135,27,2,9.727272727272727
135,28,8,10.391304347826088
135,29,9,10.083333333333334
135,30,16,10.6
135,31,16,10.384615384615385
135,32,15,11.448275862068966
135,33,15,11.448275862068966
135,34,14,11.3
136,0,0,0
136,1,0,0
136,2,0,0
136,3,0,0
136,4,0,4.0
136,5,0,4.0
136,6,0,4.666666666666667
136,7,0,4.0
136,8,0,5.333333333333333
136,9,0,5.333333333333333
136,10,0,5.428571428571429
136,11,0,6.125
136,12,0,6.125
136,13,0,6.125
136,14,0,6.555555555555555
136,15,0,7.3
136,16,0,7.3
136,17,0,7.818181818181818
136,18,0,8.416666666666666
136,19,0,8.846153846153847
136,20,0,8.846153846153847
136,21,0,9.5
136,22,0,9.8
136,23,0,9.8
136,24,0,10.705882352941176
136,25,0,10.166666666666666
136,26,0,10.0
136,27,1,10.619047619047619
136,28,4,10.272727272727273
136,29,4,10.333333333333334
136,30,4,10.653846153846153
136,31,4,10.653846153846153
136,32,3,10.444444444444445
136,33,3,11.482758620689655
136,34,2,11.333333333333334
137,0,0,0
137,1,0,0
137,2,0,0
137,3,0,0
137,4,0,4.0
137,5,0,4.0
137,6,0,4.0
137,7,0,5.5
137,8,0,5.5
137,9,0,5.5
137,10,0,6.0
137,11,0,6.333333333333333
137,12,0,6.857142857142857
137,13,0,6.857142857142857
137,14,0,6.857142857142857
137,15,0,8.11111111111111
137,16,0,8.11111111111111
137,17,0,7.909090909090909
137,18,0,8.5
137,19,0,8.5
137,20,0,9.5
137,21,1,9.0
137,22,0,8.625
137,23,3,9.117647058823529
137,24,3,9.421052631578947
137,25,3,9.9
137,26,3,10.136363636363637
137,27,4,10.136363636363637
137,28,6,10.5
137,29,6,11.0
137,30,9,10.884615384615385
137,31,10,11.785714285714286
137,32,10,11.689655172413794
137,33,11,11.689655172413794
137,34,10,12.5
138,0,0,0
138,1,0,0
138,2,0,2.0
138,3,0,2.5
138,4,0,3.0
138,5,0,3.5
138,6,0,3.5
138,7,0,3.5
138,8,0,4.833333333333333
138,9,0,4.833333333333333
138,10,0,5.428571428571429
138,11,0,5.428571428571429
138,12,0,6.0
138,13,0,6.0
138,14,0,6.666666666666667
138,15,0,6.666666666666667
138,16,0,7.3
138,17,0,8.0
138,18,0,8.076923076923077
138,19,2,8.076923076923077
138,20,0,8.9375
138,21,2,8.9375
138,22,2,8.38888888888889
138,23,2,9.5
138,24,0,9.045454545454545
138,25,2,9.521739130434783
138,26,2,9.28
138,27,5,10.296296296296296
138,28,4,10.071428571428571
138,29,5,10.838709677419354
138,30,5,10.838709677419354
138,31,6,11.121212121212121
138,32,8,11.617647058823529
138,33,9,11.485714285714286
138,34,10,11.837837837837839
139,0,0,0
139,1,0,0
139,2,0,2.0
139,3,0,2.0
139,4,0,2.0
139,5,0,2.3333333333333335
139,6,0,2.3333333333333335
139,7,0,2.3333333333333335
139,8,0,3.0
139,9,0,3.8
139,10,0,3.8
139,11,0,4.5
139,12,0,4.5
139,13,0,5.428571428571429
139,14,0,5.428571428571429
139,15,0,6.0
139,16,0,6.666666666666667
139,17,0,6.9
139,18,0,6.9
139,19,0,7.636363636363637
139,20,0,7.636363636363637
139,21,0,8.083333333333334
139,22,0,8.846153846153847
139,23,0,8.846153846153847
139,24,0,8.846153846153847
139,25,0,9.357142857142858
139,26,0,10.133333333333333
139,27,0,10.133333333333333
139,28,0,10.722222222222221
139,29,0,10.722222222222221
139,30,0,10.210526315789474
139,31,0,10.210526315789474
139,32,0,10.954545454545455
139,33,1,10.954545454545455
139,34,3,10.565217391304348
140,0,0,0
140,1,0,0
140,2,0,2.0
140,3,0,2.0
140,4,0,3.3333333333333335
140,5,0,3.3333333333333335
140,6,0,3.75
140,7,0,4.2
140,8,0,4.666666666666667
140,9,0,5.142857142857143
140,10,0,5.142857142857143
140,11,0,5.142857142857143
140,12,0,6.444444444444445
140,13,0,5.9
140,14,1,5.454545454545454
140,15,2,5.769230769230769
140,16,5,6.357142857142857
140,17,5,6.2
140,18,6,6.647058823529412
140,19,7,6.647058823529412
140,20,0,7.7
140,21,0,7.619047619047619
140,22,2,7.363636363636363
140,23,7,7.666666666666667
140,24,7,7.7407407407407405
140,25,9,7.75
140,26,11,8.03225806451613
140,27,12,8.53125
140,28,13,8.454545454545455
140,29,18,8.454545454545455
140,30,23,8.942857142857143
140,31,22,9.64864864864865
140,32,24,9.64864864864865
140,33,23,9.81578947368421
140,34,23,10.926829268292684
141,0,0,0
141,1,0,0
141,2,0,0
141,3,0,0
141,4,0,3.5
141,5,0,3.5
141,6,0,4.333333333333333
141,7,0,4.333333333333333
141,8,0,4.75
141,9,0,5.4
141,10,0,5.4
141,11,0,6.0
141,12,0,6.571428571428571
141,13,0,6.571428571428571
141,14,0,7.125
141,15,0,7.125
141,16,0,7.888888888888889
141,17,0,7.888888888888889
141,18,0,9.181818181818182
141,19,0,9.181818181818182
141,20,0,9.181818181818182
141,21,1,9.928571428571429
141,22,1,9.4
141,23,1,9.529411764705882
141,24,4,10.11111111111111
141,25,3,10.25
141,26,3,10.25
141,27,4,10.590909090909092
141,28,8,10.590909090909092
141,29,11,10.916666666666666
141,30,10,11.346153846153847
141,31,13,11.346153846153847
141,32,14,11.785714285714286
141,33,15,12.344827586206897
141,34,14,12.2
142,0,0,0
142,1,0,0
142,2,0,0
142,3,0,2.0
142,4,0,2.0
142,5,0,2.0
142,6,0,3.6666666666666665
142,7,0,3.6666666666666665
142,8,0,3.6666666666666665
142,9,0,3.6666666666666665
142,10,0,5.2
142,11,0,5.2
142,12,0,5.2
142,13,0,6.166666666666667
142,14,0,6.857142857142857
142,15,0,6.857142857142857
142,16,0,7.5
142,17,0,6.888888888888889
142,18,0,7.6
142,19,0,7.6
142,20,0,8.916666666666666
142,21,0,8.384615384615385
142,22,0,8.384615384615385
142,23,2,9.666666666666666
142,24,1,8.705882352941176
142,25,1,9.333333333333334
142,26,1,8.7
142,27,1,9.136363636363637
142,28,0,9.416666666666666
142,29,2,9.96
142,30,4,9.73076923076923
142,31,4,9.73076923076923
142,32,6,10.620689655172415
142,33,6,10.620689655172415
142,34,7,11.03225806451613
143,0,0,0
143,1,0,0
143,2,0,0
143,3,0,3.0
143,4,0,3.5
143,5,0,3.5
143,6,0,4.5
143,7,0,4.5
143,8,0,4.5
143,9,0,5.333333333333333
143,10,0,5.333333333333333
143,11,0,5.333333333333333
143,12,0,5.857142857142857
143,13,0,6.375
143,14,0,6.375
143,15,0,7.0
143,16,0,7.6
143,17,0,7.6
143,18,0,8.272727272727273
143,19,0,8.272727272727273
143,20,0,9.0
143,21,0,8.533333333333333
143,22,2,9.125
143,23,2,8.705882352941176
143,24,3,9.333333333333334
143,25,2,8.8
143,26,8,9.954545454545455
143,27,8,9.583333333333334
143,28,9,9.44
143,29,11,10.0
143,30,11,10.428571428571429
143,31,11,10.428571428571429
143,32,11,10.833333333333334
143,33,14,11.387096774193548
143,34,15,11.3125
144,0,0,0
144,1,0,0
144,2,0,2.0
144,3,0,2.5
144,4,0,2.5
144,5,0,3.3333333333333335
144,6,0,3.5
144,7,0,3.5
144,8,0,4.5
144,9,0,4.5
144,10,0,4.5
144,11,0,4.5
144,12,0,5.75
144,13,0,5.75
144,14,0,5.75
144,15,0,6.333333333333333
144,16,0,7.2
144,17,0,7.2
144,18,1,8.090909090909092
144,19,1,8.153846153846153
144,20,0,8.153846153846153
144,21,0,8.6
144,22,1,8.705882352941176
144,23,4,8.38888888888889
144,24,6,8.9
144,25,5,8.571428571428571
144,26,5,9.0
144,27,7,9.4
144,28,7,9.423076923076923
144,29,11,9.423076923076923
144,30,13,10.586206896551724
144,31,13,10.586206896551724
144,32,12,10.666666666666666
144,33,14,11.193548387096774
144,34,13,11.757575757575758
145,0,0,0
145,1,0,0
145,2,0,2.0
145,3,0,2.5
145,4,0,2.5
145,5,0,2.5
145,6,0,3.0
145,7,0,4.0
145,8,0,4.0
145,9,0,4.6
145,10,0,4.6
145,11,0,5.166666666666667
145,12,0,5.714285714285714
145,13,0,5.714285714285714
145,14,0,6.222222222222222
145,15,0,6.222222222222222
145,16,0,6.222222222222222
145,17,0,7.0
145,18,0,7.0
145,19,0,7.416666666666667
145,20,0,7.846153846153846
145,21,0,7.846153846153846
145,22,0,8.357142857142858
145,23,0,8.866666666666667
145,24,0,9.3125
145,25,0,9.3125
145,26,0,9.3125
145,27,0,9.947368421052632
145,28,0,9.947368421052632
145,29,0,10.095238095238095
145,30,1,10.095238095238095
145,31,3,10.26086956521739
145,32,3,10.708333333333334
145,33,4,10.44
145,34,5,10.44
146,0,0,0
146,1,0,0
146,2,0,0
146,3,0,0
146,4,0,4.0
146,5,0,4.0
146,6,0,4.666666666666667
146,7,0,4.75
146,8,0,4.75
146,9,0,5.6
146,10,0,5.0
146,11,0,5.571428571428571
146,12,0,6.25
146,13,0,6.25
146,14,0,6.25
146,15,0,7.6
146,16,0,7.6
146,17,0,7.090909090909091
146,18,1,7.090909090909091
146,19,1,8.214285714285714
146,20,0,8.214285714285714
146,21,4,9.117647058823529
146,22,7,8.722222222222221
146,23,8,8.95
146,24,11,8.714285714285714
146,25,9,8.958333333333334
146,26,12,9.48
146,27,17,9.25925925925926
146,28,26,9.25925925925926
146,29,28,9.793103448275861
146,30,28,10.3
146,31,27,10.35483870967742
146,32,27,10.90625
146,33,26,11.0
146,34,27,12.057142857142857
147,0,0,0
147,1,0,0
147,2,0,0
147,3,0,3.0
147,4,0,3.0
147,5,0,3.0
147,6,0,3.0
147,7,0,3.0
147,8,0,4.0
147,9,0,4.6
147,10,0,5.166666666666667
147,11,0,5.714285714285714
147,12,0,5.714285714285714
147,13,0,6.777777777777778
147,14,0,6.777777777777778
147,15,0,6.777777777777778
147,16,0,7.5
147,17,0,8.0
147,18,0,8.583333333333334
147,19,0,8.583333333333334
147,20,0,9.0
147,21,0,9.642857142857142
147,22,0,9.642857142857142
147,23,0,9.642857142857142
147,24,0,10.066666666666666
147,25,0,10.294117647058824
147,26,0,10.294117647058824
147,27,0,9.473684210526315
147,28,2,10.666666666666666
147,29,3,10.272727272727273
147,30,4,10.91304347826087
147,31,6,11.12
147,32,6,11.407407407407407
147,33,8,11.407407407407407
147,34,9,11.214285714285714
148,0,0,0
148,1,0,0
148,2,0,2.0
148,3,0,2.0
148,4,0,2.6666666666666665
148,5,0,3.25
148,6,0,3.25
148,7,0,4.0
148,8,0,4.666666666666667
148,9,0,4.666666666666667
148,10,0,5.285714285714286
148,11,0,5.875
148,12,0,5.333333333333333
148,13,0,6.0
148,14,0,6.636363636363637
148,15,0,6.636363636363637
148,16,0,6.636363636363637
148,17,0,7.923076923076923
148,18,0,7.428571428571429
148,19,0,7.0
148,20,0,7.6875
148,21,0,7.944444444444445
148,22,0,8.578947368421053
148,23,0,8.857142857142858
148,24,0,9.363636363636363
148,25,0,9.583333333333334
148,26,4,9.583333333333334
148,27,9,9.038461538461538
148,28,10,9.592592592592593
148,29,11,9.827586206896552
148,30,11,9.827586206896552
148,31,11,9.7
148,32,12,10.290322580645162
148,33,12,10.666666666666666
148,34,13,11.205882352941176
149,0,0,0
149,1,0,0
149,2,0,0
149,3,0,3.0
149,4,0,3.5
149,5,0,3.5
149,6,0,4.333333333333333
149,7,0,4.333333333333333
149,8,0,5.25
149,9,0,5.25
149,10,0,6.0
149,11,0,6.0
149,12,0,7.0
149,13,0,7.714285714285714
149,14,0,8.25
149,15,0,8.88888888888889
149,16,0,9.3
149,17,0,9.3
149,18,0,9.909090909090908
149,19,0,9.909090909090908
149,20,0,10.5
149,21,0,9.846153846153847
149,22,0,9.866666666666667
149,23,1,9.866666666666667
149,24,1,10.61111111111111
149,25,0,9.8
149,26,0,9.8
149,27,1,9.826086956521738
149,28,4,10.416666666666666
149,29,6,10.12
149,30,11,10.73076923076923
149,31,12,11.107142857142858
149,32,12,11.107142857142858
149,33,12,10.931034482758621
149,34,12,11.566666666666666
150,0,0,0
150,1,0,0
150,2,0,0
150,3,0,2.5
150,4,0,2.5
150,5,0,2.5
150,6,0,3.3333333333333335
150,7,0,4.25
150,8,0,4.25
150,9,0,4.8
150,10,0,4.8
150,11,0,5.833333333333333
150,12,0,6.428571428571429
150,13,0,6.875
150,14,0,7.444444444444445
150,15,0,7.444444444444445
150,16,0,8.0
150,17,0,8.545454545454545
150,18,0,8.545454545454545
150,19,0,8.545454545454545
150,20,0,9.25
150,21,0,9.846153846153847
150,22,0,9.846153846153847
150,23,0,10.5
150,24,0,11.0
150,25,0,11.5625
150,26,1,12.0
150,27,1,12.0
150,28,4,12.0
150,29,3,12.590909090909092
150,30,7,12.590909090909092
150,31,7,12.791666666666666
150,32,8,12.791666666666666
150,33,7,13.444444444444445
150,34,9,13.444444444444445
151,0,0,0
151,1,0,0
151,2,0,0
151,3,0,0
151,4,0,2.5
151,5,0,2.5
151,6,0,3.0
151,7,0,3.0
151,8,0,3.75
151,9,0,4.4
151,10,0,4.4
151,11,0,5.285714285714286
151,12,0,5.285714285714286
151,13,0,5.285714285714286
151,14,0,6.125
151,15,0,6.555555555555555
151,16,0,6.555555555555555
151,17,0,6.555555555555555
151,18,0,7.818181818181818
151,19,0,7.818181818181818
151,20,0,7.333333333333333
151,21,0,7.923076923076923
151,22,0,8.333333333333334
151,23,0,8.8125
151,24,2,8.411764705882353
151,25,3,8.789473684210526
151,26,6,8.5
151,27,8,8.818181818181818
151,28,7,8.652173913043478
151,29,10,9.333333333333334
151,30,13,9.73076923076923
151,31,15,9.73076923076923
151,32,14,9.666666666666666
151,33,14,10.321428571428571
151,34,13,10.766666666666667
152,0,0,0
152,1,0,0
152,2,0,0
152,3,0,2.0
152,4,0,3.0
152,5,0,3.0
152,6,0,3.75
152,7,0,3.75
152,8,0,4.2
152,9,0,4.5
152,10,0,4.5
152,11,0,4.5
152,12,0,5.142857142857143
152,13,0,5.75
152,14,0,5.75
152,15,0,5.75
152,16,0,6.444444444444445
152,17,0,7.1
152,18,0,7.1
152,19,0,7.818181818181818
152,20,0,8.5
152,21,0,8.5
152,22,0,8.5
152,23,0,9.153846153846153
152,24,2,9.785714285714286
152,25,2,9.8125
152,26,4,9.8125
152,27,6,10.578947368421053
152,28,9,10.578947368421053
152,29,9,10.952380952380953
152,30,11,11.409090909090908
152,31,10,11.217391304347826
152,32,10,11.217391304347826
152,33,10,11.68
152,34,10,12.153846153846153
153,0,0,0
153,1,0,0
153,2,0,0
153,3,0,0
153,4,0,4.0
153,5,0,4.0
153,6,0,4.0
153,7,0,5.0
153,8,0,5.0
153,9,0,5.0
153,10,0,6.6
153,11,0,6.6
153,12,0,6.666666666666667
153,13,0,6.666666666666667
153,14,0,7.571428571428571
153,15,0,7.875
153,16,0,7.875
153,17,0,8.333333333333334
153,18,0,9.2
153,19,0,8.916666666666666
153,20,0,8.916666666666666
153,21,0,8.4
153,22,0,8.705882352941176
153,23,3,8.705882352941176
153,24,5,8.5
153,25,8,9.0
153,26,8,9.380952380952381
153,27,12,9.380952380952381
153,28,11,9.869565217391305
153,29,11,10.24
153,30,14,10.846153846153847
153,31,13,10.74074074074074
153,32,12,11.10344827586207
153,33,11,11.066666666666666
153,34,10,11.59375
154,0,0,0
154,1,0,0
154,2,0,2.0
154,3,0,2.5
154,4,0,3.0
154,5,0,3.0
154,6,0,3.0
154,7,0,4.0
154,8,0,4.8
154,9,0,4.8
154,10,0,6.142857142857143
154,11,0,6.142857142857143
154,12,0,6.142857142857143
154,13,0,7.444444444444445
154,14,0,7.444444444444445
154,15,0,7.444444444444445
154,16,0,8.2
154,17,0,8.818181818181818
154,18,0,8.818181818181818
154,19,0,8.818181818181818
154,20,0,10.23076923076923
154,21,0,9.642857142857142
154,22,0,9.2
154,23,0,9.352941176470589
154,24,4,9.631578947368421
154,25,4,8.952380952380953
154,26,6,8.952380952380953
154,27,9,9.68
154,28,14,9.68
154,29,15,9.538461538461538
154,30,18,10.678571428571429
154,31,20,10.586206896551724
154,32,20,11.133333333333333
154,33,19,11.625
154,34,21,11.625
155,0,0,0
155,1,0,0
155,2,0,0
155,3,0,0
155,4,0,4.0
155,5,0,4.0
155,6,0,4.0
155,7,0,4.0
155,8,0,5.75
155,9,0,5.75
155,10,0,6.6
155,11,0,7.0
155,12,0,7.0
155,13,0,7.0
155,14,0,7.857142857142857
155,15,0,8.375
155,16,0,9.0
155,17,0,8.3
155,18,0,9.5
155,19,0,8.923076923076923
155,20,0,8.923076923076923
155,21,0,9.066666666666666
155,22,0,9.235294117647058
155,23,0,9.777777777777779
155,24,1,9.95
155,25,1,10.428571428571429
155,26,4,10.090909090909092
155,27,7,10.565217391304348
155,28,9,10.92
155,29,10,11.346153846153847
155,30,13,11.11111111111111
155,31,15,11.11111111111111
155,32,15,12.033333333333333
155,33,18,12.033333333333333
155,34,18,12.5
156,0,0,0
156,1,0,0
156,2,0,0
156,3,0,0
156,4,0,4.0
156,5,0,4.0
156,6,0,4.666666666666667
156,7,0,4.666666666666667
156,8,0,5.5
156,9,0,6.2
156,10,0,6.2
156,11,0,6.2
156,12,0,7.714285714285714
156,13,0,7.714285714285714
156,14,0,8.375
156,15,0,8.375
156,16,0,9.6
156,17,0,9.6
156,18,0,10.181818181818182
156,19,0,10.181818181818182
156,20,0,10.916666666666666
156,21,0,10.2
156,22,1,10.8125
156,23,3,10.352941176470589
156,24,5,10.368421052631579
156,25,4,10.05
156,26,9,10.619047619047619
156,27,11,10.826086956521738
156,28,13,10.625
156,29,15,10.625
156,30,18,11.555555555555555
156,31,18,11.555555555555555
156,32,19,12.0
156,33,20,12.466666666666667
156,34,19,12.9375
157,0,0,0
157,1,0,0
157,2,0,0
157,3,0,3.0
157,4,0,3.5
157,5,0,3.5
157,6,0,4.0
157,7,0,3.5
157,8,0,4.4
157,9,0,5.0
157,10,0,5.0
157,11,0,5.0
157,12,0,5.857142857142857
157,13,0,6.625
157,14,0,6.625
157,15,0,6.625
157,16,0,7.555555555555555
157,17,0,8.2
157,18,0,8.2
157,19,0,9.5
157,20,0,9.5
157,21,0,9.5
157,22,0,10.23076923076923
157,23,0,10.857142857142858
157,24,0,10.857142857142858
157,25,0,12.0625
157,26,0,12.0625
157,27,0,11.470588235294118
157,28,2,12.631578947368421
157,29,5,12.1
157,30,4,12.181818181818182
157,31,4,11.826086956521738
157,32,6,12.416666666666666
157,33,6,12.12
157,34,7,12.444444444444445
158,0,0,0
158,1,0,0
158,2,0,2.0
158,3,0,2.0
158,4,0,2.0
158,5,0,3.0
158,6,0,3.6666666666666665
158,7,0,3.6666666666666665
158,8,0,4.25
158,9,0,5.0
158,10,0,5.0
158,11,0,5.333333333333333
158,12,0,5.333333333333333
158,13,0,6.285714285714286
158,14,0,6.285714285714286
158,15,0,6.75
158,16,0,7.444444444444445
158,17,0,7.444444444444445
158,18,0,7.444444444444445
158,19,2,8.727272727272727
158,20,0,8.166666666666666
158,21,1,8.846153846153847
158,22,0,8.6875
158,23,3,8.6875
158,24,2,8.736842105263158
158,25,0,8.952380952380953
158,26,1,8.727272727272727
158,27,5,8.565217391304348
158,28,8,9.384615384615385
158,29,11,9.185185185185185
158,30,15,9.185185185185185
158,31,14,9.586206896551724
158,32,14,10.1
158,33,14,10.096774193548388
158,34,16,10.625
159,0,0,0
159,1,0,0
159,2,0,0
159,3,0,3.0
159,4,0,3.5
159,5,0,3.5
159,6,0,3.5
159,7,0,5.25
159,8,0,5.25
159,9,0,5.8
159,10,0,6.5
159,11,0,7.0
159,12,0,7.0
159,13,0,7.625
159,14,0,8.222222222222221
159,15,0,8.222222222222221
159,16,0,8.8
159,17,0,9.363636363636363
159,18,0,9.363636363636363
159,19,0,9.363636363636363
159,20,0,9.23076923076923
159,21,0,9.928571428571429
159,22,0,9.466666666666667
159,23,0,8.9375
159,24,2,9.631578947368421
159,25,4,9.3
159,26,5,9.3
159,27,4,9.047619047619047
159,28,4,10.0
159,29,6,10.0
159,30,8,10.88888888888889
159,31,8,10.88888888888889
159,32,7,11.206896551724139
159,33,6,11.67741935483871
159,34,6,11.67741935483871
160,0,0,0
160,1,0,0
160,2,0,2.0
160,3,0,2.5
160,4,0,3.0
160,5,0,3.5
160,6,0,3.5
160,7,0,4.2
160,8,0,4.666666666666667
160,9,0,4.666666666666667
160,10,0,5.285714285714286
160,11,0,5.285714285714286
160,12,0,6.0
160,13,0,6.0
160,14,0,6.777777777777778
160,15,0,7.5
160,16,0,7.5
160,17,0,8.181818181818182
160,18,0,8.833333333333334
160,19,0,8.833333333333334
160,20,0,8.833333333333334
160,21,0,9.615384615384615
160,22,0,10.357142857142858
160,23,0,10.357142857142858
160,24,1,11.6875
160,25,0,11.117647058823529
160,26,0,11.117647058823529
160,27,2,11.0
160,28,3,11.619047619047619
160,29,4,11.227272727272727
160,30,9,11.227272727272727
160,31,10,12.24
160,32,10,12.24
160,33,12,12.115384615384615
160,34,14,12.777777777777779
161,0,0,0
161,1,0,0
161,2,0,0
161,3,0,3.0
161,4,0,3.5
161,5,0,3.5
161,6,0,4.333333333333333
161,7,0,4.333333333333333
161,8,0,5.25
161,9,0,5.6
161,10,0,5.6
161,11,0,5.6
161,12,0,6.666666666666667
161,13,0,7.285714285714286
161,14,0,7.285714285714286
161,15,0,8.555555555555555
161,16,0,8.555555555555555
161,17,0,8.555555555555555
161,18,0,9.4
161,19,0,9.909090909090908
161,20,0,9.909090909090908
161,21,0,9.909090909090908
161,22,0,11.153846153846153
161,23,0,11.153846153846153
161,24,0,11.642857142857142
161,25,0,11.642857142857142
161,26,0,11.625
161,27,3,12.176470588235293
161,28,4,11.666666666666666
161,29,5,11.8
161,30,10,12.428571428571429
161,31,11,12.090909090909092
161,32,12,12.695652173913043
161,33,11,12.96
161,34,11,12.96
162,0,0,0
162,1,0,0
162,2,0,2.0
162,3,0,2.5
162,4,0,3.0
162,5,0,3.0
162,6,0,3.5
162,7,0,3.5
162,8,0,4.0
162,9,0,4.666666666666667
162,10,0,4.666666666666667
162,11,0,5.285714285714286
162,12,0,5.285714285714286
162,13,0,6.555555555555555
162,14,0,6.555555555555555
162,15,0,6.555555555555555
162,16,0,6.555555555555555
162,17,0,7.818181818181818
162,18,0,7.818181818181818
162,19,0,8.333333333333334
162,20,0,9.076923076923077
162,21,0,9.5
162,22,0,10.2
162,23,0,10.058823529411764
162,24,1,10.157894736842104
162,25,3,9.7
162,26,6,9.380952380952381
162,27,8,9.333333333333334
162,28,10,9.92
162,29,12,9.73076923076923
162,30,13,10.185185185185185
162,31,13,10.071428571428571
162,32,16,11.133333333333333
162,33,15,11.03225806451613
162,34,18,11.46875
163,0,0,0
163,1,0,0
163,2,0,0
163,3,0,0
163,4,0,4.0
163,5,0,4.0
163,6,0,4.0
163,7,0,4.0
163,8,0,6.0
163,9,0,6.0
163,10,0,5.0
163,11,0,5.0
163,12,0,6.714285714285714
163,13,0,6.714285714285714
163,14,0,6.714285714285714
163,15,0,6.714285714285714
163,16,0,8.333333333333334
163,17,0,8.333333333333334
163,18,0,8.333333333333334
163,19,0,9.1
163,20,0,9.818181818181818
163,21,0,9.818181818181818
163,22,0,9.818181818181818
163,23,0,10.666666666666666
163,24,2,10.785714285714286
163,25,2,11.466666666666667
163,26,3,10.9375
163,27,3,11.647058823529411
163,28,2,11.947368421052632
163,29,3,11.947368421052632
163,30,2,11.7
163,31,1,12.136363636363637
163,32,2,12.826086956521738
163,33,1,12.625
163,34,2,13.32
164,0,0,0
164,1,0,0
164,2,0,0
164,3,0,0
164,4,0,4.0
164,5,0,4.0
164,6,0,4.0
164,7,0,4.0
164,8,0,5.25
164,9,0,5.25
164,10,0,6.0
164,11,0,6.0
164,12,0,6.166666666666667
164,13,0,6.166666666666667
164,14,0,7.0
164,15,0,7.25
164,16,0,7.25
164,17,0,7.25
164,18,0,8.11111111111111
164,19,0,8.6
164,20,0,8.6
164,21,0,9.090909090909092
164,22,0,9.916666666666666
164,23,0,9.916666666666666
164,24,0,9.916666666666666
164,25,0,10.538461538461538
164,26,1,10.8
164,27,0,10.3125
164,28,1,10.823529411764707
164,29,3,11.263157894736842
164,30,4,11.263157894736842
164,31,6,10.9
164,32,6,12.227272727272727
164,33,7,11.91304347826087
164,34,9,11.666666666666666
165,0,0,0
165,1,0,0
165,2,0,2.0
165,3,0,2.0
165,4,0,3.3333333333333335
165,5,0,3.3333333333333335
165,6,0,3.75
165,7,0,4.4
165,8,0,4.4
165,9,0,5.166666666666667
165,10,0,5.714285714285714
165,11,0,5.714285714285714
165,12,0,6.375
165,13,0,5.888888888888889
165,14,0,6.6
165,15,0,7.090909090909091
165,16,0,7.090909090909091
165,17,0,8.23076923076923
165,18,0,8.23076923076923
165,19,0,8.785714285714286
165,20,0,9.333333333333334
165,21,0,9.333333333333334
165,22,0,8.875
165,23,0,9.411764705882353
165,24,0,10.0
165,25,0,10.0
165,26,0,10.631578947368421
165,27,0,10.666666666666666
165,28,2,11.227272727272727
165,29,4,10.826086956521738
165,30,9,10.826086956521738
165,31,9,11.08
165,32,10,11.692307692307692
165,33,9,11.481481481481481
165,34,9,11.481481481481481
166,0,0,0
166,1,0,0
166,2,0,2.0
166,3,0,2.5
166,4,0,3.0
166,5,0,3.5
166,6,0,3.5
166,7,0,4.2
166,8,0,4.166666666666667
166,9,0,4.166666666666667
166,10,0,4.857142857142857
166,11,0,5.125
166,12,0,5.555555555555555
166,13,0,5.555555555555555
166,14,0,5.555555555555555
166,15,0,6.1
166,16,0,6.7272727272727275
166,17,0,7.166666666666667
166,18,0,7.6923076923076925
166,19,0,8.142857142857142
166,20,0,8.142857142857142
166,21,0,8.142857142857142
166,22,0,8.8
166,23,0,9.375
166,24,0,10.0
166,25,0,10.0
166,26,3,10.157894736842104
166,27,4,10.238095238095237
166,28,5,10.238095238095237
166,29,7,9.954545454545455
166,30,8,10.608695652173912
166,31,9,10.96
166,32,10,11.538461538461538
166,33,9,11.407407407407407
166,34,11,11.407407407407407
167,0,0,0
167,1,0,0
167,2,0,0
167,3,0,2.5
167,4,0,2.5
167,5,0,2.5
167,6,0,3.3333333333333335
167,7,0,4.0
167,8,0,4.0
167,9,0,4.8
167,10,0,4.833333333333333
167,11,0,4.833333333333333
167,12,0,5.571428571428571
167,13,0,5.875
167,14,0,5.875
167,15,0,6.444444444444445
167,16,0,6.8
167,17,0,7.2727272727272725
167,18,0,7.2727272727272725
167,19,0,7.2727272727272725
167,20,0,7.833333333333333
167,21,0,8.461538461538462
167,22,0,8.461538461538462
167,23,1,7.928571428571429
167,24,2,8.764705882352942
167,25,2,8.764705882352942
167,26,4,9.052631578947368
167,27,5,9.052631578947368
167,28,5,9.428571428571429
167,29,8,9.954545454545455
167,30,10,9.826086956521738
167,31,10,10.375
167,32,10,10.807692307692308
167,33,11,11.333333333333334
167,34,11,11.758620689655173
168,0,0,0
168,1,0,0
168,2,0,0
168,3,0,3.0
168,4,0,3.0
168,5,0,3.6666666666666665
168,6,0,4.25
168,7,0,4.25
168,8,0,5.0
168,9,0,5.0
168,10,0,5.833333333333333
168,11,0,5.833333333333333
168,12,0,6.875
168,13,0,6.875
168,14,0,6.875
168,15,0,6.875
168,16,0,8.2
168,17,0,8.2
168,18,0,8.909090909090908
168,19,0,8.909090909090908
168,20,0,9.583333333333334
168,21,0,9.583333333333334
168,22,0,10.307692307692308
168,23,0,11.0
168,24,0,11.0
168,25,0,11.0
168,26,0,11.666666666666666
168,27,0,12.3125
168,28,0,11.705882352941176
168,29,0,12.38888888888889
168,30,1,12.55
168,31,1,12.55
168,32,0,12.095238095238095
168,33,1,13.434782608695652
168,34,1,13.083333333333334
169,0,0,0
169,1,0,0
169,2,0,0
169,3,0,3.0
169,4,0,3.0
169,5,0,3.6666666666666665
169,6,0,4.25
169,7,0,4.25
169,8,0,5.166666666666667
169,9,0,5.166666666666667
169,10,0,5.428571428571429
169,11,0,5.75
169,12,0,5.75
169,13,0,5.75
169,14,0,6.7
169,15,0,6.7
169,16,0,7.0
169,17,0,7.0
169,18,0,7.666666666666667
169,19,0,7.923076923076923
169,20,0,7.923076923076923
169,21,0,8.571428571428571
169,22,0,8.571428571428571
169,23,0,9.0
169,24,0,9.5
169,25,0,9.882352941176471
169,26,0,10.38888888888889
169,27,0,10.38888888888889
169,28,1,9.947368421052632
169,29,3,11.0
169,30,2,10.636363636363637
169,31,3,10.636363636363637
169,32,4,10.958333333333334
169,33,7,11.44
169,34,9,11.703703703703704
170,0,0,0
170,1,0,0
170,2,0,0
170,3,0,0
170,4,0,4.0
170,5,0,4.0
170,6,0,4.666666666666667
170,7,0,4.666666666666667
170,8,0,5.25
170,9,0,5.25
170,10,0,6.0
170,11,0,6.5
170,12,0,6.5
170,13,0,7.142857142857143
170,14,0,7.375
170,15,0,7.375
170,16,0,8.11111111111111
170,17,0,8.5
170,18,0,8.5
170,19,0,8.5
170,20,0,9.75
170,21,0,9.75
170,22,0,9.75
170,23,0,9.75
170,24,0,11.0
170,25,0,11.0
170,26,0,11.0
170,27,2,11.8
170,28,3,11.764705882352942
170,29,3,11.277777777777779
170,30,3,12.5
170,31,2,12.142857142857142
170,32,2,12.142857142857142
170,33,1,12.434782608695652
170,34,1,12.84
171,0,0,0
171,1,0,0
171,2,0,2.0
171,3,0,2.5
171,4,0,2.5
171,5,0,3.0
171,6,0,3.75
171,7,0,3.75
171,8,0,4.833333333333333
171,9,0,4.833333333333333
171,10,0,4.833333333333333
171,11,0,4.833333333333333
171,12,0,6.375
171,13,0,6.375
171,14,0,6.375
171,15,0,7.0
171,16,0,7.6
171,17,0,7.6
171,18,0,8.272727272727273
171,19,0,8.272727272727273
171,20,0,9.0
171,21,0,9.538461538461538
171,22,0,9.538461538461538
171,23,0,8.928571428571429
171,24,1,9.666666666666666
171,25,0,9.823529411764707
171,26,0,10.0
171,27,0,10.0
171,28,1,10.55
171,29,0,10.142857142857142
171,30,3,11.217391304347826
171,31,3,10.916666666666666
171,32,5,10.6
171,33,8,11.666666666666666
171,34,8,11.428571428571429
172,0,0,0
172,1,0,0
172,2,0,0
172,3,0,2.5
172,4,0,2.5
172,5,0,2.5
172,6,0,3.6666666666666665
172,7,0,4.25
172,8,0,4.25
172,9,0,4.25
172,10,0,5.4
172,11,0,6.0
172,12,0,6.0
172,13,0,6.0
172,14,0,7.625
172,15,0,7.625
172,16,0,7.625
172,17,0,8.333333333333334
172,18,0,9.2
172,19,0,9.727272727272727
172,20,0,9.727272727272727
172,21,0,10.333333333333334
172,22,0,11.076923076923077
172,23,0,11.076923076923077
172,24,0,12.133333333333333
172,25,0,12.133333333333333
172,26,0,12.133333333333333
172,27,0,12.235294117647058
172,28,0,12.722222222222221
172,29,1,12.722222222222221
172,30,1,12.157894736842104
172,31,3,13.333333333333334
172,32,4,12.909090909090908
172,33,6,12.909090909090908
172,34,7,13.68
173,0,0,0
173,1,0,0
173,2,0,0
173,3,0,3.0
173,4,0,3.5
173,5,0,3.5
173,6,0,3.5
173,7,0,4.333333333333333
173,8,0,5.25
173,9,0,5.25
173,10,0,5.25
173,11,0,7.0
173,12,0,7.0
173,13,0,7.0
173,14,0,7.714285714285714
173,15,0,8.5
173,16,0,8.5
173,17,0,9.222222222222221
173,18,0,9.222222222222221
173,19,0,9.9
173,20,0,9.9
173,21,0,10.636363636363637
173,22,0,10.636363636363637
173,23,0,11.923076923076923
173,24,0,11.923076923076923
173,25,0,12.5
173,26,0,12.5
173,27,0,12.375
173,28,3,13.0
173,29,3,12.444444444444445
173,30,3,12.444444444444445
173,31,3,13.19047619047619
173,32,3,13.19047619047619
173,33,4,13.434782608695652
173,34,5,13.434782608695652
174,0,0,0
174,1,0,0
174,2,0,2.0
174,3,0,2.5
174,4,0,2.6666666666666665
174,5,0,2.6666666666666665
174,6,0,2.6666666666666665
174,7,0,3.75
174,8,0,4.4
174,9,0,5.0
174,10,0,5.0
174,11,0,5.0
174,12,0,5.857142857142857
174,13,0,6.625
174,14,0,6.625
174,15,0,6.625
174,16,0,8.2
174,17,0,8.2
174,18,0,8.818181818181818
174,19,0,8.818181818181818
174,20,0,9.214285714285714
174,21,0,9.214285714285714
174,22,0,9.214285714285714
174,23,0,9.375
174,24,0,9.882352941176471
174,25,0,9.444444444444445
174,26,3,9.7
174,27,6,10.238095238095237
174,28,8,9.909090909090908
174,29,9,11.0
174,30,12,10.76
174,31,13,11.346153846153847
174,32,13,11.607142857142858
174,33,13,11.607142857142858
174,34,12,11.933333333333334
175,0,0,0
175,1,0,0
175,2,0,0
175,3,0,2.0
175,4,0,3.0
175,5,0,3.0
175,6,0,3.0
175,7,0,4.0
175,8,0,4.75
175,9,0,4.75
175,10,0,4.75
175,11,0,6.333333333333333
175,12,0,6.333333333333333
175,13,0,6.333333333333333
175,14,0,7.75
175,15,0,7.75
175,16,0,7.75
175,17,0,9.1
175,18,0,8.454545454545455
175,19,0,7.833333333333333
175,20,0,8.538461538461538
175,21,1,8.733333333333333
175,22,0,8.375
175,23,1,9.058823529411764
175,24,2,8.833333333333334
175,25,4,10.05
175,26,6,9.409090909090908
175,27,8,9.409090909090908
175,28,11,9.791666666666666
175,29,13,10.4
175,30,14,10.26923076923077
175,31,14,11.392857142857142
175,32,13,11.275862068965518
175,33,16,11.833333333333334
175,34,17,12.3125
176,0,0,0
176,1,0,0
176,2,0,0
176,3,0,0
176,4,0,4.0
176,5,0,4.0
176,6,0,4.666666666666667
176,7,0,5.25
176,8,0,5.25
176,9,0,5.6
176,10,0,6.0
176,11,0,6.428571428571429
176,12,0,6.875
176,13,0,6.875
176,14,0,7.222222222222222
176,15,0,7.222222222222222
176,16,0,8.272727272727273
176,17,0,8.272727272727273
176,18,0,8.272727272727273
176,19,0,8.833333333333334
176,20,0,9.461538461538462
176,21,0,9.461538461538462
176,22,0,10.142857142857142
176,23,0,10.0
176,24,0,10.0
176,25,0,10.0
176,26,0,10.222222222222221
176,27,0,10.789473684210526
176,28,0,10.904761904761905
176,29,0,10.454545454545455
176,30,0,11.541666666666666
176,31,2,11.541666666666666
176,32,2,11.692307692307692
176,33,2,11.692307692307692
176,34,2,12.448275862068966
177,0,0,0
177,1,0,0
177,2,0,0
177,3,0,0
177,4,0,3.5
177,5,0,3.5
177,6,0,3.5
177,7,0,4.333333333333333
177,8,0,5.25
177,9,0,5.25
177,10,0,5.25
177,11,0,6.2
177,12,0,7.166666666666667
177,13,0,7.714285714285714
177,14,0,7.714285714285714
177,15,0,8.375
177,16,0,9.0
177,17,0,9.6
177,18,0,8.818181818181818
177,19,0,9.5
177,20,0,9.0
177,21,1,9.642857142857142
177,22,0,9.411764705882353
177,23,1,9.411764705882353
177,24,1,10.2
177,25,0,10.2
177,26,0,9.904761904761905
177,27,1,10.043478260869565
177,28,4,10.625
177,29,5,10.32
177,30,5,10.76923076923077
177,31,6,10.555555555555555
177,32,9,11.178571428571429
177,33,8,11.0
177,34,8,11.466666666666667
178,0,0,0
178,1,0,0
178,2,0,0
178,3,0,3.0
178,4,0,3.5
178,5,0,4.0
178,6,0,4.0
178,7,0,4.5
178,8,0,4.5
178,9,0,5.666666666666667
178,10,0,5.666666666666667
178,11,0,5.375
178,12,0,5.375
178,13,0,6.0
178,14,0,6.0
178,15,0,6.2
178,16,0,6.2
178,17,0,6.5
178,18,0,6.5
178,19,0,6.923076923076923
178,20,0,7.642857142857143
178,21,0,7.642857142857143
178,22,0,8.133333333333333
178,23,0,8.875
178,24,0,9.294117647058824
178,25,0,9.294117647058824
178,26,4,8.526315789473685
178,27,9,9.761904761904763
178,28,10,9.454545454545455
178,29,13,9.454545454545455
178,30,16,9.958333333333334
178,31,16,10.48
178,32,15,10.346153846153847
178,33,17,11.037037037037036
178,34,16,10.964285714285714
179,0,0,0
179,1,0,0
179,2,0,0
179,3,0,0
179,4,0,2.0
179,5,0,3.3333333333333335
179,6,0,3.3333333333333335
179,7,0,4.0
179,8,0,4.0
179,9,0,4.8
179,10,0,4.8
179,11,0,5.5
179,12,0,6.142857142857143
179,13,0,6.142857142857143
179,14,0,6.875
179,15,0,7.0
179,16,0,7.0
179,17,0,7.545454545454546
179,18,0,7.545454545454546
179,19,0,8.25
179,20,0,8.76923076923077
179,21,0,8.76923076923077
179,22,0,9.357142857142858
179,23,0,10.0
179,24,0,10.0
179,25,0,10.0
179,26,2,10.117647058823529
179,27,2,10.833333333333334
179,28,3,10.421052631578947
179,29,7,10.421052631578947
179,30,11,10.80952380952381
179,31,12,11.5
179,32,11,11.304347826086957
179,33,12,12.0
179,34,12,12.423076923076923
180,0,0,0
180,1,0,0
180,2,0,0
180,3,0,0
180,4,0,4.0
180,5,0,4.0
180,6,0,4.0
180,7,0,4.0
180,8,0,5.333333333333333
180,9,0,5.0
180,10,0,5.0
180,11,0,5.2
180,12,0,6.333333333333333
180,13,0,6.333333333333333
180,14,0,7.25
180,15,0,7.25
180,16,0,7.25
180,17,0,8.3
180,18,0,8.3
180,19,0,8.3
180,20,0,9.181818181818182
180,21,0,9.583333333333334
180,22,0,9.583333333333334
180,23,0,9.785714285714286
180,24,1,10.266666666666667
180,25,0,10.294117647058824
180,26,0,10.294117647058824
180,27,0,10.421052631578947
180,28,0,10.0
180,29,5,10.619047619047619
180,30,6,10.782608695652174
180,31,7,10.782608695652174
180,32,6,10.5
180,33,6,11.444444444444445
180,34,6,11.444444444444445
181,0,0,0
181,1,0,0
181,2,0,2.0
181,3,0,2.5
181,4,0,3.0
181,5,0,3.0
181,6,0,3.75
181,7,0,4.2
181,8,0,4.2
181,9,0,4.833333333333333
181,10,0,5.428571428571429
181,11,0,5.428571428571429
181,12,0,6.0
181,13,0,6.666666666666667
181,14,0,6.666666666666667
181,15,0,7.2
181,16,0,7.7272727272727275
181,17,0,8.166666666666666
181,18,0,8.166666666666666
181,19,0,8.76923076923077
181,20,0,8.733333333333333
181,21,0,8.733333333333333
181,22,0,7.9411764705882355
181,23,2,8.555555555555555
181,24,3,8.8
181,25,3,8.523809523809524
181,26,3,8.318181818181818
181,27,6,9.5
181,28,7,9.32
181,29,11,9.32
181,30,12,9.777777777777779
181,31,14,10.392857142857142
181,32,13,10.310344827586206
181,33,13,10.9
181,34,13,11.375
182,0,0,0
182,1,0,0
182,2,0,0
182,3,0,2.0
182,4,0,2.0
182,5,0,2.0
182,6,0,2.3333333333333335
182,7,0,3.0
182,8,0,3.0
182,9,0,3.0
182,10,0,3.8
182,11,0,4.5
182,12,0,4.5
182,13,0,4.5
182,14,0,6.0
182,15,0,6.0
182,16,0,6.555555555555555
182,17,0,6.555555555555555
182,18,0,7.909090909090909
182,19,0,7.909090909090909
182,20,0,7.909090909090909
182,21,0,7.909090909090909
182,22,0,8.785714285714286
182,23,1,8.785714285714286
182,24,2,9.0
182,25,0,9.0
182,26,2,9.333333333333334
182,27,2,8.947368421052632
182,28,3,9.6
182,29,4,9.428571428571429
182,30,7,10.695652173913043
182,31,8,10.583333333333334
182,32,11,11.16
182,33,10,11.555555555555555
182,34,9,11.89655172413793
183,0,0,0
183,1,0,0
183,2,0,0
183,3,0,3.0
183,4,0,3.0
183,5,0,3.0
183,6,0,3.3333333333333335
183,7,0,3.5
183,8,0,3.5
183,9,0,4.0
183,10,0,4.0
183,11,0,4.666666666666667
183,12,0,4.75
183,13,0,4.75
183,14,0,5.333333333333333
183,15,0,5.9
183,16,0,6.0
183,17,0,6.0
183,18,0,6.0
183,19,0,6.6923076923076925
183,20,0,7.285714285714286
183,21,0,7.285714285714286
183,22,0,7.285714285714286
183,23,1,8.6875
183,24,0,7.944444444444445
183,25,0,7.35
183,26,0,7.0476190476190474
183,27,2,8.041666666666666
183,28,5,7.8
183,29,8,8.346153846153847
183,30,7,8.185185185185185
183,31,7,8.785714285714286
183,32,8,9.233333333333333
183,33,9,9.233333333333333
183,34,11,9.75
184,0,0,0
184,1,0,0
184,2,0,0
184,3,0,3.0
184,4,0,3.5
184,5,0,3.5
184,6,0,3.5
184,7,0,4.666666666666667
184,8,0,5.0
184,9,0,5.0
184,10,0,5.0
184,11,0,6.333333333333333
184,12,0,6.333333333333333
184,13,0,6.333333333333333
184,14,0,7.285714285714286
184,15,0,7.875
184,16,0,7.875
184,17,0,7.875
184,18,0,9.5
184,19,0,9.5
184,20,0,10.75
184,21,0,10.75
184,22,0,10.75
184,23,0,11.538461538461538
184,24,0,11.928571428571429
184,25,0,11.928571428571429
184,26,0,12.733333333333333
184,27,0,12.733333333333333
184,28,2,13.25
184,29,1,12.588235294117647
184,30,2,13.842105263157896
184,31,1,13.35
184,32,3,13.35
184,33,5,13.5
184,34,6,13.75
185,0,0,0
185,1,0,0
185,2,0,0
185,3,0,0
185,4,0,4.0
185,5,0,4.0
185,6,0,4.0
185,7,0,5.0
185,8,0,5.75
185,9,0,5.75
185,10,0,6.4
185,11,0,7.166666666666667
185,12,0,7.714285714285714
185,13,0,7.714285714285714
185,14,0,7.714285714285714
185,15,0,8.375
185,16,0,9.11111111111111
185,17,0,9.11111111111111
185,18,0,10.363636363636363
185,19,0,10.363636363636363
185,20,0,11.461538461538462
185,21,0,11.461538461538462
185,22,0,11.461538461538462
185,23,1,11.461538461538462
185,24,3,12.125
185,25,5,11.588235294117647
185,26,7,12.222222222222221
185,27,10,11.789473684210526
185,28,13,12.35
185,29,13,12.047619047619047
185,30,16,13.173913043478262
185,31,15,12.958333333333334
185,32,15,12.958333333333334
185,33,15,13.925925925925926
185,34,15,13.925925925925926
186,0,0,0
186,1,0,0
186,2,0,0
186,3,0,0
186,4,0,4.0
186,5,0,4.0
186,6,0,4.0
186,7,0,4.0
186,8,0,5.2
186,9,0,5.2
186,10,0,5.666666666666667
186,11,0,6.428571428571429
186,12,0,6.428571428571429
186,13,0,6.875
186,14,0,7.555555555555555
186,15,0,7.555555555555555
186,16,0,8.0
186,17,0,8.0
186,18,0,8.083333333333334
186,19,0,8.083333333333334
186,20,0,8.692307692307692
186,21,0,8.692307692307692
186,22,0,9.428571428571429
186,23,0,9.428571428571429
186,24,0,10.133333333333333
186,25,0,10.133333333333333
186,26,0,10.875
186,27,1,10.294117647058824
186,28,4,11.0
186,29,4,10.578947368421053
186,30,6,11.35
186,31,5,11.727272727272727
186,32,6,11.727272727272727
186,33,8,12.083333333333334
186,34,9,12.76
187,0,0,0
187,1,0,0
187,2,0,0
187,3,0,3.0
187,4,0,3.5
187,5,0,4.0
187,6,0,4.0
187,7,0,4.0
187,8,0,5.4
187,9,0,5.4
187,10,0,5.4
187,11,0,6.714285714285714
187,12,0,6.714285714285714
187,13,0,7.125
187,14,0,7.777777777777778
187,15,0,7.777777777777778
187,16,0,8.909090909090908
187,17,0,8.909090909090908
187,18,0,8.909090909090908
187,19,0,10.153846153846153
187,20,0,10.153846153846153
187,21,0,10.153846153846153
187,22,1,10.153846153846153
187,23,3,10.294117647058824
187,24,3,9.833333333333334
187,25,3,9.526315789473685
187,26,5,9.80952380952381
187,27,9,10.173913043478262
187,28,14,10.173913043478262
187,29,13,10.6
187,30,15,10.5
187,31,17,11.074074074074074
187,32,17,10.964285714285714
187,33,19,11.4
187,34,19,11.35483870967742
188,0,0,0
188,1,0,0
188,2,0,0
188,3,0,3.0
188,4,0,3.5
188,5,0,3.5
188,6,0,4.333333333333333
188,7,0,5.0
188,8,0,5.0
188,9,0,5.0
188,10,0,6.0
188,11,0,6.333333333333333
188,12,0,6.333333333333333
188,13,0,6.333333333333333
188,14,0,7.285714285714286
188,15,0,7.875
188,16,0,8.666666666666666
188,17,0,8.666666666666666
188,18,0,8.666666666666666
188,19,0,9.3
188,20,0,10.090909090909092
188,21,0,9.416666666666666
188,22,0,9.416666666666666
188,23,0,10.333333333333334
188,24,1,10.333333333333334
188,25,0,10.578947368421053
188,26,3,10.15
188,27,4,9.857142857142858
188,28,6,9.545454545454545
188,29,9,10.791666666666666
188,30,11,10.56
188,31,11,11.115384615384615
188,32,12,10.962962962962964
188,33,13,11.607142857142858
188,34,12,11.517241379310345
189,0,0,0
189,1,0,0
189,2,0,0
189,3,0,3.0
189,4,0,3.5
189,5,0,3.5
189,6,0,4.333333333333333
189,7,0,4.333333333333333
189,8,0,5.0
189,9,0,5.0
189,10,0,5.166666666666667
189,11,0,5.166666666666667
189,12,0,5.857142857142857
189,13,0,6.25
189,14,0,6.888888888888889
189,15,0,7.2
189,16,0,7.2
189,17,0,7.2
189,18,0,7.818181818181818
189,19,1,8.333333333333334
189,20,0,7.846153846153846
189,21,1,8.066666666666666
189,22,0,7.529411764705882
189,23,1,8.055555555555555
189,24,3,8.095238095238095
189,25,4,8.347826086956522
189,26,8,8.125
189,27,12,8.461538461538462
189,28,13,8.333333333333334
189,29,17,8.857142857142858
189,30,17,9.266666666666667
189,31,17,9.193548387096774
189,32,17,9.6875
189,33,18,10.147058823529411
189,34,18,10.114285714285714
190,0,0,0
190,1,0,0
190,2,0,0
190,3,0,3.0
190,4,0,3.5
190,5,0,3.5
190,6,0,3.6666666666666665
190,7,0,4.5
190,8,0,4.5
190,9,0,5.5
190,10,0,5.5
190,11,0,6.142857142857143
190,12,0,6.5
190,13,0,6.5
190,14,0,6.5
190,15,0,7.333333333333333
190,16,0,7.8
190,17,0,7.8
190,18,0,8.363636363636363
190,19,1,9.083333333333334
190,20,0,8.538461538461538
190,21,1,8.538461538461538
190,22,1,8.5
190,23,5,9.235294117647058
190,24,4,8.631578947368421
190,25,3,9.35
190,26,7,9.434782608695652
190,27,8,9.434782608695652
190,28,10,9.291666666666666
190,29,13,9.92
190,30,14,10.37037037037037
190,31,15,10.37037037037037
190,32,15,10.321428571428571
190,33,16,11.387096774193548
190,34,16,11.387096774193548
191,0,0,0
191,1,0,0
191,2,0,0
191,3,0,0
191,4,0,3.5
191,5,0,3.5
191,6,0,3.5
191,7,0,4.75
191,8,0,4.75
191,9,0,4.75
191,10,0,5.2
191,11,0,6.0
191,12,0,6.0
191,13,0,6.0
191,14,0,7.25
191,15,0,7.25
191,16,0,7.25
191,17,0,8.6
191,18,0,8.6
191,19,0,8.6
191,20,0,9.181818181818182
191,21,0,9.916666666666666
191,22,0,9.916666666666666
191,23,0,9.307692307692308
191,24,0,10.6
191,25,0,10.6
191,26,0,10.823529411764707
191,27,0,10.277777777777779
191,28,0,10.842105263157896
191,29,2,11.142857142857142
191,30,5,11.142857142857142
191,31,7,10.772727272727273
191,32,10,12.041666666666666
191,33,11,11.76
191,34,11,12.88888888888889
192,0,0,0
192,1,0,0
192,2,0,2.0
192,3,0,2.0
192,4,0,2.6666666666666665
192,5,0,2.6666666666666665
192,6,0,3.0
192,7,0,3.0
192,8,0,4.333333333333333
192,9,0,4.333333333333333
192,10,0,5.0
192,11,0,5.0
192,12,0,5.625
192,13,0,6.222222222222222
192,14,0,6.222222222222222
192,15,0,6.8
192,16,0,7.454545454545454
192,17,0,8.0
192,18,0,8.0
192,19,0,8.615384615384615
192,20,0,8.142857142857142
192,21,0,8.8
192,22,0,8.722222222222221
192,23,0,8.722222222222221
192,24,2,9.368421052631579
192,25,0,9.571428571428571
192,26,2,9.652173913043478
192,27,4,9.416666666666666
192,28,8,9.16
192,29,13,10.148148148148149
192,30,14,9.964285714285714
192,31,14,9.862068965517242
192,32,17,9.862068965517242
192,33,19,10.90625
192,34,19,10.90625
193,0,0,0
193,1,0,0
193,2,0,2.0
193,3,0,2.0
193,4,0,3.3333333333333335
193,5,0,3.3333333333333335
193,6,0,4.2
193,7,0,4.2
193,8,0,4.2
193,9,0,4.833333333333333
193,10,0,5.428571428571429
193,11,0,5.75
193,12,0,5.75
193,13,0,6.111111111111111
193,14,0,6.6
193,15,0,6.6
193,16,0,6.6
193,17,0,7.75
193,18,0,7.75
193,19,0,8.23076923076923
193,20,0,7.714285714285714
193,21,0,8.333333333333334
193,22,0,8.0
193,23,2,8.529411764705882
193,24,1,8.789473684210526
193,25,2,8.789473684210526
193,26,3,8.55
193,27,2,9.565217391304348
193,28,7,9.333333333333334
193,29,12,9.333333333333334
193,30,13,9.76923076923077
193,31,13,10.107142857142858
193,32,12,10.5
193,33,14,10.5
193,34,16,11.333333333333334
194,0,0,0
194,1,0,0
194,2,0,0
194,3,0,0
194,4,0,4.0
194,5,0,3.5
194,6,0,3.5
194,7,0,4.0
194,8,0,5.0
194,9,0,5.0
194,10,0,5.6
194,11,0,5.0
194,12,0,6.0
194,13,0,6.5
194,14,0,6.5
194,15,0,7.222222222222222
194,16,0,7.222222222222222
194,17,0,7.9
194,18,0,8.636363636363637
194,19,0,8.0
194,20,0,8.071428571428571
194,21,1,8.071428571428571
194,22,0,7.9411764705882355
194,23,2,7.9411764705882355
194,24,0,8.1
194,25,1,8.666666666666666
194,26,1,8.26086956521739
194,27,5,8.26086956521739
194,28,9,8.68
194,29,9,9.074074074074074
194,30,11,9.074074074074074
194,31,10,8.928571428571429
194,32,9,9.935483870967742
194,33,9,9.935483870967742
194,34,8,9.875
195,0,0,0
195,1,0,0
195,2,0,0
195,3,0,2.0
195,4,0,3.0
195,5,0,3.3333333333333335
195,6,0,3.3333333333333335
195,7,0,3.3333333333333335
195,8,0,4.8
195,9,0,4.8
195,10,0,4.8
195,11,0,5.666666666666667
195,12,0,6.142857142857143
195,13,0,6.75
195,14,0,6.222222222222222
195,15,1,6.6
195,16,0,6.833333333333333
195,17,2,6.833333333333333
195,18,3,6.615384615384615
195,19,3,7.4375
195,20,0,7.4375
195,21,2,7.722222222222222
195,22,4,7.421052631578948
195,23,4,7.9523809523809526
195,24,3,7.909090909090909
195,25,5,8.347826086956522
195,26,5,8.8
195,27,7,8.8
195,28,7,9.296296296296296
195,29,8,9.678571428571429
195,30,7,10.3
195,31,6,10.258064516129032
195,32,6,11.181818181818182
195,33,7,11.117647058823529
195,34,9,11.117647058823529
196,0,0,0
196,1,0,0
196,2,0,0
196,3,0,3.0
196,4,0,3.0
196,5,0,3.0
196,6,0,4.5
196,7,0,4.5
196,8,0,4.5
196,9,0,5.4
196,10,0,6.166666666666667
196,11,0,6.714285714285714
196,12,0,6.714285714285714
196,13,0,7.375
196,14,0,7.888888888888889
196,15,2,7.909090909090909
196,16,2,7.909090909090909
196,17,3,8.076923076923077
196,18,6,8.642857142857142
196,19,5,8.875
196,20,0,8.705882352941176
196,21,3,9.736842105263158
196,22,2,9.55
196,23,6,9.727272727272727
196,24,11,9.478260869565217
196,25,10,9.72
196,26,16,9.576923076923077
196,27,18,10.107142857142858
196,28,22,10.107142857142858
196,29,23,11.03225806451613
196,30,27,11.03225806451613
196,31,29,11.0625
196,32,29,11.470588235294118
196,33,29,11.971428571428572
196,34,30,12.378378378378379
197,0,0,0
197,1,0,0
197,2,0,0
197,3,0,3.0
197,4,0,3.0
197,5,0,3.3333333333333335
197,6,0,3.3333333333333335
197,7,0,4.2
197,8,0,4.2
197,9,0,4.5
197,10,0,5.0
197,11,0,5.0
197,12,0,5.0
197,13,0,6.111111111111111
197,14,0,6.111111111111111
197,15,0,6.111111111111111
197,16,0,6.9
197,17,0,7.454545454545454
197,18,0,7.454545454545454
197,19,0,8.0
197,20,0,8.0
197,21,1,8.733333333333333
197,22,1,8.375
197,23,2,9.0
197,24,3,9.0
197,25,3,8.909090909090908
197,26,7,9.434782608695652
197,27,8,9.04
197,28,12,9.04
197,29,13,9.37037037037037
197,30,15,9.892857142857142
197,31,14,9.793103448275861
197,32,16,10.266666666666667
197,33,18,10.225806451612904
197,34,19,11.242424242424242
198,0,0,0
198,1,0,0
198,2,0,0
198,3,0,3.0
198,4,0,3.0
198,5,0,3.6666666666666665
198,6,0,3.6666666666666665
198,7,0,4.6
198,8,0,4.6
198,9,0,4.6
198,10,0,4.6
198,11,0,6.142857142857143
198,12,0,6.142857142857143
198,13,0,6.142857142857143
198,14,0,7.111111111111111
198,15,0,7.111111111111111
198,16,0,8.090909090909092
198,17,0,8.090909090909092
198,18,0,8.666666666666666
198,19,0,8.666666666666666
198,20,0,9.153846153846153
198,21,1,8.642857142857142
198,22,4,9.266666666666667
198,23,5,8.875
198,24,6,9.411764705882353
198,25,0,9.4
198,26,1,9.80952380952381
198,27,3,9.304347826086957
198,28,6,9.875
198,29,5,9.64
198,30,6,10.115384615384615
198,31,7,9.925925925925926
198,32,10,10.535714285714286
198,33,10,11.033333333333333
198,34,10,11.548387096774194
199,0,0,0
199,1,0,0
199,2,0,0
199,3,0,3.0
199,4,0,3.0
199,5,0,3.0
199,6,0,3.0
199,7,0,3.25
199,8,0,3.6
199,9,0,3.6
199,10,0,3.8333333333333335
199,11,0,4.428571428571429
199,12,0,4.428571428571429
199,13,0,4.428571428571429
199,14,0,5.0
199,15,0,5.666666666666667
199,16,0,5.666666666666667
199,17,0,5.666666666666667
199,18,0,6.3
199,19,0,7.090909090909091
199,20,0,7.090909090909091
199,21,0,8.23076923076923
199,22,0,8.23076923076923
199,23,0,8.928571428571429
199,24,1,8.466666666666667
199,25,4,8.9375
199,26,6,8.842105263157896
199,27,9,8.842105263157896
199,28,8,8.65
199,29,10,9.565217391304348
199,30,12,9.565217391304348
199,31,11,9.458333333333334
199,32,12,10.08
199,33,13,10.481481481481481
199,34,14,11.035714285714286
200,0,0,0
200,1,0,0
200,2,0,0
200,3,0,3.0
200,4,0,3.5
200,5,0,3.5
200,6,0,3.5
200,7,0,5.25
200,8,0,5.25
200,9,0,5.25
200,10,0,5.8
200,11,0,6.333333333333333
200,12,0,6.857142857142857
200,13,0,6.857142857142857
200,14,1,7.5
200,15,1,7.5
200,16,1,8.0
200,17,1,8.076923076923077
200,18,1,8.571428571428571
200,19,0,8.333333333333334
200,20,0,9.176470588235293
200,21,0,8.944444444444445
200,22,0,8.944444444444445
200,23,1,9.428571428571429
200,24,2,9.428571428571429
200,25,1,9.434782608695652
200,26,4,9.434782608695652
200,27,5,9.8
200,28,7,9.615384615384615
200,29,8,10.0
200,30,9,9.821428571428571
200,31,8,10.233333333333333
200,32,10,10.233333333333333
200,33,10,10.59375
200,34,11,11.151515151515152
201,0,0,0
201,1,0,0
201,2,0,0
201,3,0,3.0
201,4,0,3.0
201,5,0,3.0
201,6,0,3.0
201,7,0,4.5
201,8,0,4.5
201,9,0,5.0
201,10,0,5.0
201,11,0,6.142857142857143
201,12,0,6.142857142857143
201,13,0,6.25
201,14,0,7.0
201,15,0,7.2
201,16,0,7.818181818181818
201,17,0,7.538461538461538
201,18,0,7.538461538461538
201,19,0,7.857142857142857
201,20,0,8.4
201,21,0,8.4
201,22,0,8.8125
201,23,0,8.055555555555555
201,24,0,8.35
201,25,0,8.80952380952381
201,26,0,9.130434782608695
201,27,1,9.130434782608695
201,28,3,8.875
201,29,6,9.36
201,30,8,9.703703703703704
201,31,9,9.703703703703704
201,32,8,9.535714285714286
201,33,8,10.03448275862069
201,34,7,10.516129032258064
202,0,0,0
202,1,0,0
202,2,0,2.0
202,3,0,2.5
202,4,0,2.5
202,5,0,3.0
202,6,0,3.75
202,7,0,4.2
202,8,0,4.833333333333333
202,9,0,5.285714285714286
202,10,0,5.285714285714286
202,11,0,6.222222222222222
202,12,0,6.222222222222222
202,13,0,6.6
202,14,0,7.0
202,15,0,7.0
202,16,0,7.428571428571429
202,17,0,7.428571428571429
202,18,0,7.933333333333334
202,19,0,7.933333333333334
202,20,0,8.5
202,21,0,8.61111111111111
202,22,0,8.0
202,23,0,8.0
202,24,0,8.826086956521738
202,25,0,8.541666666666666
202,26,0,8.541666666666666
202,27,1,8.518518518518519
202,28,2,8.827586206896552
202,29,5,8.827586206896552
202,30,9,9.096774193548388
202,31,10,9.096774193548388
202,32,12,9.424242424242424
202,33,13,9.882352941176471
202,34,14,9.8
203,0,0,0
203,1,0,0
203,2,0,2.0
203,3,0,2.0
203,4,0,3.0
203,5,0,3.0
203,6,0,4.0
203,7,0,4.75
203,8,0,4.75
203,9,0,5.2
203,10,0,6.0
203,11,0,6.0
203,12,0,6.875
203,13,0,6.875
203,14,0,6.875
203,15,0,6.875
203,16,0,8.2
203,17,0,8.2
203,18,0,7.636363636363637
203,19,0,8.416666666666666
203,20,0,8.428571428571429
203,21,2,8.0
203,22,2,8.352941176470589
203,23,5,8.473684210526315
203,24,4,8.25
203,25,3,8.608695652173912
203,26,8,9.083333333333334
203,27,13,8.692307692307692
203,28,16,9.296296296296296
203,29,20,9.321428571428571
203,30,23,10.3
203,31,22,10.35483870967742
203,32,22,10.35483870967742
203,33,21,11.0
203,34,20,11.342857142857143
204,0,0,0
204,1,0,0
204,2,0,2.0
204,3,0,2.5
204,4,0,3.0
204,5,0,3.25
204,6,0,3.25
204,7,0,3.25
204,8,0,3.8
204,9,0,4.5
204,10,0,4.5
204,11,0,5.142857142857143
204,12,0,5.142857142857143
204,13,0,5.75
204,14,0,5.75
204,15,0,6.555555555555555
204,16,0,6.555555555555555
204,17,0,7.333333333333333
204,18,1,7.333333333333333
204,19,1,8.133333333333333
204,20,0,8.133333333333333
204,21,1,8.411764705882353
204,22,0,8.631578947368421
204,23,0,8.631578947368421
204,24,0,9.454545454545455
204,25,0,9.454545454545455
204,26,0,9.173913043478262
204,27,3,9.666666666666666
204,28,5,9.884615384615385
204,29,6,9.884615384615385
204,30,6,10.178571428571429
204,31,9,10.724137931034482
204,32,11,10.566666666666666
204,33,11,11.064516129032258
204,34,11,11.454545454545455
205,0,0,0
205,1,0,0
205,2,0,0
205,3,0,3.0
205,4,0,3.0
205,5,0,3.0
205,6,0,4.0
205,7,0,4.75
205,8,0,4.75
205,9,0,4.75
205,10,0,5.8
205,11,0,6.5
205,12,0,6.5
205,13,0,7.285714285714286
205,14,0,7.285714285714286
205,15,0,8.777777777777779
205,16,0,8.777777777777779
205,17,0,8.777777777777779
205,18,1,9.5
205,19,1,9.583333333333334
205,20,0,9.076923076923077
205,21,3,8.5
205,22,4,9.588235294117647
205,23,8,9.222222222222221
205,24,10,8.947368421052632
205,25,8,9.428571428571429
205,26,9,9.73913043478261
205,27,14,10.24
205,28,21,10.24
205,29,22,10.153846153846153
205,30,24,10.74074074074074
205,31,25,11.275862068965518
205,32,26,11.275862068965518
205,33,27,11.838709677419354
205,34,27,11.838709677419354
206,0,0,0
206,1,0,0
206,2,0,0
206,3,0,0
206,4,0,3.0
206,5,0,3.5
206,6,0,3.5
206,7,0,3.5
206,8,0,4.75
206,9,0,4.75
206,10,0,5.666666666666667
206,11,0,5.142857142857143
206,12,0,5.142857142857143
206,13,0,5.625
206,14,0,6.333333333333333
206,15,0,6.333333333333333
206,16,0,6.7
206,17,0,7.363636363636363
206,18,0,7.666666666666667
206,19,0,7.666666666666667
206,20,0,7.923076923076923
206,21,0,8.642857142857142
206,22,0,8.642857142857142
206,23,0,9.0
206,24,0,9.0
206,25,0,9.8125
206,26,0,9.941176470588236
206,27,0,9.941176470588236
206,28,0,10.263157894736842
206,29,0,9.8
206,30,0,10.047619047619047
206,31,0,10.772727272727273
206,32,0,10.772727272727273
206,33,1,11.043478260869565
206,34,1,10.666666666666666
207,0,0,0
207,1,0,0
207,2,0,0
207,3,0,0
207,4,0,4.0
207,5,0,4.0
207,6,0,4.0
207,7,0,4.0
207,8,0,6.0
207,9,0,6.0
207,10,0,7.166666666666667
207,11,0,7.166666666666667
207,12,0,8.125
207,13,0,8.125
207,14,0,8.666666666666666
207,15,0,8.666666666666666
207,16,0,9.1
207,17,0,9.1
207,18,1,9.461538461538462
207,19,2,9.461538461538462
207,20,0,9.0
207,21,0,10.0625
207,22,0,9.444444444444445
207,23,0,9.894736842105264
207,24,1,9.5
207,25,1,9.681818181818182
207,26,5,9.56
207,27,6,9.307692307692308
207,28,9,9.814814814814815
207,29,11,9.607142857142858
207,30,13,10.10344827586207
207,31,13,9.966666666666667
207,32,12,10.375
207,33,14,10.878787878787879
207,34,13,10.823529411764707
208,0,0,0
208,1,0,0
208,2,0,0
208,3,0,2.0
208,4,0,2.0
208,5,0,3.0
208,6,0,3.3333333333333335
208,7,0,3.3333333333333335
208,8,0,3.3333333333333335
208,9,0,4.5
208,10,0,5.2
208,11,0,5.2
208,12,0,5.833333333333333
208,13,0,5.833333333333333
208,14,0,7.25
208,15,0,7.25
208,16,0,7.25
208,17,0,8.0
208,18,1,8.090909090909092
208,19,1,8.090909090909092
208,20,0,8.307692307692308
208,21,0,8.928571428571429
208,22,0,8.666666666666666
208,23,0,9.529411764705882
208,24,1,8.789473684210526
208,25,1,9.3
208,26,5,8.727272727272727
208,27,8,9.130434782608695
208,28,9,8.958333333333334
208,29,12,9.923076923076923
208,30,11,9.74074074074074
208,31,11,9.607142857142858
208,32,13,10.03448275862069
208,33,14,10.483870967741936
208,34,16,10.483870967741936
209,0,0,0
209,1,0,0
209,2,0,2.0
209,3,0,2.0
209,4,0,2.3333333333333335
209,5,0,2.5
209,6,0,2.5
209,7,0,2.5
209,8,0,3.4
209,9,0,3.8333333333333335
209,10,0,3.8333333333333335
209,11,0,4.428571428571429
209,12,1,5.25
209,13,2,5.2
209,14,4,5.2
209,15,5,5.75
209,16,5,6.076923076923077
209,17,4,6.0
209,18,6,6.666666666666667
209,19,6,6.6875
209,20,0,7.0
209,21,1,7.631578947368421
209,22,1,7.35
209,23,5,7.35
209,24,6,7.545454545454546
209,25,6,8.291666666666666
209,26,6,8.291666666666666
209,27,7,8.52
209,28,13,8.884615384615385
209,29,14,9.714285714285714
209,30,14,9.714285714285714
209,31,15,10.2
209,32,15,10.2
209,33,14,10.96875
209,34,16,10.96875
210,0,0,0
210,1,0,0
210,2,0,2.0
210,3,0,2.5
210,4,0,3.0
210,5,0,3.0
210,6,0,3.5
210,7,0,4.0
210,8,0,4.0
210,9,0,5.0
210,10,0,5.0
210,11,0,5.0
210,12,0,5.75
210,13,0,6.333333333333333
210,14,0,6.9
210,15,0,6.9
210,16,0,7.545454545454546
210,17,0,8.083333333333334
210,18,0,8.083333333333334
210,19,1,8.285714285714286
210,20,0,7.866666666666666
210,21,0,9.0
210,22,1,8.368421052631579
210,23,2,8.368421052631579
210,24,3,8.666666666666666
210,25,0,9.272727272727273
210,26,4,9.08695652173913
210,27,6,9.36
210,28,10,9.923076923076923
210,29,13,9.703703703703704
210,30,17,10.25
210,31,16,10.666666666666666
210,32,16,10.666666666666666
210,33,15,11.09375
210,34,16,11.636363636363637
211,0,0,0
211,1,0,0
211,2,0,0
211,3,0,0
211,4,0,4.0
211,5,0,4.0
211,6,0,4.0
211,7,0,5.0
211,8,0,5.5
211,9,0,6.0
211,10,0,6.333333333333333
211,11,0,6.857142857142857
211,12,0,6.857142857142857
211,13,0,6.857142857142857
211,14,0,7.888888888888889
211,15,0,7.888888888888889
211,16,0,7.888888888888889
211,17,0,8.5
211,18,0,9.0
211,19,1,8.416666666666666
211,20,0,9.571428571428571
211,21,0,9.133333333333333
211,22,1,8.88888888888889
211,23,5,8.88888888888889
211,24,6,8.904761904761905
211,25,4,9.041666666666666
211,26,8,8.84
211,27,9,8.846153846153847
211,28,14,9.821428571428571
211,29,15,9.827586206896552
211,30,17,10.333333333333334
211,31,19,10.258064516129032
211,32,19,10.75
211,33,19,11.235294117647058
211,34,21,11.235294117647058
212,0,0,0
212,1,0,0
212,2,0,0
212,3,0,3.0
212,4,0,3.5
212,5,0,3.5
212,6,0,4.0
212,7,0,4.0
212,8,0,5.4
212,9,0,5.4
212,10,0,5.4
212,11,0,5.833333333333333
212,12,0,6.571428571428571
212,13,0,6.75
212,14,0,6.75
212,15,0,7.555555555555555
212,16,0,7.555555555555555
212,17,0,8.636363636363637
212,18,0,8.636363636363637
212,19,0,8.636363636363637
212,20,0,8.636363636363637
212,21,0,9.846153846153847
212,22,2,9.846153846153847
212,23,1,10.066666666666666
212,24,3,9.5
212,25,0,9.555555555555555
212,26,2,9.555555555555555
212,27,4,9.714285714285714
212,28,8,9.826086956521738
212,29,13,9.826086956521738
212,30,16,10.28
212,31,15,10.076923076923077
212,32,15,11.03448275862069
212,33,15,11.03448275862069
212,34,14,11.612903225806452
213,0,0,0
213,1,0,0
213,2,0,0
213,3,0,0
213,4,0,4.0
213,5,0,4.0
213,6,0,4.0
213,7,0,3.5
213,8,0,5.0
213,9,0,5.0
213,10,0,5.25
213,11,0,5.25
213,12,0,6.6
213,13,0,6.6
213,14,0,7.0
213,15,0,7.857142857142857
213,16,0,7.857142857142857
213,17,0,7.333333333333333
213,18,0,8.2
213,19,0,7.833333333333333
213,20,0,7.833333333333333
213,21,2,7.461538461538462
213,22,2,8.666666666666666
213,23,2,8.3125
213,24,3,8.3125
213,25,1,8.526315789473685
213,26,2,8.761904761904763
213,27,6,8.545454545454545
213,28,11,9.625
213,29,12,9.44
213,30,15,9.44
213,31,15,9.703703703703704
213,32,16,10.357142857142858
213,33,16,10.241379310344827
213,34,17,10.666666666666666
214,0,0,0
214,1,0,0
214,2,0,0
214,3,0,2.0
214,4,0,2.0
214,5,0,3.3333333333333335
214,6,0,3.3333333333333335
214,7,0,3.75
214,8,0,3.75
214,9,0,4.4
214,10,0,5.0
214,11,0,5.0
214,12,0,5.0
214,13,0,5.714285714285714
214,14,0,6.5
214,15,0,6.5
214,16,0,6.5
214,17,0,7.7
214,18,0,7.7
214,19,0,8.272727272727273
214,20,0,7.666666666666667
214,21,0,8.785714285714286
214,22,0,8.333333333333334
214,23,0,8.333333333333334
214,24,1,8.529411764705882
214,25,0,9.11111111111111
214,26,0,8.45
214,27,7,8.45
214,28,10,8.772727272727273
214,29,12,9.0
214,30,16,9.0
214,31,15,9.26923076923077
214,32,16,9.88888888888889
214,33,15,9.785714285714286
214,34,16,10.133333333333333
215,0,0,0
215,1,0,0
215,2,0,0
215,3,0,0
215,4,0,4.0
215,5,0,4.0
215,6,0,4.0
215,7,0,5.25
215,8,0,5.25
215,9,0,5.25
215,10,0,6.5
215,11,0,6.5
215,12,0,7.142857142857143
215,13,0,7.142857142857143
215,14,0,7.75
215,15,1,7.75
215,16,5,7.9
215,17,7,7.9
215,18,8,8.166666666666666
215,19,8,8.428571428571429
215,20,0,8.428571428571429
215,21,0,8.266666666666667
215,22,2,8.529411764705882
215,23,2,8.789473684210526
215,24,10,8.45
215,25,12,9.391304347826088
215,26,17,9.125
215,27,17,10.037037037037036
215,28,16,10.0
215,29,19,9.862068965517242
215,30,22,10.71875
215,31,22,10.71875
215,32,24,11.147058823529411
215,33,27,11.147058823529411
215,34,28,11.86111111111111
216,0,0,0
216,1,0,0
216,2,0,2.0
216,3,0,2.0
216,4,0,3.3333333333333335
216,5,0,3.3333333333333335
216,6,0,4.0
216,7,0,4.0
216,8,0,4.142857142857143
216,9,0,4.142857142857143
216,10,0,4.75
216,11,0,5.111111111111111
216,12,0,5.7
216,13,0,6.090909090909091
216,14,0,6.090909090909091
216,15,0,6.666666666666667
216,16,1,6.642857142857143
216,17,2,6.642857142857143
216,18,1,6.8125
216,19,1,7.222222222222222
216,20,0,7.222222222222222
216,21,0,7.5
216,22,0,7.333333333333333
216,23,0,7.375
216,24,0,7.12
216,25,1,7.142857142857143
216,26,2,7.689655172413793
216,27,3,7.533333333333333
216,28,7,8.096774193548388
216,29,9,8.424242424242424
216,30,11,8.424242424242424
216,31,10,8.885714285714286
216,32,12,9.305555555555555
216,33,13,9.763157894736842
216,34,13,9.763157894736842
217,0,0,0
217,1,0,0
217,2,0,0
217,3,0,0
217,4,0,4.0
217,5,0,4.0
217,6,0,4.666666666666667
217,7,0,4.666666666666667
217,8,0,5.5
217,9,0,6.2
217,10,0,6.2
217,11,0,7.0
217,12,0,7.285714285714286
217,13,0,6.625
217,14,0,6.625
217,15,0,7.444444444444445
217,16,2,7.454545454545454
217,17,6,8.083333333333334
217,18,9,7.6923076923076925
217,19,14,8.285714285714286
217,20,0,8.6875
217,21,0,9.0
217,22,0,9.0
217,23,2,9.15
217,24,4,9.0
217,25,5,9.28
217,26,8,9.555555555555555
217,27,14,9.172413793103448
217,28,18,9.233333333333333
217,29,26,10.242424242424242
217,30,28,10.242424242424242
217,31,30,10.147058823529411
217,32,29,10.314285714285715
217,33,31,11.27027027027027
217,34,30,11.210526315789474
218,0,0,0
218,1,0,0
218,2,0,0
218,3,0,3.0
218,4,0,3.0
218,5,0,3.0
218,6,0,4.0
218,7,0,4.0
218,8,0,4.75
218,9,0,4.75
218,10,0,6.333333333333333
218,11,0,6.333333333333333
218,12,0,7.25
218,13,0,7.25
218,14,0,7.777777777777778
218,15,0,7.777777777777778
218,16,0,8.3
218,17,0,8.3
218,18,2,8.846153846153847
218,19,3,8.846153846153847
218,20,0,8.428571428571429
218,21,2,9.066666666666666
218,22,4,9.411764705882353
218,23,5,8.789473684210526
218,24,5,8.789473684210526
218,25,1,9.652173913043478
218,26,4,9.652173913043478
218,27,6,9.48
218,28,6,10.038461538461538
218,29,7,10.571428571428571
218,30,9,10.571428571428571
218,31,9,10.933333333333334
218,32,11,11.419354838709678
218,33,12,11.93939393939394
218,34,14,11.93939393939394
219,0,0,0
219,1,0,0
219,2,0,0
219,3,0,3.0
219,4,0,3.5
219,5,0,3.6666666666666665
219,6,0,3.6666666666666665
219,7,0,4.8
219,8,0,4.8
219,9,0,5.5
219,10,0,6.0
219,11,0,6.0
219,12,0,6.5
219,13,0,7.111111111111111
219,14,0,7.111111111111111
219,15,2,7.090909090909091
219,16,3,7.75
219,17,2,7.384615384615385
219,18,3,7.384615384615385
219,19,2,7.8
219,20,0,8.375
219,21,0,8.294117647058824
219,22,1,8.11111111111111
219,23,3,8.4
219,24,3,8.73913043478261
219,25,0,8.5
219,26,0,9.04
219,27,7,9.142857142857142
219,28,8,9.142857142857142
219,29,9,8.931034482758621
219,30,11,9.96774193548387
219,31,12,9.8125
219,32,15,10.333333333333334
219,33,15,10.235294117647058
219,34,18,11.25
220,0,0,0
220,1,0,0
220,2,0,2.0
220,3,0,2.0
220,4,0,2.0
220,5,0,3.0
220,6,0,3.0
220,7,0,3.25
220,8,0,3.25
220,9,0,4.0
220,10,0,4.5
220,11,0,4.5
220,12,0,4.5
220,13,0,5.285714285714286
220,14,0,5.5
220,15,0,5.5
220,16,0,6.333333333333333
220,17,0,6.7
220,18,0,6.7
220,19,0,6.7
220,20,0,7.636363636363637
220,21,0,7.538461538461538
220,22,0,7.8
220,23,0,7.8
220,24,0,8.647058823529411
220,25,0,8.647058823529411
220,26,0,8.277777777777779
220,27,5,8.857142857142858
220,28,5,8.545454545454545
220,29,10,8.545454545454545
220,30,11,8.347826086956522
220,31,13,9.36
220,32,12,9.23076923076923
220,33,13,9.148148148148149
220,34,14,9.75
221,0,0,0
221,1,0,0
221,2,0,0
221,3,0,0
221,4,0,4.0
221,5,0,4.0
221,6,0,4.0
221,7,0,4.0
221,8,0,4.25
221,9,0,4.6
221,10,0,4.6
221,11,0,5.166666666666667
221,12,0,5.428571428571429
221,13,0,5.0
221,14,0,5.0
221,15,0,6.2
221,16,0,6.2
221,17,0,6.2
221,18,0,6.818181818181818
221,19,0,7.5
221,20,0,7.0
221,21,0,7.0
221,22,1,7.333333333333333
221,23,4,8.0
221,24,3,7.388888888888889
221,25,1,7.8
221,26,0,8.136363636363637
221,27,8,8.541666666666666
221,28,8,8.884615384615385
221,29,9,8.666666666666666
221,30,13,8.666666666666666
221,31,12,9.566666666666666
221,32,12,9.566666666666666
221,33,13,10.0
221,34,12,10.441176470588236
222,0,0,0
222,1,0,0
222,2,0,0
222,3,0,2.0
222,4,0,3.0
222,5,0,3.3333333333333335
222,6,0,3.3333333333333335
222,7,0,3.3333333333333335
222,8,0,4.2
222,9,0,4.2
222,10,0,4.333333333333333
222,11,0,4.333333333333333
222,12,0,5.0
222,13,0,5.375
222,14,0,5.375
222,15,0,5.375
222,16,0,6.222222222222222
222,17,0,6.7
222,18,0,6.7
222,19,0,6.7
222,20,0,8.083333333333334
222,21,0,8.083333333333334
222,22,0,8.615384615384615
222,23,0,8.615384615384615
222,24,0,9.866666666666667
222,25,0,9.866666666666667
222,26,0,10.4375
222,27,0,10.444444444444445
222,28,1,10.444444444444445
222,29,2,10.55
222,30,3,11.142857142857142
222,31,5,10.818181818181818
222,32,5,11.041666666666666
222,33,6,11.6
222,34,5,11.384615384615385
223,0,0,0
223,1,0,0
223,2,0,0
223,3,0,3.0
223,4,0,3.5
223,5,0,3.5
223,6,0,4.333333333333333
223,7,0,5.0
223,8,0,5.0
223,9,0,5.8
223,10,0,5.8
223,11,0,6.666666666666667
223,12,0,6.666666666666667
223,13,0,8.0
223,14,0,8.0
223,15,0,8.666666666666666
223,16,0,8.666666666666666
223,17,0,9.4
223,18,0,10.0
223,19,0,10.583333333333334
223,20,0,10.583333333333334
223,21,1,11.23076923076923
223,22,0,11.2
223,23,0,10.625
223,24,1,10.235294117647058
223,25,0,11.0
223,26,4,10.619047619047619
223,27,7,10.869565217391305
223,28,8,11.458333333333334
223,29,9,11.16
223,30,12,11.73076923076923
223,31,13,12.071428571428571
223,32,16,12.071428571428571
223,33,18,12.0
223,34,19,12.433333333333334
224,0,0,0
224,1,0,0
224,2,0,0
224,3,0,3.0
224,4,0,3.0
224,5,0,3.0
224,6,0,4.25
224,7,0,4.25
224,8,0,4.25
224,9,0,5.333333333333333
224,10,0,5.333333333333333
224,11,0,5.333333333333333
224,12,0,6.0
224,13,0,6.625
224,14,0,7.222222222222222
224,15,0,7.222222222222222
224,16,0,7.222222222222222
224,17,0,7.363636363636363
224,18,0,7.538461538461538
224,19,0,7.538461538461538
224,20,0,8.1875
224,21,2,8.1875
224,22,0,7.611111111111111
224,23,3,7.95
224,24,3,8.318181818181818
224,25,0,8.458333333333334
224,26,4,8.96
224,27,5,8.555555555555555
224,28,8,8.892857142857142
224,29,9,8.724137931034482
224,30,11,9.193548387096774
224,31,10,9.515151515151516
224,32,10,9.470588235294118
224,33,11,10.305555555555555
224,34,12,10.243243243243244
225,0,0,0
225,1,0,0
225,2,0,2.0
225,3,0,2.0
225,4,0,3.0
225,5,0,3.3333333333333335
225,6,0,4.0
225,7,0,4.4
225,8,0,4.4
225,9,0,4.833333333333333
225,10,0,4.833333333333333
225,11,0,5.571428571428571
225,12,0,5.571428571428571
225,13,0,6.25
225,14,0,5.666666666666667
225,15,2,6.4
225,16,3,6.583333333333333
225,17,3,6.583333333333333
225,18,5,6.384615384615385
225,19,5,7.666666666666667
225,20,0,7.5625
225,21,0,8.722222222222221
225,22,1,8.3
225,23,3,8.454545454545455
225,24,2,8.875
225,25,3,9.076923076923077
225,26,7,9.074074074074074
225,27,13,8.857142857142858
225,28,15,9.903225806451612
225,29,16,9.903225806451612
225,30,18,10.454545454545455
225,31,18,10.882352941176471
225,32,17,10.8
225,33,18,11.277777777777779
225,34,19,11.216216216216216
226,0,0,0
226,1,0,0
226,2,0,0
226,3,0,0
226,4,0,3.5
226,5,0,3.5
226,6,0,4.0
226,7,0,4.5
226,8,0,4.5
226,9,0,5.666666666666667
226,10,0,5.666666666666667
226,11,0,5.666666666666667
226,12,0,6.428571428571429
226,13,0,7.0
226,14,0,7.555555555555555
226,15,0,7.555555555555555
226,16,0,8.727272727272727
226,17,0,8.727272727272727
226,18,0,9.333333333333334
226,19,0,9.333333333333334
226,20,0,10.0
226,21,0,10.0
226,22,0,10.571428571428571
226,23,0,10.571428571428571
226,24,0,11.266666666666667
226,25,1,10.117647058823529
226,26,6,10.75
226,27,6,10.380952380952381
226,28,8,10.863636363636363
226,29,7,10.608695652173912
226,30,12,11.25
226,31,14,11.538461538461538
226,32,14,11.37037037037037
226,33,14,11.25
226,34,14,12.258064516129032
227,0,0,0
227,1,0,0
227,2,0,0
227,3,0,3.0
227,4,0,3.0
227,5,0,3.0
227,6,0,4.0
227,7,0,4.0
227,8,0,4.75
227,9,0,5.4
227,10,0,5.4
227,11,0,5.4
227,12,0,7.0
227,13,0,7.0
227,14,0,7.0
227,15,0,7.75
227,16,0,8.555555555555555
227,17,0,8.555555555555555
227,18,0,8.555555555555555
227,19,0,9.4
227,20,0,9.416666666666666
227,21,0,10.0
227,22,0,10.714285714285714
227,23,1,11.266666666666667
227,24,3,10.176470588235293
227,25,0,10.176470588235293
227,26,0,10.15
227,27,3,10.714285714285714
227,28,6,10.318181818181818
227,29,8,11.16
227,30,11,11.16
227,31,12,11.444444444444445
227,32,13,11.928571428571429
227,33,12,11.862068965517242
227,34,14,12.366666666666667
228,0,0,0
228,1,1,0
228,2,0,2.0
228,3,0,2.5
228,4,0,2.5
228,5,0,2.5
228,6,0,3.3333333333333335
228,7,0,3.3333333333333335
228,8,0,3.857142857142857
228,9,0,4.375
228,10,0,4.777777777777778
228,11,0,4.777777777777778
228,12,0,5.7272727272727275
228,13,0,5.7272727272727275
228,14,0,6.166666666666667
228,15,0,6.615384615384615
228,16,0,6.615384615384615
228,17,0,7.071428571428571
228,18,0,7.071428571428571
228,19,0,8.0625
228,20,0,8.0625
228,21,1,7.7894736842105265
228,22,4,7.7894736842105265
228,23,4,8.5
228,24,5,8.5
228,25,6,8.916666666666666
228,26,10,8.916666666666666
228,27,11,9.74074074074074
228,28,12,9.642857142857142
228,29,15,10.5
228,30,15,10.451612903225806
228,31,15,10.451612903225806
228,32,16,10.4375
228,33,17,11.382352941176471
228,34,17,11.371428571428572
229,0,0,0
229,1,0,0
229,2,0,2.0
229,3,0,2.5
229,4,0,2.5
229,5,0,3.0
229,6,0,3.5
229,7,0,3.8
229,8,0,4.333333333333333
229,9,0,4.714285714285714
229,10,0,4.714285714285714
229,11,0,5.375
229,12,0,5.375
229,13,0,6.0
229,14,0,6.6
229,15,0,6.090909090909091
229,16,0,6.785714285714286
229,17,0,6.785714285714286
229,18,0,6.533333333333333
229,19,0,7.588235294117647
229,20,0,7.277777777777778
229,21,0,7.277777777777778
229,22,0,7.684210526315789
229,23,4,8.0
229,24,5,7.7272727272727275
229,25,3,7.875
229,26,8,8.26923076923077
229,27,13,8.148148148148149
229,28,18,8.535714285714286
229,29,23,9.0
229,30,26,9.387096774193548
229,31,28,9.34375
229,32,30,9.34375
229,33,29,10.257142857142858
229,34,30,10.222222222222221
230,0,0,0
230,1,0,0
230,2,0,2.0
230,3,0,2.0
230,4,0,2.0
230,5,0,3.3333333333333335
230,6,0,3.3333333333333335
230,7,0,3.75
230,8,0,4.2
230,9,0,4.2
230,10,0,4.2
230,11,0,5.428571428571429
230,12,0,5.428571428571429
230,13,0,6.125
230,14,0,6.125
230,15,0,6.777777777777778
230,16,0,6.777777777777778
230,17,0,8.0
230,18,0,8.0
230,19,1,8.666666666666666
230,20,0,8.153846153846153
230,21,2,8.785714285714286
230,22,2,8.125
230,23,2,8.823529411764707
230,24,3,8.555555555555555
230,25,0,9.105263157894736
230,26,2,9.227272727272727
230,27,9,9.227272727272727
230,28,10,10.04
230,29,12,10.04
230,30,12,9.846153846153847
230,31,14,10.793103448275861
230,32,14,10.793103448275861
230,33,14,10.666666666666666
230,34,16,10.580645161290322
231,0,0,0
231,1,0,0
231,2,0,0
231,3,0,0
231,4,0,4.0
231,5,0,4.0
231,6,0,5.0
231,7,0,5.0
231,8,0,5.0
231,9,0,5.8
231,10,0,6.5
231,11,0,6.5
231,12,0,6.5
231,13,0,7.875
231,14,0,7.875
231,15,0,7.875
231,16,0,7.875
231,17,0,9.4
231,18,1,9.4
231,19,2,8.727272727272727
231,20,0,8.727272727272727
231,21,0,9.714285714285714
231,22,0,9.333333333333334
231,23,0,8.875
231,24,2,9.38888888888889
231,25,2,9.285714285714286
231,26,6,9.285714285714286
231,27,6,8.782608695652174
231,28,9,9.458333333333334
231,29,8,9.961538461538462
231,30,12,9.961538461538462
231,31,12,10.96551724137931
231,32,15,10.96551724137931
231,33,15,10.866666666666667
231,34,18,11.419354838709678
232,0,0,0
232,1,0,0
232,2,0,0
232,3,0,2.5
232,4,0,2.5
232,5,0,2.5
232,6,0,3.0
232,7,0,3.5
232,8,0,3.5
232,9,0,4.2
232,10,0,4.5
232,11,0,4.5
232,12,0,5.285714285714286
232,13,0,5.285714285714286
232,14,0,5.75
232,15,0,6.444444444444445
232,16,0,6.444444444444445
232,17,0,7.2
232,18,0,7.083333333333333
232,19,0,7.083333333333333
232,20,0,6.6923076923076925
232,21,2,7.733333333333333
232,22,0,7.176470588235294
232,23,0,7.176470588235294
232,24,0,7.5
232,25,3,7.904761904761905
232,26,3,7.681818181818182
232,27,4,8.304347826086957
232,28,8,8.56
232,29,10,8.56
232,30,11,8.461538461538462
232,31,13,9.074074074074074
232,32,15,9.482758620689655
232,33,16,10.066666666666666
232,34,17,10.03225806451613
233,0,0,0
233,1,0,0
233,2,0,0
233,3,0,3.0
233,4,0,3.0
233,5,0,3.5
233,6,0,3.5
233,7,0,5.0
233,8,0,5.0
233,9,0,5.4
233,10,0,5.4
233,11,0,6.166666666666667
233,12,0,6.166666666666667
233,13,2,6.125
233,14,4,6.666666666666667
233,15,7,6.3
233,16,9,6.3
233,17,9,7.384615384615385
233,18,11,7.384615384615385
233,19,12,7.933333333333334
233,20,0,8.4375
233,21,0,8.411764705882353
233,22,1,8.411764705882353
233,23,3,8.80952380952381
233,24,5,8.80952380952381
233,25,6,8.875
233,26,12,8.96
233,27,18,9.333333333333334
233,28,19,9.178571428571429
233,29,20,9.689655172413794
233,30,21,10.096774193548388
233,31,20,10.0
233,32,23,11.0
233,33,23,11.228571428571428
233,34,25,11.694444444444445
234,0,0,0
234,1,0,0
234,2,0,0
234,3,0,0
234,4,0,4.0
234,5,0,4.0
234,6,0,4.0
234,7,0,4.0
234,8,0,5.333333333333333
234,9,0,6.0
234,10,0,6.0
234,11,0,6.0
234,12,0,6.0
234,13,0,6.857142857142857
234,14,0,7.625
234,15,0,7.5
234,16,0,7.0
234,17,1,7.0
234,18,2,7.3076923076923075
234,19,2,8.0
234,20,0,7.733333333333333
234,21,0,7.294117647058823
234,22,1,8.578947368421053
234,23,3,8.25
234,24,6,9.130434782608695
234,25,2,8.916666666666666
234,26,5,8.72
234,27,10,8.576923076923077
234,28,16,9.586206896551724
234,29,17,9.586206896551724
234,30,19,10.53125
234,31,18,10.393939393939394
234,32,20,10.393939393939394
234,33,19,10.323529411764707
234,34,21,11.416666666666666
235,0,0,0
235,1,0,0
235,2,0,0
235,3,0,0
235,4,0,4.0
235,5,0,3.5
235,6,0,4.333333333333333
235,7,0,4.333333333333333
235,8,0,5.2
235,9,0,5.2
235,10,0,5.833333333333333
235,11,0,6.285714285714286
235,12,0,6.285714285714286
235,13,0,7.0
235,14,0,7.444444444444445
235,15,0,7.444444444444445
235,16,0,8.545454545454545
235,17,0,8.0
235,18,0,8.533333333333333
235,19,0,8.533333333333333
235,20,0,8.533333333333333
235,21,1,8.125
235,22,3,8.894736842105264
235,23,2,8.65
235,24,3,9.434782608695652
235,25,5,9.434782608695652
235,26,5,9.25
235,27,6,9.76
235,28,7,10.185185185185185
235,29,7,10.185185185185185
235,30,11,11.066666666666666
235,31,11,11.066666666666666
235,32,10,11.4375
235,33,10,11.852941176470589
235,34,11,11.852941176470589
236,0,0,0
236,1,0,0
236,2,0,2.0
236,3,0,2.0
236,4,0,3.0
236,5,0,3.6666666666666665
236,6,0,3.6666666666666665
236,7,0,4.5
236,8,0,4.5
236,9,0,5.2
236,10,0,5.2
236,11,0,6.0
236,12,0,6.0
236,13,0,6.714285714285714
236,14,0,7.375
236,15,0,7.375
236,16,0,7.4
236,17,2,8.090909090909092
236,18,4,7.583333333333333
236,19,5,7.583333333333333
236,20,0,8.0
236,21,0,8.733333333333333
236,22,2,8.5625
236,23,7,8.944444444444445
236,24,7,9.047619047619047
236,25,7,9.047619047619047
236,26,9,9.166666666666666
236,27,10,9.76
236,28,12,9.615384615384615
236,29,16,9.615384615384615
236,30,17,10.620689655172415
236,31,18,10.620689655172415
236,32,19,10.766666666666667
236,33,22,11.8125
236,34,24,11.969696969696969
237,0,0,0
237,1,0,0
237,2,0,0
237,3,0,0
237,4,0,4.0
237,5,0,4.0
237,6,0,4.666666666666667
237,7,0,4.666666666666667
237,8,0,5.5
237,9,0,5.5
237,10,0,6.4
237,11,0,6.4
237,12,0,7.166666666666667
237,13,0,7.857142857142857
237,14,0,7.777777777777778
237,15,3,7.2
237,16,8,7.2
237,17,10,7.416666666666667
237,18,13,8.153846153846153
237,19,13,7.928571428571429
237,20,0,8.375
237,21,3,8.375
237,22,4,9.0
237,23,7,8.631578947368421
237,24,12,8.952380952380953
237,25,5,8.681818181818182
237,26,9,8.96
237,27,16,9.5
237,28,23,9.857142857142858
237,29,28,10.5
237,30,29,10.612903225806452
237,31,33,11.09375
237,32,32,11.0
237,33,33,11.571428571428571
237,34,33,12.055555555555555
238,0,0,0
238,1,0,0
238,2,0,0
238,3,0,0
238,4,0,3.5
238,5,0,3.5
238,6,0,3.5
238,7,0,4.666666666666667
238,8,0,5.0
238,9,0,5.0
238,10,0,5.0
238,11,0,5.714285714285714
238,12,0,5.714285714285714
238,13,0,5.714285714285714
238,14,0,7.111111111111111
238,15,0,7.111111111111111
238,16,0,7.6
238,17,0,7.6
238,18,0,8.75
238,19,0,8.23076923076923
238,20,0,8.23076923076923
238,21,0,8.266666666666667
238,22,1,8.588235294117647
238,23,4,8.166666666666666
238,24,6,8.35
238,25,3,8.095238095238095
238,26,10,8.652173913043478
238,27,10,8.92
238,28,9,8.923076923076923
238,29,12,9.407407407407407
238,30,12,10.0
238,31,12,10.0
238,32,11,10.548387096774194
238,33,13,11.09375
238,34,13,11.441176470588236
239,0,0,0
239,1,0,0
239,2,0,0
239,3,0,0
239,4,0,4.0
239,5,0,4.0
239,6,0,4.0
239,7,0,4.0
239,8,0,4.5
239,9,0,4.5
239,10,0,5.0
239,11,0,5.0
239,12,0,5.666666666666667
239,13,0,5.666666666666667
239,14,0,6.428571428571429
239,15,0,6.428571428571429
239,16,0,7.25
239,17,0,7.25
239,18,0,8.6
239,19,0,8.6
239,20,0,9.272727272727273
239,21,2,9.307692307692308
239,22,2,9.307692307692308
239,23,1,8.9375
239,24,1,8.9375
239,25,0,9.45
239,26,2,9.45
239,27,6,9.0
239,28,8,9.521739130434783
239,29,11,9.88
239,30,14,9.88
239,31,13,9.73076923076923
239,32,14,10.142857142857142
239,33,16,10.633333333333333
239,34,16,10.633333333333333
240,0,0,0
240,1,0,0
240,2,0,0
240,3,0,0
240,4,0,4.0
240,5,0,4.0
240,6,0,4.0
240,7,0,5.0
240,8,0,5.75
240,9,0,5.75
240,10,0,5.75
240,11,0,6.8
240,12,0,7.5
240,13,1,6.714285714285714
240,14,1,7.5
240,15,2,7.0
240,16,2,7.7
240,17,2,7.454545454545454
240,18,7,8.166666666666666
240,19,6,7.923076923076923
240,20,0,9.0625
240,21,1,9.0625
240,22,3,10.052631578947368
240,23,4,10.052631578947368
240,24,12,9.863636363636363
240,25,7,9.458333333333334
240,26,14,10.0
240,27,17,10.0
240,28,22,9.827586206896552
240,29,27,10.366666666666667
240,30,31,10.75
240,31,31,10.75
240,32,30,11.82857142857143
240,33,30,11.82857142857143
240,34,30,12.378378378378379
241,0,0,0
241,1,0,0
241,2,0,2.0
241,3,0,2.5
241,4,0,2.5
241,5,0,3.3333333333333335
241,6,0,4.0
241,7,0,4.4
241,8,0,4.4
241,9,0,4.4
241,10,0,5.857142857142857
241,11,0,5.857142857142857
241,12,0,6.5
241,13,0,7.111111111111111
241,14,0,7.111111111111111
241,15,0,7.111111111111111
241,16,0,7.2727272727272725
241,17,3,8.0
241,18,4,7.615384615384615
241,19,5,8.285714285714286
241,20,0,8.5625
241,21,0,8.294117647058824
241,22,1,8.166666666666666
241,23,2,8.7
241,24,5,9.285714285714286
241,25,4,8.869565217391305
241,26,5,8.869565217391305
241,27,9,9.32
241,28,12,9.923076923076923
241,29,14,9.962962962962964
241,30,18,10.535714285714286
241,31,17,11.033333333333333
241,32,17,11.516129032258064
241,33,17,11.46875
241,34,17,12.030303030303031
242,0,0,0
242,1,0,0
242,2,0,2.0
242,3,0,2.0
242,4,0,2.5
242,5,0,3.3333333333333335
242,6,0,3.3333333333333335
242,7,0,4.4
242,8,0,4.4
242,9,0,4.4
242,10,0,5.428571428571429
242,11,0,5.428571428571429
242,12,0,5.428571428571429
242,13,0,6.555555555555555
242,14,0,6.555555555555555
242,15,0,7.1
242,16,0,7.090909090909091
242,17,0,7.090909090909091
242,18,0,7.846153846153846
242,19,0,7.846153846153846
242,20,0,7.666666666666667
242,21,1,7.666666666666667
242,22,0,7.777777777777778
242,23,0,7.578947368421052
242,24,0,7.9
242,25,0,7.9
242,26,2,8.571428571428571
242,27,3,8.272727272727273
242,28,4,8.458333333333334
242,29,5,8.28
242,30,8,8.961538461538462
242,31,7,9.214285714285714
242,32,7,9.214285714285714
242,33,6,10.161290322580646
242,34,6,10.0625
243,0,0,0
243,1,0,0
243,2,0,0
243,3,0,0
243,4,0,3.0
243,5,0,3.0
243,6,0,4.0
243,7,0,4.0
243,8,0,4.5
243,9,0,5.2
243,10,0,5.666666666666667
243,11,0,5.666666666666667
243,12,0,5.666666666666667
243,13,0,6.571428571428571
243,14,0,7.0
243,15,1,6.333333333333333
243,16,4,7.2
243,17,4,6.818181818181818
243,18,5,8.076923076923077
243,19,6,7.857142857142857
243,20,0,8.125
243,21,3,8.764705882352942
243,22,2,8.95
243,23,3,8.857142857142858
243,24,7,8.636363636363637
243,25,5,9.166666666666666
243,26,6,9.423076923076923
243,27,10,9.407407407407407
243,28,13,9.964285714285714
243,29,12,9.827586206896552
243,30,15,10.266666666666667
243,31,15,10.9375
243,32,15,11.272727272727273
243,33,15,11.352941176470589
243,34,18,11.914285714285715
244,0,0,0
244,1,0,0
244,2,0,0
244,3,0,3.0
244,4,0,3.0
244,5,0,3.5
244,6,0,4.0
244,7,0,4.0
244,8,0,4.0
244,9,0,5.0
244,10,0,5.8
244,11,0,5.8
244,12,0,5.8
244,13,0,6.833333333333333
244,14,0,7.714285714285714
244,15,0,7.714285714285714
244,16,0,8.5
244,17,0,9.222222222222221
244,18,0,8.4
244,19,3,9.833333333333334
244,20,0,9.23076923076923
244,21,4,9.928571428571429
244,22,5,9.0625
244,23,8,10.333333333333334
244,24,9,9.7
244,25,3,9.428571428571429
244,26,7,9.272727272727273
244,27,13,10.44
244,28,20,10.44
244,29,20,11.037037037037036
244,30,24,11.037037037037036
244,31,23,11.551724137931034
244,32,23,11.551724137931034
244,33,22,12.096774193548388
244,34,21,12.545454545454545
245,0,0,0
245,1,0,0
245,2,0,0
245,3,0,0
245,4,0,4.0
245,5,0,4.0
245,6,0,4.0
245,7,0,5.0
245,8,0,5.0
245,9,0,5.25
245,10,0,5.25
245,11,0,6.4
245,12,0,6.666666666666667
245,13,0,6.0
245,14,0,6.0
245,15,0,6.333333333333333
245,16,1,6.9
245,17,3,6.545454545454546
245,18,3,6.25
245,19,8,7.642857142857143
245,20,0,7.4
245,21,1,7.4
245,22,4,7.882352941176471
245,23,9,8.263157894736842
245,24,11,8.0
245,25,6,8.84
245,26,9,8.692307692307692
245,27,11,8.703703703703704
245,28,15,9.275862068965518
245,29,18,9.766666666666667
245,30,20,9.903225806451612
245,31,23,10.46875
245,32,22,11.029411764705882
245,33,22,11.029411764705882
245,34,22,11.694444444444445
246,0,0,0
246,1,0,0
246,2,0,0
246,3,0,0
246,4,0,4.0
246,5,0,4.0
246,6,0,4.0
246,7,0,4.0
246,8,0,5.333333333333333
246,9,0,6.0
246,10,0,6.0
246,11,0,6.6
246,12,0,7.333333333333333
246,13,0,7.714285714285714
246,14,0,8.375
246,15,0,7.666666666666667
246,16,1,8.3
246,17,3,8.25
246,18,4,8.692307692307692
246,19,3,8.357142857142858
246,20,0,8.357142857142858
246,21,0,8.6875
246,22,8,8.833333333333334
246,23,10,8.2
246,24,12,8.5
246,25,10,8.833333333333334
246,26,10,8.68
246,27,14,9.75
246,28,19,9.827586206896552
246,29,21,9.9
246,30,24,9.9
246,31,23,10.93939393939394
246,32,22,10.911764705882353
246,33,22,10.911764705882353
246,34,23,10.942857142857143
247,0,0,0
247,1,0,0
247,2,0,0
247,3,0,3.0
247,4,0,3.0
247,5,0,3.0
247,6,0,3.0
247,7,0,5.0
247,8,0,5.0
247,9,0,5.8
247,10,0,5.8
247,11,2,6.5
247,12,1,6.5
247,13,1,6.5
247,14,1,7.454545454545454
247,15,2,7.454545454545454
247,16,5,8.428571428571429
247,17,5,8.428571428571429
247,18,7,8.2
247,19,11,8.75
247,20,0,9.11111111111111
247,21,2,8.947368421052632
247,22,5,8.947368421052632
247,23,7,9.347826086956522
247,24,12,9.347826086956522
247,25,5,8.88
247,26,7,9.821428571428571
247,27,11,9.7
247,28,19,9.709677419354838
247,29,21,10.15625
247,30,28,10.5
247,31,29,10.4
247,32,36,10.86111111111111
247,33,35,10.945945945945946
247,34,36,11.35897435897436
248,0,0,0
248,1,0,0
248,2,0,2.0
248,3,0,2.5
248,4,0,2.6666666666666665
248,5,0,2.6666666666666665
248,6,0,2.6666666666666665
248,7,0,4.2
248,8,0,4.2
248,9,0,4.2
248,10,0,4.2
248,11,0,5.857142857142857
248,12,0,5.857142857142857
248,13,0,6.5
248,14,0,6.5
248,15,0,7.333333333333333
248,16,0,8.0
248,17,0,8.0
248,18,1,8.727272727272727
248,19,0,8.166666666666666
248,20,0,8.846153846153847
248,21,1,8.5
248,22,1,8.8125
248,23,3,8.470588235294118
248,24,5,8.947368421052632
248,25,2,8.428571428571429
248,26,6,8.826086956521738
248,27,6,8.666666666666666
248,28,12,9.846153846153847
248,29,12,9.703703703703704
248,30,14,9.703703703703704
248,31,14,10.733333333333333
248,32,14,10.733333333333333
248,33,15,11.1875
248,34,15,11.727272727272727
249,0,0,0
249,1,0,0
249,2,0,2.0
249,3,0,2.0
249,4,0,3.3333333333333335
249,5,0,3.3333333333333335
249,6,0,3.3333333333333335
249,7,0,4.4
249,8,0,4.4
249,9,0,5.166666666666667
249,10,0,5.0
249,11,0,5.0
249,12,0,5.75
249,13,0,5.888888888888889
249,14,0,5.888888888888889
249,15,0,5.888888888888889
249,16,0,6.8
249,17,0,7.090909090909091
249,18,0,6.583333333333333
249,19,2,7.461538461538462
249,20,0,7.142857142857143
249,21,0,7.25
249,22,2,7.722222222222222
249,23,2,8.052631578947368
249,24,2,8.428571428571429
249,25,1,8.565217391304348
249,26,3,8.565217391304348
249,27,5,9.04
249,28,4,8.884615384615385
249,29,4,9.035714285714286
249,30,4,9.620689655172415
249,31,3,9.5
249,32,3,9.870967741935484
249,33,2,9.78125
249,34,2,10.363636363636363
250,0,0,0
250,1,0,0
250,2,0,2.0
250,3,0,2.0
250,4,0,2.3333333333333335
250,5,0,3.0
250,6,0,3.4
250,7,0,3.4
250,8,0,4.166666666666667
250,9,0,4.714285714285714
250,10,0,5.25
250,11,0,5.666666666666667
250,12,0,5.666666666666667
250,13,0,5.666666666666667
250,14,0,6.909090909090909
250,15,0,6.909090909090909
250,16,2,6.909090909090909
250,17,3,7.230769230769231
250,18,3,7.785714285714286
250,19,3,7.533333333333333
250,20,0,7.533333333333333
250,21,0,8.117647058823529
250,22,1,8.31578947368421
250,23,3,8.25
250,24,6,8.636363636363637
250,25,5,8.8
250,26,10,8.576923076923077
250,27,12,8.666666666666666
250,28,16,9.758620689655173
250,29,16,9.8
250,30,21,10.35483870967742
250,31,22,10.878787878787879
250,32,23,10.878787878787879
250,33,25,11.342857142857143
250,34,25,11.88888888888889
251,0,0,0
251,1,0,0
251,2,0,0
251,3,0,0
251,4,0,4.0
251,5,0,4.0
251,6,0,4.666666666666667
251,7,0,4.666666666666667
251,8,0,5.25
251,9,0,5.6
251,10,0,5.6
251,11,0,6.0
251,12,0,6.714285714285714
251,13,1,6.714285714285714
251,14,3,6.666666666666667
251,15,3,7.0
251,16,3,7.416666666666667
251,17,4,7.153846153846154
251,18,4,7.642857142857143
251,19,3,8.0625
251,20,0,8.529411764705882
251,21,0,8.105263157894736
251,22,1,9.047619047619047
251,23,3,9.045454545454545
251,24,3,9.478260869565217
251,25,2,9.333333333333334
251,26,4,9.84
251,27,7,9.884615384615385
251,28,10,10.37037037037037
251,29,10,10.464285714285714
251,30,12,11.4
251,31,11,11.419354838709678
251,32,13,11.419354838709678
251,33,13,12.205882352941176
251,34,15,12.205882352941176
252,0,0,0
252,1,0,0
252,2,0,0
252,3,0,3.0
252,4,0,3.0
252,5,0,3.3333333333333335
252,6,0,3.3333333333333335
252,7,0,3.3333333333333335
252,8,0,4.6
252,9,0,4.6
252,10,0,4.6
252,11,0,4.6
252,12,0,6.285714285714286
252,13,0,6.285714285714286
252,14,0,6.285714285714286
252,15,0,6.444444444444445
252,16,1,7.0
252,17,0,6.636363636363637
252,18,3,7.6923076923076925
252,19,2,7.428571428571429
252,20,0,7.428571428571429
252,21,0,7.529411764705882
252,22,1,8.055555555555555
252,23,3,7.947368421052632
252,24,6,8.5
252,25,7,8.608695652173912
252,26,8,8.88
252,27,12,8.88
252,28,13,8.76923076923077
252,29,15,9.333333333333334
252,30,17,9.689655172413794
252,31,18,10.2
252,32,17,10.161290322580646
252,33,18,10.59375
252,34,18,11.117647058823529
253,0,0,0
253,1,0,0
253,2,0,2.0
253,3,0,2.5
253,4,0,2.5
253,5,0,3.3333333333333335
253,6,0,4.0
253,7,0,4.0
253,8,0,4.714285714285714
253,9,0,4.714285714285714
253,10,0,4.714285714285714
253,11,0,4.714285714285714
253,12,0,6.0
253,13,0,6.0
253,14,0,6.6
253,15,0,7.2727272727272725
253,16,2,7.2727272727272725
253,17,1,7.461538461538462
253,18,1,8.071428571428571
253,19,0,8.3125
253,20,0,8.117647058823529
253,21,1,8.555555555555555
253,22,4,7.95
253,23,5,8.227272727272727
253,24,5,7.956521739130435
253,25,5,8.038461538461538
253,26,9,7.814814814814815
253,27,12,8.206896551724139
253,28,16,8.633333333333333
253,29,15,8.67741935483871
253,30,20,8.67741935483871
253,31,21,9.272727272727273
253,32,21,9.742857142857142
253,33,21,10.194444444444445
253,34,22,10.657894736842104
254,0,0,0
254,1,0,0
254,2,0,0
254,3,0,3.0
254,4,0,3.5
254,5,0,3.3333333333333335
254,6,0,3.3333333333333335
254,7,0,3.3333333333333335
254,8,0,4.5
254,9,0,5.0
254,10,0,5.0
254,11,0,5.0
254,12,0,6.166666666666667
254,13,0,6.714285714285714
254,14,0,6.714285714285714
254,15,0,7.555555555555555
254,16,0,7.555555555555555
254,17,0,7.9
254,18,0,7.9
254,19,1,8.454545454545455
254,20,0,7.916666666666667
254,21,3,8.785714285714286
254,22,2,8.0625
254,23,3,8.0625
254,24,2,8.38888888888889
254,25,2,8.65
254,26,6,9.19047619047619
254,27,7,9.478260869565217
254,28,10,9.478260869565217
254,29,12,10.26923076923077
254,30,12,10.26923076923077
254,31,13,10.5
254,32,12,10.379310344827585
254,33,12,10.9
254,34,13,11.1875
255,0,0,0
255,1,0,0
255,2,0,2.0
255,3,0,2.0
255,4,0,2.5
255,5,0,2.5
255,6,0,3.6666666666666665
255,7,0,3.6666666666666665
255,8,0,5.2
255,9,0,5.2
255,10,0,5.2
255,11,0,6.0
255,12,0,6.714285714285714
255,13,0,7.375
255,14,3,7.3
255,15,6,7.909090909090909
255,16,8,7.5
255,17,11,7.5
255,18,11,8.466666666666667
255,19,12,8.466666666666667
255,20,0,8.375
255,21,0,8.5
255,22,1,8.714285714285714
255,23,5,9.227272727272727
255,24,7,8.666666666666666
255,25,8,9.038461538461538
255,26,17,8.964285714285714
255,27,23,9.5
255,28,26,9.612903225806452
255,29,27,10.181818181818182
255,30,28,10.294117647058824
255,31,28,10.833333333333334
255,32,31,11.297297297297296
255,33,31,11.236842105263158
255,34,31,11.236842105263158
256,0,0,0
256,1,0,0
256,2,0,2.0
256,3,0,2.0
256,4,0,2.0
256,5,0,3.3333333333333335
256,6,0,3.3333333333333335
256,7,0,3.3333333333333335
256,8,0,4.0
256,9,0,5.0
256,10,0,5.0
256,11,0,5.0
256,12,0,5.833333333333333
256,13,0,6.714285714285714
256,14,0,6.714285714285714
256,15,0,7.25
256,16,0,7.25
256,17,0,8.11111111111111
256,18,0,8.4
256,19,2,9.0
256,20,0,8.76923076923077
256,21,0,8.866666666666667
256,22,2,8.941176470588236
256,23,2,8.31578947368421
256,24,5,8.380952380952381
256,25,4,8.458333333333334
256,26,9,8.24
256,27,9,8.153846153846153
256,28,13,8.592592592592593
256,29,14,9.0
256,30,14,9.0
256,31,15,9.419354838709678
256,32,17,9.9375
256,33,18,9.93939393939394
256,34,20,10.382352941176471
257,0,0,0
257,1,0,0
257,2,0,0
257,3,0,0
257,4,0,4.0
257,5,0,4.0
257,6,0,4.0
257,7,0,5.0
257,8,0,5.0
257,9,0,5.0
257,10,0,5.0
257,11,0,6.333333333333333
257,12,0,6.333333333333333
257,13,0,6.333333333333333
257,14,0,7.0
257,15,0,7.625
257,16,0,7.625
257,17,0,7.625
257,18,0,8.363636363636363
257,19,2,8.363636363636363
257,20,0,7.916666666666667
257,21,0,7.866666666666666
257,22,0,8.5
257,23,0,7.833333333333333
257,24,4,8.421052631578947
257,25,4,8.454545454545455
257,26,6,8.454545454545455
257,27,10,9.153846153846153
257,28,13,9.153846153846153
257,29,12,9.037037037037036
257,30,14,10.10344827586207
257,31,13,10.033333333333333
257,32,14,10.5
257,33,16,10.941176470588236
257,34,15,10.914285714285715
258,0,0,0
258,1,0,0
258,2,0,0
258,3,0,3.0
258,4,0,3.0
258,5,0,3.0
258,6,0,3.0
258,7,0,4.333333333333333
258,8,0,4.75
258,9,0,4.75
258,10,0,4.75
258,11,0,5.6
258,12,0,6.333333333333333
258,13,0,6.333333333333333
258,14,0,7.0
258,15,0,7.625
258,16,0,7.625
258,17,0,7.625
258,18,0,9.0
258,19,0,9.0
258,20,0,9.636363636363637
258,21,0,10.25
258,22,0,10.25
258,23,1,10.142857142857142
258,24,2,10.733333333333333
258,25,0,10.25
258,26,4,10.882352941176471
258,27,7,10.7
258,28,10,10.333333333333334
258,29,13,10.333333333333334
258,30,14,11.291666666666666
258,31,14,11.291666666666666
258,32,15,11.12
258,33,14,11.038461538461538
258,34,14,12.214285714285714
259,0,0,0
259,1,0,0
259,2,0,0
259,3,0,3.0
259,4,0,3.0
259,5,0,3.0
259,6,0,4.5
259,7,0,4.5
259,8,0,4.5
259,9,0,5.666666666666667
259,10,0,5.666666666666667
259,11,2,5.666666666666667
259,12,1,5.75
259,13,0,6.1
259,14,0,5.909090909090909
259,15,0,5.583333333333333
259,16,0,5.785714285714286
259,17,1,6.4
259,18,1,6.647058823529412
259,19,4,6.647058823529412
259,20,0,6.5
259,21,2,7.428571428571429
259,22,2,7.318181818181818
259,23,4,7.791666666666667
259,24,3,7.64
259,25,0,8.074074074074074
259,26,6,7.964285714285714
259,27,9,8.4
259,28,9,8.4
259,29,10,8.75
259,30,12,9.303030303030303
259,31,11,9.542857142857143
259,32,10,9.472222222222221
259,33,10,9.432432432432432
259,34,10,10.333333333333334
260,0,0,0
260,1,0,0
260,2,0,0
260,3,0,0
260,4,0,4.0
260,5,0,4.0
260,6,0,4.0
260,7,0,4.666666666666667
260,8,0,5.5
260,9,0,5.5
260,10,0,5.5
260,11,0,6.4
260,12,0,7.166666666666667
260,13,0,7.166666666666667
260,14,0,7.166666666666667
260,15,0,8.142857142857142
260,16,2,8.222222222222221
260,17,2,8.222222222222221
260,18,4,8.454545454545455
260,19,4,8.454545454545455
260,20,0,9.642857142857142
260,21,0,9.266666666666667
260,22,1,8.647058823529411
260,23,2,8.894736842105264
260,24,1,9.428571428571429
260,25,0,9.136363636363637
260,26,1,9.708333333333334
260,27,6,10.076923076923077
260,28,6,10.357142857142858
260,29,9,10.862068965517242
260,30,8,10.666666666666666
260,31,8,11.193548387096774
260,32,7,11.545454545454545
260,33,9,11.411764705882353
260,34,9,12.38888888888889
261,0,0,0
261,1,0,0
261,2,0,2.0
261,3,0,2.0
261,4,0,3.0
261,5,0,3.6666666666666665
261,6,0,3.6666666666666665
261,7,0,4.5
261,8,0,5.0
261,9,0,5.0
261,10,0,5.666666666666667
261,11,0,6.285714285714286
261,12,0,6.285714285714286
261,13,0,6.285714285714286
261,14,0,7.125
261,15,0,7.888888888888889
261,16,0,8.5
261,17,2,9.090909090909092
261,18,3,8.5
261,19,2,8.642857142857142
261,20,0,8.642857142857142
261,21,1,9.588235294117647
261,22,1,9.166666666666666
261,23,5,8.842105263157896
261,24,6,9.952380952380953
261,25,5,9.863636363636363
261,26,6,10.347826086956522
261,27,6,10.64
261,28,9,10.64
261,29,11,10.692307692307692
261,30,14,11.222222222222221
261,31,15,11.793103448275861
261,32,18,11.793103448275861
261,33,20,11.866666666666667
261,34,20,12.875
262,0,0,0
262,1,0,0
262,2,0,0
262,3,0,0
262,4,0,4.0
262,5,0,4.0
262,6,0,4.333333333333333
262,7,0,4.75
262,8,0,4.75
262,9,0,4.75
262,10,0,6.0
262,11,0,6.0
262,12,0,6.0
262,13,0,7.375
262,14,0,7.375
262,15,1,8.0
262,16,2,8.0
262,17,2,8.0
262,18,1,8.23076923076923
262,19,3,8.23076923076923
262,20,0,8.6
262,21,2,9.1875
262,22,4,8.666666666666666
262,23,8,8.666666666666666
262,24,12,8.714285714285714
262,25,9,8.958333333333334
262,26,13,8.88
262,27,16,9.785714285714286
262,28,22,9.758620689655173
262,29,26,9.758620689655173
262,30,30,9.666666666666666
262,31,30,10.6875
262,32,29,10.787878787878787
262,33,29,10.787878787878787
262,34,30,11.916666666666666
263,0,0,0
263,1,0,0
263,2,0,0
263,3,0,0
263,4,0,3.0
263,5,0,3.0
263,6,0,3.0
263,7,0,3.0
263,8,0,4.333333333333333
263,9,0,5.0
263,10,0,5.0
263,11,0,5.0
263,12,0,6.0
263,13,0,6.666666666666667
263,14,0,6.666666666666667
263,15,0,6.666666666666667
263,16,0,8.25
263,17,0,8.25
263,18,0,9.0
263,19,0,8.3
263,20,0,9.090909090909092
263,21,0,9.666666666666666
263,22,1,9.666666666666666
263,23,2,9.714285714285714
263,24,5,10.466666666666667
263,25,1,10.0625
263,26,2,10.277777777777779
263,27,4,10.55
263,28,9,10.238095238095237
263,29,15,10.909090909090908
263,30,15,11.208333333333334
263,31,16,11.0
263,32,19,11.0
263,33,21,12.035714285714286
263,34,21,11.89655172413793
264,0,0,0
264,1,0,0
264,2,0,2.0
264,3,0,2.0
264,4,0,3.0
264,5,0,3.6666666666666665
264,6,0,3.6666666666666665
264,7,0,4.25
264,8,0,4.25
264,9,0,5.2
264,10,0,5.2
264,11,0,6.571428571428571
264,12,0,6.571428571428571
264,13,0,7.125
264,14,0,7.125
264,15,0,7.888888888888889
264,16,0,7.888888888888889
264,17,0,9.181818181818182
264,18,0,9.181818181818182
264,19,0,9.181818181818182
264,20,0,9.181818181818182
264,21,0,9.928571428571429
264,22,0,9.4
264,23,0,9.4
264,24,1,8.588235294117647
264,25,4,9.5
264,26,10,9.19047619047619
264,27,10,8.909090909090908
264,28,10,9.333333333333334
264,29,9,9.76923076923077
264,30,12,10.333333333333334
264,31,11,10.214285714285714
264,32,12,10.793103448275861
264,33,11,11.258064516129032
264,34,11,11.258064516129032
265,0,0,0
265,1,0,0
265,2,0,2.0
265,3,0,2.5
265,4,0,2.6666666666666665
265,5,0,2.6666666666666665
265,6,0,3.5
265,7,0,3.5
265,8,0,4.2
265,9,0,4.2
265,10,0,5.166666666666667
265,11,0,5.166666666666667
265,12,0,6.5
265,13,0,6.5
265,14,0,6.5
265,15,0,7.9
265,16,0,7.9
265,17,0,8.916666666666666
265,18,0,8.916666666666666
265,19,2,8.384615384615385
265,20,0,9.0
265,21,0,9.0625
265,22,2,9.0625
265,23,4,8.38888888888889
265,24,4,9.052631578947368
265,25,3,9.428571428571429
265,26,8,9.695652173913043
265,27,12,10.08
265,28,13,10.615384615384615
265,29,15,10.481481481481481
265,30,17,11.448275862068966
265,31,17,11.5
265,32,17,11.5
265,33,16,12.09375
265,34,16,12.484848484848484
266,0,0,0
266,1,0,0
266,2,0,0
266,3,0,3.0
266,4,0,3.0
266,5,0,3.0
266,6,0,3.6666666666666665
266,7,0,3.6666666666666665
266,8,0,3.6666666666666665
266,9,0,4.0
266,10,0,5.0
266,11,0,5.0
266,12,0,5.5
266,13,0,6.428571428571429
266,14,0,6.428571428571429
266,15,0,7.555555555555555
266,16,0,7.555555555555555
266,17,0,7.9
266,18,2,8.545454545454545
266,19,3,8.307692307692308
266,20,0,8.307692307692308
266,21,0,7.875
266,22,4,8.529411764705882
266,23,7,8.222222222222221
266,24,9,8.3
266,25,8,8.727272727272727
266,26,8,9.08695652173913
266,27,8,8.958333333333334
266,28,7,9.23076923076923
266,29,8,9.821428571428571
266,30,8,9.821428571428571
266,31,7,10.366666666666667
266,32,7,10.64516129032258
266,33,7,10.65625
266,34,8,11.242424242424242
267,0,0,0
267,1,0,0
267,2,0,0
267,3,0,3.0
267,4,0,3.5
267,5,0,3.6666666666666665
267,6,0,3.6666666666666665
267,7,0,3.6666666666666665
267,8,0,4.75
267,9,0,5.0
267,10,0,5.833333333333333
267,11,0,5.833333333333333
267,12,0,6.142857142857143
267,13,0,6.75
267,14,0,6.75
267,15,0,7.222222222222222
267,16,0,7.222222222222222
267,17,2,7.454545454545454
267,18,2,8.0
267,19,4,7.615384615384615
267,20,0,8.357142857142858
267,21,0,8.133333333333333
267,22,4,8.294117647058824
267,23,9,8.0
267,24,15,8.4
267,25,12,8.19047619047619
267,26,17,8.521739130434783
267,27,21,9.04
267,28,24,9.407407407407407
267,29,26,9.407407407407407
267,30,27,9.89655172413793
267,31,26,10.290322580645162
267,32,25,10.787878787878787
267,33,26,11.285714285714286
267,34,26,11.285714285714286
268,0,0,0
268,1,0,0
268,2,0,0
268,3,0,0
268,4,0,4.0
268,5,0,4.0
268,6,0,4.0
268,7,0,4.0
268,8,0,6.0
268,9,0,6.0
268,10,0,6.8
268,11,0,7.333333333333333
268,12,0,7.333333333333333
268,13,0,8.0
268,14,0,8.0
268,15,0,8.75
268,16,0,8.75
268,17,0,8.5
268,18,2,9.272727272727273
268,19,3,8.75
268,20,0,9.307692307692308
268,21,0,9.6
268,22,2,9.588235294117647
268,23,9,9.166666666666666
268,24,13,9.45
268,25,10,9.19047619047619
268,26,14,9.375
268,27,17,9.375
268,28,21,9.807692307692308
268,29,21,9.807692307692308
268,30,21,10.285714285714286
268,31,22,10.285714285714286
268,32,21,10.8
268,33,23,11.35483870967742
268,34,25,11.5
269,0,0,0
269,1,0,0
269,2,0,0
269,3,0,3.0
269,4,0,3.0
269,5,0,3.5
269,6,0,3.5
269,7,0,4.666666666666667
269,8,0,4.666666666666667
269,9,0,5.25
269,10,0,6.2
269,11,0,6.2
269,12,0,7.428571428571429
269,13,0,7.428571428571429
269,14,0,7.428571428571429
269,15,0,7.428571428571429
269,16,0,8.88888888888889
269,17,0,8.88888888888889
269,18,0,9.6
269,19,0,9.6
269,20,0,10.5
269,21,0,9.285714285714286
269,22,1,9.8
269,23,0,8.882352941176471
269,24,1,9.444444444444445
269,25,1,8.85
269,26,7,9.285714285714286
269,27,11,9.333333333333334
269,28,16,9.12
269,29,17,9.12
269,30,18,9.964285714285714
269,31,19,9.964285714285714
269,32,21,10.4
269,33,22,10.806451612903226
269,34,22,10.75
270,0,0,0
270,1,0,0
270,2,0,0
270,3,0,0
270,4,0,3.5
270,5,0,3.5
270,6,0,3.3333333333333335
270,7,0,2.75
270,8,0,3.8
270,9,0,3.8
270,10,0,3.8333333333333335
270,11,0,3.8333333333333335
270,12,0,5.0
270,13,0,5.0
270,14,0,5.25
270,15,0,6.222222222222222
270,16,0,6.222222222222222
270,17,0,7.2
270,18,0,7.545454545454546
270,19,0,8.416666666666666
270,20,0,8.76923076923077
270,21,0,8.76923076923077
270,22,0,8.285714285714286
270,23,0,9.4375
270,24,0,9.4375
270,25,0,9.0
270,26,1,8.555555555555555
270,27,4,9.75
270,28,7,9.428571428571429
270,29,9,9.428571428571429
270,30,9,9.227272727272727
270,31,10,10.416666666666666
270,32,9,10.24
270,33,9,10.73076923076923
270,34,9,10.62962962962963
271,0,0,0
271,1,0,0
271,2,0,2.0
271,3,0,2.0
271,4,0,2.5
271,5,0,2.5
271,6,0,4.0
271,7,0,4.0
271,8,0,4.8
271,9,0,4.8
271,10,0,5.5
271,11,0,5.5
271,12,0,6.625
271,13,0,6.625
271,14,0,6.625
271,15,0,7.333333333333333
271,16,0,7.454545454545454
271,17,0,6.916666666666667
271,18,1,6.916666666666667
271,19,0,7.933333333333334
271,20,0,7.933333333333334
271,21,2,7.6875
271,22,2,8.0
271,23,1,8.142857142857142
271,24,1,8.142857142857142
271,25,0,8.458333333333334
271,26,4,8.807692307692308
271,27,7,8.592592592592593
271,28,11,9.142857142857142
271,29,12,8.96551724137931
271,30,13,9.387096774193548
271,31,13,9.84375
271,32,13,9.757575757575758
271,33,16,9.757575757575758
271,34,16,10.805555555555555
272,0,0,0
272,1,0,0
272,2,0,0
272,3,0,2.5
272,4,0,2.5
272,5,0,2.5
272,6,0,3.6666666666666665
272,7,0,4.0
272,8,0,4.0
272,9,0,4.0
272,10,0,5.666666666666667
272,11,0,5.666666666666667
272,12,0,5.666666666666667
272,13,0,6.428571428571429
272,14,0,7.125
272,15,0,7.0
272,16,0,7.0
272,17,0,6.636363636363637
272,18,2,7.416666666666667
272,19,2,7.642857142857143
272,20,0,7.642857142857143
272,21,1,7.4
272,22,6,8.333333333333334
272,23,9,8.0
272,24,11,8.090909090909092
272,25,10,8.458333333333334
272,26,14,8.24
272,27,19,8.703703703703704
272,28,20,8.785714285714286
272,29,23,9.833333333333334
272,30,26,9.903225806451612
272,31,27,9.96875
272,32,29,9.96875
272,33,28,11.142857142857142
272,34,28,11.142857142857142
273,0,0,0
273,1,0,0
273,2,0,0
273,3,0,0
273,4,0,4.0
273,5,0,4.0
273,6,0,4.666666666666667
273,7,0,4.666666666666667
273,8,0,5.6
273,9,0,5.6
273,10,0,5.6
273,11,0,6.714285714285714
273,12,0,6.714285714285714
273,13,0,6.714285714285714
273,14,0,7.25
273,15,1,7.1
273,16,1,7.636363636363637
273,17,0,7.25
273,18,0,7.571428571428571
273,19,0,8.066666666666666
273,20,0,8.066666666666666
273,21,2,8.5625
273,22,1,8.722222222222221
273,23,3,8.722222222222221
273,24,5,9.090909090909092
273,25,2,9.090909090909092
273,26,5,9.24
273,27,9,9.24
273,28,12,10.0
273,29,13,10.0
273,30,14,10.266666666666667
273,31,17,10.741935483870968
273,32,18,10.625
273,33,20,11.06060606060606
273,34,22,11.485714285714286
274,0,0,0
274,1,0,0
274,2,0,0
274,3,0,0
274,4,0,4.0
274,5,0,4.0
274,6,0,4.0
274,7,0,4.0
274,8,0,5.5
274,9,0,5.5
274,10,0,5.5
274,11,0,5.5
274,12,0,7.333333333333333
274,13,0,7.333333333333333
274,14,0,8.142857142857142
274,15,0,8.875
274,16,0,8.875
274,17,0,8.875
274,18,0,10.2
274,19,0,9.363636363636363
274,20,0,9.916666666666666
274,21,2,9.307692307692308
274,22,4,9.466666666666667
274,23,3,9.333333333333334
274,24,3,9.5
274,25,2,9.818181818181818
274,26,6,9.76
274,27,9,9.76
274,28,12,10.428571428571429
274,29,15,10.428571428571429
274,30,14,10.7
274,31,15,11.193548387096774
274,32,15,11.0625
274,33,18,11.545454545454545
274,34,17,11.914285714285715
275,0,0,0
275,1,0,0
275,2,0,0
275,3,0,3.0
275,4,0,3.5
275,5,0,3.5
275,6,0,4.0
275,7,0,4.75
275,8,0,4.75
275,9,0,6.0
275,10,0,6.0
275,11,0,6.428571428571429
275,12,0,5.75
275,13,0,6.444444444444445
275,14,0,6.444444444444445
275,15,0,7.636363636363637
275,16,0,7.166666666666667
275,17,0,6.6923076923076925
275,18,1,7.357142857142857
275,19,0,7.6875
275,20,0,7.6875
275,21,0,8.055555555555555
275,22,0,8.631578947368421
275,23,1,9.15
275,24,0,8.5
275,25,0,9.043478260869565
275,26,1,9.4
275,27,5,9.923076923076923
275,28,4,9.666666666666666
275,29,7,10.0
275,30,8,10.5
275,31,8,10.32258064516129
275,32,11,10.875
275,33,12,11.264705882352942
275,34,13,11.8
276,0,0,0
276,1,0,0
276,2,0,2.0
276,3,0,2.5
276,4,0,3.0
276,5,0,3.0
276,6,0,3.0
276,7,0,4.6
276,8,0,4.6
276,9,0,5.166666666666667
276,10,0,5.714285714285714
276,11,0,5.714285714285714
276,12,0,6.375
276,13,0,6.375
276,14,0,7.6
276,15,0,7.090909090909091
276,16,2,7.090909090909091
276,17,2,7.230769230769231
276,18,3,7.857142857142857
276,19,5,7.6
276,20,0,7.4375
276,21,0,8.61111111111111
276,22,2,8.15
276,23,8,8.15
276,24,10,7.636363636363637
276,25,10,8.791666666666666
276,26,14,8.423076923076923
276,27,17,8.964285714285714
276,28,21,9.448275862068966
276,29,20,9.366666666666667
276,30,20,9.366666666666667
276,31,19,9.875
276,32,20,10.363636363636363
276,33,21,10.5
276,34,22,11.028571428571428
277,0,0,0
277,1,0,0
277,2,0,0
277,3,0,3.0
277,4,0,2.5
277,5,0,2.5
277,6,0,2.5
277,7,0,3.3333333333333335
277,8,0,4.0
277,9,0,4.6
277,10,0,4.6
277,11,0,4.6
277,12,0,5.571428571428571
277,13,0,5.571428571428571
277,14,0,6.125
277,15,0,6.666666666666667
277,16,0,7.2
277,17,0,7.2
277,18,0,7.2
277,19,0,8.333333333333334
277,20,0,7.769230769230769
277,21,1,7.357142857142857
277,22,1,7.357142857142857
277,23,1,8.294117647058824
277,24,3,7.7368421052631575
277,25,1,7.7368421052631575
277,26,0,7.909090909090909
277,27,5,8.478260869565217
277,28,7,8.333333333333334
277,29,10,8.333333333333334
277,30,12,9.333333333333334
277,31,11,9.178571428571429
277,32,12,9.178571428571429
277,33,11,9.733333333333333
277,34,13,10.32258064516129
278,0,0,0
278,1,0,0
278,2,0,2.0
278,3,0,2.5
278,4,0,2.5
278,5,0,2.5
278,6,0,3.6666666666666665
278,7,0,4.5
278,8,0,5.2
278,9,0,5.833333333333333
278,10,0,5.833333333333333
278,11,0,5.833333333333333
278,12,0,6.571428571428571
278,13,0,7.25
278,14,0,7.888888888888889
278,15,0,7.888888888888889
278,16,0,7.888888888888889
278,17,1,9.363636363636363
278,18,0,8.75
278,19,4,9.928571428571429
278,20,0,9.533333333333333
278,21,0,9.705882352941176
278,22,3,9.38888888888889
278,23,7,9.65
278,24,11,10.0
278,25,6,9.583333333333334
278,26,8,10.12
278,27,16,10.25
278,28,21,10.758620689655173
278,29,22,10.633333333333333
278,30,25,10.633333333333333
278,31,24,11.575757575757576
278,32,26,11.575757575757576
278,33,28,11.676470588235293
278,34,30,12.142857142857142
279,0,0,0
279,1,0,0
279,2,0,2.0
279,3,0,2.5
279,4,0,3.0
279,5,0,3.0
279,6,0,3.0
279,7,0,4.2
279,8,0,4.2
279,9,0,4.2
279,10,0,4.666666666666667
279,11,0,5.428571428571429
279,12,0,5.875
279,13,0,5.875
279,14,0,6.666666666666667
279,15,0,7.1
279,16,0,7.545454545454546
279,17,0,7.545454545454546
279,18,0,7.545454545454546
279,19,0,8.307692307692308
279,20,0,8.307692307692308
279,21,0,8.714285714285714
279,22,0,8.714285714285714
279,23,0,9.066666666666666
279,24,0,9.066666666666666
279,25,0,9.625
279,26,1,9.117647058823529
279,27,3,9.210526315789474
279,28,4,9.210526315789474
279,29,3,9.571428571428571
279,30,8,9.571428571428571
279,31,9,9.91304347826087
279,32,9,10.32
279,33,9,10.32
279,34,9,11.25
280,0,0,0
280,1,0,0
280,2,0,0
280,3,0,3.0
280,4,0,3.0
280,5,0,3.5
280,6,0,4.333333333333333
280,7,0,4.333333333333333
280,8,0,4.333333333333333
280,9,0,5.4
280,10,0,5.4
280,11,0,5.4
280,12,0,6.333333333333333
280,13,0,6.857142857142857
280,14,0,6.857142857142857
280,15,2,7.111111111111111
280,16,1,6.6
280,17,4,7.916666666666667
280,18,3,7.615384615384615
280,19,4,8.214285714285714
280,20,0,8.5625
280,21,0,8.5625
280,22,4,8.95
280,23,6,8.619047619047619
280,24,10,8.363636363636363
280,25,10,8.52
280,26,12,8.962962962962964
280,27,16,8.931034482758621
280,28,16,8.931034482758621
280,29,17,9.875
280,30,19,9.875
280,31,18,10.294117647058824
280,32,18,10.294117647058824
280,33,17,10.75
280,34,20,10.75
281,0,0,0
281,1,0,0
281,2,0,0
281,3,0,2.5
281,4,0,2.5
281,5,0,3.3333333333333335
281,6,0,3.3333333333333335
281,7,0,4.0
281,8,0,4.0
281,9,0,4.0
281,10,0,4.0
281,11,0,4.5
281,12,0,4.857142857142857
281,13,0,4.857142857142857
281,14,0,4.857142857142857
281,15,0,5.625
281,16,0,6.111111111111111
281,17,0,6.111111111111111
281,18,1,6.7
281,19,3,6.75
281,20,0,6.75
281,21,0,7.142857142857143
281,22,2,7.142857142857143
281,23,2,7.5625
281,24,2,7.833333333333333
281,25,1,7.7894736842105265
281,26,6,7.5
281,27,10,8.652173913043478
281,28,10,8.652173913043478
281,29,11,8.583333333333334
281,30,13,9.615384615384615
281,31,13,9.481481481481481
281,32,14,9.392857142857142
281,33,14,10.35483870967742
281,34,15,10.35483870967742
282,0,0,0
282,1,0,0
282,2,0,0
282,3,0,2.0
282,4,0,3.0
282,5,0,3.0
282,6,0,4.0
282,7,0,4.5
282,8,0,4.5
282,9,0,4.5
282,10,0,5.2
282,11,0,6.0
282,12,0,6.0
282,13,0,6.714285714285714
282,14,0,7.375
282,15,0,8.0
282,16,0,8.6
282,17,0,8.6
282,18,2,9.272727272727273
282,19,1,8.666666666666666
282,20,0,9.714285714285714
282,21,1,9.333333333333334
282,22,4,8.875
282,23,7,9.166666666666666
282,24,7,9.3
282,25,10,9.857142857142858
282,26,13,9.636363636363637
282,27,17,10.08695652173913
282,28,17,10.6
282,29,18,10.576923076923077
282,30,20,10.928571428571429
282,31,20,11.366666666666667
282,32,21,11.366666666666667
282,33,21,11.35483870967742
282,34,23,12.272727272727273
283,0,0,0
283,1,0,0
283,2,0,0
283,3,0,3.0
283,4,0,3.5
283,5,0,3.5
283,6,0,3.5
283,7,0,5.0
283,8,0,5.0
283,9,0,5.0
283,10,0,5.6
283,11,0,6.5
283,12,0,7.0
283,13,0,7.0
283,14,0,8.222222222222221
283,15,0,8.222222222222221
283,16,1,8.8
283,17,0,8.583333333333334
283,18,2,8.583333333333334
283,19,2,8.23076923076923
283,20,0,8.928571428571429
283,21,1,8.823529411764707
283,22,0,8.157894736842104
283,23,4,8.157894736842104
283,24,4,8.869565217391305
283,25,3,8.869565217391305
283,26,6,9.481481481481481
283,27,10,9.481481481481481
283,28,13,9.357142857142858
283,29,13,9.241379310344827
283,30,13,10.290322580645162
283,31,12,10.1875
283,32,14,10.666666666666666
283,33,16,10.588235294117647
283,34,15,11.54054054054054
284,0,0,0
284,1,0,0
284,2,0,0
284,3,0,3.0
284,4,0,3.0
284,5,0,3.0
284,6,0,3.5
284,7,0,4.666666666666667
284,8,0,4.666666666666667
284,9,0,5.25
284,10,0,5.25
284,11,0,6.2
284,12,0,6.666666666666667
284,13,0,6.666666666666667
284,14,0,7.428571428571429
284,15,0,7.428571428571429
284,16,0,7.625
284,17,0,7.625
284,18,0,8.555555555555555
284,19,0,8.555555555555555
284,20,0,8.363636363636363
284,21,1,9.25
284,22,0,8.76923076923077
284,23,0,8.866666666666667
284,24,1,8.866666666666667
284,25,0,9.176470588235293
284,26,5,8.833333333333334
284,27,10,8.9
284,28,13,8.9
284,29,15,9.409090909090908
284,30,17,9.409090909090908
284,31,19,9.708333333333334
284,32,21,10.4
284,33,21,10.307692307692308
284,34,21,11.379310344827585
285,0,0,0
285,1,0,0
285,2,0,0
285,3,0,2.5
285,4,0,2.5
285,5,0,2.5
285,6,0,3.75
285,7,0,3.75
285,8,0,4.4
285,9,0,4.4
285,10,0,5.0
285,11,0,5.714285714285714
285,12,0,5.714285714285714
285,13,0,6.375
285,14,1,6.375
285,15,1,7.181818181818182
285,16,0,6.833333333333333
285,17,0,6.833333333333333
285,18,2,6.615384615384615
285,19,3,7.5625
285,20,0,7.5625
285,21,1,8.0
285,22,3,8.25
285,23,6,7.7727272727272725
285,24,7,8.875
285,25,7,8.423076923076923
285,26,8,8.423076923076923
285,27,10,9.3
285,28,9,9.32258064516129
285,29,11,9.727272727272727
285,30,14,10.235294117647058
285,31,13,10.314285714285715
285,32,14,10.777777777777779
285,33,13,10.864864864864865
285,34,16,11.820512820512821
286,0,0,0
286,1,0,0
286,2,0,0
286,3,0,3.0
286,4,0,3.5
286,5,0,4.0
286,6,0,4.0
286,7,0,4.0
286,8,0,5.0
286,9,0,5.8
286,10,0,5.8
286,11,0,6.5
286,12,0,7.142857142857143
286,13,0,7.0
286,14,0,6.4
286,15,0,6.583333333333333
286,16,3,6.583333333333333
286,17,5,6.928571428571429
286,18,9,7.466666666666667
286,19,11,7.823529411764706
286,20,0,8.277777777777779
286,21,0,7.8
286,22,0,8.380952380952381
286,23,4,8.136363636363637
286,24,11,8.652173913043478
286,25,13,8.692307692307692
286,26,14,8.74074074074074
286,27,21,9.733333333333333
286,28,20,9.774193548387096
286,29,21,9.8125
286,30,24,10.303030303030303
286,31,26,10.685714285714285
286,32,25,11.108108108108109
286,33,26,11.512820512820513
286,34,26,11.675
287,0,0,0
287,1,0,0
287,2,0,2.0
287,3,0,2.0
287,4,0,2.6666666666666665
287,5,0,2.6666666666666665
287,6,0,3.5
287,7,0,3.5
287,8,0,4.4
287,9,0,5.166666666666667
287,10,0,5.166666666666667
287,11,0,5.857142857142857
287,12,0,6.125
287,13,0,6.125
287,14,0,6.777777777777778
287,15,0,7.2
287,16,2,6.7272727272727275
287,17,3,6.7272727272727275
287,18,2,7.076923076923077
287,19,2,7.571428571428571
287,20,0,7.4
287,21,5,7.4
287,22,6,7.666666666666667
287,23,6,8.210526315789474
287,24,4,7.809523809523809
287,25,3,7.681818181818182
287,26,7,8.25
287,27,11,8.73076923076923
287,28,14,9.214285714285714
287,29,14,9.214285714285714
287,30,17,9.206896551724139
287,31,17,10.225806451612904
287,32,18,10.40625
287,33,21,10.909090909090908
287,34,22,11.342857142857143
288,0,0,0
288,1,0,0
288,2,0,0
288,3,0,3.0
288,4,0,3.0
288,5,0,3.0
288,6,0,3.0
288,7,0,4.5
288,8,0,4.5
288,9,0,4.5
288,10,0,4.5
288,11,0,6.166666666666667
288,12,0,6.166666666666667
288,13,0,6.166666666666667
288,14,0,7.625
288,15,0,7.625
288,16,0,7.625
288,17,0,9.0
288,18,0,9.0
288,19,0,9.0
288,20,0,8.363636363636363
288,21,0,9.923076923076923
288,22,0,9.428571428571429
288,23,3,10.066666666666666
288,24,2,10.294117647058824
288,25,0,10.294117647058824
288,26,1,9.631578947368421
288,27,1,10.636363636363637
288,28,3,10.347826086956522
288,29,3,10.347826086956522
288,30,5,10.72
288,31,6,11.074074074074074
288,32,6,11.074074074074074
288,33,7,11.482758620689655
288,34,7,12.066666666666666
289,0,0,0
289,1,0,0
289,2,0,0
289,3,0,3.0
289,4,0,3.5
289,5,0,3.5
289,6,0,3.5
289,7,0,5.0
289,8,0,5.0
289,9,0,5.0
289,10,0,6.0
289,11,0,6.333333333333333
289,12,0,6.25
289,13,0,6.555555555555555
289,14,0,6.2
289,15,1,6.636363636363637
289,16,2,7.0
289,17,2,7.0
289,18,1,6.785714285714286
289,19,1,7.9375
289,20,0,7.764705882352941
289,21,3,7.666666666666667
289,22,4,7.9
289,23,5,8.272727272727273
289,24,5,7.958333333333333
289,25,5,8.4
289,26,6,8.185185185185185
289,27,13,8.785714285714286
289,28,18,8.724137931034482
289,29,22,9.2
289,30,23,9.6875
289,31,23,9.606060606060606
289,32,25,10.088235294117647
289,33,24,10.057142857142857
289,34,24,10.973684210526315
290,0,0,0
290,1,0,0
290,2,0,0
290,3,0,3.0
290,4,0,3.5
290,5,0,3.5
290,6,0,4.0
290,7,0,4.75
290,8,0,4.75
290,9,0,5.2
290,10,0,5.2
290,11,0,6.428571428571429
290,12,0,6.428571428571429
290,13,0,6.428571428571429
290,14,1,6.428571428571429
290,15,0,6.9
290,16,0,6.9
290,17,2,6.636363636363637
290,18,2,6.636363636363637
290,19,2,7.428571428571429
290,20,0,7.2
290,21,1,7.222222222222222
290,22,2,7.842105263157895
290,23,1,7.7727272727272725
290,24,1,7.478260869565218
290,25,2,7.96
290,26,6,7.769230769230769
290,27,9,8.620689655172415
290,28,10,8.466666666666667
290,29,10,8.35483870967742
290,30,13,9.272727272727273
290,31,14,9.176470588235293
290,32,17,9.176470588235293
290,33,18,10.08108108108108
290,34,18,10.08108108108108
291,0,0,0
291,1,0,0
291,2,0,0
291,3,0,3.0
291,4,0,3.0
291,5,0,3.5
291,6,0,3.5
291,7,0,4.0
291,8,0,4.0
291,9,0,4.5
291,10,0,5.142857142857143
291,11,0,5.142857142857143
291,12,0,5.75
291,13,0,5.75
291,14,0,6.555555555555555
291,15,0,6.1
291,16,0,6.7272727272727275
291,17,1,7.0
291,18,4,7.0
291,19,4,7.333333333333333
291,20,0,7.333333333333333
291,21,0,8.444444444444445
291,22,1,8.105263157894736
291,23,6,7.8
291,24,7,8.043478260869565
291,25,7,8.56
291,26,12,8.56
291,27,17,8.423076923076923
291,28,20,9.464285714285714
291,29,21,9.379310344827585
291,30,22,9.379310344827585
291,31,23,9.533333333333333
291,32,25,10.625
291,33,24,10.787878787878787
291,34,26,10.787878787878787
292,0,0,0
292,1,0,0
292,2,0,2.0
292,3,0,2.6666666666666665
292,4,0,2.6666666666666665
292,5,0,2.6666666666666665
292,6,0,3.0
292,7,0,3.8
292,8,0,3.8
292,9,0,4.333333333333333
292,10,0,5.0
292,11,0,5.5
292,12,0,5.5
292,13,0,6.0
292,14,0,6.7
292,15,0,7.090909090909091
292,16,0,7.090909090909091
292,17,0,6.583333333333333
292,18,2,7.857142857142857
292,19,1,7.533333333333333
292,20,0,8.0
292,21,2,8.38888888888889
292,22,3,8.142857142857142
292,23,4,8.142857142857142
292,24,6,7.954545454545454
292,25,8,8.24
292,26,12,8.73076923076923
292,27,17,9.068965517241379
292,28,20,9.068965517241379
292,29,20,9.516129032258064
292,30,20,10.03125
292,31,21,10.090909090909092
292,32,22,11.0
292,33,21,10.972222222222221
292,34,22,10.972972972972974
293,0,0,0
293,1,0,0
293,2,0,0
293,3,0,2.0
293,4,0,2.0
293,5,0,2.0
293,6,0,3.0
293,7,0,3.0
293,8,0,3.8
293,9,0,3.8
293,10,0,4.166666666666667
293,11,0,4.166666666666667
293,12,0,5.142857142857143
293,13,0,5.625
293,14,2,5.625
293,15,3,6.363636363636363
293,16,3,6.363636363636363
293,17,2,6.166666666666667
293,18,2,6.571428571428571
293,19,5,7.2
293,20,0,7.470588235294118
293,21,0,7.470588235294118
293,22,2,8.238095238095237
293,23,4,7.954545454545454
293,24,7,8.25
293,25,5,8.038461538461538
293,26,10,8.428571428571429
293,27,11,8.310344827586206
293,28,12,8.7
293,29,16,9.3125
293,30,19,9.3125
293,31,19,9.764705882352942
293,32,21,10.17142857142857
293,33,22,10.166666666666666
293,34,24,10.675675675675675
294,0,0,0
294,1,0,0
294,2,0,0
294,3,0,3.0
294,4,0,3.5
294,5,0,3.5
294,6,0,3.5
294,7,0,4.666666666666667
294,8,0,5.5
294,9,0,6.0
294,10,0,6.0
294,11,0,6.333333333333333
294,12,0,7.142857142857143
294,13,0,7.142857142857143
294,14,0,7.142857142857143
294,15,0,7.75
294,16,0,8.555555555555555
294,17,2,8.555555555555555
294,18,3,8.545454545454545
294,19,5,8.545454545454545
294,20,0,9.428571428571429
294,21,1,9.066666666666666
294,22,2,9.736842105263158
294,23,5,9.736842105263158
294,24,6,9.727272727272727
294,25,0,9.727272727272727
294,26,0,10.04
294,27,6,9.73076923076923
294,28,14,10.222222222222221
294,29,14,9.964285714285714
294,30,16,10.3
294,31,16,10.3
294,32,15,11.212121212121213
294,33,16,11.212121212121213
294,34,17,11.685714285714285
295,0,0,0
295,1,0,0
295,2,0,2.0
295,3,0,2.5
295,4,0,2.5
295,5,0,3.3333333333333335
295,6,0,3.3333333333333335
295,7,0,4.25
295,8,0,5.0
295,9,0,5.0
295,10,0,5.0
295,11,0,6.0
295,12,0,6.714285714285714
295,13,0,6.714285714285714
295,14,0,6.125
295,15,0,7.0
295,16,0,7.8
295,17,1,7.181818181818182
295,18,3,7.384615384615385
295,19,7,8.142857142857142
295,20,0,7.866666666666666
295,21,2,9.058823529411764
295,22,2,8.833333333333334
295,23,6,8.473684210526315
295,24,11,8.857142857142858
295,25,9,9.0
295,26,10,9.0
295,27,13,9.857142857142858
295,28,18,9.862068965517242
295,29,20,9.866666666666667
295,30,19,10.848484848484848
295,31,22,10.848484848484848
295,32,23,11.257142857142858
295,33,23,11.222222222222221
295,34,26,12.105263157894736
296,0,0,0
296,1,0,0
296,2,0,2.0
296,3,0,2.0
296,4,0,2.0
296,5,0,3.0
296,6,0,3.0
296,7,0,3.75
296,8,0,4.2
296,9,0,4.666666666666667
296,10,0,4.666666666666667
296,11,0,5.142857142857143
296,12,0,5.625
296,13,0,5.625
296,14,0,5.625
296,15,0,6.9
296,16,0,6.9
296,17,2,7.545454545454546
296,18,2,7.6923076923076925
296,19,3,8.214285714285714
296,20,0,7.933333333333334
296,21,1,8.722222222222221
296,22,2,8.368421052631579
296,23,5,8.25
296,24,8,8.5
296,25,8,8.875
296,26,11,8.538461538461538
296,27,12,8.538461538461538
296,28,15,9.379310344827585
296,29,19,9.379310344827585
296,30,20,10.21875
296,31,21,10.21875
296,32,21,10.333333333333334
296,33,22,10.764705882352942
296,34,24,11.333333333333334
297,0,0,0
297,1,0,0
297,2,0,0
297,3,0,3.0
297,4,0,3.0
297,5,0,3.5
297,6,0,3.6666666666666665
297,7,0,3.6666666666666665
297,8,0,4.5
297,9,0,5.0
297,10,0,5.0
297,11,0,5.833333333333333
297,12,0,6.428571428571429
297,13,0,6.428571428571429
297,14,0,7.0
297,15,0,7.666666666666667
297,16,2,7.1
297,17,6,7.1
297,18,6,7.333333333333333
297,19,7,8.0
297,20,0,7.785714285714286
297,21,1,8.266666666666667
297,22,0,8.058823529411764
297,23,2,8.35
297,24,5,8.5
297,25,6,9.041666666666666
297,26,9,9.041666666666666
297,27,9,9.12
297,28,13,10.11111111111111
297,29,12,10.178571428571429
297,30,16,10.620689655172415
297,31,16,10.533333333333333
297,32,17,11.5
297,33,17,11.454545454545455
297,34,17,11.852941176470589
298,0,0,0
298,1,0,0
298,2,0,0
298,3,0,0
298,4,0,4.0
298,5,0,4.0
298,6,0,3.3333333333333335
298,7,0,4.8
298,8,0,4.8
298,9,0,5.5
298,10,0,5.857142857142857
298,11,0,5.857142857142857
298,12,2,6.0
298,13,4,6.4
298,14,6,6.666666666666667
298,15,6,6.666666666666667
298,16,5,7.071428571428571
298,17,5,7.533333333333333
298,18,6,7.5
298,19,6,7.944444444444445
298,20,0,8.45
298,21,0,8.45
298,22,0,8.652173913043478
298,23,2,8.652173913043478
298,24,5,8.961538461538462
298,25,7,9.285714285714286
298,26,15,9.068965517241379
298,27,20,9.516129032258064
298,28,20,9.375
298,29,23,9.705882352941176
298,30,23,9.628571428571428
298,31,23,10.13888888888889
298,32,22,10.789473684210526
298,33,22,10.789473684210526
298,34,24,11.45
299,0,0,0
299,1,0,0
299,2,0,0
299,3,0,2.5
299,4,0,2.5
299,5,0,3.0
299,6,0,3.75
299,7,0,3.75
299,8,0,3.75
299,9,0,5.0
299,10,0,4.571428571428571
299,11,0,4.571428571428571
299,12,0,5.4
299,13,1,5.4
299,14,4,5.090909090909091
299,15,6,5.090909090909091
299,16,8,6.357142857142857
299,17,12,6.357142857142857
299,18,12,6.266666666666667
299,19,13,6.9375
299,20,0,7.5
299,21,0,7.5
299,22,0,8.15
299,23,2,8.15
299,24,4,9.0
299,25,7,9.0
299,26,11,8.791666666666666
299,27,17,9.36
299,28,20,9.814814814814815
299,29,24,9.814814814814815
299,30,27,10.241379310344827
299,31,28,10.433333333333334
299,32,29,11.15625
299,33,30,11.666666666666666
299,34,30,11.617647058823529
300,0,0,0
300,1,0,0
300,2,0,2.0
300,3,0,2.0
300,4,0,3.0
300,5,0,3.0
300,6,0,4.0
300,7,0,4.75
300,8,0,4.75
300,9,0,4.75
300,10,0,6.5
300,11,0,6.5
300,12,1,6.5
300,13,2,5.857142857142857
300,14,7,7.444444444444445
300,15,6,7.1
300,16,8,7.818181818181818
300,17,7,7.583333333333333
300,18,10,8.307692307692308
300,19,9,8.8
300,20,0,8.8
300,21,0,8.75
300,22,0,9.055555555555555
300,23,3,8.904761904761905
300,24,8,8.608695652173912
300,25,9,9.653846153846153
300,26,16,9.357142857142858
300,27,24,9.862068965517242
300,28,26,10.193548387096774
300,29,27,10.193548387096774
300,30,27,10.575757575757576
300,31,28,11.088235294117647
300,32,28,11.028571428571428
300,33,31,11.527777777777779
300,34,30,12.236842105263158
301,0,0,0
301,1,0,0
301,2,0,2.0
301,3,0,2.0
301,4,0,3.0
301,5,0,3.6666666666666665
301,6,0,3.6666666666666665
301,7,0,3.6666666666666665
301,8,0,5.2
301,9,0,5.2
301,10,0,5.833333333333333
301,11,0,5.833333333333333
301,12,0,7.125
301,13,0,7.125
301,14,0,6.555555555555555
301,15,0,7.818181818181818
301,16,2,7.818181818181818
301,17,3,7.333333333333333
301,18,3,8.0
301,19,2,8.4
301,20,0,8.4
301,21,3,8.823529411764707
301,22,4,8.444444444444445
301,23,4,8.7
301,24,7,8.476190476190476
301,25,4,8.833333333333334
301,26,8,9.423076923076923
301,27,10,9.107142857142858
301,28,10,9.566666666666666
301,29,11,9.451612903225806
301,30,15,9.96875
301,31,14,10.411764705882353
301,32,16,10.314285714285715
301,33,19,10.833333333333334
301,34,19,11.289473684210526
302,0,0,0
302,1,0,0
302,2,0,0
302,3,0,3.0
302,4,0,3.0
302,5,0,3.0
302,6,0,4.0
302,7,0,4.0
302,8,0,4.8
302,9,0,4.8
302,10,0,5.333333333333333
302,11,0,5.857142857142857
302,12,0,6.25
302,13,0,6.666666666666667
302,14,0,6.454545454545454
302,15,0,6.454545454545454
302,16,0,6.615384615384615
302,17,0,7.071428571428571
302,18,0,7.533333333333333
302,19,0,7.533333333333333
302,20,0,8.470588235294118
302,21,0,7.7894736842105265
302,22,2,7.45
302,23,3,7.904761904761905
302,24,2,7.833333333333333
302,25,3,7.833333333333333
302,26,4,7.8
302,27,10,8.74074074074074
302,28,13,8.75
302,29,14,9.666666666666666
302,30,13,9.612903225806452
302,31,13,10.03125
302,32,12,10.411764705882353
302,33,12,10.411764705882353
302,34,12,11.216216216216216
303,0,0,0
303,1,0,0
303,2,0,0
303,3,0,0
303,4,0,4.0
303,5,0,4.0
303,6,0,4.0
303,7,0,5.5
303,8,0,5.5
303,9,0,6.2
303,10,0,6.2
303,11,0,6.75
303,12,2,6.75
303,13,1,6.9
303,14,5,7.454545454545454
303,15,5,7.166666666666667
303,16,6,7.166666666666667
303,17,8,7.714285714285714
303,18,11,8.133333333333333
303,19,12,8.529411764705882
303,20,0,8.444444444444445
303,21,0,8.421052631578947
303,22,0,9.428571428571429
303,23,1,9.454545454545455
303,24,2,9.791666666666666
303,25,4,9.423076923076923
303,26,6,10.344827586206897
303,27,10,10.3
303,28,14,10.709677419354838
303,29,17,10.78125
303,30,20,11.272727272727273
303,31,20,11.352941176470589
303,32,21,11.771428571428572
303,33,23,11.833333333333334
303,34,23,12.666666666666666
304,0,0,0
304,1,0,0
304,2,0,0
304,3,0,3.0
304,4,0,3.0
304,5,0,3.0
304,6,0,4.25
304,7,0,4.25
304,8,0,5.333333333333333
304,9,0,5.333333333333333
304,10,0,5.571428571428571
304,11,0,6.125
304,12,0,6.333333333333333
304,13,0,6.9
304,14,0,7.181818181818182
304,15,0,7.181818181818182
304,16,0,7.181818181818182
304,17,2,7.75
304,18,4,7.714285714285714
304,19,4,7.9375
304,20,0,7.705882352941177
304,21,2,7.7894736842105265
304,22,4,8.0
304,23,6,7.625
304,24,9,8.08
304,25,4,8.357142857142858
304,26,6,8.6
304,27,10,8.516129032258064
304,28,18,8.848484848484848
304,29,22,9.294117647058824
304,30,25,9.805555555555555
304,31,26,9.805555555555555
304,32,28,10.394736842105264
304,33,28,10.394736842105264
304,34,30,10.8
305,0,0,0
305,1,0,0
305,2,0,0
305,3,0,0
305,4,0,0
305,5,0,4.0
305,6,0,4.0
305,7,0,4.0
305,8,0,4.0
305,9,0,5.0
305,10,0,5.25
305,11,0,5.25
305,12,0,6.2
305,13,0,6.2
305,14,0,6.666666666666667
305,15,0,6.666666666666667
305,16,0,7.714285714285714
305,17,0,8.25
305,18,0,7.555555555555555
305,19,2,8.4
305,20,0,8.5
305,21,0,7.714285714285714
305,22,2,7.4
305,23,4,8.277777777777779
305,24,2,7.75
305,25,2,7.75
305,26,2,8.043478260869565
305,27,6,8.666666666666666
305,28,8,8.48
305,29,10,8.962962962962964
305,30,9,9.413793103448276
305,31,11,9.933333333333334
305,32,11,10.25
305,33,10,10.151515151515152
305,34,12,10.088235294117647
306,0,0,0
306,1,0,0
306,2,0,0
306,3,0,0
306,4,0,4.0
306,5,0,4.0
306,6,0,4.0
306,7,0,4.0
306,8,0,6.0
306,9,0,6.0
306,10,0,6.0
306,11,0,7.0
306,12,0,7.833333333333333
306,13,0,8.428571428571429
306,14,0,8.428571428571429
306,15,0,8.428571428571429
306,16,0,9.25
306,17,1,10.0
306,18,3,9.2
306,19,6,10.0
306,20,0,9.5
306,21,3,9.785714285714286
306,22,5,9.9375
306,23,7,9.529411764705882
306,24,7,9.55
306,25,11,10.142857142857142
306,26,17,10.291666666666666
306,27,21,10.291666666666666
306,28,22,10.73076923076923
306,29,24,11.25
306,30,26,11.310344827586206
306,31,25,11.903225806451612
306,32,25,11.903225806451612
306,33,24,12.911764705882353
306,34,24,12.911764705882353
307,0,0,0
307,1,0,0
307,2,0,0
307,3,0,3.0
307,4,0,3.0
307,5,0,3.0
307,6,0,3.6666666666666665
307,7,0,4.5
307,8,0,4.5
307,9,0,4.5
307,10,0,5.4
307,11,0,6.166666666666667
307,12,0,6.166666666666667
307,13,0,7.5
307,14,0,7.5
307,15,0,8.11111111111111
307,16,0,8.11111111111111
307,17,2,8.8
307,18,1,8.75
307,19,2,9.384615384615385
307,20,0,9.0
307,21,1,9.0
307,22,3,9.0
307,23,4,9.31578947368421
307,24,4,9.0
307,25,4,9.782608695652174
307,26,4,9.4
307,27,8,9.4
307,28,9,9.384615384615385
307,29,11,10.464285714285714
307,30,11,10.379310344827585
307,31,11,10.9
307,32,10,11.375
307,33,11,11.375
307,34,10,11.794117647058824
308,0,0,0
308,1,0,0
308,2,0,0
308,3,0,0
308,4,0,4.0
308,5,0,4.0
308,6,0,5.0
308,7,0,5.0
308,8,0,5.0
308,9,0,5.0
308,10,0,6.333333333333333
308,11,0,6.333333333333333
308,12,0,6.333333333333333
308,13,0,7.625
308,14,0,7.625
308,15,0,8.6
308,16,0,8.6
308,17,1,8.6
308,18,2,8.5
308,19,6,9.153846153846153
308,20,0,8.785714285714286
308,21,1,9.466666666666667
308,22,2,9.222222222222221
308,23,6,8.842105263157896
308,24,12,9.19047619047619
308,25,11,9.304347826086957
308,26,14,9.125
308,27,16,9.333333333333334
308,28,18,9.724137931034482
308,29,21,9.724137931034482
308,30,22,9.8
308,31,23,10.75
308,32,22,10.848484848484848
308,33,22,11.382352941176471
308,34,23,11.916666666666666
309,0,0,0
309,1,0,0
309,2,0,0
309,3,0,0
309,4,0,0
309,5,0,3.5
309,6,0,3.5
309,7,0,3.5
309,8,0,4.0
309,9,0,5.0
309,10,0,5.0
309,11,0,5.6
309,12,0,5.6
309,13,0,6.714285714285714
309,14,0,6.714285714285714
309,15,0,7.25
309,16,0,7.25
309,17,0,8.4
309,18,0,8.4
309,19,0,8.4
309,20,0,9.583333333333334
309,21,0,9.0
309,22,0,9.0
309,23,2,9.266666666666667
309,24,3,9.411764705882353
309,25,0,9.411764705882353
309,26,0,9.3
309,27,5,9.047619047619047
309,28,9,9.681818181818182
309,29,11,9.833333333333334
309,30,13,10.4
309,31,15,10.192307692307692
309,32,18,10.666666666666666
309,33,17,10.535714285714286
309,34,18,11.137931034482758
310,0,0,0
310,1,0,0
310,2,0,0
310,3,0,0
310,4,0,4.0
310,5,0,4.0
310,6,0,4.0
310,7,0,4.0
310,8,0,5.75
310,9,0,5.75
310,10,0,6.2
310,11,0,6.2
310,12,0,7.166666666666667
310,13,0,7.166666666666667
310,14,0,8.375
310,15,0,8.375
310,16,0,8.375
310,17,0,8.5
310,18,2,9.090909090909092
310,19,3,8.5
310,20,0,9.857142857142858
310,21,0,9.125
310,22,3,8.823529411764707
310,23,4,8.444444444444445
310,24,5,8.954545454545455
310,25,4,8.954545454545455
310,26,9,9.538461538461538
310,27,13,9.481481481481481
310,28,14,9.481481481481481
310,29,19,10.068965517241379
310,30,20,10.35483870967742
310,31,21,10.35483870967742
310,32,23,10.3125
310,33,23,10.764705882352942
310,34,23,11.17142857142857
311,0,0,0
311,1,0,0
311,2,0,0
311,3,0,3.0
311,4,0,3.5
311,5,0,3.5
311,6,0,4.75
311,7,0,4.75
311,8,0,5.2
311,9,0,5.5
311,10,0,5.5
311,11,0,6.0
311,12,0,6.625
311,13,0,6.625
311,14,2,6.625
311,15,3,6.6
311,16,4,7.2727272727272725
311,17,5,7.461538461538462
311,18,9,7.461538461538462
311,19,11,7.8
311,20,0,8.4375
311,21,0,8.352941176470589
311,22,0,8.473684210526315
311,23,0,8.25
311,24,0,9.304347826086957
311,25,2,9.0
311,26,6,8.72
311,27,11,9.307692307692308
311,28,14,9.821428571428571
311,29,14,9.821428571428571
311,30,17,10.903225806451612
311,31,18,10.903225806451612
311,32,18,11.242424242424242
311,33,19,11.705882352941176
311,34,19,11.942857142857143
312,0,0,0
312,1,0,0
312,2,0,0
312,3,0,0
312,4,0,4.0
312,5,0,4.0
312,6,0,4.0
312,7,0,4.0
312,8,0,5.25
312,9,0,5.25
312,10,0,5.25
312,11,0,5.4
312,12,0,6.333333333333333
312,13,0,5.714285714285714
312,14,0,6.1
312,15,2,6.1
312,16,1,6.416666666666667
312,17,1,6.769230769230769
312,18,2,7.133333333333334
312,19,3,7.352941176470588
312,20,0,7.352941176470588
312,21,0,7.7368421052631575
312,22,3,7.857142857142857
312,23,5,8.409090909090908
312,24,6,8.458333333333334
312,25,6,8.16
312,26,11,8.518518518518519
312,27,13,8.518518518518519
312,28,16,8.931034482758621
312,29,19,8.931034482758621
312,30,22,9.516129032258064
312,31,24,9.875
312,32,25,9.878787878787879
312,33,25,10.264705882352942
312,34,24,10.805555555555555
313,0,0,0
313,1,0,0
313,2,0,0
313,3,0,2.0
313,4,0,2.0
313,5,0,3.0
313,6,0,3.0
313,7,0,3.5
313,8,0,3.5
313,9,0,4.4
313,10,0,4.4
313,11,0,5.571428571428571
313,12,0,5.571428571428571
313,13,0,5.571428571428571
313,14,0,6.25
313,15,0,7.0
313,16,0,7.0
313,17,0,7.7
313,18,0,8.454545454545455
313,19,0,8.454545454545455
313,20,0,7.916666666666667
313,21,0,8.071428571428571
313,22,0,8.3125
313,23,0,8.882352941176471
313,24,0,8.105263157894736
313,25,0,8.75
313,26,2,9.045454545454545
313,27,5,9.333333333333334
313,28,8,9.333333333333334
313,29,8,9.653846153846153
313,30,8,10.035714285714286
313,31,10,10.035714285714286
313,32,9,10.433333333333334
313,33,8,10.8125
313,34,9,10.8125
314,0,0,0
314,1,0,0
314,2,0,0
314,3,0,0
314,4,0,3.0
314,5,0,3.0
314,6,0,3.0
314,7,0,3.0
314,8,0,4.5
314,9,0,4.5
314,10,0,5.6
314,11,0,5.6
314,12,0,6.0
314,13,0,6.0
314,14,0,7.0
314,15,0,7.5
314,16,0,8.333333333333334
314,17,2,8.0
314,18,6,8.583333333333334
314,19,9,8.153846153846153
314,20,0,8.153846153846153
314,21,1,8.466666666666667
314,22,0,8.705882352941176
314,23,2,8.705882352941176
314,24,8,9.19047619047619
314,25,10,9.19047619047619
314,26,14,8.73913043478261
314,27,16,8.833333333333334
314,28,22,9.923076923076923
314,29,21,10.0
314,30,22,10.107142857142858
314,31,21,10.766666666666667
314,32,23,11.161290322580646
314,33,23,11.25
314,34,24,11.666666666666666
315,0,0,0
315,1,0,0
315,2,0,0
315,3,0,3.0
315,4,0,3.0
315,5,0,3.0
315,6,0,4.0
315,7,0,4.0
315,8,0,5.2
315,9,0,5.2
315,10,0,5.2
315,11,0,6.0
315,12,0,6.571428571428571
315,13,0,6.571428571428571
315,14,0,6.571428571428571
315,15,0,6.777777777777778
315,16,0,7.5
315,17,0,7.5
315,18,0,8.272727272727273
315,19,0,8.916666666666666
315,20,0,8.916666666666666
315,21,0,9.071428571428571
315,22,0,9.8
315,23,0,9.8
315,24,0,10.5
315,25,0,10.5
315,26,0,11.235294117647058
315,27,0,11.88888888888889
315,28,1,11.88888888888889
315,29,0,12.05
315,30,4,12.714285714285714
315,31,5,12.318181818181818
315,32,6,12.318181818181818
315,33,8,13.32
315,34,9,13.32
316,0,0,0
316,1,0,0
316,2,0,0
316,3,0,0
316,4,0,4.0
316,5,0,3.5
316,6,0,3.5
316,7,0,4.75
316,8,0,4.75
316,9,0,4.75
316,10,0,4.75
316,11,0,6.0
316,12,0,6.0
316,13,0,6.857142857142857
316,14,0,6.857142857142857
316,15,2,7.5
316,16,3,7.5
316,17,2,7.090909090909091
316,18,2,8.307692307692308
316,19,2,8.071428571428571
316,20,0,8.071428571428571
316,21,0,8.6875
316,22,2,8.833333333333334
316,23,4,8.857142857142858
316,24,4,8.857142857142858
316,25,1,9.083333333333334
316,26,3,9.56
316,27,4,9.481481481481481
316,28,7,10.0
316,29,9,10.03448275862069
316,30,13,10.533333333333333
316,31,12,10.483870967741936
316,32,14,11.03125
316,33,14,10.969696969696969
316,34,13,11.371428571428572
317,0,0,0
317,1,0,0
317,2,0,0
317,3,0,0
317,4,0,3.0
317,5,0,3.5
317,6,0,4.0
317,7,0,4.5
317,8,0,4.5
317,9,0,5.0
317,10,0,5.0
317,11,0,5.142857142857143
317,12,0,5.142857142857143
317,13,0,5.75
317,14,0,6.444444444444445
317,15,1,6.444444444444445
317,16,1,6.545454545454546
317,17,2,6.545454545454546
317,18,3,7.571428571428571
317,19,4,7.571428571428571
317,20,0,7.4
317,21,0,8.055555555555555
317,22,3,7.947368421052632
317,23,7,8.142857142857142
317,24,11,8.142857142857142
317,25,10,8.68
317,26,14,8.68
317,27,16,9.071428571428571
317,28,17,9.466666666666667
317,29,18,9.466666666666667
317,30,22,10.333333333333334
317,31,24,10.333333333333334
317,32,26,10.323529411764707
317,33,26,11.25
317,34,25,11.405405405405405
318,0,0,0
318,1,0,0
318,2,0,0
318,3,0,3.0
318,4,0,3.0
318,5,0,3.0
318,6,0,4.0
318,7,0,4.0
318,8,0,5.0
318,9,0,5.0
318,10,0,5.666666666666667
318,11,0,5.666666666666667
318,12,0,5.75
318,13,2,6.444444444444445
318,14,1,6.636363636363637
318,15,1,7.166666666666667
318,16,0,7.357142857142857
318,17,1,7.357142857142857
318,18,3,7.266666666666667
318,19,2,7.588235294117647
318,20,0,8.11111111111111
318,21,0,7.7
318,22,0,7.7
318,23,1,8.227272727272727
318,24,3,8.782608695652174
318,25,5,8.28
318,26,8,8.592592592592593
318,27,12,8.464285714285714
318,28,17,8.833333333333334
318,29,21,8.833333333333334
318,30,20,9.34375
318,31,23,9.787878787878787
318,32,22,10.285714285714286
318,33,22,10.694444444444445
318,34,23,10.675675675675675
319,0,0,0
319,1,0,0
319,2,0,0
319,3,0,0
319,4,0,3.0
319,5,0,3.0
319,6,0,3.0
319,7,0,3.0
319,8,0,4.8
319,9,0,4.8
319,10,0,5.666666666666667
319,11,0,6.142857142857143
319,12,0,6.142857142857143
319,13,0,7.222222222222222
319,14,0,7.222222222222222
319,15,0,7.8
319,16,0,8.272727272727273
319,17,0,8.272727272727273
319,18,1,7.75
319,19,1,8.307692307692308
319,20,0,8.533333333333333
319,21,0,8.0625
319,22,0,8.052631578947368
319,23,0,8.142857142857142
319,24,1,8.142857142857142
319,25,0,8.391304347826088
319,26,6,8.346153846153847
319,27,9,8.346153846153847
319,28,11,8.148148148148149
319,29,14,8.678571428571429
319,30,13,9.033333333333333
319,31,15,9.033333333333333
319,32,17,9.5
319,33,18,9.969696969696969
319,34,20,9.941176470588236
320,0,0,0
320,1,0,0
320,2,0,2.0
320,3,0,2.0
320,4,0,3.0
320,5,0,3.0
320,6,0,3.0
320,7,0,3.0
320,8,0,4.2
320,9,0,4.2
320,10,0,4.2
320,11,0,4.2
320,12,0,5.714285714285714
320,13,0,5.714285714285714
320,14,0,5.714285714285714
320,15,0,6.5
320,16,1,7.333333333333333
320,17,1,6.8
320,18,3,7.454545454545454
320,19,3,7.166666666666667
320,20,0,7.923076923076923
320,21,0,7.714285714285714
320,22,0,8.4
320,23,3,8.0
320,24,5,8.666666666666666
320,25,6,8.368421052631579
320,26,11,8.904761904761905
320,27,12,9.347826086956522
320,28,15,9.88
320,29,17,9.88
320,30,22,10.592592592592593
320,31,24,10.592592592592593
320,32,23,11.275862068965518
320,33,24,11.866666666666667
320,34,23,11.96774193548387
321,0,0,0
321,1,0,0
321,2,0,2.0
321,3,0,2.0
321,4,0,3.0
321,5,0,3.0
321,6,0,3.6666666666666665
321,7,0,3.6666666666666665
321,8,0,4.75
321,9,0,4.75
321,10,0,5.6
321,11,0,5.6
321,12,0,6.5
321,13,0,6.5
321,14,0,7.285714285714286
321,15,0,7.285714285714286
321,16,0,8.25
321,17,0,8.25
321,18,0,8.4
321,19,0,9.272727272727273
321,20,0,9.272727272727273
321,21,0,8.666666666666666
321,22,1,9.466666666666667
321,23,1,9.0
321,24,0,8.647058823529411
321,25,2,8.842105263157896
321,26,2,8.909090909090908
321,27,7,8.909090909090908
321,28,11,9.291666666666666
321,29,17,9.8
321,30,16,9.653846153846153
321,31,16,9.653846153846153
321,32,16,10.689655172413794
321,33,17,10.689655172413794
321,34,18,10.6
322,0,0,0
322,1,0,0
322,2,0,2.0
322,3,0,2.0
322,4,0,2.0
322,5,0,2.0
322,6,0,3.6666666666666665
322,7,0,3.6666666666666665
322,8,0,4.5
322,9,0,5.0
322,10,0,5.0
322,11,0,5.666666666666667
322,12,0,5.666666666666667
322,13,2,6.75
322,14,3,6.222222222222222
322,15,4,6.222222222222222
322,16,6,6.636363636363637
322,17,6,7.25
322,18,6,7.153846153846154
322,19,6,7.533333333333333
322,20,0,8.125
322,21,0,8.117647058823529
322,22,1,7.722222222222222
322,23,5,8.157894736842104
322,24,7,8.181818181818182
322,25,10,8.375
322,26,18,8.24
322,27,19,8.115384615384615
322,28,20,9.0
322,29,22,9.0
322,30,22,8.966666666666667
322,31,22,8.966666666666667
322,32,23,10.181818181818182
322,33,23,10.181818181818182
322,34,22,10.323529411764707
323,0,0,0
323,1,0,0
323,2,0,0
323,3,0,2.0
323,4,0,3.0
323,5,0,3.0
323,6,0,4.0
323,7,0,4.0
323,8,0,4.4
323,9,0,4.4
323,10,0,5.0
323,11,1,4.428571428571429
323,12,3,5.666666666666667
323,13,4,5.4
323,14,6,5.833333333333333
323,15,6,6.3076923076923075
323,16,5,6.214285714285714
323,17,7,6.733333333333333
323,18,6,7.235294117647059
323,19,8,7.684210526315789
323,20,0,8.15
323,21,0,8.19047619047619
323,22,1,8.0
323,23,4,8.73076923076923
323,24,4,8.518518518518519
323,25,6,8.535714285714286
323,26,7,8.366666666666667
323,27,10,9.28125
323,28,11,9.303030303030303
323,29,16,9.764705882352942
323,30,15,9.971428571428572
323,31,14,10.324324324324325
323,32,15,10.324324324324325
323,33,17,10.76923076923077
323,34,17,10.76923076923077
324,0,0,0
324,1,0,0
324,2,0,2.0
324,3,0,2.0
324,4,0,2.0
324,5,0,3.0
324,6,0,3.0
324,7,0,3.0
324,8,0,3.75
324,9,0,3.75
324,10,0,3.75
324,11,0,4.2
324,12,0,5.166666666666667
324,13,0,5.166666666666667
324,14,0,5.571428571428571
324,15,0,5.571428571428571
324,16,0,6.625
324,17,0,7.0
324,18,0,7.8
324,19,0,7.8
324,20,0,7.8
324,21,1,8.363636363636363
324,22,2,8.615384615384615
324,23,2,8.615384615384615
324,24,1,8.285714285714286
324,25,1,9.294117647058824
324,26,3,8.88888888888889
324,27,7,9.4
324,28,10,9.142857142857142
324,29,11,9.681818181818182
324,30,12,10.125
324,31,13,10.125
324,32,12,10.5
324,33,13,11.11111111111111
324,34,12,11.071428571428571
325,0,0,0
325,1,0,0
325,2,0,2.0
325,3,0,2.5
325,4,0,2.5
325,5,0,2.6666666666666665
325,6,0,2.6666666666666665
325,7,0,4.0
325,8,0,3.6666666666666665
325,9,0,3.6666666666666665
325,10,0,5.0
325,11,0,5.0
325,12,0,5.0
325,13,0,5.0
325,14,0,6.4
325,15,0,6.4
325,16,0,6.4
325,17,0,6.4
325,18,0,7.833333333333333
325,19,0,7.833333333333333
325,20,0,7.833333333333333
325,21,1,8.615384615384615
325,22,1,8.866666666666667
325,23,3,8.866666666666667
325,24,6,8.176470588235293
325,25,3,8.833333333333334
325,26,5,9.0
325,27,7,8.772727272727273
325,28,15,9.347826086956522
325,29,16,9.166666666666666
325,30,15,10.222222222222221
325,31,15,10.222222222222221
325,32,14,10.107142857142858
325,33,14,10.689655172413794
325,34,13,11.129032258064516
326,0,0,0
326,1,0,0
326,2,0,0
326,3,0,0
326,4,0,4.0
326,5,0,4.0
326,6,0,4.0
326,7,0,5.0
326,8,0,5.75
326,9,0,6.4
326,10,0,6.4
326,11,0,7.0
326,12,0,7.571428571428571
326,13,0,7.571428571428571
326,14,0,7.571428571428571
326,15,0,9.0
326,16,0,9.0
326,17,0,9.6
326,18,0,10.272727272727273
326,19,0,10.833333333333334
326,20,0,10.076923076923077
326,21,0,10.642857142857142
326,22,1,10.642857142857142
326,23,1,10.75
326,24,2,10.368421052631579
326,25,0,10.368421052631579
326,26,1,10.05
326,27,9,10.318181818181818
326,28,10,10.541666666666666
326,29,11,10.541666666666666
326,30,13,10.28
326,31,15,11.214285714285714
326,32,15,11.214285714285714
326,33,15,11.068965517241379
326,34,16,12.225806451612904
327,0,0,0
327,1,0,0
327,2,0,0
327,3,0,0
327,4,0,0
327,5,0,4.0
327,6,0,4.0
327,7,0,4.0
327,8,0,5.0
327,9,0,5.5
327,10,0,6.2
327,11,0,6.2
327,12,0,6.666666666666667
327,13,0,7.285714285714286
327,14,0,7.285714285714286
327,15,0,7.875
327,16,0,7.222222222222222
327,17,0,7.833333333333333
327,18,0,7.833333333333333
327,19,0,8.461538461538462
327,20,0,8.928571428571429
327,21,2,8.875
327,22,2,8.88888888888889
327,23,1,8.578947368421053
327,24,1,8.35
327,25,0,9.227272727272727
327,26,2,9.08695652173913
327,27,3,8.791666666666666
327,28,4,9.32
327,29,5,9.518518518518519
327,30,8,9.964285714285714
327,31,8,9.89655172413793
327,32,8,10.3
327,33,10,10.193548387096774
327,34,12,10.606060606060606
328,0,0,0
328,1,0,0
328,2,0,0
328,3,0,3.0
328,4,0,3.5
328,5,0,3.5
328,6,0,3.0
328,7,0,4.4
328,8,0,4.4
328,9,0,5.0
328,10,0,5.0
328,11,0,5.857142857142857
328,12,0,5.857142857142857
328,13,0,7.222222222222222
328,14,0,7.222222222222222
328,15,0,7.9
328,16,0,7.9
328,17,0,8.916666666666666
328,18,0,8.916666666666666
328,19,0,8.916666666666666
328,20,0,9.538461538461538
328,21,0,10.142857142857142
328,22,0,10.733333333333333
328,23,0,10.125
328,24,4,9.647058823529411
328,25,4,10.45
328,26,4,10.095238095238095
328,27,9,9.818181818181818
328,28,9,9.608695652173912
328,29,14,10.8
328,30,13,10.653846153846153
328,31,13,10.518518518518519
328,32,15,10.518518518518519
328,33,17,11.6
328,34,19,11.580645161290322
329,0,0,0
329,1,0,0
329,2,0,2.0
329,3,0,2.0
329,4,0,2.5
329,5,0,2.5
329,6,0,3.3333333333333335
329,7,0,4.0
329,8,0,4.0
329,9,0,4.0
329,10,0,5.5
329,11,0,5.5
329,12,0,6.285714285714286
329,13,0,5.625
329,14,0,6.9
329,15,0,6.9
329,16,0,7.545454545454546
329,17,0,8.166666666666666
329,18,0,8.166666666666666
329,19,2,8.76923076923077
329,20,0,8.285714285714286
329,21,1,9.0
329,22,2,8.88888888888889
329,23,6,8.88888888888889
329,24,10,8.5
329,25,7,9.142857142857142
329,26,8,9.416666666666666
329,27,12,9.923076923076923
329,28,16,9.923076923076923
329,29,21,9.814814814814815
329,30,21,10.310344827586206
329,31,23,10.9
329,32,23,10.96774193548387
329,33,23,11.53125
329,34,22,12.058823529411764
330,0,0,0
330,1,0,0
330,2,0,0
330,3,0,3.0
330,4,0,3.0
330,5,0,4.0
330,6,0,4.0
330,7,0,4.0
330,8,0,4.0
330,9,0,4.833333333333333
330,10,0,4.833333333333333
330,11,0,5.75
330,12,0,5.75
330,13,0,5.75
330,14,0,6.9
330,15,0,6.9
330,16,0,7.2727272727272725
330,17,0,7.2727272727272725
330,18,0,8.083333333333334
330,19,0,8.071428571428571
330,20,0,8.071428571428571
330,21,0,8.8
330,22,0,9.3125
330,23,1,9.3125
330,24,1,9.61111111111111
330,25,1,9.210526315789474
330,26,5,10.136363636363637
330,27,8,9.826086956521738
330,28,12,9.826086956521738
330,29,11,9.625
330,30,16,10.807692307692308
330,31,16,10.62962962962963
330,32,17,10.62962962962963
330,33,16,11.10344827586207
330,34,16,11.7
331,0,0,0
331,1,0,0
331,2,0,2.0
331,3,0,2.0
331,4,0,2.6666666666666665
331,5,0,2.6666666666666665
331,6,0,2.6666666666666665
331,7,0,3.25
331,8,0,3.8
331,9,0,3.8
331,10,0,3.8
331,11,0,4.333333333333333
331,12,0,5.142857142857143
331,13,0,5.142857142857143
331,14,0,5.625
331,15,0,5.625
331,16,0,6.555555555555555
331,17,0,7.1
331,18,0,7.7272727272727275
331,19,1,7.25
331,20,0,7.769230769230769
331,21,0,7.625
331,22,3,7.294117647058823
331,23,5,7.7368421052631575
331,24,5,8.25
331,25,4,7.863636363636363
331,26,4,7.863636363636363
331,27,7,8.291666666666666
331,28,8,8.807692307692308
331,29,12,8.807692307692308
331,30,14,9.178571428571429
331,31,17,9.655172413793103
331,32,16,9.666666666666666
331,33,16,10.125
331,34,19,10.575757575757576
332,0,0,0
332,1,0,0
332,2,0,2.0
332,3,0,2.0
332,4,0,2.0
332,5,0,3.5
332,6,0,3.5
332,7,0,4.0
332,8,0,4.0
332,9,0,4.5
332,10,0,5.142857142857143
332,11,0,5.142857142857143
332,12,0,5.142857142857143
332,13,0,6.333333333333333
332,14,0,6.333333333333333
332,15,0,6.333333333333333
332,16,0,7.0
332,17,1,7.636363636363637
332,18,2,7.166666666666667
332,19,7,7.846153846153846
332,20,0,8.133333333333333
332,21,0,8.133333333333333
332,22,1,7.9375
332,23,3,8.277777777777779
332,24,5,8.8
332,25,9,8.8
332,26,12,8.272727272727273
332,27,14,8.91304347826087
332,28,16,9.36
332,29,17,10.0
332,30,20,10.0
332,31,19,10.620689655172415
332,32,19,11.166666666666666
332,33,18,11.290322580645162
332,34,18,11.78125
333,0,0,0
333,1,0,0
333,2,0,0
333,3,0,3.0
333,4,0,3.0
333,5,0,3.6666666666666665
333,6,0,3.6666666666666665
333,7,0,3.4
333,8,0,3.4
333,9,0,4.333333333333333
333,10,0,4.333333333333333
333,11,0,5.0
333,12,0,5.75
333,13,0,5.75
333,14,0,6.444444444444445
333,15,0,6.9
333,16,0,7.545454545454546
333,17,0,8.0
333,18,1,7.538461538461538
333,19,6,7.538461538461538
333,20,0,7.866666666666666
333,21,1,8.375
333,22,2,8.421052631578947
333,23,6,8.421052631578947
333,24,10,7.904761904761905
333,25,10,8.916666666666666
333,26,10,8.615384615384615
333,27,15,8.615384615384615
333,28,17,9.071428571428571
333,29,19,9.517241379310345
333,30,22,10.096774193548388
333,31,22,10.096774193548388
333,32,21,10.21875
333,33,23,11.205882352941176
333,34,23,11.342857142857143
334,0,0,0
334,1,0,0
334,2,0,2.0
334,3,0,2.0
334,4,0,3.0
334,5,0,3.0
334,6,0,3.5
334,7,0,3.5
334,8,0,4.2
334,9,0,4.2
334,10,0,5.0
334,11,0,5.0
334,12,0,5.714285714285714
334,13,0,5.714285714285714
334,14,1,6.777777777777778
334,15,0,6.3
334,16,0,6.3
334,17,1,6.666666666666667
334,18,1,7.3076923076923075
334,19,0,7.0
334,20,0,8.0625
334,21,1,7.882352941176471
334,22,3,7.611111111111111
334,23,3,8.428571428571429
334,24,4,8.181818181818182
334,25,3,8.583333333333334
334,26,4,8.807692307692308
334,27,3,8.535714285714286
334,28,6,8.535714285714286
334,29,8,9.290322580645162
334,30,13,9.290322580645162
334,31,14,9.21875
334,32,17,9.21875
334,33,19,10.228571428571428
334,34,19,10.228571428571428
335,0,0,0
335,1,0,0
335,2,0,0
335,3,0,3.0
335,4,0,3.0
335,5,0,3.6666666666666665
335,6,0,4.25
335,7,0,4.25
335,8,0,5.333333333333333
335,9,0,5.333333333333333
335,10,0,5.857142857142857
335,11,0,6.375
335,12,0,5.777777777777778
335,13,0,6.4
335,14,1,6.4
335,15,2,6.583333333333333
335,16,2,6.3076923076923075
335,17,3,6.785714285714286
335,18,2,7.1875
335,19,4,7.1875
335,20,0,7.117647058823529
335,21,3,8.210526315789474
335,22,3,7.857142857142857
335,23,6,8.318181818181818
335,24,8,8.0
335,25,5,8.56
335,26,8,8.518518518518519
335,27,14,9.517241379310345
335,28,17,9.533333333333333
335,29,21,9.533333333333333
335,30,20,10.09375
335,31,21,10.545454545454545
335,32,20,10.5
335,33,22,11.028571428571428
335,34,21,11.621621621621621
336,0,0,0
336,1,0,0
336,2,0,2.0
336,3,0,2.0
336,4,0,2.0
336,5,0,3.0
336,6,0,3.5
336,7,0,3.6
336,8,0,3.857142857142857
336,9,0,3.857142857142857
336,10,0,4.25
336,11,0,4.25
336,12,0,5.2
336,13,0,5.2
336,14,0,5.636363636363637
336,15,0,5.636363636363637
336,16,1,5.923076923076923
336,17,2,6.428571428571429
336,18,5,6.6875
336,19,7,6.6875
336,20,0,6.588235294117647
336,21,1,7.631578947368421
336,22,2,7.55
336,23,6,7.7727272727272725
336,24,7,7.5
336,25,6,8.0
336,26,12,7.892857142857143
336,27,20,8.366666666666667
336,28,25,8.366666666666667
336,29,30,8.875
336,30,32,8.875
336,31,31,9.742857142857142
336,32,32,9.742857142857142
336,33,31,10.162162162162161
336,34,33,10.605263157894736
337,0,0,0
337,1,0,0
337,2,0,2.0
337,3,0,2.0
337,4,0,3.0
337,5,0,3.6666666666666665
337,6,0,3.6666666666666665
337,7,0,3.6666666666666665
337,8,0,4.75
337,9,0,5.6
337,10,0,4.833333333333333
337,11,0,5.714285714285714
337,12,2,5.714285714285714
337,13,4,6.0
337,14,9,6.7
337,15,10,7.0
337,16,11,7.538461538461538
337,17,12,7.428571428571429
337,18,15,7.875
337,19,17,8.411764705882353
337,20,0,8.842105263157896
337,21,1,8.85
337,22,1,9.083333333333334
337,23,2,9.083333333333334
337,24,1,8.653846153846153
337,25,5,9.148148148148149
337,26,12,9.2
337,27,16,9.35483870967742
337,28,20,10.264705882352942
337,29,26,10.314285714285715
337,30,27,10.36111111111111
337,31,28,10.868421052631579
337,32,30,11.1
337,33,32,11.1
337,34,34,11.5
338,0,0,0
338,1,0,0
338,2,0,2.0
338,3,0,2.0
338,4,0,3.0
338,5,0,3.6666666666666665
338,6,0,3.6666666666666665
338,7,0,3.6666666666666665
338,8,0,4.75
338,9,0,5.6
338,10,0,5.6
338,11,0,6.857142857142857
338,12,0,6.857142857142857
338,13,0,7.375
338,14,0,8.0
338,15,0,7.3
338,16,1,7.3
338,17,3,8.153846153846153
338,18,4,8.153846153846153
338,19,6,7.857142857142857
338,20,0,9.0
338,21,0,8.764705882352942
338,22,0,8.894736842105264
338,23,3,9.285714285714286
338,24,10,9.285714285714286
338,25,10,9.25
338,26,12,9.0
338,27,13,9.931034482758621
338,28,15,9.931034482758621
338,29,16,10.35483870967742
338,30,19,10.8125
338,31,20,10.727272727272727
338,32,22,10.727272727272727
338,33,22,11.61111111111111
338,34,22,11.61111111111111
339,0,0,0
339,1,0,0
339,2,0,0
339,3,0,0
339,4,0,3.0
339,5,0,3.0
339,6,0,3.0
339,7,0,4.0
339,8,0,4.25
339,9,0,4.25
339,10,0,5.2
339,11,0,5.2
339,12,0,5.5
339,13,0,6.0
339,14,0,6.0
339,15,0,6.5
339,16,0,6.5
339,17,0,7.0
339,18,0,7.0
339,19,0,6.666666666666667
339,20,0,7.857142857142857
339,21,1,7.533333333333333
339,22,2,7.823529411764706
339,23,2,7.555555555555555
339,24,4,7.95
339,25,5,8.363636363636363
339,26,7,8.125
339,27,9,8.52
339,28,11,8.88888888888889
339,29,15,8.88888888888889
339,30,18,9.733333333333333
339,31,18,9.67741935483871
339,32,19,9.67741935483871
339,33,21,10.181818181818182
339,34,22,10.588235294117647
340,0,0,0
340,1,0,0
340,2,0,2.0
340,3,0,2.5
340,4,0,2.5
340,5,0,3.0
340,6,0,3.0
340,7,0,4.0
340,8,0,4.6
340,9,0,5.333333333333333
340,10,0,5.333333333333333
340,11,0,5.857142857142857
340,12,0,5.857142857142857
340,13,0,7.111111111111111
340,14,0,7.111111111111111
340,15,0,7.7
340,16,0,7.7
340,17,0,8.454545454545455
340,18,0,8.454545454545455
340,19,1,8.928571428571429
340,20,0,8.928571428571429
340,21,2,8.1875
340,22,1,8.105263157894736
340,23,1,8.6
340,24,1,8.227272727272727
340,25,0,9.166666666666666
340,26,0,8.807692307692308
340,27,0,8.592592592592593
340,28,3,9.071428571428571
340,29,5,9.366666666666667
340,30,5,9.161290322580646
340,31,5,9.161290322580646
340,32,5,9.484848484848484
340,33,6,9.882352941176471
340,34,5,9.8
341,0,0,0
341,1,0,0
341,2,0,0
341,3,0,3.0
341,4,0,3.0
341,5,0,3.0
341,6,0,4.0
341,7,0,4.75
341,8,0,4.75
341,9,0,5.6
341,10,0,5.6
341,11,1,6.857142857142857
341,12,0,6.25
341,13,2,6.25
341,14,5,6.7
341,15,8,7.363636363636363
341,16,11,7.083333333333333
341,17,14,7.6923076923076925
341,18,15,7.571428571428571
341,19,20,8.647058823529411
341,20,0,8.555555555555555
341,21,3,9.105263157894736
341,22,4,9.523809523809524
341,23,3,9.73913043478261
341,24,5,9.73913043478261
341,25,4,9.692307692307692
341,26,11,10.185185185185185
341,27,15,10.3
341,28,27,10.774193548387096
341,29,34,10.59375
341,30,38,10.59375
341,31,40,10.941176470588236
341,32,41,11.428571428571429
341,33,40,11.81081081081081
341,34,39,12.052631578947368
342,0,0,0
342,1,0,0
342,2,0,0
342,3,0,0
342,4,0,4.0
342,5,0,4.0
342,6,0,4.0
342,7,0,4.0
342,8,0,5.333333333333333
342,9,0,5.75
342,10,0,5.75
342,11,0,6.8
342,12,1,6.0
342,13,1,6.571428571428571
342,14,2,6.888888888888889
342,15,2,6.6
342,16,3,7.181818181818182
342,17,5,6.916666666666667
342,18,8,7.428571428571429
342,19,11,7.428571428571429
342,20,0,7.875
342,21,0,8.333333333333334
342,22,0,7.947368421052632
342,23,3,7.954545454545454
342,24,6,8.125
342,25,5,7.923076923076923
342,26,12,8.428571428571429
342,27,15,8.3
342,28,18,9.272727272727273
342,29,20,9.272727272727273
342,30,23,9.714285714285714
342,31,23,9.833333333333334
342,32,24,10.297297297297296
342,33,24,10.473684210526315
342,34,23,10.775
343,0,0,0
343,1,0,0
343,2,0,2.0
343,3,0,2.5
343,4,0,3.0
343,5,0,3.0
343,6,0,3.0
343,7,0,4.0
343,8,0,4.6
343,9,0,5.333333333333333
343,10,0,5.857142857142857
343,11,0,5.777777777777778
343,12,0,5.818181818181818
343,13,1,6.25
343,14,2,5.923076923076923
343,15,2,6.357142857142857
343,16,2,6.6875
343,17,3,6.6875
343,18,5,7.055555555555555
343,19,8,7.055555555555555
343,20,0,7.55
343,21,0,7.476190476190476
343,22,2,8.478260869565217
343,23,4,8.208333333333334
343,24,5,8.16
343,25,6,8.592592592592593
343,26,7,9.10344827586207
343,27,12,9.133333333333333
343,28,13,9.625
343,29,14,9.625
343,30,14,10.176470588235293
343,31,17,10.176470588235293
343,32,18,11.243243243243244
343,33,18,11.243243243243244
343,34,17,11.692307692307692
344,0,0,0
344,1,0,0
344,2,0,0
344,3,0,0
344,4,0,3.5
344,5,0,3.5
344,6,0,4.333333333333333
344,7,0,4.5
344,8,0,4.0
344,9,0,5.142857142857143
344,10,0,5.142857142857143
344,11,0,5.142857142857143
344,12,0,5.75
344,13,2,6.0
344,14,3,6.454545454545454
344,15,2,6.769230769230769
344,16,1,7.0
344,17,4,7.0
344,18,6,6.9375
344,19,6,7.842105263157895
344,20,0,7.65
344,21,0,7.608695652173913
344,22,2,7.8
344,23,5,7.576923076923077
344,24,10,7.785714285714286
344,25,11,7.5
344,26,10,8.235294117647058
344,27,15,8.235294117647058
344,28,18,8.17142857142857
344,29,19,8.555555555555555
344,30,20,9.052631578947368
344,31,20,9.435897435897436
344,32,21,9.425
344,33,21,10.261904761904763
344,34,20,10.279069767441861
345,0,0,0
345,1,0,0
345,2,0,0
345,3,0,2.5
345,4,0,2.5
345,5,0,3.0
345,6,0,3.5
345,7,0,3.5
345,8,0,3.8
345,9,0,4.5
345,10,0,4.714285714285714
345,11,0,4.714285714285714
345,12,0,5.375
345,13,1,5.375
345,14,2,5.5
345,15,5,5.5
345,16,6,6.083333333333333
345,17,6,6.384615384615385
345,18,7,6.285714285714286
345,19,7,6.285714285714286
345,20,0,7.352941176470588
345,21,0,7.352941176470588
345,22,0,7.105263157894737
345,23,4,8.142857142857142
345,24,5,7.608695652173913
345,25,11,7.608695652173913
345,26,18,8.461538461538462
345,27,23,8.461538461538462
345,28,22,8.37037037037037
345,29,25,8.827586206896552
345,30,27,9.32258064516129
345,31,28,9.32258064516129
345,32,29,9.59375
345,33,32,10.121212121212121
345,34,33,10.8
346,0,0,0
346,1,0,0
346,2,0,0
346,3,0,3.0
346,4,0,3.0
346,5,0,3.6666666666666665
346,6,0,4.0
346,7,0,4.0
346,8,0,4.6
346,9,0,5.166666666666667
346,10,0,5.166666666666667
346,11,0,6.375
346,12,0,6.375
346,13,1,7.2
346,14,0,6.7272727272727275
346,15,0,6.7272727272727275
346,16,0,7.076923076923077
346,17,0,7.571428571428571
346,18,1,7.571428571428571
346,19,0,7.8125
346,20,0,7.8125
346,21,0,8.35
346,22,2,8.35
346,23,4,8.956521739130435
346,24,6,8.666666666666666
346,25,4,8.56
346,26,10,9.285714285714286
346,27,12,9.241379310344827
346,28,15,9.241379310344827
346,29,20,9.516129032258064
346,30,24,10.03125
346,31,23,10.323529411764707
346,32,26,10.323529411764707
346,33,27,10.314285714285715
346,34,28,10.86111111111111
347,0,0,0
347,1,0,0
347,2,0,0
347,3,0,2.0
347,4,0,2.0
347,5,0,2.0
347,6,0,2.0
347,7,0,3.3333333333333335
347,8,0,4.0
347,9,0,4.0
347,10,0,4.8
347,11,0,5.166666666666667
347,12,0,5.166666666666667
347,13,0,5.714285714285714
347,14,0,5.888888888888889
347,15,2,5.5
347,16,2,5.5
347,17,2,5.916666666666667
347,18,2,6.6923076923076925
347,19,2,7.0
347,20,0,7.0
347,21,2,8.055555555555555
347,22,3,7.7368421052631575
347,23,5,8.35
347,24,6,8.772727272727273
347,25,7,8.478260869565217
347,26,11,9.0
347,27,16,9.185185185185185
347,28,16,9.107142857142858
347,29,17,9.5
347,30,20,10.03225806451613
347,31,20,10.0
347,32,23,10.0
347,33,25,10.470588235294118
347,34,25,11.0
348,0,0,0
348,1,0,0
348,2,0,0
348,3,0,0
348,4,0,3.0
348,5,0,3.0
348,6,0,4.0
348,7,0,4.0
348,8,0,4.0
348,9,0,5.333333333333333
348,10,0,5.333333333333333
348,11,0,5.333333333333333
348,12,0,5.857142857142857
348,13,0,6.5
348,14,0,6.5
348,15,1,7.111111111111111
348,16,1,6.6
348,17,3,7.2727272727272725
348,18,3,7.461538461538462
348,19,4,7.461538461538462
348,20,0,7.285714285714286
348,21,0,8.0
348,22,3,8.055555555555555
348,23,11,8.055555555555555
348,24,14,7.5
348,25,13,8.636363636363637
348,26,12,8.291666666666666
348,27,16,8.291666666666666
348,28,22,8.807692307692308
348,29,25,9.333333333333334
348,30,24,9.392857142857142
348,31,24,9.931034482758621
348,32,23,10.419354838709678
348,33,23,10.419354838709678
348,34,22,10.93939393939394
349,0,0,0
349,1,0,0
349,2,0,0
349,3,0,3.0
349,4,0,3.0
349,5,0,3.0
349,6,0,4.5
349,7,0,4.5
349,8,0,4.5
349,9,0,6.0
349,10,0,6.0
349,11,0,6.571428571428571
349,12,0,6.571428571428571
349,13,0,6.555555555555555
349,14,0,6.555555555555555
349,15,2,7.5
349,16,2,7.5
349,17,3,7.153846153846154
349,18,5,6.928571428571429
349,19,7,8.1875
349,20,0,8.058823529411764
349,21,1,8.666666666666666
349,22,5,8.2
349,23,7,8.217391304347826
349,24,11,8.75
349,25,8,8.346153846153847
349,26,14,8.678571428571429
349,27,15,9.1
349,28,17,9.193548387096774
349,29,21,9.757575757575758
349,30,21,10.314285714285715
349,31,24,10.314285714285715
349,32,24,10.305555555555555
349,33,26,11.236842105263158
349,34,27,11.35897435897436
350,0,0,0
350,1,0,0
350,2,0,0
350,3,0,0
350,4,0,4.0
350,5,0,4.0
350,6,0,4.0
350,7,0,4.0
350,8,0,5.333333333333333
350,9,0,5.333333333333333
350,10,0,6.8
350,11,0,6.8
350,12,0,7.857142857142857
350,13,0,7.857142857142857
350,14,0,8.375
350,15,0,8.375
350,16,0,8.777777777777779
350,17,0,8.777777777777779
350,18,1,9.3
350,19,0,9.166666666666666
350,20,0,9.166666666666666
350,21,1,9.071428571428571
350,22,1,9.125
350,23,1,8.764705882352942
350,24,3,8.38888888888889
350,25,3,8.6
350,26,5,8.909090909090908
350,27,8,8.73913043478261
350,28,10,8.73913043478261
350,29,12,9.615384615384615
350,30,12,9.615384615384615
350,31,12,9.518518518518519
350,32,14,9.964285714285714
350,33,14,10.466666666666667
350,34,14,10.870967741935484
351,0,0,0
351,1,0,0
351,2,0,0
351,3,0,0
351,4,0,3.0
351,5,0,3.0
351,6,0,3.5
351,7,0,4.333333333333333
351,8,0,4.333333333333333
351,9,0,5.25
351,10,0,5.8
351,11,0,5.8
351,12,0,6.5
351,13,0,7.142857142857143
351,14,0,7.142857142857143
351,15,0,7.142857142857143
351,16,2,7.875
351,17,4,7.9
351,18,3,7.454545454545454
351,19,8,8.166666666666666
351,20,0,8.5
351,21,0,8.266666666666667
351,22,2,7.588235294117647
351,23,5,8.789473684210526
351,24,8,8.476190476190476
351,25,7,8.476190476190476
351,26,11,8.304347826086957
351,27,19,9.44
351,28,21,9.461538461538462
351,29,25,9.461538461538462
351,30,25,10.035714285714286
351,31,27,10.551724137931034
351,32,26,10.5
351,33,27,10.96875
351,34,28,11.454545454545455
352,0,0,0
352,1,0,0
352,2,0,0
352,3,0,0
352,4,0,0
352,5,0,3.5
352,6,0,3.5
352,7,0,3.5
352,8,0,3.5
352,9,0,5.5
352,10,0,5.5
352,11,0,6.833333333333333
352,12,0,6.833333333333333
352,13,0,7.142857142857143
352,14,0,7.625
352,15,0,7.625
352,16,1,7.625
352,17,0,8.090909090909092
352,18,4,8.090909090909092
352,19,7,8.307692307692308
352,20,0,8.4
352,21,3,8.4
352,22,5,8.647058823529411
352,23,10,9.0
352,24,10,9.19047619047619
352,25,3,9.136363636363637
352,26,9,9.92
352,27,13,9.884615384615385
352,28,16,10.37037037037037
352,29,22,10.793103448275861
352,30,24,10.793103448275861
352,31,23,10.866666666666667
352,32,26,11.32258064516129
352,33,25,11.878787878787879
352,34,27,11.878787878787879
353,0,0,0
353,1,0,0
353,2,0,0
353,3,0,2.0
353,4,0,3.0
353,5,0,3.0
353,6,0,3.6666666666666665
353,7,0,4.5
353,8,0,4.5
353,9,0,4.5
353,10,0,5.833333333333333
353,11,0,5.833333333333333
353,12,0,5.833333333333333
353,13,0,5.833333333333333
353,14,0,6.777777777777778
353,15,2,6.777777777777778
353,16,4,7.090909090909091
353,17,7,6.75
353,18,11,7.461538461538462
353,19,13,7.285714285714286
353,20,0,8.0
353,21,1,8.411764705882353
353,22,2,8.0
353,23,5,8.3
353,24,8,8.478260869565217
353,25,8,8.08
353,26,15,8.407407407407407
353,27,20,8.285714285714286
353,28,25,8.733333333333333
353,29,32,8.733333333333333
353,30,32,9.1875
353,31,32,9.911764705882353
353,32,33,10.057142857142857
353,33,35,11.131578947368421
353,34,34,11.333333333333334
354,0,0,0
354,1,0,0
354,2,0,0
354,3,0,3.0
354,4,0,3.0
354,5,0,3.5
354,6,0,3.6666666666666665
354,7,0,3.6666666666666665
354,8,0,3.6666666666666665
354,9,0,4.75
354,10,0,5.2
354,11,0,5.2
354,12,0,6.166666666666667
354,13,0,6.714285714285714
354,14,0,6.714285714285714
354,15,0,6.714285714285714
354,16,0,7.888888888888889
354,17,0,7.888888888888889
354,18,0,7.888888888888889
354,19,0,8.8
354,20,0,9.272727272727273
354,21,0,10.083333333333334
354,22,0,9.2
354,23,2,9.2
354,24,2,9.055555555555555
354,25,2,9.055555555555555
354,26,4,8.904761904761905
354,27,6,8.904761904761905
354,28,6,9.478260869565217
354,29,10,9.875
354,30,11,9.76
354,31,11,10.192307692307692
354,32,12,10.714285714285714
354,33,15,10.714285714285714
354,34,16,11.066666666666666
355,0,0,0
355,1,0,0
355,2,0,0
355,3,0,3.0
355,4,0,3.0
355,5,0,3.6666666666666665
355,6,0,3.6666666666666665
355,7,0,3.6666666666666665
355,8,0,4.25
355,9,0,4.8
355,10,0,5.0
355,11,0,5.0
355,12,0,5.0
355,13,0,6.25
355,14,0,6.25
355,15,0,5.666666666666667
355,16,0,5.666666666666667
355,17,0,7.181818181818182
355,18,0,7.181818181818182
355,19,0,6.666666666666667
355,20,0,7.384615384615385
355,21,0,7.6
355,22,0,7.3125
355,23,2,7.666666666666667
355,24,1,7.15
355,25,0,7.714285714285714
355,26,4,7.304347826086956
355,27,8,7.916666666666667
355,28,9,8.26923076923077
355,29,10,8.26923076923077
355,30,13,8.75
355,31,14,8.655172413793103
355,32,14,9.133333333333333
355,33,13,9.71875
355,34,13,9.727272727272727
356,0,0,0
356,1,0,0
356,2,0,0
356,3,0,3.0
356,4,0,3.0
356,5,0,3.6666666666666665
356,6,0,3.6666666666666665
356,7,0,4.0
356,8,0,4.0
356,9,0,4.0
356,10,0,5.0
356,11,0,5.0
356,12,0,5.0
356,13,0,6.111111111111111
356,14,0,6.111111111111111
356,15,0,6.583333333333333
356,16,2,6.583333333333333
356,17,4,6.3076923076923075
356,18,7,6.533333333333333
356,19,9,7.0
356,20,0,6.882352941176471
356,21,0,6.777777777777778
356,22,1,6.714285714285714
356,23,3,7.2272727272727275
356,24,10,7.541666666666667
356,25,9,7.1923076923076925
356,26,13,7.9655172413793105
356,27,21,7.870967741935484
356,28,25,7.870967741935484
356,29,28,8.272727272727273
356,30,28,8.735294117647058
356,31,29,9.13888888888889
356,32,28,9.5
356,33,30,9.5
356,34,30,9.717948717948717
357,0,0,0
357,1,0,0
357,2,0,0
357,3,0,2.5
357,4,0,2.5
357,5,0,2.5
357,6,0,3.5
357,7,0,3.5
357,8,0,3.5
357,9,0,3.5
357,10,0,4.833333333333333
357,11,0,4.833333333333333
357,12,0,4.833333333333333
357,13,0,5.571428571428571
357,14,0,5.666666666666667
357,15,0,5.666666666666667
357,16,3,5.4
357,17,6,6.181818181818182
357,18,9,6.615384615384615
357,19,10,6.428571428571429
357,20,0,7.0
357,21,0,7.588235294117647
357,22,0,7.0
357,23,3,7.0
357,24,8,7.954545454545454
357,25,7,7.5
357,26,12,7.5
357,27,17,7.814814814814815
357,28,23,8.517241379310345
357,29,25,8.633333333333333
357,30,29,9.129032258064516
357,31,29,9.3125
357,32,31,10.323529411764707
357,33,32,10.485714285714286
357,34,34,10.972222222222221
358,0,0,0
358,1,0,0
358,2,0,0
358,3,0,3.0
358,4,0,3.0
358,5,0,3.0
358,6,0,3.0
358,7,0,4.0
358,8,0,4.0
358,9,0,4.75
358,10,0,5.6
358,11,0,5.6
358,12,0,5.6
358,13,0,6.333333333333333
358,14,0,7.285714285714286
358,15,0,7.875
358,16,0,7.875
358,17,2,8.666666666666666
358,18,4,8.636363636363637
358,19,4,8.166666666666666
358,20,0,8.923076923076923
358,21,0,8.642857142857142
358,22,1,8.8125
358,23,5,8.8125
358,24,8,8.736842105263158
358,25,9,8.7
358,26,12,9.565217391304348
358,27,14,9.375
358,28,19,10.384615384615385
358,29,19,10.444444444444445
358,30,21,10.444444444444445
358,31,23,11.068965517241379
358,32,26,11.566666666666666
358,33,25,11.64516129032258
358,34,26,11.64516129032258
359,0,0,0
359,1,0,0
359,2,0,2.0
359,3,0,2.0
359,4,0,2.0
359,5,0,2.5
359,6,0,3.6666666666666665
359,7,0,3.6666666666666665
359,8,0,4.75
359,9,0,5.2
359,10,0,5.2
359,11,0,6.0
359,12,0,6.571428571428571
359,13,1,6.571428571428571
359,14,1,6.0
359,15,1,6.888888888888889
359,16,4,7.181818181818182
359,17,7,7.181818181818182
359,18,11,7.6923076923076925
359,19,13,7.6923076923076925
359,20,0,8.75
359,21,1,8.75
359,22,3,9.166666666666666
359,23,4,9.166666666666666
359,24,7,9.19047619047619
359,25,6,9.434782608695652
359,26,10,9.25
359,27,11,9.04
359,28,19,10.25
359,29,25,10.379310344827585
359,30,24,10.935483870967742
359,31,26,10.8125
359,32,28,11.885714285714286
359,33,28,11.885714285714286
359,34,27,11.972222222222221
360,0,0,0
360,1,0,0
360,2,0,2.0
360,3,0,2.0
360,4,0,3.0
360,5,0,3.3333333333333335
360,6,0,4.0
360,7,0,4.0
360,8,0,4.6
360,9,0,4.6
360,10,0,5.166666666666667
360,11,0,5.285714285714286
360,12,0,5.285714285714286
360,13,0,5.285714285714286
360,14,0,6.444444444444445
360,15,0,6.444444444444445
360,16,0,6.9
360,17,0,6.9
360,18,0,7.7272727272727275
360,19,0,8.166666666666666
360,20,0,8.166666666666666
360,21,0,7.6923076923076925
360,22,1,8.133333333333333
360,23,1,8.294117647058824
360,24,3,8.526315789473685
360,25,1,8.0
360,26,4,8.26086956521739
360,27,6,8.083333333333334
360,28,6,8.346153846153847
360,29,10,8.346153846153847
360,30,12,8.75
360,31,12,8.75
360,32,12,9.1
360,33,13,9.64516129032258
360,34,12,9.625
361,0,0,0
361,1,0,0
361,2,0,0
361,3,0,3.0
361,4,0,3.5
361,5,0,3.5
361,6,0,3.5
361,7,0,4.75
361,8,0,4.75
361,9,0,4.75
361,10,0,4.75
361,11,0,6.5
361,12,0,6.5
361,13,1,5.714285714285714
361,14,3,6.5
361,15,2,6.8
361,16,3,6.8
361,17,2,6.636363636363637
361,18,1,7.153846153846154
361,19,4,7.857142857142857
361,20,0,7.8
361,21,0,8.882352941176471
361,22,3,8.777777777777779
361,23,3,8.421052631578947
361,24,6,8.95
361,25,5,9.454545454545455
361,26,8,9.454545454545455
361,27,11,9.434782608695652
361,28,14,10.52
361,29,13,10.538461538461538
361,30,16,10.538461538461538
361,31,16,11.071428571428571
361,32,19,11.517241379310345
361,33,20,11.466666666666667
361,34,22,11.466666666666667
362,0,0,0
362,1,0,0
362,2,0,0
362,3,0,2.0
362,4,0,3.0
362,5,0,3.0
362,6,0,3.0
362,7,0,3.6666666666666665
362,8,0,4.75
362,9,0,4.75
362,10,0,4.75
362,11,0,5.4
362,12,0,6.5
362,13,0,6.5
362,14,0,6.5
362,15,2,7.333333333333333
362,16,4,7.333333333333333
362,17,6,7.454545454545454
362,18,8,7.454545454545454
362,19,9,8.076923076923077
362,20,0,7.928571428571429
362,21,2,8.466666666666667
362,22,2,8.666666666666666
362,23,5,8.666666666666666
362,24,9,8.714285714285714
362,25,13,8.714285714285714
362,26,18,8.916666666666666
362,27,24,8.916666666666666
362,28,26,9.384615384615385
362,29,28,9.444444444444445
362,30,28,10.137931034482758
362,31,27,10.67741935483871
362,32,28,10.625
362,33,31,10.625
362,34,32,11.685714285714285
363,0,0,0
363,1,0,0
363,2,0,2.0
363,3,0,2.5
363,4,0,2.5
363,5,0,3.3333333333333335
363,6,0,4.0
363,7,0,4.0
363,8,0,4.8
363,9,0,4.8
363,10,0,6.142857142857143
363,11,0,6.142857142857143
363,12,0,6.75
363,13,1,6.7
363,14,1,6.7
363,15,1,7.0
363,16,3,7.615384615384615
363,17,3,7.428571428571429
363,18,5,8.066666666666666
363,19,4,8.411764705882353
363,20,0,8.411764705882353
363,21,1,9.2
363,22,1,9.0
363,23,4,8.521739130434783
363,24,10,8.521739130434783
363,25,7,9.11111111111111
363,26,14,8.928571428571429
363,27,20,8.793103448275861
363,28,21,9.419354838709678
363,29,23,9.8125
363,30,23,9.909090909090908
363,31,24,10.323529411764707
363,32,23,10.805555555555555
363,33,23,10.805555555555555
363,34,22,11.421052631578947
364,0,0,0
364,1,0,0
364,2,0,2.0
364,3,0,2.0
364,4,0,2.0
364,5,0,3.5
364,6,0,3.6666666666666665
364,7,0,3.6666666666666665
364,8,0,4.8
364,9,0,4.8
364,10,0,4.8
364,11,0,5.714285714285714
364,12,0,5.714285714285714
364,13,0,5.714285714285714
364,14,0,6.375
364,15,0,6.777777777777778
364,16,0,6.777777777777778
364,17,0,7.5
364,18,1,7.5
364,19,1,7.076923076923077
364,20,0,7.466666666666667
364,21,3,7.466666666666667
364,22,4,7.5
364,23,4,7.5
364,24,6,8.227272727272727
364,25,4,8.130434782608695
364,26,9,8.48
364,27,12,8.461538461538462
364,28,16,9.037037037037036
364,29,17,9.551724137931034
364,30,17,9.466666666666667
364,31,17,10.363636363636363
364,32,18,10.363636363636363
364,33,17,10.352941176470589
364,34,18,10.885714285714286
365,0,0,0
365,1,0,0
365,2,0,0
365,3,0,3.0
365,4,0,3.0
365,5,0,3.0
365,6,0,3.0
365,7,0,4.333333333333333
365,8,0,4.333333333333333
365,9,0,4.333333333333333
365,10,0,5.4
365,11,0,5.4
365,12,0,6.0
365,13,0,6.0
365,14,0,6.428571428571429
365,15,0,6.428571428571429
365,16,0,7.125
365,17,0,7.555555555555555
365,18,0,7.555555555555555
365,19,0,7.555555555555555
365,20,0,8.727272727272727
365,21,0,8.727272727272727
365,22,1,9.416666666666666
365,23,1,8.846153846153847
365,24,3,9.357142857142858
365,25,0,9.6875
365,26,0,9.294117647058824
365,27,3,10.15
365,28,8,9.761904761904763
365,29,11,9.956521739130435
365,30,11,9.708333333333334
365,31,12,10.32
365,32,12,10.26923076923077
365,33,15,10.777777777777779
365,34,17,10.642857142857142
366,0,0,0
366,1,0,0
366,2,0,0
366,3,0,0
366,4,0,4.0
366,5,0,4.0
366,6,0,4.0
366,7,0,5.0
366,8,0,5.75
366,9,0,5.75
366,10,0,6.833333333333333
366,11,0,6.833333333333333
366,12,0,7.285714285714286
366,13,0,7.285714285714286
366,14,0,7.75
366,15,0,8.222222222222221
366,16,0,8.222222222222221
366,17,0,8.222222222222221
366,18,0,8.666666666666666
366,19,2,8.666666666666666
366,20,0,8.714285714285714
366,21,0,8.714285714285714
366,22,1,8.647058823529411
366,23,2,8.647058823529411
366,24,1,9.0
366,25,1,8.65
366,26,5,9.136363636363637
366,27,8,9.333333333333334
366,28,9,9.846153846153847
366,29,14,9.846153846153847
366,30,17,9.666666666666666
366,31,19,10.142857142857142
366,32,21,10.566666666666666
366,33,21,11.03225806451613
366,34,22,10.96875
367,0,0,0
367,1,0,0
367,2,0,0
367,3,0,0
367,4,0,4.0
367,5,0,4.0
367,6,0,4.666666666666667
367,7,0,4.666666666666667
367,8,0,5.25
367,9,0,6.0
367,10,0,6.333333333333333
367,11,0,6.857142857142857
367,12,0,6.857142857142857
367,13,0,7.5
367,14,0,8.0
367,15,0,8.0
367,16,0,8.6
367,17,0,8.333333333333334
367,18,1,7.846153846153846
367,19,3,7.846153846153846
367,20,0,8.625
367,21,0,8.625
367,22,1,8.631578947368421
367,23,8,8.666666666666666
367,24,8,8.956521739130435
367,25,5,9.24
367,26,8,9.038461538461538
367,27,13,9.392857142857142
367,28,16,9.689655172413794
367,29,16,9.6
367,30,20,9.935483870967742
367,31,19,10.545454545454545
367,32,19,10.882352941176471
367,33,19,11.416666666666666
367,34,20,11.416666666666666
368,0,0,0
368,1,0,0
368,2,0,0
368,3,0,0
368,4,0,4.0
368,5,0,4.0
368,6,0,4.0
368,7,0,5.0
368,8,0,5.25
368,9,0,5.25
368,10,0,5.25
368,11,0,6.666666666666667
368,12,0,6.666666666666667
368,13,0,7.285714285714286
368,14,0,8.0
368,15,0,8.0
368,16,0,8.777777777777779
368,17,0,8.636363636363637
368,18,4,8.636363636363637
368,19,7,8.692307692307692
368,20,0,9.357142857142858
368,21,0,9.4375
368,22,1,9.0
368,23,7,10.105263157894736
368,24,10,9.75
368,25,10,9.476190476190476
368,26,12,9.5
368,27,15,10.0
368,28,15,9.846153846153847
368,29,17,9.925925925925926
368,30,18,10.931034482758621
368,31,18,11.0
368,32,19,11.451612903225806
368,33,18,12.06060606060606
368,34,19,12.06060606060606
369,0,0,0
369,1,0,0
369,2,0,0
369,3,0,3.0
369,4,0,3.5
369,5,0,4.0
369,6,0,4.5
369,7,0,4.5
369,8,0,4.5
369,9,0,5.333333333333333
369,10,0,5.333333333333333
369,11,0,5.333333333333333
369,12,0,5.714285714285714
369,13,0,6.5
369,14,0,6.5
369,15,0,6.888888888888889
369,16,0,7.5
369,17,0,7.0
369,18,2,7.923076923076923
369,19,4,7.5
369,20,0,7.866666666666666
369,21,0,7.235294117647059
369,22,5,7.421052631578948
369,23,10,7.15
369,24,11,7.363636363636363
369,25,8,7.041666666666667
369,26,13,7.56
369,27,16,7.37037037037037
369,28,19,7.857142857142857
369,29,21,8.0
369,30,23,8.96774193548387
369,31,22,9.09375
369,32,25,10.0
369,33,25,10.142857142857142
369,34,25,10.61111111111111
370,0,0,0
370,1,0,0
370,2,0,0
370,3,0,3.0
370,4,0,3.0
370,5,0,3.75
370,6,0,3.75
370,7,0,4.2
370,8,0,4.2
370,9,0,4.666666666666667
370,10,0,4.75
370,11,1,4.75
370,12,0,5.1
370,13,1,4.909090909090909
370,14,4,6.0
370,15,5,5.785714285714286
370,16,8,5.785714285714286
370,17,8,6.3125
370,18,8,6.722222222222222
370,19,9,6.722222222222222
370,20,0,6.7368421052631575
370,21,2,7.809523809523809
370,22,0,7.608695652173913
370,23,6,7.416666666666667
370,24,12,7.6923076923076925
370,25,11,8.035714285714286
370,26,12,7.896551724137931
370,27,15,8.71875
370,28,15,8.71875
370,29,16,9.771428571428572
370,30,19,9.771428571428572
370,31,18,10.736842105263158
370,32,18,10.736842105263158
370,33,18,11.658536585365853
370,34,18,11.658536585365853
371,0,0,0
371,1,0,0
371,2,0,0
371,3,0,3.0
371,4,0,3.0
371,5,0,3.0
371,6,0,3.0
371,7,0,5.0
371,8,0,5.0
371,9,0,5.8
371,10,0,5.8
371,11,0,6.714285714285714
371,12,0,6.714285714285714
371,13,0,7.25
371,14,0,7.666666666666667
371,15,0,8.1
371,16,0,8.1
371,17,0,8.1
371,18,0,8.727272727272727
371,19,0,9.333333333333334
371,20,0,9.846153846153847
371,21,0,8.733333333333333
371,22,3,8.733333333333333
371,23,1,9.210526315789474
371,24,1,9.210526315789474
371,25,0,8.714285714285714
371,26,5,9.0
371,27,8,9.4
371,28,8,9.4
371,29,11,9.192307692307692
371,30,15,9.814814814814815
371,31,14,10.206896551724139
371,32,14,10.206896551724139
371,33,15,10.741935483870968
371,34,15,11.28125
372,0,0,0
372,1,0,0
372,2,0,0
372,3,0,3.0
372,4,0,3.0
372,5,0,3.6666666666666665
372,6,0,3.6666666666666665
372,7,0,3.6666666666666665
372,8,0,4.25
372,9,0,5.2
372,10,0,5.2
372,11,0,6.0
372,12,0,6.571428571428571
372,13,1,6.571428571428571
372,14,1,6.0
372,15,4,7.5
372,16,5,7.181818181818182
372,17,8,6.916666666666667
372,18,12,7.357142857142857
372,19,14,7.933333333333334
372,20,0,7.8125
372,21,1,9.0
372,22,1,8.6
372,23,5,8.285714285714286
372,24,7,8.608695652173912
372,25,3,9.0
372,26,5,8.962962962962964
372,27,12,8.821428571428571
372,28,19,9.935483870967742
372,29,20,10.03125
372,30,22,10.03125
372,31,23,10.705882352941176
372,32,23,11.17142857142857
372,33,22,11.083333333333334
372,34,24,11.567567567567568
373,0,0,0
373,1,0,0
373,2,0,0
373,3,0,3.0
373,4,0,3.5
373,5,0,4.0
373,6,0,4.0
373,7,0,5.0
373,8,0,5.0
373,9,0,5.0
373,10,0,5.5
373,11,0,6.0
373,12,0,6.0
373,13,0,6.111111111111111
373,14,3,6.2727272727272725
373,15,5,5.916666666666667
373,16,6,7.0
373,17,7,6.8
373,18,11,6.8
373,19,14,6.75
373,20,0,7.888888888888889
373,21,0,7.894736842105263
373,22,0,8.45
373,23,1,8.590909090909092
373,24,5,8.304347826086957
373,25,7,8.64
373,26,12,8.25925925925926
373,27,15,9.366666666666667
373,28,20,9.516129032258064
373,29,22,10.06060606060606
373,30,24,10.147058823529411
373,31,26,10.6
373,32,25,11.135135135135135
373,33,27,11.236842105263158
373,34,27,11.236842105263158
374,0,0,0
374,1,0,0
374,2,0,0
374,3,0,0
374,4,0,3.0
374,5,0,2.6666666666666665
374,6,0,2.4
374,7,0,2.4
374,8,0,2.4
374,9,0,3.5714285714285716
374,10,0,3.5714285714285716
374,11,0,4.555555555555555
374,12,0,4.555555555555555
374,13,0,5.1
374,14,0,5.1
374,15,0,5.636363636363637
374,16,0,6.25
374,17,0,6.25
374,18,1,6.428571428571429
374,19,2,7.066666666666666
374,20,0,6.8125
374,21,1,6.647058823529412
374,22,0,6.8
374,23,4,7.136363636363637
374,24,5,6.956521739130435
374,25,7,6.791666666666667
374,26,11,7.666666666666667
374,27,13,7.571428571428571
374,28,15,7.966666666666667
374,29,14,7.935483870967742
374,30,17,8.4375
374,31,16,8.882352941176471
374,32,16,9.371428571428572
374,33,17,9.38888888888889
374,34,19,10.282051282051283
375,0,0,0
375,1,0,0
375,2,0,2.0
375,3,0,2.0
375,4,0,2.0
375,5,0,2.6666666666666665
375,6,0,3.25
375,7,0,3.6
375,8,0,3.6
375,9,0,4.428571428571429
375,10,0,4.428571428571429
375,11,0,4.428571428571429
375,12,0,5.555555555555555
375,13,0,5.555555555555555
375,14,0,5.7272727272727275
375,15,1,5.7272727272727275
375,16,0,6.076923076923077
375,17,0,6.642857142857143
375,18,0,6.8125
375,19,1,6.8125
375,20,0,6.529411764705882
375,21,1,7.526315789473684
375,22,0,7.35
375,23,0,7.904761904761905
375,24,0,7.7272727272727275
375,25,0,8.666666666666666
375,26,0,8.666666666666666
375,27,1,8.666666666666666
375,28,3,8.4
375,29,6,9.481481481481481
375,30,9,9.285714285714286
375,31,12,9.285714285714286
375,32,12,9.137931034482758
375,33,13,10.258064516129032
375,34,13,10.15625
376,0,0,0
376,1,0,0
376,2,0,0
376,3,0,2.5
376,4,0,2.5
376,5,0,3.0
376,6,0,3.0
376,7,0,4.4
376,8,0,4.4
376,9,0,4.666666666666667
376,10,0,4.666666666666667
376,11,0,5.285714285714286
376,12,0,5.285714285714286
376,13,0,5.875
376,14,0,5.875
376,15,0,6.666666666666667
376,16,0,7.3
376,17,0,6.818181818181818
376,18,1,6.416666666666667
376,19,2,7.153846153846154
376,20,0,7.466666666666667
376,21,0,7.25
376,22,0,6.722222222222222
376,23,0,7.95
376,24,0,7.809523809523809
376,25,0,8.36
376,26,2,7.888888888888889
376,27,5,7.888888888888889
376,28,4,8.766666666666667
376,29,7,8.766666666666667
376,30,11,9.125
376,31,11,9.125
376,32,13,9.588235294117647
376,33,14,9.588235294117647
376,34,16,10.055555555555555
377,0,0,0
377,1,0,0
377,2,0,0
377,3,0,0
377,4,0,4.0
377,5,0,4.0
377,6,0,4.0
377,7,0,5.0
377,8,0,5.0
377,9,0,5.0
377,10,0,6.0
377,11,0,6.5
377,12,0,6.5
377,13,0,7.285714285714286
377,14,0,7.285714285714286
377,15,0,8.0
377,16,0,8.777777777777779
377,17,0,8.777777777777779
377,18,0,8.0
377,19,3,9.5
377,20,0,8.923076923076923
377,21,1,9.5625
377,22,3,8.722222222222221
377,23,7,9.210526315789474
377,24,8,9.136363636363637
377,25,7,9.136363636363637
377,26,10,8.75
377,27,16,9.24
377,28,18,9.814814814814815
377,29,21,9.814814814814815
377,30,23,9.892857142857142
377,31,23,10.413793103448276
377,32,22,10.935483870967742
377,33,22,10.9375
377,34,22,10.9375
378,0,0,0
378,1,0,0
378,2,0,0
378,3,0,3.0
378,4,0,3.5
378,5,0,3.5
378,6,0,3.6666666666666665
378,7,0,4.5
378,8,0,4.5
378,9,0,5.2
378,10,0,5.666666666666667
378,11,0,5.666666666666667
378,12,0,5.75
378,13,0,6.444444444444445
378,14,1,6.444444444444445
378,15,0,6.545454545454546
378,16,1,7.25
378,17,4,7.0
378,18,9,7.571428571428571
378,19,9,7.9375
378,20,0,7.705882352941177
378,21,0,7.705882352941177
378,22,0,8.428571428571429
378,23,1,8.318181818181818
378,24,6,7.958333333333333
378,25,8,9.0
378,26,9,8.607142857142858
378,27,14,9.137931034482758
378,28,15,9.709677419354838
378,29,19,10.1875
378,30,20,10.272727272727273
378,31,22,10.764705882352942
378,32,21,10.857142857142858
378,33,22,11.36111111111111
378,34,21,11.921052631578947
379,0,0,0
379,1,0,0
379,2,0,0
379,3,0,2.0
379,4,0,2.5
379,5,0,2.6666666666666665
379,6,0,2.6666666666666665
379,7,0,3.25
379,8,0,3.8
379,9,0,3.8
379,10,0,4.0
379,11,0,4.571428571428571
379,12,0,4.571428571428571
379,13,0,5.555555555555555
379,14,0,5.555555555555555
379,15,0,6.454545454545454
379,16,0,6.083333333333333
379,17,1,6.461538461538462
379,18,0,6.733333333333333
379,19,0,7.125
379,20,0,6.9411764705882355
379,21,0,7.444444444444445
379,22,0,7.333333333333333
379,23,0,7.333333333333333
379,24,0,7.375
379,25,0,7.72
379,26,3,7.5
379,27,8,7.296296296296297
379,28,11,7.821428571428571
379,29,11,8.1
379,30,14,8.1
379,31,14,8.03225806451613
379,32,17,9.0
379,33,18,9.0
379,34,18,9.0
380,0,0,0
380,1,0,0
380,2,0,2.0
380,3,0,2.5
380,4,0,3.0
380,5,0,3.0
380,6,0,3.0
380,7,0,4.2
380,8,0,4.2
380,9,0,4.833333333333333
380,10,0,5.285714285714286
380,11,0,5.285714285714286
380,12,0,6.0
380,13,0,6.444444444444445
380,14,0,6.444444444444445
380,15,0,6.444444444444445
380,16,2,6.636363636363637
380,17,6,6.846153846153846
380,18,7,6.571428571428571
380,19,10,7.2
380,20,0,7.588235294117647
380,21,0,7.7368421052631575
380,22,1,7.380952380952381
380,23,4,8.041666666666666
380,24,8,7.84
380,25,8,7.653846153846154
380,26,12,8.03448275862069
380,27,19,8.516129032258064
380,28,23,8.516129032258064
380,29,22,8.4375
380,30,25,9.457142857142857
380,31,24,9.61111111111111
380,32,25,10.157894736842104
380,33,28,10.157894736842104
380,34,30,10.725
381,0,0,0
381,1,0,0
381,2,0,0
381,3,0,3.0
381,4,0,2.5
381,5,0,2.5
381,6,0,3.6666666666666665
381,7,0,3.6666666666666665
381,8,0,3.75
381,9,0,4.6
381,10,0,4.6
381,11,0,4.6
381,12,0,6.0
381,13,0,6.0
381,14,0,5.444444444444445
381,15,1,5.444444444444445
381,16,2,6.090909090909091
381,17,2,6.076923076923077
381,18,4,6.076923076923077
381,19,6,5.928571428571429
381,20,0,6.823529411764706
381,21,0,6.823529411764706
381,22,0,7.3
381,23,2,7.523809523809524
381,24,3,7.454545454545454
381,25,3,8.291666666666666
381,26,2,8.28
381,27,5,8.28
381,28,6,8.88888888888889
381,29,9,9.178571428571429
381,30,10,9.310344827586206
381,31,10,9.310344827586206
381,32,11,10.064516129032258
381,33,11,10.3125
381,34,10,10.242424242424242
382,0,0,0
382,1,0,0
382,2,0,0
382,3,0,3.0
382,4,0,3.5
382,5,0,3.5
382,6,0,4.75
382,7,0,4.75
382,8,0,5.666666666666667
382,9,0,5.666666666666667
382,10,0,6.375
382,11,0,6.375
382,12,0,6.666666666666667
382,13,0,6.7272727272727275
382,14,1,6.7272727272727275
382,15,0,6.615384615384615
382,16,1,7.142857142857143
382,17,2,6.933333333333334
382,18,2,7.3125
382,19,4,7.611111111111111
382,20,0,7.611111111111111
382,21,0,8.0
382,22,3,7.913043478260869
382,23,6,8.296296296296296
382,24,5,8.0
382,25,3,8.258064516129032
382,26,3,8.125
382,27,10,8.441176470588236
382,28,14,8.441176470588236
382,29,15,8.777777777777779
382,30,17,9.216216216216216
382,31,16,9.666666666666666
382,32,19,10.1
382,33,20,10.21951219512195
382,34,23,10.642857142857142
383,0,0,0
383,1,0,0
383,2,0,2.0
383,3,0,2.0
383,4,0,3.0
383,5,0,3.6666666666666665
383,6,0,4.25
383,7,0,4.25
383,8,0,4.4
383,9,0,5.166666666666667
383,10,0,5.166666666666667
383,11,0,5.428571428571429
383,12,0,6.125
383,13,0,6.444444444444445
383,14,0,6.444444444444445
383,15,0,6.636363636363637
383,16,0,7.0
383,17,0,7.0
383,18,1,7.733333333333333
383,19,2,7.375
383,20,0,7.375
383,21,1,7.666666666666667
383,22,2,7.95
383,23,7,8.090909090909092
383,24,10,8.458333333333334
383,25,7,8.192307692307692
383,26,6,8.037037037037036
383,27,10,8.833333333333334
383,28,13,8.870967741935484
383,29,18,8.870967741935484
383,30,18,9.454545454545455
383,31,18,9.882352941176471
383,32,19,9.971428571428572
383,33,21,9.972222222222221
383,34,23,10.473684210526315
384,0,0,0
384,1,0,0
384,2,0,2.0
384,3,0,2.0
384,4,0,3.0
384,5,0,3.0
384,6,0,3.0
384,7,0,3.75
384,8,0,4.4
384,9,0,4.4
384,10,0,5.166666666666667
384,11,0,5.857142857142857
384,12,0,5.857142857142857
384,13,0,6.5
384,14,0,7.222222222222222
384,15,0,7.8
384,16,0,7.2727272727272725
384,17,0,7.2727272727272725
384,18,1,8.142857142857142
384,19,2,7.733333333333333
384,20,0,7.733333333333333
384,21,1,7.5
384,22,5,8.421052631578947
384,23,7,8.15
384,24,9,7.9523809523809526
384,25,11,8.875
384,26,14,8.72
384,27,18,9.23076923076923
384,28,19,9.714285714285714
384,29,19,10.206896551724139
384,30,20,10.774193548387096
384,31,19,11.242424242424242
384,32,20,11.742857142857142
384,33,20,11.742857142857142
384,34,20,12.243243243243244
385,0,0,0
385,1,0,0
385,2,0,0
385,3,0,0
385,4,0,3.0
385,5,0,3.0
385,6,0,3.0
385,7,0,3.5
385,8,0,4.0
385,9,0,4.0
385,10,0,4.6
385,11,0,4.6
385,12,0,5.5
385,13,1,5.5
385,14,0,5.8
385,15,2,5.8
385,16,3,6.166666666666667
385,17,4,6.769230769230769
385,18,4,6.571428571428571
385,19,6,7.133333333333334
385,20,0,7.588235294117647
385,21,0,7.222222222222222
385,22,1,7.619047619047619
385,23,6,8.0
385,24,8,7.68
385,25,8,7.5
385,26,10,8.241379310344827
385,27,13,8.366666666666667
385,28,14,8.774193548387096
385,29,17,8.84375
385,30,21,9.303030303030303
385,31,23,9.382352941176471
385,32,25,9.82857142857143
385,33,26,9.833333333333334
385,34,27,10.736842105263158
386,0,0,0
386,1,0,0
386,2,0,0
386,3,0,0
386,4,0,3.0
386,5,0,3.0
386,6,0,4.0
386,7,0,4.25
386,8,0,4.25
386,9,0,5.5
386,10,0,5.5
386,11,0,5.571428571428571
386,12,0,5.571428571428571
386,13,1,5.888888888888889
386,14,3,5.888888888888889
386,15,5,6.0
386,16,6,6.0
386,17,7,6.6923076923076925
386,18,11,6.6923076923076925
386,19,13,7.6875
386,20,0,7.647058823529412
386,21,2,7.888888888888889
386,22,1,8.45
386,23,3,8.45
386,24,5,8.217391304347826
386,25,7,8.217391304347826
386,26,11,8.538461538461538
386,27,16,9.0
386,28,17,9.0
386,29,19,8.89655172413793
386,30,22,9.580645161290322
386,31,24,9.90625
386,32,25,10.588235294117647
386,33,25,10.714285714285714
386,34,27,11.055555555555555
387,0,0,0
387,1,0,0
387,2,0,0
387,3,0,3.0
387,4,0,3.5
387,5,0,3.5
387,6,0,4.333333333333333
387,7,0,5.0
387,8,0,5.0
387,9,0,5.0
387,10,0,5.8
387,11,0,6.5
387,12,0,6.5
387,13,0,6.5
387,14,0,7.285714285714286
387,15,0,7.333333333333333
387,16,0,6.7
387,17,2,6.916666666666667
387,18,4,7.142857142857143
387,19,6,6.866666666666666
387,20,0,6.866666666666666
387,21,2,8.055555555555555
387,22,2,8.055555555555555
387,23,2,7.5
387,24,8,8.0
387,25,8,8.36
387,26,14,8.846153846153847
387,27,17,8.607142857142858
387,28,22,9.566666666666666
387,29,21,9.64516129032258
387,30,23,9.64516129032258
387,31,23,10.242424242424242
387,32,25,10.742857142857142
387,33,26,10.742857142857142
387,34,25,11.324324324324325
388,0,0,0
388,1,0,0
388,2,0,0
388,3,0,3.0
388,4,0,3.0
388,5,0,3.0
388,6,0,3.6666666666666665
388,7,0,3.8
388,8,0,4.166666666666667
388,9,0,4.166666666666667
388,10,0,4.714285714285714
388,11,0,5.375
388,12,0,5.375
388,13,0,5.888888888888889
388,14,0,6.6
388,15,0,6.6
388,16,3,6.666666666666667
388,17,5,6.666666666666667
388,18,8,7.071428571428571
388,19,13,7.466666666666667
388,20,0,7.882352941176471
388,21,1,7.882352941176471
388,22,1,8.263157894736842
388,23,2,7.95
388,24,7,8.363636363636363
388,25,7,8.173913043478262
388,26,14,8.26923076923077
388,27,21,8.26923076923077
388,28,26,8.785714285714286
388,29,27,8.689655172413794
388,30,30,9.096774193548388
388,31,32,9.757575757575758
388,32,31,9.852941176470589
388,33,32,9.852941176470589
388,34,33,11.08108108108108
389,0,0,0
389,1,0,0
389,2,0,2.0
389,3,0,2.0
389,4,0,2.5
389,5,0,3.3333333333333335
389,6,0,3.3333333333333335
389,7,0,3.75
389,8,0,4.6
389,9,0,4.6
389,10,0,5.714285714285714
389,11,0,5.714285714285714
389,12,0,6.25
389,13,0,6.25
389,14,0,6.2
389,15,0,5.7272727272727275
389,16,2,6.416666666666667
389,17,2,6.5
389,18,4,6.5
389,19,3,7.0
389,20,0,6.882352941176471
389,21,1,7.333333333333333
389,22,4,7.571428571428571
389,23,5,7.571428571428571
389,24,4,7.833333333333333
389,25,3,8.23076923076923
389,26,8,8.071428571428571
389,27,11,8.068965517241379
389,28,14,8.533333333333333
389,29,16,9.09375
389,30,19,9.09375
389,31,18,9.090909090909092
389,32,20,9.529411764705882
389,33,22,10.027777777777779
389,34,24,10.027777777777779
390,0,0,0
390,1,0,0
390,2,0,2.0
390,3,0,2.5
390,4,0,2.5
390,5,0,2.5
390,6,0,3.3333333333333335
390,7,0,3.8
390,8,0,4.333333333333333
390,9,0,5.0
390,10,0,5.0
390,11,0,5.111111111111111
390,12,0,5.111111111111111
390,13,0,5.7
390,14,0,6.090909090909091
390,15,0,6.090909090909091
390,16,0,5.666666666666667
390,17,0,6.466666666666667
390,18,0,6.466666666666667
390,19,1,6.1875
390,20,0,6.823529411764706
390,21,0,6.95
390,22,3,6.95
390,23,4,6.545454545454546
390,24,7,7.086956521739131
390,25,7,7.3076923076923075
390,26,6,7.222222222222222
390,27,10,7.75
390,28,9,7.724137931034483
390,29,10,8.233333333333333
390,30,11,8.75
390,31,13,9.242424242424242
390,32,14,9.264705882352942
390,33,15,9.742857142857142
390,34,15,10.243243243243244
391,0,0,0
391,1,0,0
391,2,0,0
391,3,0,3.0
391,4,0,3.0
391,5,0,3.5
391,6,0,3.5
391,7,0,5.0
391,8,0,5.0
391,9,0,5.4
391,10,0,5.4
391,11,2,5.125
391,12,4,5.444444444444445
391,13,3,5.2
391,14,5,5.2
391,15,7,6.230769230769231
391,16,8,6.285714285714286
391,17,10,6.6
391,18,10,7.176470588235294
391,19,11,7.176470588235294
391,20,0,7.631578947368421
391,21,0,7.631578947368421
391,22,0,7.954545454545454
391,23,0,8.208333333333334
391,24,2,8.423076923076923
391,25,2,8.185185185185185
391,26,5,8.321428571428571
391,27,11,9.32258064516129
391,28,14,9.32258064516129
391,29,15,9.909090909090908
391,30,17,10.235294117647058
391,31,16,10.114285714285714
391,32,16,10.61111111111111
391,33,17,10.54054054054054
391,34,18,10.921052631578947
392,0,0,0
392,1,0,0
392,2,0,2.0
392,3,0,2.0
392,4,0,3.3333333333333335
392,5,0,3.3333333333333335
392,6,0,4.0
392,7,0,4.4
392,8,0,4.4
392,9,0,5.0
392,10,0,5.0
392,11,0,5.714285714285714
392,12,0,6.375
392,13,0,6.375
392,14,1,6.888888888888889
392,15,2,6.4
392,16,3,7.181818181818182
392,17,4,6.916666666666667
392,18,10,7.461538461538462
392,19,9,7.285714285714286
392,20,0,8.5
392,21,0,8.411764705882353
392,22,0,8.0
392,23,4,8.761904761904763
392,24,5,8.454545454545455
392,25,6,8.0
392,26,17,8.56
392,27,19,8.571428571428571
392,28,23,8.655172413793103
392,29,22,8.766666666666667
392,30,24,9.32258064516129
392,31,23,9.848484848484848
392,32,24,9.848484848484848
392,33,23,10.029411764705882
392,34,24,10.891891891891891
393,0,0,0
393,1,0,0
393,2,0,2.0
393,3,0,2.0
393,4,0,2.0
393,5,0,3.0
393,6,0,3.0
393,7,0,3.0
393,8,0,4.0
393,9,0,4.4
393,10,0,4.4
393,11,0,5.166666666666667
393,12,0,5.571428571428571
393,13,0,5.571428571428571
393,14,0,6.375
393,15,0,6.375
393,16,0,7.0
393,17,0,7.8
393,18,0,8.272727272727273
393,19,0,8.833333333333334
393,20,0,8.833333333333334
393,21,0,9.384615384615385
393,22,0,9.384615384615385
393,23,2,9.9375
393,24,1,9.0
393,25,2,8.68421052631579
393,26,3,9.454545454545455
393,27,5,9.26086956521739
393,28,9,9.52
393,29,8,9.346153846153847
393,30,12,9.88888888888889
393,31,13,10.241379310344827
393,32,13,10.241379310344827
393,33,12,10.67741935483871
393,34,12,10.67741935483871
394,0,0,0
394,1,0,0
394,2,0,2.0
394,3,0,2.5
394,4,0,2.5
394,5,0,3.3333333333333335
394,6,0,3.3333333333333335
394,7,0,4.0
394,8,0,4.8
394,9,0,4.8
394,10,0,5.5
394,11,0,6.142857142857143
394,12,0,6.625
394,13,0,6.625
394,14,0,6.625
394,15,0,6.8
394,16,0,6.833333333333333
394,17,3,6.833333333333333
394,18,2,6.538461538461538
394,19,2,7.5
394,20,0,7.5
394,21,1,7.352941176470588
394,22,3,7.631578947368421
394,23,9,7.9523809523809526
394,24,10,7.565217391304348
394,25,7,8.08
394,26,11,8.428571428571429
394,27,12,8.428571428571429
394,28,13,8.866666666666667
394,29,13,9.387096774193548
394,30,13,9.727272727272727
394,31,13,10.205882352941176
394,32,12,10.371428571428572
394,33,14,10.371428571428572
394,34,14,11.394736842105264
395,0,0,0
395,1,0,0
395,2,0,0
395,3,0,0
395,4,0,4.0
395,5,0,4.0
395,6,0,4.666666666666667
395,7,0,4.666666666666667
395,8,0,4.666666666666667
395,9,0,5.5
395,10,0,6.0
395,11,1,6.0
395,12,1,6.5
395,13,1,6.5
395,14,0,6.8
395,15,0,7.0
395,16,0,6.538461538461538
395,17,0,6.538461538461538
395,18,1,6.8
395,19,3,7.25
395,20,0,7.0
395,21,0,7.15
395,22,2,7.409090909090909
395,23,4,7.409090909090909
395,24,5,7.4
395,25,3,7.923076923076923
395,26,5,7.678571428571429
395,27,10,7.678571428571429
395,28,13,8.2
395,29,17,8.709677419354838
395,30,17,8.6875
395,31,17,8.6875
395,32,19,9.176470588235293
395,33,19,9.714285714285714
395,34,18,9.694444444444445
396,0,0,0
396,1,0,0
396,2,0,2.0
396,3,0,2.0
396,4,0,3.0
396,5,0,3.0
396,6,0,4.0
396,7,0,4.75
396,8,0,4.75
396,9,0,5.666666666666667
396,10,0,5.666666666666667
396,11,0,5.666666666666667
396,12,0,6.875
396,13,0,6.875
396,14,0,7.444444444444445
396,15,0,7.9
396,16,0,7.833333333333333
396,17,1,7.714285714285714
396,18,5,7.714285714285714
396,19,7,7.4
396,20,0,8.411764705882353
396,21,0,8.222222222222221
396,22,1,8.052631578947368
396,23,1,7.95
396,24,7,8.541666666666666
396,25,5,8.541666666666666
396,26,10,8.74074074074074
396,27,17,9.068965517241379
396,28,18,9.068965517241379
396,29,20,8.966666666666667
396,30,22,9.451612903225806
396,31,22,10.090909090909092
396,32,24,10.090909090909092
396,33,26,10.264705882352942
396,34,26,10.742857142857142
397,0,0,0
397,1,0,0
397,2,0,0
397,3,0,3.0
397,4,0,3.0
397,5,0,3.0
397,6,0,4.5
397,7,0,4.5
397,8,0,5.2
397,9,0,5.5
397,10,0,5.5
397,11,0,6.142857142857143
397,12,0,6.625
397,13,0,7.222222222222222
397,14,0,7.222222222222222
397,15,0,7.222222222222222
397,16,2,7.363636363636363
397,17,4,8.083333333333334
397,18,3,7.6923076923076925
397,19,5,7.6923076923076925
397,20,0,8.75
397,21,0,8.277777777777779
397,22,2,8.842105263157896
397,23,5,9.095238095238095
397,24,6,9.095238095238095
397,25,7,9.291666666666666
397,26,11,9.0
397,27,14,10.0
397,28,15,10.0
397,29,19,9.89655172413793
397,30,21,10.366666666666667
397,31,20,10.84375
397,32,21,10.84375
397,33,21,10.848484848484848
397,34,24,11.352941176470589
398,0,0,0
398,1,0,0
398,2,0,0
398,3,0,2.5
398,4,0,2.5
398,5,0,2.5
398,6,0,2.5
398,7,0,4.5
398,8,0,4.5
398,9,1,4.857142857142857
398,10,2,4.857142857142857
398,11,3,5.111111111111111
398,12,3,5.111111111111111
398,13,4,5.7272727272727275
398,14,6,6.166666666666667
398,15,7,6.153846153846154
398,16,10,6.153846153846154
398,17,15,6.866666666666666
398,18,17,7.375
398,19,20,8.0
398,20,0,8.0
398,21,0,8.55
398,22,1,9.095238095238095
398,23,2,8.478260869565217
398,24,2,8.423076923076923
398,25,2,8.222222222222221
398,26,5,8.586206896551724
398,27,8,8.806451612903226
398,28,10,9.181818181818182
398,29,15,9.558823529411764
398,30,18,9.916666666666666
398,31,22,9.916666666666666
398,32,22,9.837837837837839
398,33,25,10.925
398,34,28,11.097560975609756
399,0,0,0
399,1,0,0
399,2,0,0
399,3,0,0
399,4,0,3.5
399,5,0,3.5
399,6,0,3.5
399,7,0,4.666666666666667
399,8,0,5.0
399,9,0,5.8
399,10,0,5.8
399,11,0,6.333333333333333
399,12,0,6.333333333333333
399,13,0,7.142857142857143
399,14,0,7.142857142857143
399,15,0,7.222222222222222
399,16,2,7.9
399,17,4,7.454545454545454
399,18,7,8.083333333333334
399,19,8,7.769230769230769
399,20,0,9.066666666666666
399,21,0,8.875
399,22,1,8.875
399,23,4,9.166666666666666
399,24,7,9.095238095238095
399,25,4,9.045454545454545
399,26,10,8.875
399,27,18,9.961538461538462
399,28,20,10.0
399,29,22,10.0
399,30,22,10.586206896551724
399,31,23,11.133333333333333
399,32,22,11.71875
399,33,22,11.71875
399,34,21,12.323529411764707
400,0,0,0
400,1,0,0
400,2,0,2.0
400,3,0,2.0
400,4,0,2.0
400,5,0,2.6666666666666665
400,6,0,2.5
400,7,0,3.2
400,8,0,3.2
400,9,0,3.3333333333333335
400,10,0,3.3333333333333335
400,11,0,4.285714285714286
400,12,0,4.333333333333333
400,13,3,5.0
400,14,2,5.166666666666667
400,15,2,5.0
400,16,2,5.642857142857143
400,17,1,5.9375
400,18,3,6.529411764705882
400,19,5,6.7894736842105265
400,20,0,6.75
400,21,2,7.285714285714286
400,22,1,7.043478260869565
400,23,5,7.291666666666667
400,24,8,6.961538461538462
400,25,6,7.518518518518518
400,26,6,7.8
400,27,9,7.838709677419355
400,28,15,8.34375
400,29,15,8.647058823529411
400,30,15,8.647058823529411
400,31,16,9.055555555555555
400,32,18,9.567567567567568
400,33,18,9.68421052631579
400,34,21,10.0
401,0,0,0
401,1,0,0
401,2,0,0
401,3,0,3.0
401,4,0,3.5
401,5,0,4.0
401,6,0,4.0
401,7,0,4.8
401,8,0,4.8
401,9,0,4.8
401,10,0,6.0
401,11,0,6.0
401,12,1,5.375
401,13,2,5.0
401,14,5,6.083333333333333
401,15,5,6.083333333333333
401,16,5,5.923076923076923
401,17,5,5.923076923076923
401,18,6,7.1875
401,19,9,7.1875
401,20,0,7.176470588235294
401,21,1,8.421052631578947
401,22,1,8.142857142857142
401,23,6,7.863636363636363
401,24,7,7.695652173913044
401,25,9,8.538461538461538
401,26,13,8.407407407407407
401,27,18,8.6
401,28,23,9.129032258064516
401,29,27,9.34375
401,30,28,9.454545454545455
401,31,30,10.028571428571428
401,32,29,10.594594594594595
401,33,30,10.594594594594595
401,34,31,11.65
402,0,0,0
402,1,0,0
402,2,0,0
402,3,0,0
402,4,0,4.0
402,5,0,4.0
402,6,0,4.0
402,7,0,4.0
402,8,0,4.0
402,9,0,4.0
402,10,0,4.0
402,11,0,4.0
402,12,0,5.4
402,13,0,5.4
402,14,0,5.285714285714286
402,15,0,5.285714285714286
402,16,0,6.0
402,17,0,6.555555555555555
402,18,0,7.2
402,19,0,6.7272727272727275
402,20,0,7.416666666666667
402,21,1,7.5
402,22,3,7.133333333333334
402,23,6,6.875
402,24,9,7.7894736842105265
402,25,3,7.65
402,26,4,7.523809523809524
402,27,9,8.5
402,28,11,8.4
402,29,14,8.884615384615385
402,30,16,9.357142857142858
402,31,16,9.793103448275861
402,32,15,9.766666666666667
402,33,15,10.225806451612904
402,34,14,10.1875
403,0,0,0
403,1,0,0
403,2,0,2.0
403,3,0,2.5
403,4,0,2.5
403,5,0,3.75
403,6,0,3.75
403,7,0,3.75
403,8,0,4.4
403,9,0,4.833333333333333
403,10,0,4.833333333333333
403,11,0,4.833333333333333
403,12,0,5.555555555555555
403,13,0,5.2
403,14,0,5.7272727272727275
403,15,0,5.5
403,16,0,6.076923076923077
403,17,0,6.571428571428571
403,18,0,6.8125
403,19,0,6.8125
403,20,0,7.352941176470588
403,21,2,7.055555555555555
403,22,4,7.35
403,23,5,7.904761904761905
403,24,6,7.7272727272727275
403,25,7,7.6521739130434785
403,26,11,8.25
403,27,12,8.692307692307692
403,28,12,9.142857142857142
403,29,14,9.142857142857142
403,30,17,9.137931034482758
403,31,19,9.64516129032258
403,32,20,10.15625
403,33,19,10.151515151515152
403,34,21,10.676470588235293
404,0,0,0
404,1,0,0
404,2,0,2.0
404,3,0,2.0
404,4,0,2.6666666666666665
404,5,0,2.6666666666666665
404,6,0,4.0
404,7,0,4.0
404,8,0,4.5
404,9,0,5.0
404,10,0,5.0
404,11,0,5.0
404,12,1,5.75
404,13,0,6.0
404,14,0,6.0
404,15,1,5.818181818181818
404,16,3,7.076923076923077
404,17,4,6.785714285714286
404,18,8,7.4
404,19,7,7.823529411764706
404,20,0,7.823529411764706
404,21,0,7.722222222222222
404,22,1,8.476190476190476
404,23,1,8.08695652173913
404,24,1,8.041666666666666
404,25,5,8.928571428571429
404,26,7,8.689655172413794
404,27,9,8.766666666666667
404,28,13,9.290322580645162
404,29,12,9.636363636363637
404,30,13,9.529411764705882
404,31,15,10.028571428571428
404,32,14,10.64864864864865
404,33,15,10.64864864864865
404,34,17,11.23076923076923
405,0,0,0
405,1,0,0
405,2,0,0
405,3,0,2.0
405,4,0,3.0
405,5,0,3.0
405,6,0,3.6666666666666665
405,7,0,4.5
405,8,0,4.5
405,9,0,5.2
405,10,0,5.2
405,11,0,6.571428571428571
405,12,0,6.571428571428571
405,13,0,6.571428571428571
405,14,3,6.571428571428571
405,15,7,7.3
405,16,7,7.3
405,17,12,7.5
405,18,15,8.153846153846153
405,19,14,8.0
405,20,0,8.375
405,21,3,8.375
405,22,5,9.0
405,23,4,8.68421052631579
405,24,5,8.80952380952381
405,25,6,9.208333333333334
405,26,14,9.12
405,27,19,10.0
405,28,20,9.793103448275861
405,29,26,9.793103448275861
405,30,29,9.666666666666666
405,31,30,10.65625
405,32,29,10.575757575757576
405,33,31,10.823529411764707
405,34,32,11.91891891891892
406,0,0,0
406,1,0,0
406,2,0,0
406,3,0,3.0
406,4,0,3.5
406,5,0,4.0
406,6,0,4.0
406,7,0,4.5
406,8,0,5.2
406,9,0,5.2
406,10,0,5.833333333333333
406,11,2,5.285714285714286
406,12,3,5.666666666666667
406,13,5,5.666666666666667
406,14,5,6.181818181818182
406,15,8,6.181818181818182
406,16,10,6.846153846153846
406,17,11,6.846153846153846
406,18,10,7.4
406,19,10,7.4375
406,20,0,8.117647058823529
406,21,0,8.578947368421053
406,22,1,8.80952380952381
406,23,3,8.545454545454545
406,24,12,8.545454545454545
406,25,10,9.076923076923077
406,26,12,9.076923076923077
406,27,16,8.75
406,28,20,8.75
406,29,23,9.64516129032258
406,30,25,9.90625
406,31,24,10.151515151515152
406,32,26,11.277777777777779
406,33,25,11.486486486486486
406,34,24,11.68421052631579
407,0,0,0
407,1,0,0
407,2,0,0
407,3,0,0
407,4,0,4.0
407,5,0,4.0
407,6,0,4.0
407,7,0,4.75
407,8,0,4.75
407,9,0,4.75
407,10,0,5.4
407,11,0,6.333333333333333
407,12,0,6.333333333333333
407,13,0,6.857142857142857
407,14,0,6.857142857142857
407,15,0,7.4
407,16,0,6.818181818181818
407,17,3,6.416666666666667
407,18,5,7.642857142857143
407,19,7,7.333333333333333
407,20,0,7.9375
407,21,0,7.764705882352941
407,22,0,8.789473684210526
407,23,0,8.45
407,24,3,8.428571428571429
407,25,3,8.666666666666666
407,26,7,9.153846153846153
407,27,13,8.962962962962964
407,28,16,9.517241379310345
407,29,18,9.517241379310345
407,30,18,10.064516129032258
407,31,18,10.53125
407,32,18,10.606060606060606
407,33,19,11.088235294117647
407,34,18,11.75
408,0,0,0
408,1,0,0
408,2,0,0
408,3,0,3.0
408,4,0,3.5
408,5,0,3.5
408,6,0,3.5
408,7,0,5.0
408,8,0,5.0
408,9,0,6.166666666666667
408,10,0,6.166666666666667
408,11,0,6.714285714285714
408,12,1,6.714285714285714
408,13,1,7.3
408,14,0,6.909090909090909
408,15,0,7.153846153846154
408,16,0,6.714285714285714
408,17,4,7.6875
408,18,4,7.411764705882353
408,19,6,7.411764705882353
408,20,0,7.222222222222222
408,21,3,8.35
408,22,2,7.954545454545454
408,23,3,7.954545454545454
408,24,9,7.583333333333333
408,25,11,8.692307692307692
408,26,16,8.571428571428571
408,27,17,9.03448275862069
408,28,18,9.387096774193548
408,29,22,9.28125
408,30,24,10.205882352941176
408,31,23,10.342857142857143
408,32,25,10.666666666666666
408,33,26,11.210526315789474
408,34,29,11.512820512820513
409,0,0,0
409,1,0,0
409,2,0,2.0
409,3,0,2.0
409,4,0,3.0
409,5,0,3.0
409,6,0,4.0
409,7,0,4.75
409,8,0,4.75
409,9,0,5.6
409,10,0,4.833333333333333
409,11,5,5.714285714285714
409,12,8,5.888888888888889
409,13,10,5.888888888888889
409,14,10,5.7
409,15,12,6.454545454545454
409,16,12,7.076923076923077
409,17,17,7.076923076923077
409,18,19,7.8
409,19,20,8.4375
409,20,0,8.529411764705882
409,21,0,9.11111111111111
409,22,0,9.8
409,23,2,10.285714285714286
409,24,4,10.125
409,25,4,10.6
409,26,8,10.074074074074074
409,27,12,11.03448275862069
409,28,15,10.866666666666667
409,29,16,11.32258064516129
409,30,19,11.1875
409,31,25,11.911764705882353
409,32,29,12.17142857142857
409,33,30,12.63888888888889
409,34,30,12.54054054054054
410,0,0,0
410,1,0,0
410,2,0,0
410,3,0,3.0
410,4,0,3.5
410,5,0,4.0
410,6,0,4.0
410,7,0,4.75
410,8,0,5.2
410,9,0,5.2
410,10,0,5.833333333333333
410,11,0,6.142857142857143
410,12,0,6.75
410,13,0,6.75
410,14,0,7.222222222222222
410,15,0,7.222222222222222
410,16,1,7.2727272727272725
410,17,2,7.2727272727272725
410,18,3,8.0
410,19,5,8.0
410,20,0,8.705882352941176
410,21,0,8.705882352941176
410,22,3,8.65
410,23,7,8.333333333333334
410,24,8,8.434782608695652
410,25,6,8.461538461538462
410,26,7,8.461538461538462
410,27,12,9.033333333333333
410,28,11,9.096774193548388
410,29,15,9.303030303030303
410,30,16,9.303030303030303
410,31,17,9.857142857142858
410,32,19,9.857142857142858
410,33,19,10.324324324324325
410,34,20,10.324324324324325
411,0,0,0
411,1,0,0
411,2,0,0
411,3,0,0
411,4,0,4.0
411,5,0,4.0
411,6,0,4.0
411,7,0,4.666666666666667
411,8,0,4.666666666666667
411,9,0,5.0
411,10,0,5.8
411,11,0,6.166666666666667
411,12,0,6.166666666666667
411,13,0,6.166666666666667
411,14,0,6.888888888888889
411,15,0,6.888888888888889
411,16,0,7.6
411,17,0,7.5
411,18,1,8.153846153846153
411,19,3,7.785714285714286
411,20,0,8.0
411,21,5,8.588235294117647
411,22,4,8.45
411,23,4,8.19047619047619
411,24,3,8.958333333333334
411,25,3,8.68
411,26,4,9.074074074074074
411,27,4,9.448275862068966
411,28,6,9.433333333333334
411,29,8,9.433333333333334
411,30,7,10.393939393939394
411,31,7,10.264705882352942
411,32,9,10.17142857142857
411,33,9,10.083333333333334
411,34,9,11.026315789473685
412,0,0,0
412,1,0,0
412,2,0,0
412,3,0,3.0
412,4,0,3.0
412,5,0,4.0
412,6,0,4.0
412,7,0,3.3333333333333335
412,8,0,3.3333333333333335
412,9,0,4.0
412,10,0,4.0
412,11,0,4.0
412,12,0,4.333333333333333
412,13,0,5.142857142857143
412,14,0,4.625
412,15,1,5.8
412,16,2,5.545454545454546
412,17,3,5.545454545454546
412,18,5,5.846153846153846
412,19,7,6.571428571428571
412,20,0,6.466666666666667
412,21,0,7.0588235294117645
412,22,0,7.5
412,23,3,6.9
412,24,4,6.666666666666667
412,25,6,6.875
412,26,14,7.148148148148148
412,27,15,7.178571428571429
412,28,17,7.620689655172414
412,29,17,8.064516129032258
412,30,17,8.064516129032258
412,31,16,8.25
412,32,15,8.676470588235293
412,33,16,9.17142857142857
412,34,15,9.837837837837839
413,0,0,0
413,1,0,0
413,2,0,0
413,3,0,0
413,4,0,3.5
413,5,0,3.5
413,6,0,3.5
413,7,0,4.666666666666667
413,8,0,4.75
413,9,0,4.75
413,10,0,4.75
413,11,0,5.8
413,12,0,6.0
413,13,0,6.0
413,14,0,6.75
413,15,0,6.75
413,16,0,6.6
413,17,0,6.6
413,18,2,7.583333333333333
413,19,2,7.153846153846154
413,20,0,6.857142857142857
413,21,2,7.875
413,22,3,7.705882352941177
413,23,2,7.555555555555555
413,24,6,7.9
413,25,3,8.318181818181818
413,26,8,8.217391304347826
413,27,13,8.208333333333334
413,28,15,8.72
413,29,16,9.11111111111111
413,30,19,9.607142857142858
413,31,18,9.551724137931034
413,32,19,10.066666666666666
413,33,21,10.5
413,34,22,10.454545454545455
414,0,0,0
414,1,0,0
414,2,0,0
414,3,0,0
414,4,0,4.0
414,5,0,4.0
414,6,0,4.0
414,7,0,4.0
414,8,0,5.5
414,9,0,5.5
414,10,0,6.2
414,11,0,6.833333333333333
414,12,0,7.428571428571429
414,13,0,7.428571428571429
414,14,0,7.428571428571429
414,15,2,7.444444444444445
414,16,6,8.1
414,17,7,8.25
414,18,10,8.76923076923077
414,19,10,9.066666666666666
414,20,0,9.352941176470589
414,21,1,9.352941176470589
414,22,3,9.222222222222221
414,23,5,9.857142857142858
414,24,11,9.304347826086957
414,25,11,9.791666666666666
414,26,15,9.423076923076923
414,27,19,9.964285714285714
414,28,21,10.466666666666667
414,29,23,10.451612903225806
414,30,27,11.303030303030303
414,31,27,11.205882352941176
414,32,27,11.555555555555555
414,33,28,11.555555555555555
414,34,30,12.210526315789474
415,0,0,0
415,1,0,0
415,2,0,0
415,3,0,3.0
415,4,0,3.0
415,5,0,3.0
415,6,0,3.0
415,7,0,4.25
415,8,0,4.25
415,9,0,4.25
415,10,0,5.2
415,11,0,5.666666666666667
415,12,1,5.666666666666667
415,13,1,6.222222222222222
415,14,3,6.222222222222222
415,15,4,7.0
415,16,4,7.0
415,17,3,6.846153846153846
415,18,4,7.133333333333334
415,19,7,7.75
415,20,0,7.705882352941177
415,21,2,7.333333333333333
415,22,3,8.380952380952381
415,23,6,8.090909090909092
415,24,10,8.333333333333334
415,25,13,8.16
415,26,17,8.592592592592593
415,27,18,8.5
415,28,18,8.8
415,29,19,8.741935483870968
415,30,21,9.735294117647058
415,31,21,9.8
415,32,23,9.8
415,33,22,10.216216216216216
415,34,24,10.736842105263158
416,0,0,0
416,1,0,0
416,2,0,0
416,3,0,0
416,4,0,3.0
416,5,0,3.5
416,6,0,3.5
416,7,0,3.5
416,8,0,4.666666666666667
416,9,0,5.5
416,10,0,5.5
416,11,0,7.0
416,12,0,7.0
416,13,0,7.571428571428571
416,14,0,8.0
416,15,0,8.444444444444445
416,16,1,8.8
416,17,1,8.181818181818182
416,18,1,8.666666666666666
416,19,2,8.307692307692308
416,20,0,8.714285714285714
416,21,0,8.9375
416,22,1,8.647058823529411
416,23,6,8.736842105263158
416,24,10,8.4
416,25,9,8.727272727272727
416,26,11,8.958333333333334
416,27,13,9.26923076923077
416,28,17,9.296296296296296
416,29,20,10.137931034482758
416,30,21,10.166666666666666
416,31,21,10.166666666666666
416,32,23,10.75
416,33,23,11.151515151515152
416,34,23,11.264705882352942
417,0,0,0
417,1,0,0
417,2,0,0
417,3,0,3.0
417,4,0,3.5
417,5,0,3.5
417,6,0,3.0
417,7,0,3.75
417,8,0,4.6
417,9,0,4.6
417,10,0,4.6
417,11,0,5.5
417,12,0,6.428571428571429
417,13,0,5.875
417,14,2,6.666666666666667
417,15,3,6.909090909090909
417,16,4,7.5
417,17,6,7.857142857142857
417,18,6,7.666666666666667
417,19,8,7.666666666666667
417,20,0,8.777777777777779
417,21,0,8.777777777777779
417,22,0,8.736842105263158
417,23,2,9.35
417,24,4,9.217391304347826
417,25,5,9.217391304347826
417,26,9,8.76
417,27,14,9.333333333333334
417,28,16,9.857142857142858
417,29,17,9.96551724137931
417,30,19,10.483870967741936
417,31,18,10.53125
417,32,19,11.06060606060606
417,33,18,11.6
417,34,21,11.6
418,0,0,0
418,1,0,0
418,2,0,2.0
418,3,0,2.0
418,4,0,2.0
418,5,0,3.0
418,6,0,3.75
418,7,0,3.75
418,8,0,4.6
418,9,0,5.166666666666667
418,10,0,5.714285714285714
418,11,0,5.714285714285714
418,12,0,5.714285714285714
418,13,0,6.5
418,14,0,7.222222222222222
418,15,2,7.181818181818182
418,16,3,7.181818181818182
418,17,6,6.833333333333333
418,18,9,7.615384615384615
418,19,11,8.0
418,20,0,7.875
418,21,0,8.529411764705882
418,22,1,8.444444444444445
418,23,4,9.238095238095237
418,24,5,8.652173913043478
418,25,7,8.652173913043478
418,26,12,9.333333333333334
418,27,15,9.392857142857142
418,28,16,10.0
418,29,18,10.46875
418,30,19,10.46875
418,31,20,11.029411764705882
418,32,20,11.029411764705882
418,33,20,11.63888888888889
418,34,22,11.63888888888889
419,0,0,0
419,1,0,0
419,2,0,0
419,3,0,0
419,4,0,4.0
419,5,0,4.0
419,6,0,4.0
419,7,0,5.0
419,8,0,5.25
419,9,0,5.25
419,10,0,5.6
419,11,0,5.857142857142857
419,12,0,6.25
419,13,0,6.25
419,14,0,6.888888888888889
419,15,0,6.888888888888889
419,16,0,7.5
419,17,0,7.0
419,18,2,7.75
419,19,2,7.384615384615385
419,20,0,7.928571428571429
419,21,0,7.4375
419,22,3,8.176470588235293
419,23,7,8.31578947368421
419,24,6,7.714285714285714
419,25,9,8.826086956521738
419,26,14,8.44
419,27,16,8.44
419,28,17,9.464285714285714
419,29,17,9.464285714285714
419,30,20,9.413793103448276
419,31,19,9.870967741935484
419,32,22,10.4375
419,33,21,10.911764705882353
419,34,21,11.4
420,0,0,0
420,1,0,0
420,2,0,0
420,3,0,0
420,4,0,4.0
420,5,0,4.0
420,6,0,4.0
420,7,0,4.0
420,8,0,6.0
420,9,0,6.0
420,10,0,6.0
420,11,0,7.0
420,12,0,7.666666666666667
420,13,0,8.0
420,14,0,8.625
420,15,0,8.625
420,16,1,8.5
420,17,3,9.0
420,18,4,8.5
420,19,5,9.076923076923077
420,20,0,9.4
420,21,0,9.8125
420,22,0,9.166666666666666
420,23,1,9.047619047619047
420,24,7,9.0
420,25,7,9.23076923076923
420,26,10,9.148148148148149
420,27,14,8.793103448275861
420,28,15,9.233333333333333
420,29,16,9.84375
420,30,19,9.84375
420,31,19,9.969696969696969
420,32,21,10.942857142857143
420,33,20,11.083333333333334
420,34,20,11.083333333333334
421,0,0,0
421,1,0,0
421,2,0,0
421,3,0,3.0
421,4,0,3.0
421,5,0,4.0
421,6,0,4.0
421,7,0,3.6666666666666665
421,8,0,3.6666666666666665
421,9,0,4.8
421,10,0,4.8
421,11,0,4.8
421,12,0,5.166666666666667
421,13,0,6.142857142857143
421,14,0,6.142857142857143
421,15,0,6.625
421,16,0,6.625
421,17,1,7.0
421,18,4,7.083333333333333
421,19,5,7.083333333333333
421,20,0,7.357142857142857
421,21,2,8.133333333333333
421,22,3,7.9375
421,23,5,8.333333333333334
421,24,12,8.476190476190476
421,25,9,8.476190476190476
421,26,9,8.958333333333334
421,27,15,8.958333333333334
421,28,19,9.423076923076923
421,29,23,9.423076923076923
421,30,25,10.379310344827585
421,31,26,10.3
421,32,26,10.870967741935484
421,33,27,10.84375
421,34,27,11.303030303030303
422,0,0,0
422,1,0,0
422,2,0,0
422,3,0,3.0
422,4,0,3.0
422,5,0,3.0
422,6,0,4.0
422,7,0,4.0
422,8,0,4.25
422,9,0,5.2
422,10,0,5.2
422,11,0,4.666666666666667
422,12,0,6.0
422,13,0,5.444444444444445
422,14,2,5.444444444444445
422,15,3,6.0
422,16,7,6.5
422,17,6,6.3076923076923075
422,18,11,7.533333333333333
422,19,13,7.4375
422,20,0,7.4375
422,21,2,8.055555555555555
422,22,2,8.526315789473685
422,23,5,7.9523809523809526
422,24,11,8.590909090909092
422,25,9,8.68
422,26,11,8.5
422,27,21,9.035714285714286
422,28,26,8.89655172413793
422,29,34,9.4
422,30,37,9.875
422,31,39,10.06060606060606
422,32,39,10.470588235294118
422,33,39,10.972222222222221
422,34,38,11.216216216216216
423,0,0,0
423,1,0,0
423,2,0,0
423,3,0,0
423,4,0,3.5
423,5,0,3.5
423,6,0,4.333333333333333
423,7,0,4.75
423,8,0,4.75
423,9,0,4.75
423,10,0,5.8
423,11,2,6.333333333333333
423,12,4,6.375
423,13,5,6.375
423,14,7,6.111111111111111
423,15,8,6.7
423,16,9,7.333333333333333
423,17,11,7.333333333333333
423,18,10,8.4
423,19,12,8.375
423,20,0,8.411764705882353
423,21,0,8.944444444444445
423,22,0,9.095238095238095
423,23,1,9.545454545454545
423,24,6,9.217391304347826
423,25,10,9.217391304347826
423,26,15,9.52
423,27,19,10.038461538461538
423,28,25,9.851851851851851
423,29,30,9.851851851851851
423,30,29,10.310344827586206
423,31,31,11.096774193548388
423,32,32,11.28125
423,33,32,11.484848484848484
423,34,33,12.114285714285714
424,0,0,0
424,1,0,0
424,2,0,2.0
424,3,0,2.0
424,4,0,3.0
424,5,0,3.0
424,6,0,3.0
424,7,0,4.0
424,8,0,4.2
424,9,0,4.2
424,10,0,4.2
424,11,0,5.166666666666667
424,12,0,5.428571428571429
424,13,0,5.777777777777778
424,14,1,6.1
424,15,1,5.7272727272727275
424,16,2,6.416666666666667
424,17,2,6.642857142857143
424,18,2,6.642857142857143
424,19,2,7.1875
424,20,0,7.388888888888889
424,21,1,7.947368421052632
424,22,1,7.666666666666667
424,23,5,7.826086956521739
424,24,5,7.846153846153846
424,25,6,7.846153846153846
424,26,10,8.068965517241379
424,27,11,8.32258064516129
424,28,17,8.32258064516129
424,29,21,8.666666666666666
424,30,23,9.114285714285714
424,31,25,9.472222222222221
424,32,27,9.894736842105264
424,33,28,9.894736842105264
424,34,27,9.923076923076923
425,0,0,0
425,1,0,0
425,2,0,0
425,3,0,0
425,4,0,4.0
425,5,0,4.0
425,6,0,4.0
425,7,0,4.333333333333333
425,8,0,5.25
425,9,0,5.25
425,10,0,5.8
425,11,0,6.333333333333333
425,12,0,6.333333333333333
425,13,0,6.333333333333333
425,14,0,7.142857142857143
425,15,0,7.0
425,16,0,7.0
425,17,1,7.2727272727272725
425,18,2,7.2727272727272725
425,19,2,8.142857142857142
425,20,0,8.142857142857142
425,21,1,7.933333333333334
425,22,1,8.722222222222221
425,23,2,8.578947368421053
425,24,4,8.2
425,25,3,8.681818181818182
425,26,9,8.958333333333334
425,27,10,8.92
425,28,10,8.92
425,29,12,10.0
425,30,14,10.0
425,31,15,9.931034482758621
425,32,16,10.5
425,33,18,10.96875
425,34,18,10.96875
426,0,0,0
426,1,0,0
426,2,0,0
426,3,0,0
426,4,0,4.0
426,5,0,4.0
426,6,0,4.0
426,7,0,5.5
426,8,0,5.5
426,9,0,5.5
426,10,0,6.2
426,11,0,7.0
426,12,0,7.0
426,13,0,7.333333333333333
426,14,4,7.333333333333333
426,15,6,6.8
426,16,8,6.8
426,17,11,7.923076923076923
426,18,13,7.923076923076923
426,19,16,7.785714285714286
426,20,0,8.9375
426,21,1,8.882352941176471
426,22,4,9.444444444444445
426,23,3,9.105263157894736
426,24,6,9.333333333333334
426,25,3,9.217391304347826
426,26,7,9.76
426,27,14,10.071428571428571
426,28,20,10.206896551724139
426,29,23,10.741935483870968
426,30,26,10.5625
426,31,27,10.882352941176471
426,32,28,10.882352941176471
426,33,28,11.972972972972974
426,34,29,11.972972972972974
427,0,0,0
427,1,0,0
427,2,0,2.0
427,3,0,2.0
427,4,0,2.3333333333333335
427,5,0,2.3333333333333335
427,6,0,3.25
427,7,0,3.6
427,8,0,3.6
427,9,0,4.5
427,10,0,5.0
427,11,0,5.625
427,12,0,5.625
427,13,0,6.111111111111111
427,14,0,6.6
427,15,0,6.6
427,16,2,6.181818181818182
427,17,3,7.0
427,18,2,6.714285714285714
427,19,3,7.5625
427,20,0,7.411764705882353
427,21,4,7.833333333333333
427,22,3,7.904761904761905
427,23,8,7.904761904761905
427,24,9,7.916666666666667
427,25,8,8.28
427,26,12,8.25925925925926
427,27,18,8.25925925925926
427,28,19,8.586206896551724
427,29,23,8.966666666666667
427,30,23,9.064516129032258
427,31,23,9.064516129032258
427,32,24,9.636363636363637
427,33,25,10.029411764705882
427,34,27,10.17142857142857
428,0,0,0
428,1,0,0
428,2,0,0
428,3,0,3.0
428,4,0,3.5
428,5,0,3.5
428,6,0,3.5
428,7,0,5.25
428,8,0,5.25
428,9,0,5.25
428,10,0,5.8
428,11,0,6.0
428,12,1,6.0
428,13,1,6.4
428,14,4,6.4
428,15,5,6.181818181818182
428,16,9,6.666666666666667
428,17,9,7.071428571428571
428,18,10,7.071428571428571
428,19,12,7.0
428,20,0,8.0
428,21,0,8.0
428,22,2,8.0
428,23,5,8.25
428,24,5,8.454545454545455
428,25,6,8.791666666666666
428,26,7,8.461538461538462
428,27,14,8.333333333333334
428,28,22,9.344827586206897
428,29,25,9.233333333333333
428,30,28,9.419354838709678
428,31,28,10.558823529411764
428,32,28,10.558823529411764
428,33,29,11.13888888888889
428,34,32,11.621621621621621
429,0,0,0
429,1,0,0
429,2,0,0
429,3,0,2.0
429,4,0,3.0
429,5,0,3.0
429,6,0,3.6666666666666665
429,7,0,4.5
429,8,0,4.4
429,9,0,4.4
429,10,0,4.666666666666667
429,11,0,5.0
429,12,0,5.0
429,13,0,5.0
429,14,0,5.4
429,15,0,5.4
429,16,2,5.4
429,17,3,5.090909090909091
429,18,4,6.230769230769231
429,19,4,6.071428571428571
429,20,0,6.0
429,21,2,7.117647058823529
429,22,2,6.7894736842105265
429,23,5,6.7894736842105265
429,24,7,7.391304347826087
429,25,7,7.391304347826087
429,26,9,7.16
429,27,11,7.269230769230769
429,28,14,8.285714285714286
429,29,16,8.448275862068966
429,30,19,8.933333333333334
429,31,19,9.5
429,32,21,9.969696969696969
429,33,23,10.542857142857143
429,34,24,10.972222222222221
430,0,0,0
430,1,0,0
430,2,0,0
430,3,0,0
430,4,0,4.0
430,5,0,4.0
430,6,0,4.0
430,7,0,5.0
430,8,0,5.0
430,9,0,5.75
430,10,0,5.75
430,11,0,7.0
430,12,0,7.0
430,13,0,7.0
430,14,1,7.0
430,15,2,7.666666666666667
430,16,3,7.2
430,17,3,6.909090909090909
430,18,6,8.0
430,19,6,7.733333333333333
430,20,0,8.3125
430,21,0,8.777777777777779
430,22,0,8.368421052631579
430,23,5,8.619047619047619
430,24,12,8.363636363636363
430,25,13,8.708333333333334
430,26,15,8.52
430,27,18,9.5
430,28,27,9.5
430,29,27,9.413793103448276
430,30,30,9.966666666666667
430,31,29,10.6875
430,32,31,10.6875
430,33,30,11.205882352941176
430,34,30,11.742857142857142
431,0,0,0
431,1,0,0
431,2,0,0
431,3,0,0
431,4,0,4.0
431,5,0,3.0
431,6,0,3.0
431,7,0,3.0
431,8,0,4.8
431,9,0,4.8
431,10,0,4.8
431,11,0,5.833333333333333
431,12,0,6.428571428571429
431,13,0,6.428571428571429
431,14,0,7.777777777777778
431,15,0,7.1
431,16,1,6.636363636363637
431,17,4,7.333333333333333
431,18,6,7.642857142857143
431,19,8,8.266666666666667
431,20,0,8.0625
431,21,3,8.0625
431,22,2,8.105263157894736
431,23,5,8.7
431,24,8,8.272727272727273
431,25,9,8.695652173913043
431,26,11,8.846153846153847
431,27,12,9.25925925925926
431,28,11,9.178571428571429
431,29,12,9.178571428571429
431,30,14,9.833333333333334
431,31,15,10.290322580645162
431,32,14,10.40625
431,33,15,10.909090909090908
431,34,14,11.029411764705882
432,0,0,0
432,1,0,0
432,2,0,2.0
432,3,0,2.0
432,4,0,2.6666666666666665
432,5,0,2.6666666666666665
432,6,0,2.6666666666666665
432,7,0,3.5
432,8,0,4.0
432,9,0,4.666666666666667
432,10,0,5.142857142857143
432,11,0,4.625
432,12,0,5.222222222222222
432,13,0,5.222222222222222
432,14,2,5.9
432,15,2,5.545454545454546
432,16,2,6.25
432,17,2,6.642857142857143
432,18,4,6.642857142857143
432,19,7,6.6
432,20,0,7.823529411764706
432,21,1,7.777777777777778
432,22,1,8.05
432,23,5,8.272727272727273
432,24,9,8.625
432,25,10,8.23076923076923
432,26,16,8.714285714285714
432,27,17,8.566666666666666
432,28,20,9.096774193548388
432,29,20,9.454545454545455
432,30,22,9.454545454545455
432,31,21,9.411764705882353
432,32,22,9.942857142857143
432,33,22,10.432432432432432
432,34,23,10.432432432432432
433,0,0,0
433,1,0,0
433,2,0,2.0
433,3,0,2.5
433,4,0,3.0
433,5,0,3.0
433,6,0,3.5
433,7,0,4.0
433,8,0,4.0
433,9,0,4.0
433,10,0,4.833333333333333
433,11,0,5.428571428571429
433,12,0,5.428571428571429
433,13,0,6.666666666666667
433,14,0,6.666666666666667
433,15,0,6.666666666666667
433,16,0,7.3
433,17,2,7.909090909090909
433,18,4,7.416666666666667
433,19,5,7.642857142857143
433,20,0,7.642857142857143
433,21,0,8.0625
433,22,0,8.0625
433,23,1,8.105263157894736
433,24,6,8.333333333333334
433,25,5,8.318181818181818
433,26,7,8.08695652173913
433,27,10,8.6
433,28,11,9.0
433,29,12,9.0
433,30,14,10.1
433,31,15,10.1
433,32,16,10.225806451612904
433,33,16,10.78125
433,34,16,11.352941176470589
434,0,0,0
434,1,0,0
434,2,0,0
434,3,0,3.0
434,4,0,3.5
434,5,0,3.5
434,6,0,3.5
434,7,0,3.6666666666666665
434,8,0,4.75
434,9,0,4.75
434,10,0,4.75
434,11,0,5.2
434,12,0,6.333333333333333
434,13,0,6.333333333333333
434,14,0,6.333333333333333
434,15,0,6.25
434,16,0,7.222222222222222
434,17,0,6.8
434,18,1,6.2727272727272725
434,19,5,7.846153846153846
434,20,0,7.5
434,21,3,7.5
434,22,6,7.0
434,23,12,8.38888888888889
434,24,11,7.9
434,25,8,7.9
434,26,9,8.478260869565217
434,27,15,9.041666666666666
434,28,18,9.08
434,29,22,9.08
434,30,22,9.851851851851851
434,31,24,10.392857142857142
434,32,23,10.379310344827585
434,33,23,11.483870967741936
434,34,24,11.5
435,0,0,0
435,1,0,0
435,2,0,0
435,3,0,3.0
435,4,0,3.5
435,5,0,3.0
435,6,0,3.0
435,7,0,4.4
435,8,0,4.4
435,9,0,4.4
435,10,0,4.4
435,11,0,5.714285714285714
435,12,0,5.714285714285714
435,13,0,5.666666666666667
435,14,0,6.3
435,15,0,5.909090909090909
435,16,2,5.583333333333333
435,17,2,6.466666666666667
435,18,2,6.466666666666667
435,19,2,6.705882352941177
435,20,0,7.157894736842105
435,21,0,7.157894736842105
435,22,3,6.809523809523809
435,23,12,7.5
435,24,16,7.32
435,25,11,7.1923076923076925
435,26,15,7.517241379310345
435,27,17,7.935483870967742
435,28,21,7.875
435,29,24,8.393939393939394
435,30,26,8.8
435,31,26,8.8
435,32,26,9.243243243243244
435,33,26,9.736842105263158
435,34,27,9.871794871794872
436,0,0,0
436,1,0,0
436,2,0,0
436,3,0,3.0
436,4,0,3.5
436,5,0,3.5
436,6,0,3.75
436,7,0,4.2
436,8,0,4.666666666666667
436,9,0,4.666666666666667
436,10,0,4.666666666666667
436,11,0,5.875
436,12,0,5.875
436,13,0,6.444444444444445
436,14,0,6.444444444444445
436,15,0,7.1
436,16,0,7.1
436,17,0,7.818181818181818
436,18,0,7.818181818181818
436,19,0,8.5
436,20,0,8.0
436,21,2,7.8125
436,22,3,7.8125
436,23,3,8.55
436,24,3,8.55
436,25,5,8.272727272727273
436,26,5,8.0
436,27,8,9.038461538461538
436,28,9,8.925925925925926
436,29,13,8.925925925925926
436,30,15,9.344827586206897
436,31,14,9.838709677419354
436,32,13,9.78125
436,33,13,10.205882352941176
436,34,13,10.771428571428572
437,0,0,0
437,1,0,0
437,2,0,0
437,3,0,0
437,4,0,4.0
437,5,0,3.5
437,6,0,4.333333333333333
437,7,0,4.333333333333333
437,8,0,4.333333333333333
437,9,0,5.8
437,10,0,5.8
437,11,0,5.8
437,12,1,6.5
437,13,0,6.5
437,14,1,6.5
437,15,3,6.8
437,16,5,7.363636363636363
437,17,7,7.083333333333333
437,18,8,7.428571428571429
437,19,12,8.0
437,20,0,7.875
437,21,1,8.470588235294118
437,22,1,9.0
437,23,3,9.045454545454545
437,24,7,9.045454545454545
437,25,7,9.04
437,26,14,9.333333333333334
437,27,16,9.620689655172415
437,28,17,9.620689655172415
437,29,18,9.766666666666667
437,30,22,10.225806451612904
437,31,21,10.848484848484848
437,32,23,11.264705882352942
437,33,24,11.371428571428572
437,34,26,11.833333333333334
438,0,0,0
438,1,0,0
438,2,0,0
438,3,0,3.0
438,4,0,3.5
438,5,0,3.5
438,6,0,3.3333333333333335
438,7,0,4.25
438,8,0,4.2
438,9,0,4.2
438,10,0,5.0
438,11,2,4.875
438,12,4,5.555555555555555
438,13,5,5.3
438,14,5,5.583333333333333
438,15,7,6.153846153846154
438,16,11,6.142857142857143
438,17,12,6.133333333333334
438,18,14,6.5625
438,19,17,7.111111111111111
438,20,0,7.111111111111111
438,21,0,7.55
438,22,1,7.55
438,23,3,8.173913043478262
438,24,4,7.916666666666667
438,25,9,7.76
438,26,15,8.11111111111111
438,27,14,8.379310344827585
438,28,17,8.3
438,29,19,9.0625
438,30,20,9.529411764705882
438,31,20,9.457142857142857
438,32,21,9.666666666666666
438,33,20,10.743589743589743
438,34,20,10.925
439,0,0,0
439,1,0,0
439,2,0,0
439,3,0,3.0
439,4,0,3.0
439,5,0,3.6666666666666665
439,6,0,4.0
439,7,0,4.0
439,8,0,4.0
439,9,0,5.0
439,10,0,5.5
439,11,0,4.857142857142857
439,12,3,4.5
439,13,4,5.9
439,14,5,5.636363636363637
439,15,7,6.25
439,16,7,6.785714285714286
439,17,9,7.266666666666667
439,18,10,7.25
439,19,10,8.333333333333334
439,20,0,8.368421052631579
439,21,1,8.368421052631579
439,22,1,9.043478260869565
439,23,4,8.791666666666666
439,24,5,9.0
439,25,12,9.285714285714286
439,26,17,9.5
439,27,20,9.4375
439,28,22,10.029411764705882
439,29,24,10.472222222222221
439,30,25,10.736842105263158
439,31,25,10.736842105263158
439,32,26,11.025
439,33,26,11.025
439,34,27,11.404761904761905
440,0,0,0
440,1,0,0
440,2,0,2.0
440,3,0,2.5
440,4,0,3.0
440,5,0,3.0
440,6,0,3.5
440,7,0,4.0
440,8,0,4.5
440,9,0,5.0
440,10,0,5.0
440,11,0,5.0
440,12,0,6.333333333333333
440,13,0,6.333333333333333
440,14,0,6.333333333333333
440,15,2,7.545454545454546
440,16,2,7.083333333333333
440,17,4,7.6923076923076925
440,18,6,7.428571428571429
440,19,10,8.5625
440,20,0,8.411764705882353
440,21,0,8.277777777777779
440,22,0,8.45
440,23,1,8.434782608695652
440,24,4,8.416666666666666
440,25,5,8.592592592592593
440,26,13,8.862068965517242
440,27,14,8.933333333333334
440,28,19,9.84375
440,29,19,9.909090909090908
440,30,19,9.909090909090908
440,31,18,10.0
440,32,19,10.916666666666666
440,33,18,11.027027027027026
440,34,19,11.027027027027026
441,0,0,0
441,1,0,0
441,2,0,0
441,3,0,2.0
441,4,0,3.0
441,5,0,3.3333333333333335
441,6,0,3.3333333333333335
441,7,0,3.3333333333333335
441,8,0,4.5
441,9,0,5.0
441,10,0,5.0
441,11,0,5.666666666666667
441,12,0,5.666666666666667
441,13,2,7.0
441,14,2,6.444444444444445
441,15,7,7.1
441,16,6,6.818181818181818
441,17,9,7.416666666666667
441,18,11,7.857142857142857
441,19,11,7.857142857142857
441,20,0,8.764705882352942
441,21,1,8.764705882352942
441,22,1,8.722222222222221
441,23,8,8.368421052631579
441,24,10,8.826086956521738
441,25,9,8.826086956521738
441,26,9,8.884615384615385
441,27,10,9.428571428571429
441,28,13,9.482758620689655
441,29,17,9.5
441,30,20,10.4375
441,31,21,10.636363636363637
441,32,24,11.0
441,33,23,11.666666666666666
441,34,25,11.756756756756756
442,0,0,0
442,1,0,0
442,2,0,2.0
442,3,0,2.0
442,4,0,3.0
442,5,0,3.0
442,6,0,3.25
442,7,0,3.8
442,8,0,4.166666666666667
442,9,0,4.166666666666667
442,10,0,4.166666666666667
442,11,0,5.111111111111111
442,12,0,5.111111111111111
442,13,0,4.7
442,14,2,5.916666666666667
442,15,1,5.615384615384615
442,16,1,6.4375
442,17,2,6.4375
442,18,3,6.777777777777778
442,19,6,7.315789473684211
442,20,0,7.2
442,21,0,8.043478260869565
442,22,1,7.64
442,23,6,8.0
442,24,6,7.793103448275862
442,25,5,8.5
442,26,9,8.515151515151516
442,27,11,8.411764705882353
442,28,11,9.243243243243244
442,29,13,9.243243243243244
442,30,16,9.289473684210526
442,31,16,9.289473684210526
442,32,15,10.121951219512194
442,33,15,10.121951219512194
442,34,16,10.674418604651162
443,0,0,0
443,1,0,0
443,2,0,0
443,3,0,0
443,4,0,4.0
443,5,0,4.0
443,6,0,5.0
443,7,0,5.0
443,8,0,5.0
443,9,0,5.714285714285714
443,10,0,5.714285714285714
443,11,0,6.25
443,12,2,6.25
443,13,5,6.4
443,14,8,6.4
443,15,10,6.833333333333333
443,16,10,7.214285714285714
443,17,12,7.214285714285714
443,18,14,7.75
443,19,17,8.294117647058824
443,20,0,8.277777777777779
443,21,0,9.238095238095237
443,22,2,8.909090909090908
443,23,3,9.041666666666666
443,24,5,8.8
443,25,0,9.037037037037036
443,26,6,9.344827586206897
443,27,10,9.2
443,28,15,9.40625
443,29,20,9.848484848484848
443,30,26,9.705882352941176
443,31,31,10.277777777777779
443,32,32,10.842105263157896
443,33,32,10.923076923076923
443,34,34,11.025
444,0,0,0
444,1,0,0
444,2,0,2.0
444,3,0,2.0
444,4,0,3.3333333333333335
444,5,0,3.3333333333333335
444,6,0,4.0
444,7,0,4.0
444,8,0,5.166666666666667
444,9,0,5.166666666666667
444,10,0,5.571428571428571
444,11,0,5.571428571428571
444,12,0,6.2
444,13,0,6.2
444,14,0,6.7272727272727275
444,15,1,7.25
444,16,3,6.846153846153846
444,17,6,6.846153846153846
444,18,9,7.75
444,19,9,7.75
444,20,0,8.166666666666666
444,21,2,8.68421052631579
444,22,3,8.6
444,23,10,9.095238095238095
444,24,14,8.565217391304348
444,25,11,9.56
444,26,10,9.222222222222221
444,27,15,9.071428571428571
444,28,20,9.586206896551724
444,29,21,10.096774193548388
444,30,21,10.096774193548388
444,31,20,10.757575757575758
444,32,19,10.911764705882353
444,33,22,11.342857142857143
444,34,21,11.945945945945946
445,0,0,0
445,1,0,0
445,2,0,0
445,3,0,2.0
445,4,0,3.0
445,5,0,3.0
445,6,0,3.0
445,7,0,4.0
445,8,0,5.0
445,9,0,5.0
445,10,0,6.0
445,11,0,6.5
445,12,0,6.5
445,13,0,6.5
445,14,0,7.111111111111111
445,15,0,7.5
445,16,0,7.0
445,17,0,6.583333333333333
445,18,4,7.153846153846154
445,19,6,7.333333333333333
445,20,0,7.0625
445,21,3,7.0625
445,22,3,7.368421052631579
445,23,4,7.363636363636363
445,24,9,7.363636363636363
445,25,6,7.72
445,26,8,7.72
445,27,12,8.178571428571429
445,28,16,8.178571428571429
445,29,19,8.466666666666667
445,30,20,8.96774193548387
445,31,19,8.9375
445,32,19,9.823529411764707
445,33,20,10.0
445,34,20,10.0
446,0,0,0
446,1,0,0
446,2,0,2.0
446,3,0,2.5
446,4,0,2.5
446,5,0,3.0
446,6,0,3.0
446,7,0,4.0
446,8,0,4.6
446,9,0,4.6
446,10,0,4.0
446,11,1,5.0
446,12,2,5.222222222222222
446,13,3,5.222222222222222
446,14,5,5.7272727272727275
446,15,6,6.230769230769231
446,16,7,6.142857142857143
446,17,9,6.8
446,18,12,7.294117647058823
446,19,15,7.294117647058823
446,20,0,7.277777777777778
446,21,0,8.380952380952381
446,22,2,8.090909090909092
446,23,2,7.869565217391305
446,24,6,8.24
446,25,9,8.592592592592593
446,26,11,8.931034482758621
446,27,16,9.15625
446,28,20,9.272727272727273
446,29,25,9.323529411764707
446,30,28,9.86111111111111
446,31,31,10.324324324324325
446,32,32,10.263157894736842
446,33,32,10.76923076923077
446,34,31,11.21951219512195
447,0,0,0
447,1,0,0
447,2,0,0
447,3,0,3.0
447,4,0,3.0
447,5,0,3.0
447,6,0,3.0
447,7,0,4.333333333333333
447,8,0,4.333333333333333
447,9,0,4.333333333333333
447,10,0,4.5
447,11,0,5.8
447,12,0,5.8
447,13,0,6.166666666666667
447,14,0,6.166666666666667
447,15,2,7.625
447,16,1,7.0
447,17,2,7.4
447,18,4,7.916666666666667
447,19,5,7.916666666666667
447,20,0,8.214285714285714
447,21,0,8.25
447,22,4,8.157894736842104
447,23,8,8.6
447,24,6,8.272727272727273
447,25,4,8.272727272727273
447,26,10,9.0
447,27,12,9.0
447,28,13,9.464285714285714
447,29,14,9.89655172413793
447,30,13,9.966666666666667
447,31,13,10.78125
447,32,12,10.757575757575758
447,33,12,10.757575757575758
447,34,13,10.794117647058824
448,0,0,0
448,1,0,0
448,2,0,2.0
448,3,0,2.0
448,4,0,3.0
448,5,0,3.3333333333333335
448,6,0,3.3333333333333335
448,7,0,4.0
448,8,0,4.0
448,9,0,4.8
448,10,0,5.333333333333333
448,11,0,5.333333333333333
448,12,0,5.333333333333333
448,13,2,6.625
448,14,3,6.111111111111111
448,15,5,6.7
448,16,7,6.916666666666667
448,17,8,6.916666666666667
448,18,11,7.357142857142857
448,19,13,7.266666666666667
448,20,0,7.705882352941177
448,21,0,8.105263157894736
448,22,2,8.105263157894736
448,23,1,8.285714285714286
448,24,4,8.478260869565217
448,25,10,8.291666666666666
448,26,14,8.08
448,27,25,8.928571428571429
448,28,26,8.793103448275861
448,29,28,8.793103448275861
448,30,30,9.65625
448,31,30,9.787878787878787
448,32,33,9.787878787878787
448,33,35,10.666666666666666
448,34,35,10.666666666666666
449,0,0,0
449,1,0,0
449,2,0,0
449,3,0,0
449,4,0,4.0
449,5,0,4.0
449,6,0,4.0
449,7,0,4.0
449,8,0,4.2
449,9,0,4.666666666666667
449,10,0,4.666666666666667
449,11,0,5.285714285714286
449,12,0,5.875
449,13,0,5.875
449,14,0,5.875
449,15,0,7.2
449,16,0,7.2
449,17,0,7.909090909090909
449,18,1,7.909090909090909
449,19,1,8.642857142857142
449,20,0,8.642857142857142
449,21,2,8.875
449,22,1,8.11111111111111
449,23,2,8.952380952380953
449,24,2,8.727272727272727
449,25,2,8.434782608695652
449,26,4,8.291666666666666
449,27,9,9.037037037037036
449,28,10,9.037037037037036
449,29,12,8.892857142857142
449,30,12,8.892857142857142
449,31,11,9.838709677419354
449,32,10,9.75
449,33,12,9.75
449,34,12,10.382352941176471
450,0,0,0
450,1,0,0
450,2,0,0
450,3,0,0
450,4,0,3.0
450,5,0,3.0
450,6,0,3.0
450,7,0,3.3333333333333335
450,8,0,4.25
450,9,0,4.25
450,10,0,4.25
450,11,0,5.833333333333333
450,12,0,5.833333333333333
450,13,0,5.833333333333333
450,14,0,5.833333333333333
450,15,0,6.777777777777778
450,16,0,6.777777777777778
450,17,0,6.4
450,18,0,7.3076923076923075
450,19,0,6.857142857142857
450,20,0,7.466666666666667
450,21,1,7.388888888888889
450,22,1,7.105263157894737
450,23,5,7.65
450,24,3,7.2727272727272725
450,25,4,7.75
450,26,4,7.6
450,27,7,8.571428571428571
450,28,8,8.571428571428571
450,29,8,8.517241379310345
450,30,11,9.53125
450,31,11,9.53125
450,32,12,9.484848484848484
450,33,12,10.542857142857143
450,34,11,10.527777777777779
451,0,0,0
451,1,0,0
451,2,0,0
451,3,0,3.0
451,4,0,3.0
451,5,0,3.0
451,6,0,3.0
451,7,0,4.75
451,8,0,4.75
451,9,0,4.75
451,10,0,4.75
451,11,0,6.5
451,12,0,6.5
451,13,0,7.142857142857143
451,14,0,6.375
451,15,0,7.8
451,16,0,7.2727272727272725
451,17,0,6.75
451,18,0,7.6
451,19,0,7.6
451,20,0,8.333333333333334
451,21,0,8.0
451,22,2,8.19047619047619
451,23,2,8.478260869565217
451,24,2,8.916666666666666
451,25,1,9.23076923076923
451,26,4,8.962962962962964
451,27,4,8.655172413793103
451,28,8,9.612903225806452
451,29,8,9.4375
451,30,14,9.93939393939394
451,31,13,10.257142857142858
451,32,13,10.257142857142858
451,33,15,10.194444444444445
451,34,14,10.736842105263158
452,0,0,0
452,1,0,0
452,2,0,0
452,3,0,3.0
452,4,0,3.0
452,5,0,3.0
452,6,0,3.75
452,7,0,3.75
452,8,0,3.75
452,9,0,4.8
452,10,0,5.166666666666667
452,11,0,4.571428571428571
452,12,0,4.875
452,13,0,5.666666666666667
452,14,0,5.2
452,15,4,5.923076923076923
452,16,6,5.923076923076923
452,17,7,5.714285714285714
452,18,11,6.75
452,19,10,6.647058823529412
452,20,0,7.166666666666667
452,21,0,7.5
452,22,1,7.5
452,23,3,7.238095238095238
452,24,6,7.608695652173913
452,25,10,7.76
452,26,18,7.615384615384615
452,27,24,7.857142857142857
452,28,26,8.333333333333334
452,29,27,8.290322580645162
452,30,31,9.121212121212121
452,31,30,9.088235294117647
452,32,31,9.916666666666666
452,33,30,9.91891891891892
452,34,32,10.368421052631579
453,0,0,0
453,1,0,0
453,2,0,0
453,3,0,0
453,4,0,3.0
453,5,0,3.5
453,6,0,3.5
453,7,0,3.5
453,8,0,5.0
453,9,0,5.0
453,10,0,5.0
453,11,2,6.333333333333333
453,12,1,5.714285714285714
453,13,3,5.714285714285714
453,14,5,5.5
453,15,6,6.7272727272727275
453,16,8,6.7272727272727275
453,17,11,7.230769230769231
453,18,13,7.142857142857143
453,19,13,7.5625
453,20,0,8.117647058823529
453,21,2,8.11111111111111
453,22,5,8.631578947368421
453,23,6,8.904761904761905
453,24,13,8.875
453,25,11,8.5
453,26,11,9.428571428571429
453,27,12,9.133333333333333
453,28,21,9.133333333333333
453,29,31,9.03225806451613
453,30,36,10.205882352941176
453,31,35,10.371428571428572
453,32,34,10.527777777777779
453,33,34,10.702702702702704
453,34,36,11.775
454,0,0,0
454,1,0,0
454,2,0,0
454,3,0,0
454,4,0,4.0
454,5,0,4.0
454,6,0,4.0
454,7,0,4.666666666666667
454,8,0,5.5
454,9,0,6.0
454,10,0,6.0
454,11,0,6.0
454,12,0,6.833333333333333
454,13,0,6.75
454,14,1,6.222222222222222
454,15,4,7.0
454,16,4,7.083333333333333
454,17,6,7.083333333333333
454,18,6,6.923076923076923
454,19,9,8.133333333333333
454,20,0,8.0
454,21,2,8.0
454,22,1,8.0
454,23,4,8.8
454,24,10,8.571428571428571
454,25,8,8.318181818181818
454,26,11,8.217391304347826
454,27,15,9.346153846153847
454,28,17,9.37037037037037
454,29,19,9.37037037037037
454,30,21,10.666666666666666
454,31,21,10.666666666666666
454,32,21,11.818181818181818
454,33,23,11.818181818181818
454,34,24,12.916666666666666
455,0,0,0
455,1,0,0
455,2,0,0
455,3,0,0
455,4,0,4.0
455,5,0,4.0
455,6,0,4.0
455,7,0,5.0
455,8,0,5.75
455,9,0,6.2
455,10,0,6.2
455,11,0,6.833333333333333
455,12,1,7.428571428571429
455,13,0,6.75
455,14,2,7.0
455,15,5,7.636363636363637
455,16,8,7.769230769230769
455,17,10,7.769230769230769
455,18,11,7.571428571428571
455,19,12,8.625
455,20,0,8.529411764705882
455,21,0,8.11111111111111
455,22,1,9.142857142857142
455,23,4,8.863636363636363
455,24,9,8.333333333333334
455,25,12,8.92
455,26,15,9.0
455,27,21,9.366666666666667
455,28,28,9.90625
455,29,29,10.0
455,30,31,10.0
455,31,31,10.428571428571429
455,32,34,10.88888888888889
455,33,33,10.864864864864865
455,34,34,10.864864864864865
456,0,0,0
456,1,0,0
456,2,0,0
456,3,0,3.0
456,4,0,3.5
456,5,0,3.5
456,6,0,4.333333333333333
456,7,0,4.75
456,8,0,5.2
456,9,0,5.2
456,10,0,5.2
456,11,0,6.0
456,12,0,6.125
456,13,0,6.125
456,14,1,6.4
456,15,2,7.0
456,16,2,6.666666666666667
456,17,3,6.666666666666667
456,18,4,7.733333333333333
456,19,6,7.733333333333333
456,20,0,8.117647058823529
456,21,1,8.0
456,22,2,8.761904761904763
456,23,7,8.454545454545455
456,24,10,8.041666666666666
456,25,14,8.041666666666666
456,26,18,8.821428571428571
456,27,19,8.821428571428571
456,28,21,8.724137931034482
456,29,20,9.193548387096774
456,30,21,9.65625
456,31,20,9.818181818181818
456,32,22,10.371428571428572
456,33,23,10.472222222222221
456,34,25,10.945945945945946
457,0,0,0
457,1,0,0
457,2,0,2.0
457,3,0,2.0
457,4,0,3.0
457,5,0,3.3333333333333335
457,6,0,3.3333333333333335
457,7,0,3.3333333333333335
457,8,0,4.8
457,9,0,4.8
457,10,0,5.5
457,11,0,5.5
457,12,0,6.142857142857143
457,13,0,6.75
457,14,0,6.75
457,15,0,6.75
457,16,1,7.0
457,17,5,7.7272727272727275
457,18,6,7.333333333333333
457,19,6,7.785714285714286
457,20,0,8.466666666666667
457,21,1,8.25
457,22,3,8.105263157894736
457,23,7,7.8
457,24,14,8.090909090909092
457,25,10,8.24
457,26,11,8.24
457,27,16,8.25925925925926
457,28,18,8.75
457,29,20,9.333333333333334
457,30,23,9.333333333333334
457,31,22,9.9375
457,32,22,10.363636363636363
457,33,21,10.352941176470589
457,34,21,11.243243243243244
458,0,0,0
458,1,0,0
458,2,0,2.0
458,3,0,2.0
458,4,0,2.25
458,5,0,2.25
458,6,0,3.0
458,7,0,3.0
458,8,0,3.8333333333333335
458,9,0,4.571428571428571
458,10,0,4.571428571428571
458,11,2,4.571428571428571
458,12,1,5.4
458,13,3,5.4
458,14,3,5.833333333333333
458,15,4,6.214285714285714
458,16,5,6.666666666666667
458,17,4,6.5625
458,18,4,7.0588235294117645
458,19,3,7.473684210526316
458,20,0,7.809523809523809
458,21,0,7.7727272727272725
458,22,1,7.5
458,23,2,7.785714285714286
458,24,3,7.785714285714286
458,25,3,8.3
458,26,5,8.3
458,27,5,8.5625
458,28,8,8.5625
458,29,11,9.342857142857143
458,30,14,9.342857142857143
458,31,15,9.305555555555555
458,32,15,10.157894736842104
458,33,16,10.128205128205128
458,34,17,10.575
459,0,0,0
459,1,0,0
459,2,0,2.0
459,3,0,2.0
459,4,0,2.5
459,5,0,2.3333333333333335
459,6,0,3.25
459,7,0,3.25
459,8,0,4.0
459,9,0,4.0
459,10,0,4.285714285714286
459,11,0,4.285714285714286
459,12,2,5.5
459,13,1,5.181818181818182
459,14,3,5.181818181818182
459,15,5,6.214285714285714
459,16,9,6.214285714285714
459,17,10,6.75
459,18,11,6.75
459,19,12,7.222222222222222
459,20,0,7.222222222222222
459,21,1,7.85
459,22,5,8.285714285714286
459,23,6,8.291666666666666
459,24,10,8.72
459,25,2,8.892857142857142
459,26,6,8.892857142857142
459,27,9,9.129032258064516
459,28,15,9.484848484848484
459,29,19,9.588235294117647
459,30,29,9.88888888888889
459,31,29,10.243243243243244
459,32,28,10.58974358974359
459,33,30,10.525
459,34,31,10.525
460,0,0,0
460,1,0,0
460,2,0,0
460,3,0,0
460,4,0,4.0
460,5,0,4.0
460,6,0,4.0
460,7,0,5.0
460,8,0,5.5
460,9,0,5.5
460,10,0,6.2
460,11,0,6.0
460,12,3,5.5
460,13,6,6.111111111111111
460,14,8,6.363636363636363
460,15,11,6.916666666666667
460,16,13,6.769230769230769
460,17,14,7.357142857142857
460,18,17,7.333333333333333
460,19,21,8.411764705882353
460,20,0,8.444444444444445
460,21,1,8.444444444444445
460,22,1,8.2
460,23,2,8.956521739130435
460,24,1,8.44
460,25,1,9.037037037037036
460,26,5,8.96551724137931
460,27,11,9.8125
460,28,13,9.606060606060606
460,29,18,9.794117647058824
460,30,21,10.756756756756756
460,31,21,10.842105263157896
460,32,26,11.256410256410257
460,33,26,11.25
460,34,25,11.571428571428571
461,0,0,0
461,1,0,0
461,2,0,0
461,3,0,3.0
461,4,0,3.0
461,5,0,3.6666666666666665
461,6,0,4.0
461,7,0,4.0
461,8,0,4.0
461,9,0,5.5
461,10,0,5.5
461,11,0,5.5
461,12,0,6.285714285714286
461,13,0,6.875
461,14,0,6.875
461,15,0,6.875
461,16,2,7.636363636363637
461,17,3,7.166666666666667
461,18,6,6.846153846153846
461,19,8,7.357142857142857
461,20,0,7.875
461,21,1,7.705882352941177
461,22,0,7.052631578947368
461,23,2,7.6521739130434785
461,24,5,7.6521739130434785
461,25,8,8.296296296296296
461,26,12,8.142857142857142
461,27,11,8.633333333333333
461,28,13,9.129032258064516
461,29,15,9.03125
461,30,19,9.484848484848484
461,31,18,10.028571428571428
461,32,19,10.028571428571428
461,33,19,10.567567567567568
461,34,20,10.567567567567568
462,0,0,0
462,1,0,0
462,2,0,2.0
462,3,0,2.5
462,4,0,2.5
462,5,0,3.0
462,6,0,3.0
462,7,0,3.75
462,8,0,4.2
462,9,0,4.2
462,10,0,5.0
462,11,0,5.0
462,12,0,5.714285714285714
462,13,0,6.25
462,14,0,6.25
462,15,0,6.25
462,16,0,6.5
462,17,2,7.181818181818182
462,18,3,7.230769230769231
462,19,5,6.928571428571429
462,20,0,7.6
462,21,0,7.4375
462,22,2,7.85
462,23,4,7.761904761904762
462,24,8,7.434782608695652
462,25,7,7.25
462,26,11,8.148148148148149
462,27,12,8.214285714285714
462,28,14,8.655172413793103
462,29,14,9.193548387096774
462,30,16,9.193548387096774
462,31,16,9.575757575757576
462,32,18,10.058823529411764
462,33,17,10.2
462,34,18,10.63888888888889
463,0,0,0
463,1,0,0
463,2,0,0
463,3,0,0
463,4,0,4.0
463,5,0,4.0
463,6,0,4.666666666666667
463,7,0,4.666666666666667
463,8,0,4.666666666666667
463,9,0,4.666666666666667
463,10,0,6.2
463,11,0,6.2
463,12,1,6.2
463,13,3,6.428571428571429
463,14,2,6.333333333333333
463,15,5,7.1
463,16,4,6.818181818181818
463,17,8,7.25
463,18,9,7.785714285714286
463,19,9,7.785714285714286
463,20,0,7.8
463,21,1,8.833333333333334
463,22,1,8.833333333333334
463,23,4,8.80952380952381
463,24,10,8.869565217391305
463,25,8,8.68
463,26,13,8.615384615384615
463,27,16,9.0
463,28,17,9.266666666666667
463,29,19,9.266666666666667
463,30,21,9.193548387096774
463,31,22,9.75
463,32,23,10.441176470588236
463,33,23,10.441176470588236
463,34,23,11.13888888888889
464,0,0,0
464,1,0,0
464,2,0,2.0
464,3,0,2.0
464,4,0,2.0
464,5,0,2.5
464,6,0,3.0
464,7,0,3.0
464,8,0,3.0
464,9,0,4.0
464,10,0,4.0
464,11,0,4.333333333333333
464,12,0,5.0
464,13,1,5.0
464,14,3,5.111111111111111
464,15,5,5.111111111111111
464,16,6,5.7272727272727275
464,17,9,5.7272727272727275
464,18,12,6.785714285714286
464,19,15,6.785714285714286
464,20,0,6.8
464,21,1,7.823529411764706
464,22,0,7.578947368421052
464,23,1,7.25
464,24,4,6.863636363636363
464,25,7,7.916666666666667
464,26,9,7.576923076923077
464,27,15,7.703703703703703
464,28,21,8.178571428571429
464,29,27,8.6
464,30,28,9.25
464,31,29,9.25
464,32,31,10.0
464,33,30,10.17142857142857
464,34,33,10.61111111111111
465,0,0,0
465,1,0,0
465,2,0,2.0
465,3,0,2.0
465,4,0,3.0
465,5,0,3.6666666666666665
465,6,0,3.6666666666666665
465,7,0,4.5
465,8,0,5.2
465,9,0,5.2
465,10,0,5.2
465,11,0,6.0
465,12,1,6.0
465,13,0,6.2
465,14,2,6.818181818181818
465,15,2,6.583333333333333
465,16,3,6.3076923076923075
465,17,5,6.8
465,18,9,7.4375
465,19,11,7.777777777777778
465,20,0,7.777777777777778
465,21,0,7.684210526315789
465,22,1,8.173913043478262
465,23,3,8.173913043478262
465,24,8,7.76
465,25,11,8.26923076923077
465,26,17,8.551724137931034
465,27,23,9.033333333333333
465,28,30,8.935483870967742
465,29,33,8.935483870967742
465,30,35,9.911764705882353
465,31,35,9.911764705882353
465,32,36,10.36111111111111
465,33,35,10.54054054054054
465,34,37,11.675
466,0,0,0
466,1,0,0
466,2,0,0
466,3,0,2.0
466,4,0,2.0
466,5,0,3.0
466,6,0,3.6666666666666665
466,7,0,4.25
466,8,0,4.25
466,9,0,4.25
466,10,0,5.333333333333333
466,11,0,5.333333333333333
466,12,0,5.333333333333333
466,13,0,5.375
466,14,2,6.0
466,15,1,5.7
466,16,1,6.181818181818182
466,17,1,6.538461538461538
466,18,2,6.538461538461538
466,19,3,7.4375
466,20,0,7.4375
466,21,1,7.294117647058823
466,22,4,7.0
466,23,4,7.7272727272727275
466,24,4,7.5
466,25,3,7.44
466,26,7,7.714285714285714
466,27,9,8.172413793103448
466,28,11,8.233333333333333
466,29,14,8.709677419354838
466,30,17,9.212121212121213
466,31,19,9.212121212121213
466,32,19,9.8
466,33,19,9.8
466,34,19,10.68421052631579
467,0,0,0
467,1,0,0
467,2,0,0
467,3,0,3.0
467,4,0,3.5
467,5,0,3.5
467,6,0,4.333333333333333
467,7,0,4.333333333333333
467,8,0,5.8
467,9,0,5.8
467,10,0,6.857142857142857
467,11,2,6.857142857142857
467,12,1,6.25
467,13,2,6.888888888888889
467,14,3,7.181818181818182
467,15,2,7.0
467,16,3,8.142857142857142
467,17,3,7.933333333333334
467,18,5,8.4375
467,19,4,8.777777777777779
467,20,0,8.777777777777779
467,21,0,9.25
467,22,0,9.25
467,23,1,9.130434782608695
467,24,3,9.64
467,25,4,9.75
467,26,10,9.75
467,27,15,9.5
467,28,17,10.4375
467,29,16,10.424242424242424
467,30,17,10.424242424242424
467,31,17,10.323529411764707
467,32,19,11.18918918918919
467,33,21,11.18918918918919
467,34,21,11.846153846153847
468,0,0,0
468,1,0,0
468,2,0,2.0
468,3,0,2.0
468,4,0,3.3333333333333335
468,5,0,3.3333333333333335
468,6,0,3.3333333333333335
468,7,0,4.8
468,8,0,4.8
468,9,0,4.8
468,10,0,5.375
468,11,0,5.0
468,12,2,5.583333333333333
468,13,4,5.583333333333333
468,14,6,5.785714285714286
468,15,8,6.333333333333333
468,16,8,6.25
468,17,14,6.764705882352941
468,18,16,7.157894736842105
468,19,17,7.157894736842105
468,20,0,7.714285714285714
468,21,0,8.090909090909092
468,22,2,8.625
468,23,5,8.625
468,24,4,8.461538461538462
468,25,1,8.821428571428571
468,26,4,9.290322580645162
468,27,11,9.4375
468,28,17,9.787878787878787
468,29,20,10.085714285714285
468,30,25,10.085714285714285
468,31,26,10.324324324324325
468,32,31,10.789473684210526
468,33,31,10.948717948717949
468,34,30,11.125
469,0,0,0
469,1,0,0
469,2,0,0
469,3,0,3.0
469,4,0,3.5
469,5,0,4.0
469,6,0,4.5
469,7,0,4.5
469,8,0,4.5
469,9,0,5.2
469,10,0,5.833333333333333
469,11,0,6.285714285714286
469,12,0,6.875
469,13,0,6.333333333333333
469,14,0,6.7
469,15,0,6.2727272727272725
469,16,3,7.384615384615385
469,17,3,7.071428571428571
469,18,4,7.071428571428571
469,19,3,7.882352941176471
469,20,0,7.882352941176471
469,21,1,7.777777777777778
469,22,4,8.7
469,23,5,8.363636363636363
469,24,4,8.217391304347826
469,25,2,8.48
469,26,3,9.11111111111111
469,27,7,9.0
469,28,8,9.433333333333334
469,29,8,9.96774193548387
469,30,7,10.0
469,31,8,10.0
469,32,10,10.8
469,33,10,10.75
469,34,12,11.131578947368421
470,0,0,0
470,1,0,0
470,2,0,0
470,3,0,3.0
470,4,0,3.0
470,5,0,3.0
470,6,0,3.5
470,7,0,4.666666666666667
470,8,0,5.0
470,9,0,5.0
470,10,0,6.0
470,11,0,6.333333333333333
470,12,0,6.0
470,13,1,6.0
470,14,3,5.666666666666667
470,15,5,6.818181818181818
470,16,7,6.583333333333333
470,17,11,6.384615384615385
470,18,12,7.0
470,19,14,7.5
470,20,0,7.470588235294118
470,21,2,8.473684210526315
470,22,1,8.142857142857142
470,23,3,7.909090909090909
470,24,5,7.541666666666667
470,25,7,8.576923076923077
470,26,12,8.178571428571429
470,27,17,8.178571428571429
470,28,24,8.633333333333333
470,29,24,9.21875
470,30,26,9.363636363636363
470,31,28,9.942857142857143
470,32,27,10.486486486486486
470,33,28,10.921052631578947
470,34,28,11.3
471,0,0,0
471,1,0,0
471,2,0,0
471,3,0,3.0
471,4,0,3.5
471,5,0,4.0
471,6,0,4.0
471,7,0,4.0
471,8,0,4.75
471,9,0,5.6
471,10,0,5.6
471,11,0,5.6
471,12,0,7.0
471,13,0,6.375
471,14,3,7.0
471,15,2,7.181818181818182
471,16,4,7.181818181818182
471,17,5,7.857142857142857
471,18,5,7.857142857142857
471,19,6,7.733333333333333
471,20,0,7.733333333333333
471,21,0,8.777777777777779
471,22,0,8.777777777777779
471,23,0,8.761904761904763
471,24,2,8.956521739130435
471,25,5,9.36
471,26,8,9.74074074074074
471,27,15,9.74074074074074
471,28,17,10.137931034482758
471,29,20,10.137931034482758
471,30,23,10.483870967741936
471,31,24,10.90625
471,32,23,11.294117647058824
471,33,24,11.714285714285714
471,34,24,11.805555555555555
472,0,0,0
472,1,0,0
472,2,0,2.0
472,3,0,2.0
472,4,0,2.5
472,5,0,2.5
472,6,0,3.6666666666666665
472,7,0,3.6666666666666665
472,8,0,4.5
472,9,0,5.4
472,10,0,5.4
472,11,0,5.4
472,12,0,6.857142857142857
472,13,0,6.857142857142857
472,14,2,6.857142857142857
472,15,4,6.25
472,16,7,7.9
472,17,6,7.545454545454546
472,18,6,8.166666666666666
472,19,7,8.5
472,20,0,8.5
472,21,0,8.4
472,22,1,8.882352941176471
472,23,3,8.894736842105264
472,24,8,8.55
472,25,9,8.333333333333334
472,26,13,9.375
472,27,16,9.16
472,28,18,9.192307692307692
472,29,19,9.222222222222221
472,30,22,10.137931034482758
472,31,22,10.066666666666666
472,32,22,10.066666666666666
472,33,23,10.35483870967742
472,34,23,11.242424242424242
473,0,0,0
473,1,0,0
473,2,0,2.0
473,3,0,2.0
473,4,0,3.0
473,5,0,3.0
473,6,0,3.5
473,7,0,3.5
473,8,0,4.666666666666667
473,9,0,4.666666666666667
473,10,0,4.666666666666667
473,11,0,5.285714285714286
473,12,0,5.555555555555555
473,13,0,5.555555555555555
473,14,0,5.3
473,15,2,6.5
473,16,4,6.230769230769231
473,17,9,6.0
473,18,11,6.666666666666667
473,19,11,7.117647058823529
473,20,0,7.117647058823529
473,21,0,7.684210526315789
473,22,3,7.4
473,23,4,7.7727272727272725
473,24,6,7.333333333333333
473,25,11,7.769230769230769
473,26,18,8.142857142857142
473,27,19,8.068965517241379
473,28,19,8.0
473,29,22,9.03125
473,30,25,8.969696969696969
473,31,24,9.176470588235293
473,32,25,10.35135135135135
473,33,25,10.447368421052632
473,34,25,10.923076923076923
474,0,0,0
474,1,0,0
474,2,0,2.0
474,3,0,2.0
474,4,0,3.0
474,5,0,3.0
474,6,0,3.0
474,7,0,3.0
474,8,0,4.6
474,9,0,4.6
474,10,0,4.6
474,11,0,5.5
474,12,0,6.0
474,13,0,6.75
474,14,0,7.0
474,15,0,6.4
474,16,5,6.4
474,17,5,7.076923076923077
474,18,8,7.076923076923077
474,19,10,6.857142857142857
474,20,0,7.588235294117647
474,21,1,7.588235294117647
474,22,2,7.555555555555555
474,23,8,7.85
474,24,15,8.045454545454545
474,25,10,7.826086956521739
474,26,16,8.307692307692308
474,27,20,8.37037037037037
474,28,28,8.827586206896552
474,29,29,9.333333333333334
474,30,33,9.625
474,31,34,9.625
474,32,35,10.117647058823529
474,33,36,10.114285714285714
474,34,36,10.756756756756756
475,0,0,0
475,1,0,0
475,2,0,2.0
475,3,0,2.0
475,4,0,3.0
475,5,0,3.6666666666666665
475,6,0,3.6666666666666665
475,7,0,4.6
475,8,0,4.6
475,9,0,5.0
475,10,0,5.0
475,11,0,5.714285714285714
475,12,0,6.25
475,13,0,6.25
475,14,0,6.2
475,15,0,6.2
475,16,2,6.7272727272727275
475,17,1,6.769230769230769
475,18,3,6.769230769230769
475,19,3,7.133333333333334
475,20,0,7.133333333333334
475,21,0,7.588235294117647
475,22,3,7.0
475,23,4,7.238095238095238
475,24,3,7.565217391304348
475,25,4,7.375
475,26,7,8.214285714285714
475,27,9,8.214285714285714
475,28,14,8.733333333333333
475,29,15,8.733333333333333
475,30,18,9.28125
475,31,18,9.696969696969697
475,32,17,9.647058823529411
475,33,18,9.647058823529411
475,34,17,10.11111111111111
476,0,0,0
476,1,0,0
476,2,0,0
476,3,0,0
476,4,0,3.5
476,5,0,3.5
476,6,0,3.5
476,7,0,4.333333333333333
476,8,0,5.0
476,9,0,5.0
476,10,0,5.2
476,11,1,5.833333333333333
476,12,0,5.285714285714286
476,13,0,5.285714285714286
476,14,0,6.2
476,15,2,6.2
476,16,4,5.909090909090909
476,17,5,6.846153846153846
476,18,6,6.642857142857143
476,19,9,6.642857142857143
476,20,0,6.6
476,21,1,7.555555555555555
476,22,1,7.2631578947368425
476,23,6,7.05
476,24,12,7.318181818181818
476,25,11,7.75
476,26,13,7.461538461538462
476,27,20,7.461538461538462
476,28,27,7.892857142857143
476,29,27,8.533333333333333
476,30,29,8.612903225806452
476,31,32,9.125
476,32,31,9.588235294117647
476,33,32,9.588235294117647
476,34,32,10.11111111111111
477,0,0,0
477,1,0,0
477,2,0,0
477,3,0,3.0
477,4,0,3.0
477,5,0,3.6666666666666665
477,6,0,3.6666666666666665
477,7,0,4.0
477,8,0,4.0
477,9,0,4.8
477,10,0,5.333333333333333
477,11,1,5.333333333333333
477,12,5,4.857142857142857
477,13,9,6.111111111111111
477,14,11,5.9
477,15,16,5.9
477,16,17,6.333333333333333
477,17,21,7.0
477,18,24,7.0
477,19,27,7.533333333333333
477,20,0,7.625
477,21,3,8.294117647058824
477,22,3,8.5
477,23,6,8.5
477,24,7,8.652173913043478
477,25,2,8.84
477,26,4,8.73076923076923
477,27,10,8.555555555555555
477,28,20,9.448275862068966
477,29,24,9.3
477,30,28,9.3
477,31,27,10.151515151515152
477,32,29,10.151515151515152
477,33,32,10.571428571428571
477,34,35,10.571428571428571
478,0,0,0
478,1,0,0
478,2,0,0
478,3,0,0
478,4,0,4.0
478,5,0,4.0
478,6,0,4.333333333333333
478,7,0,5.0
478,8,0,5.4
478,9,0,6.0
478,10,0,6.0
478,11,0,6.0
478,12,0,6.428571428571429
478,13,0,6.555555555555555
478,14,1,6.555555555555555
478,15,2,6.636363636363637
478,16,1,6.769230769230769
478,17,2,6.769230769230769
478,18,3,7.066666666666666
478,19,5,7.625
478,20,0,7.529411764705882
478,21,2,7.529411764705882
478,22,5,8.55
478,23,8,8.0
478,24,11,8.521739130434783
478,25,7,8.2
478,26,9,9.035714285714286
478,27,9,8.9
478,28,13,9.636363636363637
478,29,14,9.636363636363637
478,30,14,9.588235294117647
478,31,16,10.333333333333334
478,32,16,10.45945945945946
478,33,19,10.45945945945946
478,34,20,11.051282051282051
479,0,0,0
479,1,0,0
479,2,0,0
479,3,0,3.0
479,4,0,3.0
479,5,0,3.6666666666666665
479,6,0,4.25
479,7,0,4.25
479,8,0,4.25
479,9,0,5.2
479,10,0,6.0
479,11,0,6.0
479,12,2,6.0
479,13,3,6.0
479,14,5,6.818181818181818
479,15,4,6.583333333333333
479,16,6,6.583333333333333
479,17,7,7.071428571428571
479,18,8,7.733333333333333
479,19,12,7.6875
479,20,0,8.666666666666666
479,21,0,8.631578947368421
479,22,1,8.631578947368421
479,23,3,9.227272727272727
479,24,7,8.91304347826087
479,25,5,8.708333333333334
479,26,7,9.0
479,27,15,9.275862068965518
479,28,22,9.266666666666667
479,29,33,9.67741935483871
479,30,35,10.06060606060606
479,31,36,10.285714285714286
479,32,37,10.837837837837839
479,33,36,10.763157894736842
479,34,38,11.076923076923077
480,0,0,0
480,1,0,0
480,2,0,0
480,3,0,0
480,4,0,3.0
480,5,0,3.0
480,6,0,3.6666666666666665
480,7,0,3.6666666666666665
480,8,0,4.25
480,9,0,4.25
480,10,0,4.6
480,11,2,5.333333333333333
480,12,3,5.25
480,13,4,5.777777777777778
480,14,5,5.6
480,15,7,6.090909090909091
480,16,6,6.083333333333333
480,17,11,6.6923076923076925
480,18,11,6.714285714285714
480,19,14,7.2
480,20,0,7.823529411764706
480,21,1,7.823529411764706
480,22,3,8.05
480,23,5,8.571428571428571
480,24,8,8.541666666666666
480,25,12,8.541666666666666
480,26,19,8.23076923076923
480,27,28,8.777777777777779
480,28,32,9.172413793103448
480,29,36,9.172413793103448
480,30,38,9.166666666666666
480,31,41,10.125
480,32,40,10.121212121212121
480,33,42,11.0
480,34,41,11.0
481,0,0,0
481,1,0,0
481,2,0,0
481,3,0,2.0
481,4,0,2.0
481,5,0,2.0
481,6,0,2.0
481,7,0,3.75
481,8,0,3.75
481,9,0,3.75
481,10,0,5.166666666666667
481,11,0,5.166666666666667
481,12,0,5.166666666666667
481,13,0,5.166666666666667
481,14,0,6.625
481,15,1,6.625
481,16,0,6.111111111111111
481,17,3,7.454545454545454
481,18,2,7.166666666666667
481,19,2,7.428571428571429
481,20,0,8.0
481,21,1,8.117647058823529
481,22,2,7.777777777777778
481,23,7,7.473684210526316
481,24,7,7.636363636363637
481,25,8,7.833333333333333
481,26,7,7.72
481,27,9,7.555555555555555
481,28,11,8.413793103448276
481,29,12,8.566666666666666
481,30,15,8.870967741935484
481,31,16,9.0
481,32,18,9.545454545454545
481,33,18,10.0
481,34,18,10.0
482,0,0,0
482,1,0,0
482,2,0,2.0
482,3,0,2.0
482,4,0,2.0
482,5,0,2.5
482,6,0,3.3333333333333335
482,7,0,3.3333333333333335
482,8,0,3.3333333333333335
482,9,0,5.0
482,10,0,5.0
482,11,0,5.666666666666667
482,12,0,5.75
482,13,0,6.333333333333333
482,14,0,6.333333333333333
482,15,1,6.363636363636363
482,16,3,7.0
482,17,3,7.214285714285714
482,18,4,7.733333333333333
482,19,7,7.5625
482,20,0,8.61111111111111
482,21,0,8.473684210526315
482,22,0,8.714285714285714
482,23,1,8.714285714285714
482,24,5,9.458333333333334
482,25,5,9.16
482,26,7,9.37037037037037
482,27,8,9.655172413793103
482,28,8,10.03225806451613
482,29,12,10.5
482,30,12,10.575757575757576
482,31,14,10.882352941176471
482,32,15,10.971428571428572
482,33,16,11.621621621621621
482,34,16,11.736842105263158
483,0,0,0
483,1,0,0
483,2,0,0
483,3,0,3.0
483,4,0,3.0
483,5,0,3.0
483,6,0,3.0
483,7,0,4.0
483,8,0,4.4
483,9,0,5.0
483,10,0,5.0
483,11,0,5.428571428571429
483,12,0,5.428571428571429
483,13,0,6.666666666666667
483,14,0,6.666666666666667
483,15,0,7.083333333333333
483,16,0,7.083333333333333
483,17,0,7.142857142857143
483,18,2,7.533333333333333
483,19,4,7.588235294117647
483,20,0,7.588235294117647
483,21,0,7.65
483,22,4,7.818181818181818
483,23,6,8.0
483,24,7,7.615384615384615
483,25,5,7.615384615384615
483,26,9,8.233333333333333
483,27,12,8.233333333333333
483,28,16,8.290322580645162
483,29,21,8.6875
483,30,21,9.205882352941176
483,31,22,9.6
483,32,21,9.722222222222221
483,33,24,10.108108108108109
483,34,25,10.512820512820513
484,0,0,0
484,1,0,0
484,2,0,0
484,3,0,0
484,4,0,3.0
484,5,0,3.0
484,6,0,3.0
484,7,0,3.6666666666666665
484,8,0,4.25
484,9,0,4.25
484,10,0,4.25
484,11,0,5.2
484,12,2,5.428571428571429
484,13,1,5.0
484,14,3,5.666666666666667
484,15,5,6.181818181818182
484,16,8,6.181818181818182
484,17,10,7.214285714285714
484,18,10,7.214285714285714
484,19,13,7.133333333333334
484,20,0,7.647058823529412
484,21,0,7.8
484,22,2,7.8
484,23,1,7.318181818181818
484,24,7,8.08
484,25,8,7.923076923076923
484,26,12,8.03448275862069
484,27,17,8.03448275862069
484,28,22,8.875
484,29,23,8.787878787878787
484,30,25,9.228571428571428
484,31,24,9.837837837837839
484,32,23,10.461538461538462
484,33,25,10.625
484,34,25,11.418604651162791
485,0,0,0
485,1,0,0
485,2,0,0
485,3,0,3.0
485,4,0,3.5
485,5,0,3.6666666666666665
485,6,0,3.6666666666666665
485,7,0,3.6666666666666665
485,8,0,4.75
485,9,0,5.2
485,10,0,5.2
485,11,0,5.2
485,12,0,6.857142857142857
485,13,0,6.857142857142857
485,14,1,6.857142857142857
485,15,1,6.888888888888889
485,16,1,7.2727272727272725
485,17,2,7.2727272727272725
485,18,3,7.769230769230769
485,19,3,8.357142857142858
485,20,0,8.133333333333333
485,21,2,7.6875
485,22,5,7.894736842105263
485,23,10,8.5
485,24,10,8.608695652173912
485,25,10,8.608695652173912
485,26,12,8.36
485,27,16,8.88888888888889
485,28,16,9.275862068965518
485,29,19,9.275862068965518
485,30,22,10.375
485,31,24,10.375
485,32,24,10.515151515151516
485,33,25,11.514285714285714
485,34,25,11.61111111111111
486,0,0,0
486,1,0,0
486,2,0,0
486,3,0,0
486,4,0,4.0
486,5,0,4.0
486,6,0,4.333333333333333
486,7,0,4.333333333333333
486,8,0,4.333333333333333
486,9,0,4.333333333333333
486,10,0,6.0
486,11,2,5.333333333333333
486,12,4,6.0
486,13,6,6.222222222222222
486,14,8,6.7
486,15,8,6.545454545454546
486,16,10,7.166666666666667
486,17,13,7.153846153846154
486,18,17,7.714285714285714
486,19,16,7.733333333333333
486,20,0,8.823529411764707
486,21,0,8.88888888888889
486,22,2,8.88888888888889
486,23,6,8.714285714285714
486,24,7,9.227272727272727
486,25,6,8.75
486,26,9,8.925925925925926
486,27,12,9.275862068965518
486,28,13,9.580645161290322
486,29,17,9.580645161290322
486,30,17,9.93939393939394
486,31,21,10.628571428571428
486,32,29,10.805555555555555
486,33,28,10.972972972972974
486,34,30,11.897435897435898
487,0,0,0
487,1,0,0
487,2,0,2.0
487,3,0,2.0
487,4,0,2.0
487,5,0,2.6666666666666665
487,6,0,3.5
487,7,0,3.5
487,8,0,3.8
487,9,0,4.666666666666667
487,10,0,4.666666666666667
487,11,0,5.428571428571429
487,12,3,5.333333333333333
487,13,4,5.0
487,14,6,5.5
487,15,11,6.0
487,16,12,5.928571428571429
487,17,14,5.928571428571429
487,18,15,6.625
487,19,17,7.055555555555555
487,20,0,7.105263157894737
487,21,0,7.2272727272727275
487,22,0,7.782608695652174
487,23,0,7.36
487,24,1,7.36
487,25,2,7.392857142857143
487,26,5,8.066666666666666
487,27,10,8.0625
487,28,15,8.181818181818182
487,29,17,8.588235294117647
487,30,17,8.916666666666666
487,31,21,9.5
487,32,24,9.615384615384615
487,33,24,9.725
487,34,26,10.547619047619047
488,0,0,0
488,1,0,0
488,2,0,0
488,3,0,0
488,4,0,4.0
488,5,0,4.0
488,6,0,4.0
488,7,0,4.0
488,8,0,4.6
488,9,0,4.166666666666667
488,10,0,4.166666666666667
488,11,0,5.75
488,12,2,5.75
488,13,4,5.333333333333333
488,14,7,5.333333333333333
488,15,6,6.5
488,16,6,6.5
488,17,7,6.461538461538462
488,18,8,7.0
488,19,12,7.6875
488,20,0,7.705882352941177
488,21,0,8.9
488,22,2,8.571428571428571
488,23,6,8.272727272727273
488,24,10,8.846153846153847
488,25,7,8.666666666666666
488,26,8,9.290322580645162
488,27,19,9.290322580645162
488,28,22,9.696969696969697
488,29,26,9.764705882352942
488,30,29,10.25
488,31,28,10.763157894736842
488,32,27,10.692307692307692
488,33,27,11.125
488,34,26,11.833333333333334
489,0,0,0
489,1,0,0
489,2,0,2.0
489,3,0,2.0
489,4,0,2.0
489,5,0,3.0
489,6,0,3.0
489,7,0,3.0
489,8,0,3.0
489,9,0,4.2
489,10,0,4.2
489,11,0,4.666666666666667
489,12,0,5.428571428571429
489,13,0,5.428571428571429
489,14,1,6.222222222222222
489,15,3,5.8
489,16,3,6.090909090909091
489,17,5,5.916666666666667
489,18,5,6.214285714285714
489,19,5,6.5
489,20,0,6.882352941176471
489,21,0,7.2631578947368425
489,22,0,7.2
489,23,2,7.619047619047619
489,24,6,7.130434782608695
489,25,12,7.28
489,26,12,7.384615384615385
489,27,12,8.172413793103448
489,28,12,8.066666666666666
489,29,15,8.066666666666666
489,30,16,8.46875
489,31,17,8.878787878787879
489,32,16,8.882352941176471
489,33,17,8.882352941176471
489,34,19,9.972972972972974
490,0,0,0
490,1,0,0
490,2,0,2.0
490,3,0,2.0
490,4,0,3.0
490,5,0,3.0
490,6,0,3.3333333333333335
490,7,0,4.25
490,8,0,4.25
490,9,0,4.8
490,10,0,4.8
490,11,0,5.833333333333333
490,12,0,5.142857142857143
490,13,3,6.444444444444445
490,14,5,6.1
490,15,7,5.818181818181818
490,16,7,6.230769230769231
490,17,8,6.928571428571429
490,18,9,6.866666666666666
490,19,14,7.470588235294118
490,20,0,8.0
490,21,0,7.65
490,22,1,8.681818181818182
490,23,1,8.208333333333334
490,24,8,8.208333333333334
490,25,8,7.846153846153846
490,26,14,8.689655172413794
490,27,15,8.387096774193548
490,28,24,8.387096774193548
490,29,26,8.3125
490,30,28,9.485714285714286
490,31,28,9.63888888888889
490,32,28,10.289473684210526
490,33,29,10.41025641025641
490,34,30,10.925
491,0,0,0
491,1,0,0
491,2,0,0
491,3,0,0
491,4,0,4.0
491,5,0,4.0
491,6,0,4.0
491,7,0,5.0
491,8,0,5.75
491,9,0,5.75
491,10,0,5.75
491,11,0,6.8
491,12,0,7.666666666666667
491,13,0,7.25
491,14,0,7.25
491,15,0,8.0
491,16,3,8.0
491,17,3,7.909090909090909
491,18,3,7.5
491,19,6,8.23076923076923
491,20,0,8.4
491,21,0,9.0625
491,22,0,8.777777777777779
491,23,6,9.1
491,24,11,8.869565217391305
491,25,8,8.869565217391305
491,26,8,8.923076923076923
491,27,12,9.37037037037037
491,28,14,9.392857142857142
491,29,14,9.827586206896552
491,30,13,10.32258064516129
491,31,15,10.32258064516129
491,32,15,10.848484848484848
491,33,17,10.848484848484848
491,34,18,11.342857142857143
492,0,0,0
492,1,0,0
492,2,0,0
492,3,0,3.0
492,4,0,3.0
492,5,0,3.0
492,6,0,4.0
492,7,0,4.75
492,8,0,4.75
492,9,0,4.75
492,10,0,6.5
492,11,0,5.25
492,12,1,4.777777777777778
492,13,3,5.666666666666667
492,14,4,5.666666666666667
492,15,7,6.071428571428571
492,16,9,6.071428571428571
492,17,11,6.5625
492,18,11,6.5625
492,19,13,7.111111111111111
492,20,0,7.631578947368421
492,21,0,7.7
492,22,3,7.954545454545454
492,23,5,8.25
492,24,8,8.461538461538462
492,25,7,8.296296296296296
492,26,8,8.533333333333333
492,27,13,8.533333333333333
492,28,19,9.393939393939394
492,29,22,9.294117647058824
492,30,24,9.514285714285714
492,31,24,10.631578947368421
492,32,24,10.76923076923077
492,33,27,11.175
492,34,27,11.390243902439025
493,0,0,0
493,1,0,0
493,2,0,2.0
493,3,0,2.3333333333333335
493,4,0,2.3333333333333335
493,5,0,2.3333333333333335
493,6,0,2.75
493,7,0,3.6
493,8,0,3.6
493,9,0,4.166666666666667
493,10,0,4.857142857142857
493,11,0,5.25
493,12,0,5.25
493,13,2,5.5
493,14,4,6.0
493,15,5,5.75
493,16,7,6.230769230769231
493,17,9,6.733333333333333
493,18,10,7.1875
493,19,9,7.176470588235294
493,20,0,7.176470588235294
493,21,2,8.2
493,22,3,8.2
493,23,7,8.08695652173913
493,24,12,8.583333333333334
493,25,14,8.26923076923077
493,26,18,8.607142857142858
493,27,21,8.933333333333334
493,28,24,8.933333333333334
493,29,28,9.28125
493,30,32,9.941176470588236
493,31,31,10.114285714285714
493,32,30,10.277777777777779
493,33,30,10.868421052631579
493,34,33,11.333333333333334
494,0,0,0
494,1,0,0
494,2,0,0
494,3,0,3.0
494,4,0,3.0
494,5,0,3.5
494,6,0,4.333333333333333
494,7,0,4.333333333333333
494,8,0,4.333333333333333
494,9,0,5.6
494,10,0,5.6
494,11,0,5.6
494,12,1,5.0
494,13,1,6.375
494,14,0,6.0
494,15,3,6.0
494,16,4,6.545454545454546
494,17,7,7.25
494,18,8,7.0
494,19,9,7.0
494,20,0,7.533333333333333
494,21,0,8.1875
494,22,0,8.176470588235293
494,23,2,9.25
494,24,6,8.727272727272727
494,25,8,8.782608695652174
494,26,10,9.12
494,27,13,9.62962962962963
494,28,17,10.206896551724139
494,29,18,10.2
494,30,17,10.65625
494,31,18,10.65625
494,32,17,11.176470588235293
494,33,17,11.176470588235293
494,34,17,11.61111111111111
495,0,0,0
495,1,0,0
495,2,0,0
495,3,0,3.0
495,4,0,3.5
495,5,0,3.6666666666666665
495,6,0,3.6666666666666665
495,7,0,4.5
495,8,0,5.0
495,9,0,5.142857142857143
495,10,0,5.142857142857143
495,11,1,4.875
495,12,2,5.1
495,13,2,5.7272727272727275
495,14,3,5.583333333333333
495,15,4,6.230769230769231
495,16,3,6.6
495,17,3,7.1875
495,18,4,7.176470588235294
495,19,7,8.105263157894736
495,20,0,8.05
495,21,0,8.05
495,22,1,8.391304347826088
495,23,4,8.72
495,24,5,8.615384615384615
495,25,8,8.785714285714286
495,26,11,8.620689655172415
495,27,13,8.8125
495,28,13,8.8125
495,29,16,9.441176470588236
495,30,16,9.441176470588236
495,31,17,10.45945945945946
495,32,16,10.421052631578947
495,33,19,10.820512820512821
495,34,19,10.825
496,0,0,0
496,1,0,0
496,2,0,2.0
496,3,0,2.0
496,4,0,2.0
496,5,0,3.0
496,6,0,3.5
496,7,0,4.0
496,8,0,4.0
496,9,0,4.5
496,10,2,5.0
496,11,1,4.625
496,12,4,5.111111111111111
496,13,5,5.0
496,14,6,5.583333333333333
496,15,9,5.583333333333333
496,16,13,6.071428571428571
496,17,16,6.071428571428571
496,18,17,7.176470588235294
496,19,17,7.176470588235294
496,20,0,7.277777777777778
496,21,1,7.277777777777778
496,22,2,8.476190476190476
496,23,1,8.227272727272727
496,24,2,8.304347826086957
496,25,3,8.64
496,26,7,8.88888888888889
496,27,9,9.066666666666666
496,28,11,9.375
496,29,13,9.941176470588236
496,30,21,9.941176470588236
496,31,21,9.82857142857143
496,32,21,10.305555555555555
496,33,21,10.947368421052632
496,34,23,10.947368421052632
497,0,0,0
497,1,0,0
497,2,0,0
497,3,0,3.0
497,4,0,3.0
497,5,0,3.0
497,6,0,3.6666666666666665
497,7,0,4.25
497,8,0,4.25
497,9,0,5.0
497,10,0,5.666666666666667
497,11,0,5.666666666666667
497,12,0,5.666666666666667
497,13,4,6.666666666666667
497,14,5,6.666666666666667
497,15,9,6.818181818181818
497,16,11,6.818181818181818
497,17,13,7.3076923076923075
497,18,16,7.3076923076923075
497,19,17,7.733333333333333
497,20,0,7.733333333333333
497,21,0,8.411764705882353
497,22,2,8.88888888888889
497,23,2,8.2
497,24,5,8.80952380952381
497,25,7,8.347826086956522
497,26,15,8.833333333333334
497,27,21,9.074074074074074
497,28,26,9.074074074074074
497,29,25,9.413793103448276
497,30,32,9.413793103448276
497,31,37,10.375
497,32,38,10.375
497,33,37,10.333333333333334
497,34,39,10.617647058823529
498,0,0,0
498,1,0,0
498,2,0,0
498,3,0,3.0
498,4,0,3.5
498,5,0,3.5
498,6,0,4.333333333333333
498,7,0,4.75
498,8,0,4.75
498,9,0,5.6
498,10,0,5.6
498,11,3,5.25
498,12,5,5.5
498,13,6,5.5
498,14,7,5.916666666666667
498,15,8,6.428571428571429
498,16,10,6.428571428571429
498,17,12,7.0
498,18,14,7.529411764705882
498,19,13,8.052631578947368
498,20,0,8.1
498,21,2,8.1
498,22,1,9.217391304347826
498,23,3,8.916666666666666
498,24,7,9.192307692307692
498,25,5,8.962962962962964
498,26,9,9.838709677419354
498,27,19,9.90625
498,28,25,9.90625
498,29,26,9.757575757575758
498,30,25,10.777777777777779
498,31,24,10.891891891891891
498,32,25,10.891891891891891
498,33,27,11.825
498,34,28,11.825
499,0,0,0
499,1,0,0
499,2,0,2.0
499,3,0,2.5
499,4,0,2.5
499,5,0,2.5
499,6,0,3.0
499,7,0,3.5
499,8,0,3.5
499,9,0,3.6
499,10,0,4.166666666666667
499,11,0,4.285714285714286
499,12,0,4.333333333333333
499,13,0,4.333333333333333
499,14,1,4.7
499,15,1,4.454545454545454
499,16,2,5.083333333333333
499,17,3,5.428571428571429
499,18,7,5.428571428571429
499,19,9,6.0
499,20,0,6.411764705882353
499,21,0,6.894736842105263
499,22,0,6.65
499,23,4,6.863636363636363
499,24,6,7.208333333333333
499,25,9,7.04
499,26,16,7.444444444444445
499,27,18,7.793103448275862
499,28,22,7.793103448275862
499,29,24,7.766666666666667
499,30,24,8.40625
499,31,27,8.818181818181818
499,32,27,8.823529411764707
499,33,26,9.0
499,34,27,9.675675675675675
500,0,0,0
500,1,0,0
500,2,0,2.0
500,3,0,2.0
500,4,0,2.6666666666666665
500,5,0,2.6666666666666665
500,6,0,3.25
500,7,0,3.25
500,8,0,4.2
500,9,0,3.8333333333333335
500,10,0,4.571428571428571
500,11,0,4.25
500,12,0,4.7
500,13,3,5.2727272727272725
500,14,4,5.083333333333333
500,15,7,5.6923076923076925
500,16,6,6.2
500,17,5,6.125
500,18,6,6.125
500,19,7,7.315789473684211
500,20,0,7.3
500,21,2,7.521739130434782
500,22,4,7.8
500,23,7,7.615384615384615
500,24,9,7.928571428571429
500,25,11,7.793103448275862
500,26,13,8.59375
500,27,16,8.515151515151516
500,28,18,9.0
500,29,18,8.944444444444445
500,30,18,9.526315789473685
500,31,20,9.526315789473685
500,32,21,10.175
500,33,23,10.585365853658537
500,34,22,10.69047619047619
501,0,0,0
501,1,0,0
501,2,0,0
501,3,0,0
501,4,0,4.0
501,5,0,4.0
501,6,0,4.0
501,7,0,5.0
501,8,0,5.25
501,9,0,5.25
501,10,0,6.2
501,11,0,6.5
501,12,0,6.5
501,13,0,5.857142857142857
501,14,3,7.111111111111111
501,15,3,6.7
501,16,4,7.454545454545454
501,17,4,7.166666666666667
501,18,7,7.6923076923076925
501,19,7,7.571428571428571
501,20,0,8.333333333333334
501,21,0,8.705882352941176
501,22,2,8.555555555555555
501,23,5,8.1
501,24,10,8.956521739130435
501,25,5,8.64
501,26,8,9.321428571428571
501,27,9,9.275862068965518
501,28,14,10.064516129032258
501,29,15,9.9375
501,30,15,9.848484848484848
501,31,17,10.323529411764707
501,32,16,10.88888888888889
501,33,17,10.88888888888889
501,34,17,11.846153846153847
502,0,0,0
502,1,0,0
502,2,0,0
502,3,0,3.0
502,4,0,3.5
502,5,0,4.0
502,6,0,4.5
502,7,0,4.5
502,8,0,5.0
502,9,0,5.0
502,10,0,5.833333333333333
502,11,0,6.428571428571429
502,12,0,6.333333333333333
502,13,1,6.333333333333333
502,14,0,5.9
502,15,0,7.0
502,16,2,6.769230769230769
502,17,4,7.357142857142857
502,18,6,7.5
502,19,7,7.777777777777778
502,20,0,7.631578947368421
502,21,1,7.631578947368421
502,22,1,8.173913043478262
502,23,5,8.173913043478262
502,24,10,7.96
502,25,8,8.37037037037037
502,26,11,8.620689655172415
502,27,15,8.5
502,28,20,8.5
502,29,20,9.545454545454545
502,30,20,9.545454545454545
502,31,19,9.676470588235293
502,32,22,10.527777777777779
502,33,22,10.64864864864865
502,34,21,11.102564102564102
503,0,0,0
503,1,0,0
503,2,0,0
503,3,0,0
503,4,0,3.5
503,5,0,3.5
503,6,0,3.5
503,7,0,4.75
503,8,0,4.75
503,9,0,4.75
503,10,0,4.75
503,11,0,6.5
503,12,0,6.5
503,13,1,6.5
503,14,3,6.5
503,15,3,7.333333333333333
503,16,6,7.545454545454546
503,17,9,8.166666666666666
503,18,9,7.923076923076923
503,19,12,8.428571428571429
503,20,0,8.333333333333334
503,21,1,8.9375
503,22,2,9.0
503,23,5,8.380952380952381
503,24,9,8.458333333333334
503,25,11,8.615384615384615
503,26,12,8.444444444444445
503,27,13,8.866666666666667
503,28,15,9.0
503,29,18,9.484848484848484
503,30,17,9.942857142857143
503,31,19,9.942857142857143
503,32,21,10.35135135135135
503,33,21,10.763157894736842
503,34,22,10.974358974358974
504,0,0,0
504,1,0,0
504,2,0,0
504,3,0,0
504,4,0,2.5
504,5,0,2.5
504,6,0,3.3333333333333335
504,7,0,3.5
504,8,0,3.5
504,9,0,3.8333333333333335
504,10,0,3.8333333333333335
504,11,1,5.0
504,12,3,4.666666666666667
504,13,5,5.0
504,14,4,5.416666666666667
504,15,5,5.416666666666667
504,16,6,6.133333333333334
504,17,9,6.133333333333334
504,18,10,6.1875
504,19,10,7.055555555555555
504,20,0,7.157894736842105
504,21,1,7.65
504,22,4,8.090909090909092
504,23,5,7.826086956521739
504,24,12,8.16
504,25,10,8.178571428571429
504,26,14,8.533333333333333
504,27,15,8.5625
504,28,18,8.911764705882353
504,29,20,8.911764705882353
504,30,19,9.305555555555555
504,31,19,9.675675675675675
504,32,20,9.657894736842104
504,33,20,9.657894736842104
504,34,21,10.375
505,0,0,0
505,1,0,0
505,2,0,2.0
505,3,0,2.5
505,4,0,2.5
505,5,0,2.5
505,6,0,3.6666666666666665
505,7,0,4.5
505,8,1,4.5
505,9,0,4.833333333333333
505,10,0,5.125
505,11,4,5.0
505,12,6,4.8
505,13,10,5.769230769230769
505,14,12,5.769230769230769
505,15,15,5.714285714285714
505,16,21,5.714285714285714
505,17,20,7.0
505,18,20,7.0
505,19,21,7.684210526315789
505,20,0,8.25
505,21,0,8.333333333333334
505,22,5,8.333333333333334
505,23,6,8.88
505,24,7,8.88
505,25,4,8.518518518518519
505,26,10,9.4
505,27,14,9.290322580645162
505,28,17,9.290322580645162
505,29,24,9.666666666666666
505,30,27,10.205882352941176
505,31,27,10.114285714285714
505,32,30,10.567567567567568
505,33,34,11.052631578947368
505,34,33,11.525
506,0,0,0
506,1,0,0
506,2,0,2.0
506,3,0,2.0
506,4,0,2.3333333333333335
506,5,0,2.3333333333333335
506,6,0,2.3333333333333335
506,7,0,3.25
506,8,0,3.8
506,9,0,3.8
506,10,0,5.0
506,11,0,4.5
506,12,2,5.5
506,13,4,5.2727272727272725
506,14,6,5.538461538461538
506,15,7,5.538461538461538
506,16,7,6.066666666666666
506,17,7,6.066666666666666
506,18,9,6.588235294117647
506,19,11,6.611111111111111
506,20,0,7.2
506,21,1,7.2
506,22,2,7.7727272727272725
506,23,5,7.826086956521739
506,24,9,8.666666666666666
506,25,6,8.607142857142858
506,26,11,8.482758620689655
506,27,15,8.806451612903226
506,28,20,9.28125
506,29,22,9.617647058823529
506,30,24,9.617647058823529
506,31,23,10.25
506,32,23,10.710526315789474
506,33,24,10.710526315789474
506,34,23,11.375
507,0,0,0
507,1,0,0
507,2,0,0
507,3,0,0
507,4,0,4.0
507,5,0,4.0
507,6,0,4.0
507,7,0,5.0
507,8,0,5.75
507,9,0,5.75
507,10,1,6.6
507,11,2,5.833333333333333
507,12,2,6.555555555555555
507,13,4,6.2
507,14,5,6.0
507,15,7,6.583333333333333
507,16,7,7.071428571428571
507,17,8,7.071428571428571
507,18,9,8.058823529411764
507,19,9,8.058823529411764
507,20,0,8.055555555555555
507,21,0,9.095238095238095
507,22,1,9.095238095238095
507,23,2,9.26086956521739
507,24,6,9.48
507,25,7,8.925925925925926
507,26,7,9.310344827586206
507,27,13,9.580645161290322
507,28,16,9.4375
507,29,20,9.4375
507,30,21,9.852941176470589
507,31,22,10.342857142857143
507,32,21,10.945945945945946
507,33,21,10.945945945945946
507,34,22,11.564102564102564
508,0,0,0
508,1,0,0
508,2,0,2.0
508,3,0,2.0
508,4,0,3.0
508,5,0,3.3333333333333335
508,6,0,3.3333333333333335
508,7,0,3.3333333333333335
508,8,0,4.5
508,9,0,5.2
508,10,0,5.833333333333333
508,11,1,5.833333333333333
508,12,0,5.285714285714286
508,13,3,6.666666666666667
508,14,4,6.4
508,15,9,6.4
508,16,11,7.153846153846154
508,17,11,7.153846153846154
508,18,16,7.071428571428571
508,19,21,7.625
508,20,0,8.055555555555555
508,21,2,8.055555555555555
508,22,3,8.6
508,23,6,8.6
508,24,8,8.863636363636363
508,25,4,9.347826086956522
508,26,5,8.92
508,27,7,9.384615384615385
508,28,13,9.678571428571429
508,29,21,9.678571428571429
508,30,26,9.551724137931034
508,31,27,10.6875
508,32,30,10.787878787878787
508,33,33,11.657142857142857
508,34,34,11.583333333333334
509,0,0,0
509,1,0,0
509,2,0,0
509,3,0,3.0
509,4,0,3.5
509,5,0,3.5
509,6,0,4.0
509,7,0,4.5
509,8,0,4.8
509,9,0,4.8
509,10,0,4.8
509,11,0,5.5
509,12,1,5.5
509,13,1,5.5
509,14,1,5.8
509,15,1,6.363636363636363
509,16,1,6.25
509,17,2,6.769230769230769
509,18,3,6.642857142857143
509,19,7,7.266666666666667
509,20,0,7.647058823529412
509,21,0,7.647058823529412
509,22,2,7.421052631578948
509,23,3,7.904761904761905
509,24,2,8.083333333333334
509,25,1,8.04
509,26,7,8.37037037037037
509,27,8,8.827586206896552
509,28,8,8.827586206896552
509,29,7,9.78125
509,30,7,9.78125
509,31,9,10.147058823529411
509,32,9,10.147058823529411
509,33,9,10.5
509,34,10,10.5
510,0,0,0
510,1,0,0
510,2,0,0
510,3,0,0
510,4,0,3.5
510,5,0,3.5
510,6,0,4.333333333333333
510,7,0,4.75
510,8,0,5.2
510,9,0,5.2
510,10,0,5.5
510,11,0,5.5
510,12,0,6.5
510,13,0,6.5
510,14,2,6.0
510,15,7,6.0
510,16,10,6.916666666666667
510,17,9,6.6923076923076925
510,18,12,6.6923076923076925
510,19,13,6.642857142857143
510,20,0,7.705882352941177
510,21,1,7.705882352941177
510,22,4,8.0
510,23,5,8.136363636363637
510,24,7,7.75
510,25,7,8.32
510,26,10,8.464285714285714
510,27,21,8.464285714285714
510,28,29,8.413793103448276
510,29,33,8.933333333333334
510,30,32,9.34375
510,31,33,9.787878787878787
510,32,32,9.764705882352942
510,33,33,9.914285714285715
510,34,36,10.81081081081081
511,0,0,0
511,1,0,0
511,2,0,2.0
511,3,0,2.0
511,4,0,3.0
511,5,0,3.6666666666666665
511,6,0,3.6666666666666665
511,7,0,3.6666666666666665
511,8,0,4.5
511,9,0,5.4
511,10,0,5.833333333333333
511,11,0,5.833333333333333
511,12,0,6.571428571428571
511,13,0,6.571428571428571
511,14,0,7.25
511,15,0,7.25
511,16,0,7.818181818181818
511,17,0,7.818181818181818
511,18,0,7.818181818181818
511,19,0,8.5
511,20,0,8.5
511,21,2,8.133333333333333
511,22,4,7.8125
511,23,5,8.631578947368421
511,24,6,8.45
511,25,2,8.285714285714286
511,26,5,8.652173913043478
511,27,5,9.04
511,28,8,9.296296296296296
511,29,13,9.296296296296296
511,30,16,9.655172413793103
511,31,17,9.655172413793103
511,32,19,10.0
511,33,18,10.333333333333334
511,34,19,10.333333333333334
512,0,0,0
512,1,0,0
512,2,0,0
512,3,0,3.0
512,4,0,3.0
512,5,0,3.5
512,6,0,3.5
512,7,0,4.666666666666667
512,8,0,4.666666666666667
512,9,0,5.0
512,10,0,5.6
512,11,0,5.6
512,12,0,6.0
512,13,0,6.571428571428571
512,14,0,6.571428571428571
512,15,0,6.666666666666667
512,16,0,7.2
512,17,0,6.818181818181818
512,18,2,6.818181818181818
512,19,4,7.076923076923077
512,20,0,7.642857142857143
512,21,0,7.4
512,22,1,7.444444444444445
512,23,7,7.444444444444445
512,24,10,8.090909090909092
512,25,8,7.708333333333333
512,26,12,7.52
512,27,17,8.25
512,28,20,8.25
512,29,20,8.633333333333333
512,30,24,9.0
512,31,23,9.125
512,32,23,9.125
512,33,22,10.114285714285714
512,34,23,10.114285714285714
513,0,0,0
513,1,0,0
513,2,0,0
513,3,0,3.0
513,4,0,3.0
513,5,0,3.0
513,6,0,3.0
513,7,0,4.0
513,8,0,4.0
513,9,0,4.0
513,10,0,5.0
513,11,0,5.5
513,12,1,5.5
513,13,2,5.875
513,14,4,5.875
513,15,6,6.3
513,16,6,6.090909090909091
513,17,6,7.3076923076923075
513,18,5,7.214285714285714
513,19,5,7.733333333333333
513,20,0,8.117647058823529
513,21,0,8.11111111111111
513,22,3,8.11111111111111
513,23,6,8.0
513,24,9,8.217391304347826
513,25,4,8.346153846153847
513,26,6,8.703703703703704
513,27,10,8.833333333333334
513,28,10,8.833333333333334
513,29,13,9.40625
513,30,14,9.787878787878787
513,31,13,10.314285714285715
513,32,13,10.314285714285715
513,33,13,10.945945945945946
513,34,13,10.945945945945946
514,0,0,0
514,1,0,0
514,2,0,0
514,3,0,0
514,4,0,4.0
514,5,0,4.0
514,6,0,4.666666666666667
514,7,0,5.25
514,8,0,5.25
514,9,0,6.0
514,10,0,6.666666666666667
514,11,0,6.666666666666667
514,12,1,6.625
514,13,3,6.7
514,14,3,6.7
514,15,3,7.0
514,16,5,7.615384615384615
514,17,5,7.933333333333334
514,18,6,8.5
514,19,7,8.411764705882353
514,20,0,8.944444444444445
514,21,1,9.45
514,22,1,9.095238095238095
514,23,5,9.26086956521739
514,24,8,9.26923076923077
514,25,13,9.703703703703704
514,26,16,9.766666666666667
514,27,18,9.766666666666667
514,28,17,10.03125
514,29,21,10.151515151515152
514,30,22,10.529411764705882
514,31,24,10.457142857142857
514,32,26,10.86111111111111
514,33,26,11.08108108108108
514,34,26,11.447368421052632
515,0,0,0
515,1,0,0
515,2,0,2.0
515,3,0,2.0
515,4,0,2.6666666666666665
515,5,0,2.6666666666666665
515,6,0,3.5
515,7,0,3.5
515,8,0,4.0
515,9,0,4.5
515,10,0,4.5
515,11,1,4.5
515,12,2,5.444444444444445
515,13,3,5.444444444444445
515,14,5,5.909090909090909
515,15,8,6.153846153846154
515,16,9,6.153846153846154
515,17,9,7.0625
515,18,11,7.0625
515,19,13,7.555555555555555
515,20,0,7.526315789473684
515,21,2,7.904761904761905
515,22,4,8.272727272727273
515,23,7,8.043478260869565
515,24,9,8.576923076923077
515,25,6,8.444444444444445
515,26,9,8.285714285714286
515,27,14,8.4
515,28,23,9.242424242424242
515,29,24,9.147058823529411
515,30,25,9.342857142857143
515,31,28,9.75
515,32,28,10.342105263157896
515,33,29,10.342105263157896
515,34,28,10.9
516,0,0,0
516,1,0,0
516,2,0,0
516,3,0,0
516,4,0,4.0
516,5,0,4.0
516,6,0,4.333333333333333
516,7,0,4.333333333333333
516,8,0,4.333333333333333
516,9,0,5.25
516,10,0,5.6
516,11,0,5.6
516,12,0,5.0
516,13,0,5.714285714285714
516,14,0,5.888888888888889
516,15,1,5.888888888888889
516,16,1,6.181818181818182
516,17,4,6.666666666666667
516,18,7,7.071428571428571
516,19,10,7.071428571428571
516,20,0,7.5
516,21,3,7.444444444444445
516,22,2,7.523809523809524
516,23,5,7.523809523809524
516,24,5,7.666666666666667
516,25,5,8.038461538461538
516,26,8,8.0
516,27,10,8.03448275862069
516,28,12,8.903225806451612
516,29,11,9.03125
516,30,13,9.151515151515152
516,31,16,9.617647058823529
516,32,15,10.166666666666666
516,33,15,10.166666666666666
516,34,15,10.763157894736842
517,0,0,0
517,1,0,0
517,2,0,0
517,3,0,3.0
517,4,0,3.0
517,5,0,3.3333333333333335
517,6,0,3.3333333333333335
517,7,0,3.75
517,8,0,3.75
517,9,0,4.833333333333333
517,10,0,4.428571428571429
517,11,0,4.875
517,12,2,4.444444444444445
517,13,2,5.333333333333333
517,14,3,5.333333333333333
517,15,5,5.230769230769231
517,16,7,5.714285714285714
517,17,9,6.3125
517,18,10,6.722222222222222
517,19,11,6.684210526315789
517,20,0,7.619047619047619
517,21,0,7.590909090909091
517,22,0,7.3478260869565215
517,23,0,7.423076923076923
517,24,0,7.892857142857143
517,25,1,7.833333333333333
517,26,10,8.0625
517,27,10,8.617647058823529
517,28,15,8.617647058823529
517,29,14,8.742857142857142
517,30,17,9.166666666666666
517,31,17,9.578947368421053
517,32,18,9.512820512820513
517,33,21,9.95
517,34,23,10.404761904761905
518,0,0,0
518,1,0,0
518,2,0,2.0
518,3,0,2.0
518,4,0,3.0
518,5,0,3.6666666666666665
518,6,0,4.25
518,7,0,4.25
518,8,0,5.166666666666667
518,9,0,4.714285714285714
518,10,1,4.4
518,11,2,4.818181818181818
518,12,4,5.076923076923077
518,13,4,5.428571428571429
518,14,5,5.4
518,15,8,5.8125
518,16,8,5.823529411764706
518,17,7,6.2631578947368425
518,18,8,6.65
518,19,10,6.714285714285714
518,20,0,6.714285714285714
518,21,0,7.75
518,22,2,7.75
518,23,4,7.56
518,24,8,8.444444444444445
518,25,6,8.068965517241379
518,26,9,8.5
518,27,18,9.030303030303031
518,28,22,9.205882352941176
518,29,27,9.628571428571428
518,30,27,9.694444444444445
518,31,27,10.162162162162161
518,32,27,10.105263157894736
518,33,27,10.975
518,34,26,11.195121951219512
519,0,0,0
519,1,0,0
519,2,0,0
519,3,0,0
519,4,0,4.0
519,5,0,4.0
519,6,0,4.333333333333333
519,7,0,4.333333333333333
519,8,0,4.333333333333333
519,9,0,5.8
519,10,0,5.8
519,11,1,5.8
519,12,2,6.5
519,13,3,6.5
519,14,4,6.222222222222222
519,15,5,6.9
519,16,8,7.25
519,17,13,7.25
519,18,12,8.133333333333333
519,19,12,8.133333333333333
519,20,0,8.529411764705882
519,21,1,8.11111111111111
519,22,2,8.333333333333334
519,23,5,8.045454545454545
519,24,4,8.08
519,25,8,8.576923076923077
519,26,13,8.689655172413794
519,27,21,8.689655172413794
519,28,24,9.096774193548388
519,29,23,9.636363636363637
519,30,25,10.117647058823529
519,31,24,10.057142857142857
519,32,25,10.057142857142857
519,33,24,11.210526315789474
519,34,25,11.210526315789474
520,0,0,0
520,1,0,0
520,2,0,2.0
520,3,0,2.0
520,4,0,3.0
520,5,0,3.3333333333333335
520,6,0,3.3333333333333335
520,7,0,4.25
520,8,0,4.6
520,9,0,4.6
520,10,0,4.166666666666667
520,11,1,5.0
520,12,2,5.0
520,13,4,5.0
520,14,5,5.5
520,15,7,5.5
520,16,7,6.071428571428571
520,17,7,6.666666666666667
520,18,10,6.6875
520,19,10,6.6875
520,20,0,7.333333333333333
520,21,0,7.947368421052632
520,22,0,8.05
520,23,3,9.136363636363637
520,24,3,8.583333333333334
520,25,2,8.68
520,26,13,8.857142857142858
520,27,19,9.379310344827585
520,28,24,9.838709677419354
520,29,27,9.838709677419354
520,30,28,9.9375
520,31,31,10.484848484848484
520,32,30,10.82857142857143
520,33,29,10.75
520,34,29,10.75
521,0,0,0
521,1,0,0
521,2,0,2.0
521,3,0,2.0
521,4,0,2.0
521,5,0,2.0
521,6,0,3.3333333333333335
521,7,0,3.75
521,8,0,3.75
521,9,0,3.75
521,10,0,5.333333333333333
521,11,0,5.333333333333333
521,12,1,5.333333333333333
521,13,1,4.857142857142857
521,14,1,6.333333333333333
521,15,1,6.1
521,16,4,7.25
521,17,3,7.076923076923077
521,18,4,7.642857142857143
521,19,6,7.8125
521,20,0,7.8125
521,21,0,8.631578947368421
521,22,2,8.45
521,23,1,8.590909090909092
521,24,3,9.083333333333334
521,25,5,8.88
521,26,11,8.961538461538462
521,27,13,9.586206896551724
521,28,15,9.566666666666666
521,29,17,9.870967741935484
521,30,18,10.393939393939394
521,31,18,10.393939393939394
521,32,17,10.8
521,33,20,10.8
521,34,21,11.405405405405405
522,0,0,0
522,1,0,0
522,2,0,0
522,3,0,2.0
522,4,0,3.0
522,5,0,3.0
522,6,0,3.0
522,7,0,4.333333333333333
522,8,0,4.333333333333333
522,9,0,4.25
522,10,0,3.8
522,11,0,5.142857142857143
522,12,0,4.75
522,13,0,4.7
522,14,1,5.2727272727272725
522,15,0,5.0
522,16,0,5.384615384615385
522,17,1,5.866666666666666
522,18,2,6.1875
522,19,1,6.0
522,20,0,6.555555555555555
522,21,0,6.35
522,22,1,7.0
522,23,1,6.68
522,24,1,6.68
522,25,0,6.785714285714286
522,26,2,7.275862068965517
522,27,5,7.032258064516129
522,28,7,7.40625
522,29,9,7.303030303030303
522,30,9,7.794117647058823
522,31,10,8.166666666666666
522,32,10,8.552631578947368
522,33,11,8.923076923076923
522,34,10,8.9
523,0,0,0
523,1,0,0
523,2,0,2.0
523,3,0,2.0
523,4,0,3.3333333333333335
523,5,0,3.3333333333333335
523,6,0,3.5
523,7,0,4.0
523,8,0,4.166666666666667
523,9,0,4.166666666666667
523,10,0,4.857142857142857
523,11,0,4.5
523,12,3,5.4
523,13,4,5.181818181818182
523,14,8,5.666666666666667
523,15,10,6.0
523,16,9,5.933333333333334
523,17,12,6.375
523,18,13,6.833333333333333
523,19,14,6.833333333333333
523,20,0,7.3
523,21,2,7.761904761904762
523,22,2,7.863636363636363
523,23,4,7.863636363636363
523,24,6,8.384615384615385
523,25,6,8.071428571428571
523,26,6,8.241379310344827
523,27,7,9.090909090909092
523,28,14,9.147058823529411
523,29,21,9.147058823529411
523,30,22,9.057142857142857
523,31,23,9.864864864864865
523,32,22,9.81578947368421
523,33,23,10.076923076923077
523,34,22,10.658536585365853
524,0,0,0
524,1,0,0
524,2,0,2.0
524,3,0,2.0
524,4,0,2.0
524,5,0,2.0
524,6,0,3.0
524,7,0,2.6
524,8,0,2.6
524,9,1,2.6
524,10,1,3.75
524,11,1,3.75
524,12,2,3.7777777777777777
524,13,2,4.818181818181818
524,14,1,4.833333333333333
524,15,3,4.833333333333333
524,16,3,4.846153846153846
524,17,3,6.0
524,18,4,6.0
524,19,7,5.9411764705882355
524,20,0,7.0
524,21,0,7.0
524,22,0,7.045454545454546
524,23,1,7.608695652173913
524,24,6,7.666666666666667
524,25,8,7.666666666666667
524,26,11,7.777777777777778
524,27,12,8.172413793103448
524,28,13,8.433333333333334
524,29,15,8.580645161290322
524,30,16,8.580645161290322
524,31,17,9.558823529411764
524,32,17,9.558823529411764
524,33,18,10.25
524,34,18,10.25
525,0,0,0
525,1,0,0
525,2,0,0
525,3,0,3.0
525,4,0,3.5
525,5,0,4.0
525,6,0,4.0
525,7,0,4.0
525,8,0,4.0
525,9,0,4.333333333333333
525,10,0,4.571428571428571
525,11,0,4.571428571428571
525,12,0,4.9
525,13,0,4.636363636363637
525,14,2,4.636363636363637
525,15,3,5.0
525,16,4,5.333333333333333
525,17,4,5.333333333333333
525,18,9,5.764705882352941
525,19,11,6.277777777777778
525,20,0,6.2631578947368425
525,21,2,6.3
525,22,5,6.761904761904762
525,23,6,6.875
525,24,7,6.875
525,25,10,7.607142857142857
525,26,15,7.607142857142857
525,27,16,8.34375
525,28,19,8.424242424242424
525,29,23,8.852941176470589
525,30,24,8.771428571428572
525,31,24,9.194444444444445
525,32,24,9.605263157894736
525,33,26,9.605263157894736
525,34,26,9.615384615384615
526,0,0,0
526,1,0,0
526,2,0,0
526,3,0,0
526,4,0,4.0
526,5,0,4.0
526,6,0,4.666666666666667
526,7,0,4.666666666666667
526,8,0,5.5
526,9,0,5.5
526,10,0,6.4
526,11,0,6.4
526,12,2,7.333333333333333
526,13,5,7.25
526,14,8,7.25
526,15,9,7.6
526,16,14,8.181818181818182
526,17,15,8.0
526,18,17,8.0
526,19,16,9.2
526,20,0,9.125
526,21,0,10.052631578947368
526,22,2,9.65
526,23,2,9.333333333333334
526,24,6,9.045454545454545
526,25,6,9.8
526,26,6,9.37037037037037
526,27,14,9.37037037037037
526,28,18,9.758620689655173
526,29,20,10.290322580645162
526,30,27,10.787878787878787
526,31,28,10.823529411764707
526,32,31,11.257142857142858
526,33,30,11.567567567567568
526,34,30,12.0
527,0,0,0
527,1,0,0
527,2,0,0
527,3,0,0
527,4,0,4.0
527,5,0,4.0
527,6,0,4.0
527,7,0,4.666666666666667
527,8,0,5.5
527,9,0,5.5
527,10,0,4.8
527,11,5,5.142857142857143
527,12,6,5.555555555555555
527,13,8,5.555555555555555
527,14,12,6.583333333333333
527,15,12,6.583333333333333
527,16,14,6.538461538461538
527,17,13,6.571428571428571
527,18,14,7.75
527,19,13,7.823529411764706
527,20,0,8.38888888888889
527,21,0,8.526315789473685
527,22,4,9.05
527,23,3,8.956521739130435
527,24,4,8.708333333333334
527,25,2,9.25
527,26,5,9.10344827586207
527,27,14,8.933333333333334
527,28,22,10.090909090909092
527,29,25,10.205882352941176
527,30,29,10.205882352941176
527,31,28,10.085714285714285
527,32,31,11.0
527,33,30,11.236842105263158
527,34,30,12.1
528,0,0,0
528,1,0,0
528,2,0,2.0
528,3,0,2.5
528,4,0,2.5
528,5,0,3.3333333333333335
528,6,0,3.75
528,7,0,3.4
528,8,0,3.7142857142857144
528,9,1,4.125
528,10,2,3.888888888888889
528,11,5,4.5
528,12,6,4.454545454545454
528,13,10,5.461538461538462
528,14,9,5.428571428571429
528,15,11,5.933333333333334
528,16,10,6.0
528,17,12,6.529411764705882
528,18,13,6.611111111111111
528,19,16,7.157894736842105
528,20,0,7.761904761904762
528,21,0,7.909090909090909
528,22,2,8.391304347826088
528,23,2,8.307692307692308
528,24,2,7.892857142857143
528,25,5,7.892857142857143
528,26,7,8.161290322580646
528,27,8,8.606060606060606
528,28,10,8.606060606060606
528,29,18,8.5
528,30,22,9.38888888888889
528,31,30,9.324324324324325
528,32,32,9.605263157894736
528,33,31,10.2
528,34,33,10.609756097560975
529,0,0,0
529,1,0,0
529,2,0,0
529,3,0,3.0
529,4,0,3.5
529,5,0,3.5
529,6,0,4.0
529,7,0,4.0
529,8,1,5.0
529,9,1,5.0
529,10,1,4.714285714285714
529,11,4,4.714285714285714
529,12,4,5.8
529,13,5,5.8
529,14,9,6.25
529,15,11,6.25
529,16,11,6.785714285714286
529,17,13,7.266666666666667
529,18,12,7.823529411764706
529,19,11,7.888888888888889
529,20,0,7.888888888888889
529,21,0,8.5
529,22,0,9.047619047619047
529,23,1,8.772727272727273
529,24,1,9.0
529,25,1,9.0
529,26,5,9.392857142857142
529,27,12,9.392857142857142
529,28,17,10.066666666666666
529,29,17,10.066666666666666
529,30,18,10.34375
529,31,19,10.34375
529,32,18,11.117647058823529
529,33,20,11.117647058823529
529,34,19,11.805555555555555
530,0,0,0
530,1,0,0
530,2,0,2.0
530,3,0,2.0
530,4,0,2.6666666666666665
530,5,0,2.6666666666666665
530,6,0,3.0
530,7,0,3.0
530,8,0,4.0
530,9,0,4.0
530,10,0,4.666666666666667
530,11,1,4.285714285714286
530,12,3,5.555555555555555
530,13,3,5.3
530,14,7,5.7272727272727275
530,15,9,6.230769230769231
530,16,10,6.571428571428571
530,17,12,6.533333333333333
530,18,12,6.533333333333333
530,19,11,7.555555555555555
530,20,0,7.555555555555555
530,21,0,8.0
530,22,3,8.181818181818182
530,23,7,8.333333333333334
530,24,10,8.12
530,25,7,7.777777777777778
530,26,11,8.689655172413794
530,27,14,8.483870967741936
530,28,18,8.6875
530,29,23,9.529411764705882
530,30,26,9.714285714285714
530,31,28,10.11111111111111
530,32,27,10.736842105263158
530,33,27,10.736842105263158
530,34,26,11.175
531,0,0,0
531,1,0,0
531,2,0,2.0
531,3,0,2.0
531,4,0,3.0
531,5,0,3.0
531,6,0,4.0
531,7,0,4.75
531,8,0,5.2
531,9,0,4.75
531,10,0,4.75
531,11,1,5.454545454545454
531,12,2,5.454545454545454
531,13,2,5.25
531,14,5,5.25
531,15,5,6.4
531,16,5,6.3125
531,17,6,6.823529411764706
531,18,5,7.2105263157894735
531,19,5,7.2105263157894735
531,20,0,7.666666666666667
531,21,0,8.130434782608695
531,22,2,8.130434782608695
531,23,2,8.36
531,24,6,8.115384615384615
531,25,12,8.206896551724139
531,26,12,8.838709677419354
531,27,15,8.838709677419354
531,28,16,9.212121212121213
531,29,20,9.676470588235293
531,30,21,9.6
531,31,21,10.54054054054054
531,32,21,10.710526315789474
531,33,21,10.710526315789474
531,34,20,11.731707317073171
532,0,0,0
532,1,0,0
532,2,0,0
532,3,0,3.0
532,4,0,3.0
532,5,0,3.3333333333333335
532,6,0,3.3333333333333335
532,7,0,4.25
532,8,0,4.25
532,9,1,5.5
532,10,0,5.0
532,11,0,4.625
532,12,3,5.7272727272727275
532,13,5,5.5
532,14,9,5.3076923076923075
532,15,12,5.3076923076923075
532,16,11,6.375
532,17,15,6.375
532,18,16,6.411764705882353
532,19,18,7.0
532,20,0,7.55
532,21,0,7.619047619047619
532,22,1,8.136363636363637
532,23,1,8.12
532,24,3,7.923076923076923
532,25,6,8.214285714285714
532,26,9,8.533333333333333
532,27,12,8.419354838709678
532,28,14,8.787878787878787
532,29,17,8.911764705882353
532,30,27,9.428571428571429
532,31,29,9.81081081081081
532,32,28,10.026315789473685
532,33,27,10.675
532,34,28,10.804878048780488
533,0,0,0
533,1,0,0
533,2,0,0
533,3,0,0
533,4,0,4.0
533,5,0,4.0
533,6,0,4.666666666666667
533,7,0,5.0
533,8,0,5.0
533,9,0,5.0
533,10,0,6.0
533,11,1,6.666666666666667
533,12,0,6.0
533,13,1,6.75
533,14,0,6.444444444444445
533,15,3,6.9
533,16,3,7.333333333333333
533,17,6,7.769230769230769
533,18,6,8.133333333333333
533,19,9,8.5
533,20,0,8.352941176470589
533,21,0,8.789473684210526
533,22,0,8.5
533,23,6,8.5
533,24,9,8.0
533,25,9,9.0
533,26,10,8.642857142857142
533,27,17,8.655172413793103
533,28,19,9.53125
533,29,19,9.545454545454545
533,30,20,9.545454545454545
533,31,20,9.5
533,32,19,10.35135135135135
533,33,20,10.35135135135135
533,34,20,11.0
534,0,0,0
534,1,0,0
534,2,0,0
534,3,0,0
534,4,0,3.5
534,5,0,3.5
534,6,0,3.5
534,7,0,4.333333333333333
534,8,0,5.25
534,9,0,5.25
534,10,0,5.5
534,11,0,6.0
534,12,1,5.625
534,13,6,5.625
534,14,6,6.1
534,15,9,6.5
534,16,13,6.5
534,17,15,6.384615384615385
534,18,18,7.6
534,19,17,7.5625
534,20,0,7.5625
534,21,0,8.277777777777779
534,22,1,8.789473684210526
534,23,0,8.45
534,24,3,9.047619047619047
534,25,2,9.041666666666666
534,26,6,8.8
534,27,10,9.392857142857142
534,28,13,9.586206896551724
534,29,18,10.066666666666666
534,30,22,9.903225806451612
534,31,26,10.46875
534,32,25,10.363636363636363
534,33,25,10.852941176470589
534,34,24,11.63888888888889
535,0,0,0
535,1,0,0
535,2,0,0
535,3,0,3.0
535,4,0,3.0
535,5,0,3.0
535,6,0,3.6666666666666665
535,7,0,4.5
535,8,0,4.5
535,9,0,5.2
535,10,0,6.0
535,11,2,6.0
535,12,2,6.0
535,13,4,5.666666666666667
535,14,8,6.3
535,15,10,6.75
535,16,9,6.615384615384615
535,17,9,6.933333333333334
535,18,12,7.375
535,19,13,7.352941176470588
535,20,0,7.833333333333333
535,21,1,8.3
535,22,0,8.409090909090908
535,23,2,8.130434782608695
535,24,4,7.68
535,25,8,8.592592592592593
535,26,11,8.241379310344827
535,27,17,8.133333333333333
535,28,21,9.151515151515152
535,29,26,9.264705882352942
535,30,27,9.342857142857143
535,31,26,10.105263157894736
535,32,28,10.105263157894736
535,33,30,10.076923076923077
535,34,29,10.731707317073171
536,0,0,0
536,1,0,0
536,2,0,0
536,3,0,0
536,4,0,4.0
536,5,0,4.0
536,6,0,3.75
536,7,0,3.75
536,8,0,4.4
536,9,0,4.4
536,10,0,5.333333333333333
536,11,0,5.857142857142857
536,12,0,5.857142857142857
536,13,0,6.375
536,14,0,5.888888888888889
536,15,2,6.6
536,16,2,6.2727272727272725
536,17,5,7.461538461538462
536,18,4,7.214285714285714
536,19,7,7.733333333333333
536,20,0,8.117647058823529
536,21,0,8.117647058823529
536,22,1,8.578947368421053
536,23,2,9.1
536,24,5,8.5
536,25,5,8.875
536,26,15,8.72
536,27,18,9.037037037037036
536,28,19,9.037037037037036
536,29,22,9.689655172413794
536,30,25,10.2
536,31,24,10.290322580645162
536,32,23,10.40625
536,33,25,10.878787878787879
536,34,24,11.485714285714286
537,0,0,0
537,1,0,0
537,2,0,2.0
537,3,0,2.0
537,4,0,2.0
537,5,0,2.5
537,6,0,3.2
537,7,0,3.5
537,8,0,4.142857142857143
537,9,0,4.142857142857143
537,10,0,5.0
537,11,0,4.7
537,12,1,4.7
537,13,2,5.461538461538462
537,14,4,5.461538461538462
537,15,5,5.357142857142857
537,16,7,5.666666666666667
537,17,8,6.235294117647059
537,18,12,6.555555555555555
537,19,11,6.578947368421052
537,20,0,6.578947368421052
537,21,0,7.238095238095238
537,22,1,7.545454545454546
537,23,1,7.125
537,24,6,8.0
537,25,7,7.851851851851852
537,26,8,7.928571428571429
537,27,12,7.928571428571429
537,28,15,9.064516129032258
537,29,17,9.064516129032258
537,30,18,9.25
537,31,20,9.787878787878787
537,32,20,10.342857142857143
537,33,20,10.342857142857143
537,34,20,10.91891891891892
538,0,0,0
538,1,0,0
538,2,0,2.0
538,3,0,2.5
538,4,0,3.0
538,5,0,3.0
538,6,0,3.75
538,7,0,3.75
538,8,0,4.833333333333333
538,9,1,4.833333333333333
538,10,2,4.428571428571429
538,11,4,5.444444444444445
538,12,4,5.3
538,13,5,5.636363636363637
538,14,8,5.583333333333333
538,15,8,6.071428571428571
538,16,7,6.066666666666666
538,17,11,6.9411764705882355
538,18,10,7.0
538,19,11,7.5
538,20,0,7.857142857142857
538,21,0,8.26086956521739
538,22,1,8.26086956521739
538,23,0,8.461538461538462
538,24,3,8.785714285714286
538,25,5,8.774193548387096
538,26,7,8.424242424242424
538,27,14,8.705882352941176
538,28,16,9.25
538,29,16,9.135135135135135
538,30,20,9.135135135135135
538,31,20,9.58974358974359
538,32,22,10.0
538,33,22,10.428571428571429
538,34,22,10.428571428571429
539,0,0,0
539,1,0,0
539,2,0,2.0
539,3,0,2.5
539,4,0,2.5
539,5,0,3.3333333333333335
539,6,0,4.0
539,7,0,4.4
539,8,0,4.4
539,9,1,4.4
539,10,0,4.857142857142857
539,11,2,5.5
539,12,2,5.9
539,13,2,5.9
539,14,4,6.25
539,15,8,6.769230769230769
539,16,11,6.714285714285714
539,17,13,6.714285714285714
539,18,12,7.764705882352941
539,19,13,7.764705882352941
539,20,0,8.105263157894736
539,21,0,8.65
539,22,1,8.666666666666666
539,23,1,8.08695652173913
539,24,9,8.5
539,25,7,8.62962962962963
539,26,7,8.379310344827585
539,27,13,9.193548387096774
539,28,21,9.0625
539,29,24,9.272727272727273
539,30,23,9.470588235294118
539,31,24,10.486486486486486
539,32,24,10.578947368421053
539,33,25,10.538461538461538
539,34,26,11.0
540,0,0,0
540,1,0,0
540,2,0,0
540,3,0,0
540,4,0,3.3333333333333335
540,5,0,3.3333333333333335
540,6,0,3.3333333333333335
540,7,0,4.6
540,8,0,4.6
540,9,0,4.6
540,10,0,5.857142857142857
540,11,4,5.0
540,12,8,5.2727272727272725
540,13,11,5.75
540,14,10,5.615384615384615
540,15,10,6.071428571428571
540,16,11,6.066666666666666
540,17,13,6.5625
540,18,14,7.111111111111111
540,19,15,7.2105263157894735
540,20,0,7.714285714285714
540,21,1,7.409090909090909
540,22,1,8.4
540,23,3,8.153846153846153
540,24,6,7.821428571428571
540,25,5,8.275862068965518
540,26,8,8.40625
540,27,11,8.272727272727273
540,28,21,9.027777777777779
540,29,25,9.027777777777779
540,30,31,9.743589743589743
540,31,31,9.675
540,32,31,10.238095238095237
540,33,31,10.186046511627907
540,34,34,10.590909090909092
541,0,0,0
541,1,0,0
541,2,0,2.0
541,3,0,2.0
541,4,0,3.0
541,5,0,3.0
541,6,0,3.0
541,7,0,4.25
541,8,0,4.25
541,9,0,4.6
541,10,0,4.833333333333333
541,11,2,5.285714285714286
541,12,7,5.222222222222222
541,13,7,5.0
541,14,10,5.333333333333333
541,15,12,5.333333333333333
541,16,12,6.2
541,17,13,6.1875
541,18,18,6.1875
541,19,17,7.105263157894737
541,20,0,7.105263157894737
541,21,1,7.25
541,22,3,7.173913043478261
541,23,4,7.625
541,24,3,7.3076923076923075
541,25,2,7.448275862068965
541,26,6,7.451612903225806
541,27,9,8.06060606060606
541,28,13,8.147058823529411
541,29,17,8.542857142857143
541,30,23,8.444444444444445
541,31,23,9.210526315789474
541,32,23,9.875
541,33,23,10.452380952380953
541,34,25,10.44186046511628
542,0,0,0
542,1,0,0
542,2,0,0
542,3,0,0
542,4,0,4.0
542,5,0,4.0
542,6,0,4.0
542,7,0,4.0
542,8,0,6.0
542,9,0,6.0
542,10,0,6.0
542,11,0,6.0
542,12,2,7.166666666666667
542,13,4,6.428571428571429
542,14,9,7.0
542,15,10,6.666666666666667
542,16,13,7.4
542,17,13,7.833333333333333
542,18,15,7.833333333333333
542,19,17,7.769230769230769
542,20,0,8.5
542,21,0,9.0625
542,22,2,9.588235294117647
542,23,2,8.789473684210526
542,24,4,9.047619047619047
542,25,7,8.727272727272727
542,26,15,9.2
542,27,18,8.961538461538462
542,28,26,9.518518518518519
542,29,28,9.357142857142858
542,30,29,10.1
542,31,32,10.290322580645162
542,32,35,10.93939393939394
542,33,36,11.088235294117647
542,34,37,11.666666666666666
543,0,0,0
543,1,0,0
543,2,0,0
543,3,0,3.0
543,4,0,3.5
543,5,0,3.5
543,6,0,3.5
543,7,0,5.25
543,8,0,5.25
543,9,0,5.25
543,10,0,5.25
543,11,0,6.428571428571429
543,12,0,5.875
543,13,0,5.875
543,14,0,7.1
543,15,1,7.1
543,16,4,6.636363636363637
543,17,7,6.636363636363637
543,18,7,7.714285714285714
543,19,9,7.714285714285714
543,20,0,8.1875
543,21,0,8.61111111111111
543,22,0,8.473684210526315
543,23,2,8.666666666666666
543,24,7,8.363636363636363
543,25,9,9.24
543,26,12,8.814814814814815
543,27,14,9.8
543,28,16,9.8
543,29,17,9.67741935483871
543,30,18,10.15625
543,31,17,10.588235294117647
543,32,17,11.057142857142857
543,33,18,11.25
543,34,20,11.25
544,0,0,0
544,1,0,0
544,2,0,0
544,3,0,3.0
544,4,0,3.5
544,5,0,4.0
544,6,0,4.5
544,7,0,4.0
544,8,0,4.0
544,9,1,5.428571428571429
544,10,0,5.0
544,11,1,5.444444444444445
544,12,3,5.5
544,13,3,5.5
544,14,3,5.928571428571429
544,15,3,6.4
544,16,3,6.764705882352941
544,17,4,6.764705882352941
544,18,3,7.2631578947368425
544,19,4,7.761904761904762
544,20,0,7.761904761904762
544,21,2,8.130434782608695
544,22,4,8.083333333333334
544,23,5,8.384615384615385
544,24,5,8.678571428571429
544,25,2,8.466666666666667
544,26,2,8.466666666666667
544,27,5,8.969696969696969
544,28,5,9.323529411764707
544,29,6,9.371428571428572
544,30,8,9.371428571428572
544,31,8,9.81081081081081
544,32,8,10.18421052631579
544,33,7,10.102564102564102
544,34,9,10.625
545,0,0,0
545,1,0,0
545,2,0,2.0
545,3,0,2.0
545,4,0,2.0
545,5,0,2.6666666666666665
545,6,0,3.5
545,7,0,3.5
545,8,0,3.5
545,9,0,5.0
545,10,0,5.0
545,11,0,4.428571428571429
545,12,0,5.0
545,13,0,5.0
545,14,2,4.7272727272727275
545,15,8,4.7272727272727275
545,16,7,5.642857142857143
545,17,7,5.642857142857143
545,18,10,5.9375
545,19,11,6.5
545,20,0,6.473684210526316
545,21,0,7.0476190476190474
545,22,1,7.409090909090909
545,23,1,7.173913043478261
545,24,8,7.68
545,25,6,8.107142857142858
545,26,12,8.466666666666667
545,27,15,8.375
545,28,22,8.393939393939394
545,29,25,9.222222222222221
545,30,26,9.222222222222221
545,31,25,9.5
545,32,26,9.5
545,33,25,9.95
545,34,25,9.95
546,0,0,0
546,1,0,0
546,2,0,0
546,3,0,0
546,4,0,3.5
546,5,0,3.5
546,6,0,3.5
546,7,0,4.333333333333333
546,8,0,5.25
546,9,0,5.25
546,10,0,5.8
546,11,0,5.0
546,12,0,6.375
546,13,0,6.375
546,14,1,6.4
546,15,3,7.090909090909091
546,16,5,6.75
546,17,8,7.3076923076923075
546,18,8,7.142857142857143
546,19,12,7.8
546,20,0,7.6875
546,21,2,8.777777777777779
546,22,1,8.4
546,23,3,8.80952380952381
546,24,6,8.791666666666666
546,25,0,8.84
546,26,2,9.178571428571429
546,27,5,9.620689655172415
546,28,11,9.733333333333333
546,29,17,9.733333333333333
546,30,24,10.25
546,31,26,10.727272727272727
546,32,26,11.114285714285714
546,33,29,11.555555555555555
546,34,30,11.45945945945946
547,0,0,0
547,1,0,0
547,2,0,0
547,3,0,0
547,4,0,3.5
547,5,0,3.5
547,6,0,3.5
547,7,0,3.5
547,8,0,5.0
547,9,0,5.0
547,10,0,5.0
547,11,0,6.5
547,12,0,6.5
547,13,1,6.714285714285714
547,14,2,6.125
547,15,2,6.909090909090909
547,16,4,6.909090909090909
547,17,6,7.3076923076923075
547,18,7,7.142857142857143
547,19,9,7.466666666666667
547,20,0,7.375
547,21,2,8.058823529411764
547,22,4,8.368421052631579
547,23,6,7.809523809523809
547,24,9,7.6521739130434785
547,25,10,8.28
547,26,10,8.535714285714286
547,27,13,8.535714285714286
547,28,12,8.448275862068966
547,29,14,9.419354838709678
547,30,13,9.375
547,31,13,9.375
547,32,12,10.457142857142857
547,33,14,10.457142857142857
547,34,15,10.472222222222221
548,0,0,0
548,1,0,0
548,2,0,2.0
548,3,0,2.5
548,4,0,2.5
548,5,0,3.3333333333333335
548,6,0,3.75
548,7,0,4.4
548,8,0,4.4
548,9,0,5.0
548,10,0,5.0
548,11,1,5.666666666666667
548,12,3,5.666666666666667
548,13,4,5.4
548,14,7,5.4
548,15,6,6.538461538461538
548,16,6,6.428571428571429
548,17,8,6.428571428571429
548,18,9,7.0625
548,19,12,7.529411764705882
548,20,0,7.555555555555555
548,21,1,7.555555555555555
548,22,0,8.454545454545455
548,23,1,8.130434782608695
548,24,7,7.958333333333333
548,25,10,8.26923076923077
548,26,12,8.620689655172415
548,27,17,8.466666666666667
548,28,19,9.0625
548,29,23,9.515151515151516
548,30,25,9.617647058823529
548,31,27,10.166666666666666
548,32,26,10.657894736842104
548,33,27,10.657894736842104
548,34,29,11.375
549,0,0,0
549,1,0,0
549,2,0,2.0
549,3,0,2.5
549,4,0,3.0
549,5,0,3.0
549,6,0,3.5
549,7,0,3.5
549,8,0,4.4
549,9,0,4.4
549,10,0,4.571428571428571
549,11,0,5.25
549,12,0,5.25
549,13,1,6.4
549,14,1,6.0
549,15,3,6.0
549,16,4,6.857142857142857
549,17,5,6.857142857142857
549,18,7,6.733333333333333
549,19,9,7.764705882352941
549,20,0,7.666666666666667
549,21,2,7.666666666666667
549,22,3,7.4
549,23,7,8.173913043478262
549,24,11,8.0
549,25,11,8.23076923076923
549,26,14,8.11111111111111
549,27,23,8.551724137931034
549,28,29,8.466666666666667
549,29,32,9.0
549,30,31,9.588235294117647
549,31,32,10.0
549,32,31,9.972222222222221
549,33,30,9.972972972972974
549,34,33,10.5
550,0,0,0
550,1,0,0
550,2,0,0
550,3,0,3.0
550,4,0,3.0
550,5,0,3.0
550,6,0,4.0
550,7,0,4.75
550,8,0,4.75
550,9,0,6.166666666666667
550,10,0,6.166666666666667
550,11,0,6.166666666666667
550,12,2,6.857142857142857
550,13,1,6.666666666666667
550,14,1,6.666666666666667
550,15,2,7.090909090909091
550,16,4,6.916666666666667
550,17,8,7.142857142857143
550,18,9,7.666666666666667
550,19,10,7.5
550,20,0,7.5
550,21,0,8.0
550,22,2,8.526315789473685
550,23,5,8.761904761904763
550,24,5,8.217391304347826
550,25,3,8.75
550,26,8,8.423076923076923
550,27,16,9.035714285714286
550,28,19,9.035714285714286
550,29,22,9.666666666666666
550,30,25,10.161290322580646
550,31,24,10.3125
550,32,24,10.3125
550,33,25,10.735294117647058
550,34,27,11.228571428571428
551,0,0,0
551,1,0,0
551,2,0,0
551,3,0,3.0
551,4,0,3.5
551,5,0,3.5
551,6,0,2.6666666666666665
551,7,0,3.5
551,8,0,4.4
551,9,0,4.4
551,10,0,4.4
551,11,1,5.333333333333333
551,12,2,5.625
551,13,4,5.333333333333333
551,14,8,6.1
551,15,9,6.5
551,16,10,6.5
551,17,14,6.461538461538462
551,18,17,7.733333333333333
551,19,17,7.6875
551,20,0,8.117647058823529
551,21,1,8.166666666666666
551,22,4,8.45
551,23,4,8.636363636363637
551,24,4,8.391304347826088
551,25,4,9.23076923076923
551,26,8,9.074074074074074
551,27,16,8.964285714285714
551,28,19,9.806451612903226
551,29,23,9.806451612903226
551,30,26,9.6875
551,31,32,10.647058823529411
551,32,35,10.571428571428571
551,33,36,11.324324324324325
551,34,36,11.736842105263158
552,0,0,0
552,1,0,0
552,2,0,2.0
552,3,0,2.0
552,4,0,3.0
552,5,0,3.0
552,6,0,3.3333333333333335
552,7,0,4.25
552,8,0,4.25
552,9,0,3.6
552,10,0,5.0
552,11,0,5.0
552,12,2,5.0
552,13,1,5.2727272727272725
552,14,2,5.666666666666667
552,15,2,6.071428571428571
552,16,3,6.071428571428571
552,17,5,7.0
552,18,7,7.0
552,19,9,6.944444444444445
552,20,0,7.421052631578948
552,21,1,7.809523809523809
552,22,1,7.545454545454546
552,23,2,7.434782608695652
552,24,8,8.23076923076923
552,25,7,8.0
552,26,14,8.379310344827585
552,27,18,8.64516129032258
552,28,20,8.78125
552,29,19,9.742857142857142
552,30,20,9.86111111111111
552,31,21,9.972972972972974
552,32,21,10.512820512820513
552,33,23,10.925
552,34,22,11.024390243902438
553,0,0,0
553,1,0,0
553,2,0,2.0
553,3,0,2.0
553,4,0,2.0
553,5,0,3.0
553,6,0,3.5
553,7,0,3.5
553,8,0,4.5
553,9,0,4.5
553,10,0,4.5
553,11,2,5.75
553,12,4,5.333333333333333
553,13,8,5.333333333333333
553,14,8,5.2
553,15,12,6.5
553,16,15,6.461538461538462
553,17,19,6.461538461538462
553,18,21,6.5
553,19,22,7.705882352941177
553,20,0,7.777777777777778
553,21,0,8.25
553,22,3,8.80952380952381
553,23,6,8.583333333333334
553,24,8,9.08
553,25,3,8.703703703703704
553,26,8,8.96551724137931
553,27,13,9.290322580645162
553,28,18,9.290322580645162
553,29,22,10.0
553,30,24,10.0
553,31,32,10.333333333333334
553,32,35,10.868421052631579
553,33,36,10.794871794871796
553,34,36,11.560975609756097
554,0,0,0
554,1,0,0
554,2,0,0
554,3,0,2.0
554,4,0,3.0
554,5,0,3.0
554,6,0,3.0
554,7,0,3.0
554,8,0,4.6
554,9,0,4.6
554,10,0,4.6
554,11,0,5.5
554,12,0,6.142857142857143
554,13,2,6.142857142857143
554,14,2,6.333333333333333
554,15,4,6.363636363636363
554,16,5,6.166666666666667
554,17,6,6.166666666666667
554,18,8,6.714285714285714
554,19,10,7.133333333333334
554,20,0,7.0625
554,21,4,7.705882352941177
554,22,2,7.85
554,23,6,8.428571428571429
554,24,8,8.043478260869565
554,25,9,8.846153846153847
554,26,15,8.666666666666666
554,27,21,9.0
554,28,23,9.258064516129032
554,29,23,9.4375
554,30,24,9.484848484848484
554,31,24,9.852941176470589
554,32,23,10.194444444444445
554,33,24,10.194444444444445
554,34,24,10.578947368421053
555,0,0,0
555,1,0,0
555,2,0,0
555,3,0,2.5
555,4,0,2.5
555,5,0,2.5
555,6,0,4.0
555,7,0,4.0
555,8,0,3.7142857142857144
555,9,0,3.7142857142857144
555,10,0,3.7142857142857144
555,11,0,3.4444444444444446
555,12,0,4.1
555,13,2,4.083333333333333
555,14,3,4.6923076923076925
555,15,5,4.571428571428571
555,16,5,5.235294117647059
555,17,5,5.235294117647059
555,18,8,5.277777777777778
555,19,10,5.842105263157895
555,20,0,6.190476190476191
555,21,0,6.190476190476191
555,22,2,6.625
555,23,3,6.769230769230769
555,24,8,7.2592592592592595
555,25,11,6.9655172413793105
555,26,18,7.225806451612903
555,27,20,7.764705882352941
555,28,22,7.857142857142857
555,29,25,7.857142857142857
555,30,28,8.657894736842104
555,31,30,8.657894736842104
555,32,29,9.0
555,33,29,9.619047619047619
555,34,29,9.619047619047619
556,0,0,0
556,1,0,0
556,2,0,0
556,3,0,0
556,4,0,4.0
556,5,0,3.5
556,6,0,3.5
556,7,0,4.666666666666667
556,8,0,4.666666666666667
556,9,0,5.0
556,10,0,5.0
556,11,0,6.0
556,12,0,6.0
556,13,0,6.666666666666667
556,14,2,6.75
556,15,2,7.0
556,16,1,6.6
556,17,1,6.6
556,18,0,7.615384615384615
556,19,1,7.615384615384615
556,20,0,7.571428571428571
556,21,1,7.2
556,22,2,7.947368421052632
556,23,2,7.7
556,24,3,7.476190476190476
556,25,1,8.333333333333334
556,26,4,8.2
556,27,9,8.592592592592593
556,28,10,9.0
556,29,12,9.35483870967742
556,30,14,9.35483870967742
556,31,15,9.787878787878787
556,32,17,10.205882352941176
556,33,19,10.142857142857142
556,34,18,10.166666666666666
557,0,0,0
557,1,0,0
557,2,0,0
557,3,0,3.0
557,4,0,3.5
557,5,0,4.0
557,6,0,4.5
557,7,0,4.5
557,8,1,4.666666666666667
557,9,0,4.75
557,10,0,4.3
557,11,5,4.7272727272727275
557,12,7,4.857142857142857
557,13,9,4.733333333333333
557,14,9,5.117647058823529
557,15,9,5.611111111111111
557,16,9,6.05
557,17,11,6.428571428571429
557,18,11,6.869565217391305
557,19,13,7.32
557,20,0,7.384615384615385
557,21,1,7.857142857142857
557,22,2,7.806451612903226
557,23,6,8.15625
557,24,10,8.228571428571428
557,25,10,8.228571428571428
557,26,12,8.027027027027026
557,27,17,8.76923076923077
557,28,21,8.725
557,29,26,9.047619047619047
557,30,31,9.386363636363637
557,31,32,9.386363636363637
557,32,32,9.76086956521739
557,33,32,10.145833333333334
557,34,33,10.306122448979592
558,0,0,0
558,1,0,0
558,2,0,0
558,3,0,3.0
558,4,0,3.5
558,5,0,3.5
558,6,0,4.333333333333333
558,7,0,4.333333333333333
558,8,0,5.25
558,9,0,5.25
558,10,0,5.5
558,11,2,6.285714285714286
558,12,3,5.875
558,13,7,6.555555555555555
558,14,10,6.3
558,15,11,7.583333333333333
558,16,12,7.461538461538462
558,17,15,8.071428571428571
558,18,14,8.0
558,19,15,8.470588235294118
558,20,0,8.470588235294118
558,21,2,9.052631578947368
558,22,2,9.052631578947368
558,23,3,8.909090909090908
558,24,5,9.434782608695652
558,25,5,9.461538461538462
558,26,6,9.962962962962964
558,27,10,9.655172413793103
558,28,16,10.096774193548388
558,29,17,10.696969696969697
558,30,24,10.852941176470589
558,31,27,10.971428571428572
558,32,29,11.567567567567568
558,33,31,11.947368421052632
558,34,32,12.051282051282051
559,0,0,0
559,1,0,0
559,2,0,0
559,3,0,3.0
559,4,0,3.5
559,5,0,3.5
559,6,0,3.5
559,7,0,5.0
559,8,0,5.0
559,9,1,5.8
559,10,3,5.714285714285714
559,11,5,5.714285714285714
559,12,6,5.5
559,13,6,6.0
559,14,10,6.636363636363637
559,15,11,6.583333333333333
559,16,13,6.583333333333333
559,17,14,7.357142857142857
559,18,15,7.933333333333334
559,19,19,8.588235294117647
559,20,0,8.588235294117647
559,21,0,8.722222222222221
559,22,1,9.31578947368421
559,23,3,9.571428571428571
559,24,4,9.227272727272727
559,25,4,9.0
559,26,5,9.4
559,27,15,9.814814814814815
559,28,17,9.642857142857142
559,29,25,10.241379310344827
559,30,29,10.612903225806452
559,31,31,10.612903225806452
559,32,33,11.090909090909092
559,33,33,11.411764705882353
559,34,35,12.702702702702704
560,0,0,0
560,1,0,0
560,2,0,2.0
560,3,0,2.0
560,4,0,2.0
560,5,0,2.0
560,6,0,4.0
560,7,0,4.0
560,8,0,4.0
560,9,2,3.6
560,10,5,5.428571428571429
560,11,5,4.777777777777778
560,12,8,5.4
560,13,9,5.833333333333333
560,14,12,5.833333333333333
560,15,15,5.923076923076923
560,16,18,7.0
560,17,18,7.0625
560,18,20,7.0625
560,19,22,7.235294117647059
560,20,0,8.368421052631579
560,21,0,8.55
560,22,2,8.55
560,23,4,9.26086956521739
560,24,7,8.958333333333334
560,25,0,9.148148148148149
560,26,1,9.678571428571429
560,27,4,9.709677419354838
560,28,11,9.6875
560,29,19,9.6875
560,30,21,10.485714285714286
560,31,22,10.444444444444445
560,32,23,10.81578947368421
560,33,29,10.794871794871796
560,34,36,11.682926829268293
561,0,0,0
561,1,0,0
561,2,0,0
561,3,0,3.0
561,4,0,3.5
561,5,0,3.5
561,6,0,4.333333333333333
561,7,0,4.333333333333333
561,8,0,5.0
561,9,0,5.0
561,10,0,5.666666666666667
561,11,1,5.5
561,12,2,5.6
561,13,3,5.6
561,14,2,5.454545454545454
561,15,4,5.916666666666667
561,16,4,6.428571428571429
561,17,4,6.428571428571429
561,18,3,7.352941176470588
561,19,4,7.333333333333333
561,20,0,7.333333333333333
561,21,0,7.8
561,22,3,7.954545454545454
561,23,4,7.75
561,24,3,8.115384615384615
561,25,4,8.310344827586206
561,26,8,8.310344827586206
561,27,10,8.870967741935484
561,28,13,8.870967741935484
561,29,14,9.794117647058824
561,30,16,9.794117647058824
561,31,17,9.857142857142858
561,32,18,9.857142857142858
561,33,18,10.710526315789474
561,34,21,10.710526315789474
562,0,0,0
562,1,0,0
562,2,0,0
562,3,0,0
562,4,0,3.5
562,5,0,3.5
562,6,0,2.6666666666666665
562,7,0,3.75
562,8,0,3.8333333333333335
562,9,2,3.8333333333333335
562,10,2,4.555555555555555
562,11,5,4.555555555555555
562,12,6,4.818181818181818
562,13,5,4.833333333333333
562,14,4,5.428571428571429
562,15,4,5.733333333333333
562,16,4,6.294117647058823
562,17,6,6.333333333333333
562,18,7,6.75
562,19,8,7.238095238095238
562,20,0,7.318181818181818
562,21,0,7.608695652173913
562,22,2,7.961538461538462
562,23,8,8.222222222222221
562,24,9,7.862068965517241
562,25,8,8.03225806451613
562,26,12,8.363636363636363
562,27,21,8.294117647058824
562,28,24,8.527777777777779
562,29,24,8.64864864864865
562,30,27,9.179487179487179
562,31,28,9.560975609756097
562,32,30,10.023809523809524
562,33,29,10.186046511627907
562,34,31,10.186046511627907
563,0,0,0
563,1,0,0
563,2,0,0
563,3,0,3.0
563,4,0,3.5
563,5,0,4.0
563,6,0,4.0
563,7,0,4.6
563,8,0,4.6
563,9,0,4.714285714285714
563,10,0,4.714285714285714
563,11,0,5.4
563,12,2,5.4
563,13,4,5.090909090909091
563,14,8,5.3076923076923075
563,15,10,5.857142857142857
563,16,9,5.8
563,17,11,6.25
563,18,11,6.777777777777778
563,19,15,6.777777777777778
563,20,0,6.842105263157895
563,21,2,7.863636363636363
563,22,6,7.608695652173913
563,23,7,7.416666666666667
563,24,6,7.555555555555555
563,25,5,7.931034482758621
563,26,14,7.741935483870968
563,27,20,8.1875
563,28,22,8.558823529411764
563,29,29,8.558823529411764
563,30,32,9.0
563,31,32,9.394736842105264
563,32,33,9.564102564102564
563,33,32,10.121951219512194
563,34,33,10.121951219512194
564,0,0,0
564,1,0,0
564,2,0,0
564,3,0,0
564,4,0,3.5
564,5,0,3.5
564,6,0,4.333333333333333
564,7,0,4.333333333333333
564,8,0,4.75
564,9,0,5.6
564,10,1,5.6
564,11,0,5.428571428571429
564,12,3,6.125
564,13,2,5.888888888888889
564,14,5,6.909090909090909
564,15,4,6.666666666666667
564,16,3,6.538461538461538
564,17,2,7.375
564,18,4,7.375
564,19,5,7.294117647058823
564,20,0,7.294117647058823
564,21,1,8.1
564,22,2,8.1
564,23,8,7.590909090909091
564,24,13,8.08695652173913
564,25,13,8.076923076923077
564,26,15,7.925925925925926
564,27,20,7.931034482758621
564,28,23,8.451612903225806
564,29,27,8.787878787878787
564,30,31,8.787878787878787
564,31,32,8.764705882352942
564,32,33,9.277777777777779
564,33,32,9.605263157894736
564,34,33,9.794871794871796
565,0,0,0
565,1,0,0
565,2,0,0
565,3,0,0
565,4,0,3.5
565,5,0,3.5
565,6,0,4.5
565,7,0,4.5
565,8,0,4.5
565,9,0,4.5
565,10,0,5.833333333333333
565,11,2,5.285714285714286
565,12,3,5.444444444444445
565,13,3,6.1
565,14,4,5.909090909090909
565,15,6,5.909090909090909
565,16,7,7.071428571428571
565,17,7,7.071428571428571
565,18,8,7.066666666666666
565,19,9,7.705882352941177
565,20,0,8.157894736842104
565,21,0,8.157894736842104
565,22,1,7.904761904761905
565,23,3,8.454545454545455
565,24,4,8.75
565,25,5,8.48
565,26,13,8.678571428571429
565,27,16,9.3
565,28,18,9.290322580645162
565,29,21,10.242424242424242
565,30,20,10.382352941176471
565,31,22,10.382352941176471
565,32,23,10.805555555555555
565,33,23,11.27027027027027
565,34,22,11.421052631578947
566,0,0,0
566,1,0,0
566,2,0,0
566,3,0,3.0
566,4,0,3.0
566,5,0,3.0
566,6,0,3.6666666666666665
566,7,0,4.25
566,8,0,4.8
566,9,0,4.8
566,10,0,4.8
566,11,0,5.714285714285714
566,12,0,5.714285714285714
566,13,1,6.0
566,14,3,6.2
566,15,5,6.454545454545454
566,16,4,6.25
566,17,6,6.25
566,18,8,7.2
566,19,7,7.125
566,20,0,7.666666666666667
566,21,0,7.666666666666667
566,22,0,8.05
566,23,3,8.05
566,24,9,8.363636363636363
566,25,12,8.695652173913043
566,26,12,8.75
566,27,11,9.384615384615385
566,28,12,9.785714285714286
566,29,12,10.166666666666666
566,30,13,10.166666666666666
566,31,14,10.4375
566,32,14,10.93939393939394
566,33,13,10.911764705882353
566,34,13,11.285714285714286
567,0,0,0
567,1,0,0
567,2,0,0
567,3,0,0
567,4,0,4.0
567,5,0,4.0
567,6,0,4.0
567,7,0,4.666666666666667
567,8,0,4.666666666666667
567,9,0,5.5
567,10,0,5.5
567,11,0,6.4
567,12,0,6.142857142857143
567,13,0,6.75
567,14,0,6.8
567,15,2,6.8
567,16,2,7.083333333333333
567,17,5,7.615384615384615
567,18,7,7.357142857142857
567,19,10,7.2
567,20,0,7.75
567,21,0,8.166666666666666
567,22,0,7.842105263157895
567,23,1,8.818181818181818
567,24,1,8.416666666666666
567,25,2,8.76923076923077
567,26,2,8.357142857142858
567,27,11,8.862068965517242
567,28,16,8.933333333333334
567,29,17,9.419354838709678
567,30,17,9.5
567,31,20,10.382352941176471
567,32,21,10.457142857142857
567,33,24,10.916666666666666
567,34,23,10.837837837837839
568,0,0,0
568,1,0,0
568,2,0,0
568,3,0,3.0
568,4,0,3.5
568,5,0,3.5
568,6,0,4.333333333333333
568,7,0,4.333333333333333
568,8,0,5.25
568,9,0,5.25
568,10,0,5.857142857142857
568,11,3,5.375
568,12,6,5.111111111111111
568,13,9,5.7
568,14,9,6.0
568,15,12,6.0
568,16,12,6.0
568,17,15,7.133333333333334
568,18,16,7.1875
568,19,19,8.055555555555555
568,20,0,8.105263157894736
568,21,0,8.105263157894736
568,22,0,8.363636363636363
568,23,1,8.782608695652174
568,24,0,8.68
568,25,0,9.296296296296296
568,26,2,9.107142857142858
568,27,9,9.709677419354838
568,28,11,9.709677419354838
568,29,14,9.9375
568,30,19,10.030303030303031
568,31,22,10.914285714285715
568,32,22,10.777777777777779
568,33,21,11.105263157894736
568,34,23,11.538461538461538
569,0,0,0
569,1,0,0
569,2,0,2.0
569,3,0,2.0
569,4,0,3.0
569,5,0,3.0
569,6,0,3.75
569,7,0,3.75
569,8,0,4.2
569,9,0,5.0
569,10,0,5.0
569,11,3,5.0
569,12,7,5.125
569,13,9,5.6
569,14,11,5.6
569,15,11,5.545454545454546
569,16,16,6.166666666666667
569,17,17,6.928571428571429
569,18,17,6.928571428571429
569,19,19,7.0
569,20,0,7.625
569,21,1,8.444444444444445
569,22,3,8.444444444444445
569,23,5,8.8
569,24,5,8.954545454545455
569,25,3,8.782608695652174
569,26,8,9.2
569,27,16,9.076923076923077
569,28,16,9.464285714285714
569,29,23,9.464285714285714
569,30,27,10.483870967741936
569,31,30,10.375
569,32,37,10.818181818181818
569,33,39,11.285714285714286
569,34,39,11.61111111111111
570,0,0,0
570,1,0,0
570,2,0,0
570,3,0,0
570,4,0,4.0
570,5,0,4.0
570,6,0,4.0
570,7,0,4.666666666666667
570,8,0,5.5
570,9,0,5.8
570,10,0,5.8
570,11,0,6.857142857142857
570,12,0,6.857142857142857
570,13,1,6.777777777777778
570,14,1,6.3
570,15,3,7.0
570,16,4,7.0
570,17,4,7.0
570,18,5,6.857142857142857
570,19,7,7.533333333333333
570,20,0,7.764705882352941
570,21,0,7.764705882352941
570,22,1,8.476190476190476
570,23,1,8.181818181818182
570,24,8,8.75
570,25,5,8.846153846153847
570,26,7,8.62962962962963
570,27,15,8.5
570,28,17,9.033333333333333
570,29,22,9.32258064516129
570,30,23,9.4375
570,31,23,9.4375
570,32,22,10.314285714285715
570,33,24,10.314285714285715
570,34,24,10.864864864864865
571,0,0,0
571,1,0,0
571,2,0,0
571,3,0,3.0
571,4,0,3.0
571,5,0,4.0
571,6,0,4.0
571,7,0,4.0
571,8,0,4.8
571,9,0,4.8
571,10,0,4.333333333333333
571,11,0,5.142857142857143
571,12,0,5.5
571,13,0,6.222222222222222
571,14,0,6.0
571,15,0,6.0
571,16,0,6.75
571,17,1,6.75
571,18,1,6.714285714285714
571,19,1,7.4
571,20,0,7.1875
571,21,0,7.277777777777778
571,22,1,7.052631578947368
571,23,0,7.523809523809524
571,24,0,7.2727272727272725
571,25,3,7.5
571,26,2,7.32
571,27,4,7.961538461538462
571,28,3,7.814814814814815
571,29,4,8.214285714285714
571,30,4,8.137931034482758
571,31,7,9.129032258064516
571,32,8,9.09375
571,33,8,9.030303030303031
571,34,9,9.382352941176471
572,0,0,0
572,1,0,0
572,2,0,2.0
572,3,0,2.0
572,4,0,3.0
572,5,0,3.6666666666666665
572,6,0,3.6666666666666665
572,7,0,4.5
572,8,1,5.2
572,9,2,4.666666666666667
572,10,2,5.125
572,11,3,5.125
572,12,3,5.6
572,13,7,5.6
572,14,9,6.25
572,15,12,6.25
572,16,13,6.928571428571429
572,17,16,6.928571428571429
572,18,16,7.882352941176471
572,19,17,7.882352941176471
572,20,0,8.473684210526315
572,21,0,8.473684210526315
572,22,0,8.904761904761905
572,23,0,9.454545454545455
572,24,2,9.454545454545455
572,25,3,9.2
572,26,7,9.851851851851851
572,27,11,9.96551724137931
572,28,16,10.225806451612904
572,29,18,10.393939393939394
572,30,24,10.971428571428572
572,31,24,10.971428571428572
572,32,23,10.86111111111111
572,33,22,11.157894736842104
572,34,24,11.615384615384615
573,0,0,0
573,1,0,0
573,2,0,0
573,3,0,3.0
573,4,0,3.5
573,5,0,3.5
573,6,0,4.333333333333333
573,7,0,4.333333333333333
573,8,1,4.4
573,9,2,3.7142857142857144
573,10,3,4.888888888888889
573,11,6,4.636363636363637
573,12,9,5.0
573,13,9,4.928571428571429
573,14,11,5.4
573,15,13,5.882352941176471
573,16,16,5.882352941176471
573,17,17,5.944444444444445
573,18,18,6.904761904761905
573,19,19,7.0
573,20,0,7.791666666666667
573,21,0,8.0
573,22,2,8.0
573,23,2,8.222222222222221
573,24,2,8.448275862068966
573,25,1,8.5
573,26,8,8.5
573,27,12,8.657142857142857
573,28,14,8.75
573,29,19,9.18918918918919
573,30,24,9.078947368421053
573,31,31,9.512820512820513
573,32,31,9.878048780487806
573,33,33,9.833333333333334
573,34,35,10.279069767441861
574,0,0,0
574,1,0,0
574,2,0,0
574,3,0,3.0
574,4,0,3.5
574,5,0,3.5
574,6,0,4.0
574,7,0,4.5
574,8,0,3.8
574,9,2,4.5
574,10,3,4.875
574,11,5,4.875
574,12,7,4.777777777777778
574,13,8,6.0
574,14,7,6.0
574,15,8,6.0
574,16,8,6.642857142857143
574,17,10,7.2
574,18,10,7.3125
574,19,12,8.11111111111111
574,20,0,8.210526315789474
574,21,1,8.5
574,22,3,8.363636363636363
574,23,9,8.869565217391305
574,24,10,8.44
574,25,11,8.73076923076923
574,26,15,8.931034482758621
574,27,21,8.931034482758621
574,28,26,8.833333333333334
574,29,31,9.6875
574,30,33,9.636363636363637
574,31,33,9.794117647058824
574,32,32,10.277777777777779
574,33,32,10.921052631578947
574,34,34,10.921052631578947
575,0,0,0
575,1,0,0
575,2,0,2.0
575,3,0,2.0
575,4,0,2.0
575,5,0,3.5
575,6,0,3.6666666666666665
575,7,0,4.0
575,8,0,4.0
575,9,1,4.4
575,10,0,4.428571428571429
575,11,0,4.555555555555555
575,12,3,4.5
575,13,5,4.363636363636363
575,14,8,4.833333333333333
575,15,10,5.285714285714286
575,16,13,5.733333333333333
575,17,15,5.75
575,18,20,5.75
575,19,22,6.388888888888889
575,20,0,6.842105263157895
575,21,0,6.95
575,22,2,7.2272727272727275
575,23,4,7.043478260869565
575,24,3,7.36
575,25,5,7.153846153846154
575,26,10,7.9655172413793105
575,27,14,7.8
575,28,19,7.774193548387097
575,29,22,8.25
575,30,28,8.705882352941176
575,31,34,8.705882352941176
575,32,38,9.222222222222221
575,33,41,9.222222222222221
575,34,44,9.736842105263158
576,0,0,0
576,1,0,0
576,2,0,2.0
576,3,0,2.0
576,4,0,3.3333333333333335
576,5,0,3.3333333333333335
576,6,0,4.0
576,7,0,4.166666666666667
576,8,1,4.571428571428571
576,9,0,4.25
576,10,0,4.111111111111111
576,11,0,5.181818181818182
576,12,0,4.6923076923076925
576,13,2,4.6923076923076925
576,14,5,5.133333333333334
576,15,8,5.470588235294118
576,16,7,5.388888888888889
576,17,8,5.894736842105263
576,18,10,5.85
576,19,13,6.380952380952381
576,20,0,6.409090909090909
576,21,2,6.956521739130435
576,22,1,6.84
576,23,5,7.777777777777778
576,24,7,7.482758620689655
576,25,9,7.482758620689655
576,26,12,7.8125
576,27,19,8.242424242424242
576,28,25,8.657142857142857
576,29,30,8.657142857142857
576,30,29,8.63888888888889
576,31,31,9.108108108108109
576,32,30,9.58974358974359
576,33,32,9.825
576,34,32,10.0
577,0,0,0
577,1,0,0
577,2,0,2.0
577,3,0,2.0
577,4,0,2.3333333333333335
577,5,0,2.3333333333333335
577,6,0,3.25
577,7,0,3.2
577,8,0,3.8333333333333335
577,9,0,3.5714285714285716
577,10,1,3.875
577,11,2,4.4
577,12,1,4.583333333333333
577,13,0,4.461538461538462
577,14,2,4.461538461538462
577,15,1,5.133333333333334
577,16,2,5.3125
577,17,1,5.777777777777778
577,18,4,5.777777777777778
577,19,8,6.35
577,20,0,6.5
577,21,3,6.5
577,22,3,7.0
577,23,7,6.8
577,24,13,7.0
577,25,13,6.857142857142857
577,26,16,7.258064516129032
577,27,18,7.5625
577,28,21,7.666666666666667
577,29,24,8.205882352941176
577,30,24,8.5
577,31,23,8.486486486486486
577,32,23,9.333333333333334
577,33,22,9.35
577,34,22,9.35
578,0,0,0
578,1,0,0
578,2,0,2.0
578,3,0,2.5
578,4,0,3.0
578,5,0,3.0
578,6,0,4.0
578,7,0,4.0
578,8,0,4.0
578,9,0,5.142857142857143
578,10,0,4.75
578,11,3,5.222222222222222
578,12,4,5.166666666666667
578,13,5,5.615384615384615
578,14,7,5.5
578,15,9,5.5
578,16,10,6.529411764705882
578,17,10,6.529411764705882
578,18,9,6.666666666666667
578,19,11,6.666666666666667
578,20,0,7.809523809523809
578,21,0,7.909090909090909
578,22,1,8.153846153846153
578,23,2,7.925925925925926
578,24,7,7.75
578,25,9,8.1
578,26,11,8.375
578,27,16,8.235294117647058
578,28,19,8.235294117647058
578,29,21,8.666666666666666
578,30,22,9.108108108108109
578,31,22,9.512820512820513
578,32,22,9.512820512820513
578,33,23,9.951219512195122
578,34,22,10.214285714285714
579,0,0,0
579,1,0,0
579,2,0,0
579,3,0,2.0
579,4,0,3.0
579,5,0,3.0
579,6,0,3.6666666666666665
579,7,0,3.6666666666666665
579,8,0,5.0
579,9,0,5.0
579,10,0,5.333333333333333
579,11,0,5.333333333333333
579,12,0,6.0
579,13,0,5.5
579,14,2,6.5
579,15,1,6.090909090909091
579,16,3,6.090909090909091
579,17,4,6.384615384615385
579,18,6,6.928571428571429
579,19,5,6.866666666666666
579,20,0,7.722222222222222
579,21,0,7.722222222222222
579,22,0,7.55
579,23,3,7.875
579,24,4,7.6
579,25,4,7.407407407407407
579,26,6,8.275862068965518
579,27,6,8.366666666666667
579,28,9,9.21875
579,29,8,9.303030303030303
579,30,13,9.303030303030303
579,31,13,9.742857142857142
579,32,13,10.166666666666666
579,33,12,10.162162162162161
579,34,12,10.923076923076923
580,0,0,0
580,1,0,0
580,2,0,0
580,3,0,2.0
580,4,0,3.0
580,5,0,3.0
580,6,0,3.0
580,7,0,4.75
580,8,0,4.75
580,9,3,4.2
580,10,4,4.571428571428571
580,11,5,5.0
580,12,9,4.9
580,13,10,5.416666666666667
580,14,12,5.769230769230769
580,15,12,5.857142857142857
580,16,15,6.266666666666667
580,17,17,6.823529411764706
580,18,20,7.222222222222222
580,19,19,7.368421052631579
580,20,0,7.904761904761905
580,21,1,7.904761904761905
580,22,1,8.521739130434783
580,23,3,8.25
580,24,3,8.25925925925926
580,25,1,8.071428571428571
580,26,5,8.193548387096774
580,27,14,8.636363636363637
580,28,22,8.636363636363637
580,29,27,8.942857142857143
580,30,28,9.594594594594595
580,31,30,9.842105263157896
580,32,33,9.842105263157896
580,33,35,10.525
580,34,35,11.119047619047619
581,0,0,0
581,1,0,0
581,2,0,0
581,3,0,2.0
581,4,0,3.0
581,5,0,3.3333333333333335
581,6,0,3.3333333333333335
581,7,0,3.3333333333333335
581,8,0,4.333333333333333
581,9,0,4.333333333333333
581,10,0,4.5
581,11,2,4.454545454545454
581,12,4,4.454545454545454
581,13,8,5.142857142857143
581,14,11,5.142857142857143
581,15,13,5.5
581,16,12,6.0
581,17,13,6.0
581,18,16,6.052631578947368
581,19,17,6.5
581,20,0,7.090909090909091
581,21,3,7.478260869565218
581,22,4,7.36
581,23,4,7.8076923076923075
581,24,5,8.071428571428571
581,25,0,7.862068965517241
581,26,2,8.375
581,27,11,8.787878787878787
581,28,15,8.617647058823529
581,29,22,9.085714285714285
581,30,23,9.378378378378379
581,31,28,9.81578947368421
581,32,31,10.15
581,33,32,10.15
581,34,31,10.930232558139535
582,0,0,0
582,1,0,0
582,2,0,2.0
582,3,0,2.5
582,4,0,2.5
582,5,0,3.3333333333333335
582,6,0,4.0
582,7,0,4.0
582,8,0,4.0
582,9,1,5.0
582,10,0,4.625
582,11,6,4.333333333333333
582,12,11,4.818181818181818
582,13,13,5.230769230769231
582,14,13,5.6
582,15,14,5.5625
582,16,16,5.588235294117647
582,17,18,6.166666666666667
582,18,19,6.75
582,19,21,7.285714285714286
582,20,0,7.409090909090909
582,21,0,7.826086956521739
582,22,0,7.8
582,23,1,8.23076923076923
582,24,1,8.037037037037036
582,25,3,8.275862068965518
582,26,5,8.580645161290322
582,27,6,8.272727272727273
582,28,8,8.529411764705882
582,29,10,9.621621621621621
582,30,17,9.621621621621621
582,31,22,9.526315789473685
582,32,28,9.974358974358974
582,33,30,10.365853658536585
582,34,29,11.069767441860465
583,0,0,0
583,1,0,0
583,2,0,2.0
583,3,0,2.5
583,4,0,2.5
583,5,0,2.5
583,6,0,3.75
583,7,0,3.75
583,8,0,3.75
583,9,0,4.2
583,10,0,4.571428571428571
583,11,2,4.25
583,12,5,5.4
583,13,5,5.181818181818182
583,14,7,5.181818181818182
583,15,8,6.214285714285714
583,16,11,6.214285714285714
583,17,12,6.266666666666667
583,18,12,6.266666666666667
583,19,13,7.444444444444445
583,20,0,7.444444444444445
583,21,0,8.476190476190476
583,22,2,8.476190476190476
583,23,3,7.956521739130435
583,24,8,8.576923076923077
583,25,9,8.407407407407407
583,26,10,8.689655172413794
583,27,17,9.066666666666666
583,28,20,8.96774193548387
583,29,24,9.4375
583,30,26,9.764705882352942
583,31,26,10.2
583,32,27,10.166666666666666
583,33,29,10.378378378378379
583,34,29,11.375
584,0,0,0
584,1,0,0
584,2,0,0
584,3,0,3.0
584,4,0,3.0
584,5,0,3.0
584,6,0,3.0
584,7,0,3.857142857142857
584,8,0,3.857142857142857
584,9,0,3.5555555555555554
584,10,3,4.0
584,11,2,4.3076923076923075
584,12,6,4.3076923076923075
584,13,10,4.733333333333333
584,14,12,5.25
584,15,12,5.294117647058823
584,16,12,5.388888888888889
584,17,17,6.3
584,18,17,6.333333333333333
584,19,18,6.409090909090909
584,20,0,7.0
584,21,1,7.1923076923076925
584,22,2,7.333333333333333
584,23,1,7.142857142857143
584,24,4,7.533333333333333
584,25,6,7.7272727272727275
584,26,8,7.7272727272727275
584,27,10,7.514285714285714
584,28,14,8.432432432432432
584,29,15,8.368421052631579
584,30,20,8.820512820512821
584,31,26,8.8
584,32,30,9.714285714285714
584,33,30,9.69767441860465
584,34,31,9.704545454545455
585,0,0,0
585,1,0,0
585,2,0,0
585,3,0,3.0
585,4,0,3.0
585,5,0,3.5
585,6,0,4.333333333333333
585,7,0,4.333333333333333
585,8,0,5.0
585,9,0,5.6
585,10,0,5.0
585,11,0,5.0
585,12,0,5.857142857142857
585,13,2,6.375
585,14,6,5.888888888888889
585,15,9,5.888888888888889
585,16,11,6.454545454545454
585,17,12,7.0
585,18,13,7.5
585,19,13,7.8
585,20,0,7.75
585,21,2,8.666666666666666
585,22,2,8.35
585,23,6,8.35
585,24,11,8.708333333333334
585,25,9,8.56
585,26,15,8.384615384615385
585,27,22,8.642857142857142
585,28,28,9.366666666666667
585,29,29,9.516129032258064
585,30,33,10.0
585,31,33,10.470588235294118
585,32,34,10.428571428571429
585,33,34,11.162162162162161
585,34,34,11.157894736842104
586,0,0,0
586,1,0,0
586,2,0,0
586,3,0,3.0
586,4,0,3.0
586,5,0,3.6666666666666665
586,6,0,4.0
586,7,0,3.6
586,8,0,3.6
586,9,2,4.857142857142857
586,10,1,4.222222222222222
586,11,1,4.6
586,12,1,5.0
586,13,2,5.0
586,14,7,5.866666666666666
586,15,7,5.75
586,16,9,6.117647058823529
586,17,8,6.055555555555555
586,18,11,6.9
586,19,13,6.904761904761905
586,20,0,7.304347826086956
586,21,2,7.708333333333333
586,22,1,7.76
586,23,1,8.25925925925926
586,24,5,8.466666666666667
586,25,6,8.15625
586,26,10,8.15625
586,27,12,8.342857142857143
586,28,18,8.694444444444445
586,29,17,8.621621621621621
586,30,20,8.68421052631579
586,31,21,9.475
586,32,20,9.707317073170731
586,33,21,10.142857142857142
586,34,21,10.727272727272727
587,0,0,0
587,1,0,0
587,2,0,0
587,3,0,3.0
587,4,0,3.0
587,5,0,3.5
587,6,1,3.5
587,7,0,3.2
587,8,0,3.1666666666666665
587,9,1,4.25
587,10,0,4.0
587,11,3,4.6
587,12,2,4.75
587,13,3,5.3076923076923075
587,14,6,5.333333333333333
587,15,7,5.333333333333333
587,16,8,6.055555555555555
587,17,10,6.055555555555555
587,18,10,6.157894736842105
587,19,12,6.157894736842105
587,20,0,7.0
587,21,1,7.0
587,22,3,7.375
587,23,9,7.16
587,24,12,7.518518518518518
587,25,10,7.275862068965517
587,26,15,7.6
587,27,19,7.909090909090909
587,28,26,8.235294117647058
587,29,26,8.2
587,30,29,9.105263157894736
587,31,29,9.282051282051283
587,32,29,9.78048780487805
587,33,29,10.095238095238095
587,34,30,10.116279069767442
588,0,0,0
588,1,0,0
588,2,0,2.0
588,3,0,2.0
588,4,0,2.0
588,5,0,2.0
588,6,0,3.2
588,7,1,3.2
588,8,1,3.0
588,9,3,3.375
588,10,4,4.0
588,11,6,4.181818181818182
588,12,6,4.25
588,13,6,4.3076923076923075
588,14,10,4.857142857142857
588,15,13,5.3125
588,16,13,5.3125
588,17,17,5.944444444444445
588,18,18,6.105263157894737
588,19,18,6.571428571428571
588,20,0,6.7272727272727275
588,21,4,7.217391304347826
588,22,4,7.16
588,23,4,7.37037037037037
588,24,7,7.724137931034483
588,25,9,8.0
588,26,10,8.333333333333334
588,27,15,8.2
588,28,24,8.555555555555555
588,29,28,8.486486486486486
588,30,33,9.102564102564102
588,31,35,9.102564102564102
588,32,36,9.439024390243903
588,33,39,9.439024390243903
588,34,40,10.25
589,0,0,0
589,1,0,0
589,2,0,2.0
589,3,0,2.0
589,4,0,3.3333333333333335
589,5,0,3.3333333333333335
589,6,0,3.3333333333333335
589,7,0,4.8
589,8,0,4.8
589,9,0,4.333333333333333
589,10,2,4.0
589,11,6,5.0
589,12,7,4.818181818181818
589,13,10,4.818181818181818
589,14,12,5.785714285714286
589,15,12,5.733333333333333
589,16,12,6.25
589,17,13,6.294117647058823
589,18,15,6.777777777777778
589,19,16,6.894736842105263
589,20,0,7.45
589,21,1,8.045454545454545
589,22,0,7.782608695652174
589,23,1,8.5
589,24,1,8.107142857142858
589,25,1,8.766666666666667
589,26,8,9.181818181818182
589,27,10,9.205882352941176
589,28,16,9.972222222222221
589,29,22,9.81081081081081
589,30,24,9.68421052631579
589,31,26,10.341463414634147
589,32,29,10.571428571428571
589,33,30,10.571428571428571
589,34,31,11.204545454545455
590,0,0,0
590,1,0,0
590,2,0,0
590,3,0,0
590,4,0,4.0
590,5,0,3.3333333333333335
590,6,0,3.3333333333333335
590,7,0,3.6
590,8,0,4.166666666666667
590,9,0,4.166666666666667
590,10,0,4.571428571428571
590,11,3,5.25
590,12,2,4.888888888888889
590,13,3,5.909090909090909
590,14,3,5.75
590,15,4,6.153846153846154
590,16,7,6.142857142857143
590,17,9,6.666666666666667
590,18,9,7.117647058823529
590,19,10,7.117647058823529
590,20,0,7.166666666666667
590,21,2,8.15
590,22,2,7.909090909090909
590,23,4,7.695652173913044
590,24,4,7.96
590,25,7,8.392857142857142
590,26,14,8.206896551724139
590,27,16,8.580645161290322
590,28,19,9.0
590,29,18,8.93939393939394
590,30,21,10.0
590,31,21,10.0
590,32,23,10.368421052631579
590,33,22,10.725
590,34,21,10.707317073170731
591,0,0,0
591,1,0,0
591,2,0,2.0
591,3,0,2.0
591,4,0,3.0
591,5,0,2.6666666666666665
591,6,0,3.5
591,7,0,3.5
591,8,0,4.833333333333333
591,9,0,4.833333333333333
591,10,0,4.428571428571429
591,11,3,4.428571428571429
591,12,3,5.5
591,13,3,5.5
591,14,6,6.461538461538462
591,15,6,6.461538461538462
591,16,5,6.428571428571429
591,17,8,7.529411764705882
591,18,8,7.529411764705882
591,19,9,7.555555555555555
591,20,0,8.052631578947368
591,21,0,8.571428571428571
591,22,1,8.695652173913043
591,23,4,8.92
591,24,5,8.653846153846153
591,25,5,8.793103448275861
591,26,12,9.233333333333333
591,27,17,9.5
591,28,20,9.575757575757576
591,29,21,10.028571428571428
591,30,24,10.416666666666666
591,31,23,10.894736842105264
591,32,24,11.179487179487179
591,33,25,11.25
591,34,27,11.634146341463415
592,0,0,0
592,1,0,0
592,2,0,2.0
592,3,0,2.0
592,4,0,3.0
592,5,0,3.0
592,6,0,3.0
592,7,0,3.5
592,8,0,4.0
592,9,1,4.444444444444445
592,10,0,4.3
592,11,1,4.909090909090909
592,12,4,4.615384615384615
592,13,7,5.071428571428571
592,14,7,5.5
592,15,6,5.411764705882353
592,16,9,5.411764705882353
592,17,12,6.45
592,18,12,6.45
592,19,13,7.090909090909091
592,20,0,7.608695652173913
592,21,1,7.791666666666667
592,22,4,7.56
592,23,5,8.03448275862069
592,24,7,8.133333333333333
592,25,2,8.852941176470589
592,26,3,8.885714285714286
592,27,8,9.473684210526315
592,28,14,9.333333333333334
592,29,24,9.731707317073171
592,30,27,10.095238095238095
592,31,27,10.0
592,32,30,10.688888888888888
592,33,30,10.91304347826087
592,34,31,10.91304347826087
593,0,0,0
593,1,0,0
593,2,0,0
593,3,0,3.0
593,4,0,3.5
593,5,0,3.5
593,6,0,3.0
593,7,0,4.0
593,8,2,4.8
593,9,2,4.333333333333333
593,10,2,4.0
593,11,1,4.777777777777778
593,12,5,5.3
593,13,5,5.363636363636363
593,14,9,6.461538461538462
593,15,9,6.5
593,16,14,7.4375
593,17,13,7.352941176470588
593,18,14,7.352941176470588
593,19,14,7.842105263157895
593,20,0,8.25
593,21,0,8.333333333333334
593,22,2,8.478260869565217
593,23,4,8.68
593,24,10,8.222222222222221
593,25,9,8.678571428571429
593,26,11,8.4
593,27,15,9.090909090909092
593,28,21,9.090909090909092
593,29,30,9.428571428571429
593,30,37,9.63888888888889
593,31,37,10.289473684210526
593,32,38,10.461538461538462
593,33,37,10.951219512195122
593,34,39,11.380952380952381
594,0,0,0
594,1,0,0
594,2,0,2.0
594,3,0,2.0
594,4,0,2.0
594,5,0,2.0
594,6,0,3.0
594,7,0,3.0
594,8,0,4.0
594,9,0,4.0
594,10,1,3.857142857142857
594,11,2,3.4444444444444446
594,12,5,4.1
594,13,8,4.090909090909091
594,14,10,5.0
594,15,11,5.0
594,16,13,5.533333333333333
594,17,15,5.625
594,18,17,6.0588235294117645
594,19,18,6.166666666666667
594,20,0,6.684210526315789
594,21,2,6.85
594,22,3,6.826086956521739
594,23,4,6.52
594,24,7,6.961538461538462
594,25,1,6.75
594,26,3,7.71875
594,27,6,7.818181818181818
594,28,10,8.235294117647058
594,29,19,8.114285714285714
594,30,30,8.555555555555555
594,31,34,8.486486486486486
594,32,36,9.205128205128204
594,33,37,9.625
594,34,37,9.585365853658537
595,0,0,0
595,1,0,0
595,2,0,2.0
595,3,0,2.5
595,4,0,2.5
595,5,0,2.5
595,6,0,3.6666666666666665
595,7,0,3.75
595,8,0,3.75
595,9,0,4.142857142857143
595,10,0,4.142857142857143
595,11,0,4.142857142857143
595,12,0,4.8
595,13,0,4.8
595,14,0,4.8
595,15,0,5.333333333333333
595,16,0,5.538461538461538
595,17,0,5.538461538461538
595,18,0,6.066666666666666
595,19,0,6.375
595,20,0,6.117647058823529
595,21,0,6.473684210526316
595,22,0,6.473684210526316
595,23,0,7.136363636363637
595,24,0,6.913043478260869
595,25,0,7.5
595,26,0,7.576923076923077
595,27,1,7.37037037037037
595,28,3,7.964285714285714
595,29,5,7.793103448275862
595,30,6,8.709677419354838
595,31,6,8.59375
595,32,6,8.59375
595,33,7,9.371428571428572
595,34,9,9.371428571428572
596,0,0,0
596,1,0,0
596,2,0,0
596,3,0,0
596,4,0,4.0
596,5,0,4.0
596,6,0,4.0
596,7,0,4.0
596,8,0,5.75
596,9,0,5.0
596,10,1,5.0
596,11,3,4.875
596,12,3,5.4
596,13,5,5.4
596,14,5,5.916666666666667
596,15,9,6.538461538461538
596,16,11,6.933333333333334
596,17,13,6.9375
596,18,15,6.9375
596,19,18,8.0
596,20,0,8.0
596,21,2,8.476190476190476
596,22,2,9.0
596,23,1,9.083333333333334
596,24,1,9.11111111111111
596,25,0,9.11111111111111
596,26,9,9.482758620689655
596,27,11,9.612903225806452
596,28,15,10.09375
596,29,16,10.264705882352942
596,30,22,10.264705882352942
596,31,22,10.86111111111111
596,32,22,11.5
596,33,21,12.025
596,34,20,12.195121951219512
597,0,0,0
597,1,0,0
597,2,0,2.0
597,3,0,2.0
597,4,0,2.3333333333333335
597,5,0,3.0
597,6,0,3.4
597,7,0,3.0
597,8,0,3.0
597,9,0,3.4
597,10,0,3.8181818181818183
597,11,0,3.75
597,12,5,4.153846153846154
597,13,6,4.6
597,14,9,4.6
597,15,11,4.9411764705882355
597,16,12,5.5
597,17,12,5.526315789473684
597,18,15,6.454545454545454
597,19,17,6.454545454545454
597,20,0,6.958333333333333
597,21,2,7.44
597,22,5,7.714285714285714
597,23,8,7.714285714285714
597,24,9,8.28125
597,25,9,8.151515151515152
597,26,15,8.305555555555555
597,27,18,8.657894736842104
597,28,24,8.657894736842104
597,29,28,8.95
597,30,31,9.357142857142858
597,31,36,9.357142857142858
597,32,40,9.704545454545455
597,33,42,10.11111111111111
597,34,43,10.108695652173912
598,0,0,0
598,1,0,0
598,2,0,1.0
598,3,0,2.3333333333333335
598,4,0,2.3333333333333335
598,5,0,2.8
598,6,0,2.8
598,7,0,3.7142857142857144
598,8,0,3.7142857142857144
598,9,2,3.7
598,10,3,3.5454545454545454
598,11,4,4.0
598,12,7,4.4
598,13,7,4.823529411764706
598,14,8,4.823529411764706
598,15,10,4.888888888888889
598,16,11,5.75
598,17,11,5.857142857142857
598,18,12,6.3478260869565215
598,19,13,6.3478260869565215
598,20,0,7.384615384615385
598,21,1,7.384615384615385
598,22,2,7.857142857142857
598,23,4,7.903225806451613
598,24,10,8.25
598,25,7,7.9411764705882355
598,26,12,8.342857142857143
598,27,14,8.5
598,28,21,8.692307692307692
598,29,26,8.85
598,30,26,9.720930232558139
598,31,27,9.818181818181818
598,32,28,10.23913043478261
598,33,27,10.8125
598,34,29,10.959183673469388
599,0,0,0
599,1,0,0
599,2,0,2.0
599,3,0,2.5
599,4,0,2.5
599,5,0,3.0
599,6,0,3.5
599,7,0,3.5
599,8,1,3.6666666666666665
599,9,3,4.285714285714286
599,10,0,4.125
599,11,1,3.888888888888889
599,12,5,5.083333333333333
599,13,5,4.923076923076923
599,14,7,5.357142857142857
599,15,10,5.6875
599,16,12,5.6875
599,17,15,5.705882352941177
599,18,18,6.2105263157894735
599,19,20,6.65
599,20,0,6.904761904761905
599,21,0,7.043478260869565
599,22,2,7.333333333333333
599,23,4,7.888888888888889
599,24,4,7.714285714285714
599,25,6,8.0
599,26,11,7.78125
599,27,18,8.121212121212121
599,28,21,8.428571428571429
599,29,24,8.428571428571429
599,30,29,8.783783783783784
599,31,32,9.333333333333334
599,32,35,9.853658536585366
599,33,38,10.0
599,34,39,10.162790697674419
600,0,0,0
600,1,0,0
600,2,0,2.0
600,3,0,2.5
600,4,0,2.5
600,5,0,3.3333333333333335
600,6,0,3.6
600,7,0,3.6
600,8,1,4.333333333333333
600,9,2,4.5
600,10,3,4.222222222222222
600,11,4,4.2
600,12,7,4.75
600,13,6,5.285714285714286
600,14,6,5.733333333333333
600,15,8,5.75
600,16,10,5.75
600,17,9,6.7894736842105265
600,18,9,6.85
600,19,9,6.85
600,20,0,7.409090909090909
600,21,1,7.913043478260869
600,22,0,8.23076923076923
600,23,4,8.23076923076923
600,24,6,7.892857142857143
600,25,7,8.833333333333334
600,26,12,8.53125
600,27,23,9.029411764705882
600,28,23,9.485714285714286
600,29,23,9.756756756756756
600,30,24,9.756756756756756
600,31,23,9.710526315789474
600,32,23,10.55
600,33,23,10.829268292682928
600,34,25,11.19047619047619
601,0,0,0
601,1,0,0
601,2,0,0
601,3,0,0
601,4,0,4.0
601,5,0,3.3333333333333335
601,6,0,3.3333333333333335
601,7,0,4.0
601,8,0,4.166666666666667
601,9,1,3.857142857142857
601,10,0,3.75
601,11,2,4.7272727272727275
601,12,4,4.461538461538462
601,13,6,4.357142857142857
601,14,8,4.8
601,15,9,5.411764705882353
601,16,11,5.411764705882353
601,17,14,6.35
601,18,16,6.35
601,19,17,6.909090909090909
601,20,0,7.0
601,21,4,7.84
601,22,2,7.703703703703703
601,23,5,7.703703703703703
601,24,7,7.866666666666666
601,25,6,8.375
601,26,10,8.352941176470589
601,27,18,8.742857142857142
601,28,25,9.027027027027026
601,29,29,9.027027027027026
601,30,32,9.725
601,31,35,9.725
601,32,34,10.418604651162791
601,33,34,10.636363636363637
601,34,36,10.8
602,0,0,0
602,1,0,0
602,2,0,0
602,3,0,0
602,4,0,4.0
602,5,0,4.0
602,6,0,4.333333333333333
602,7,0,4.4
602,8,0,4.4
602,9,0,4.857142857142857
602,10,1,4.4
602,11,4,4.4
602,12,7,4.2727272727272725
602,13,7,5.142857142857143
602,14,7,5.142857142857143
602,15,8,5.133333333333334
602,16,10,5.625
602,17,10,6.166666666666667
602,18,11,6.166666666666667
602,19,12,6.315789473684211
602,20,0,7.363636363636363
602,21,0,7.363636363636363
602,22,0,7.521739130434782
602,23,3,7.8
602,24,7,8.037037037037036
602,25,5,7.857142857142857
602,26,11,7.724137931034483
602,27,16,8.53125
602,28,20,8.757575757575758
602,29,29,9.342857142857143
602,30,30,9.342857142857143
602,31,29,9.72972972972973
602,32,31,10.105263157894736
602,33,30,10.333333333333334
602,34,30,10.775
603,0,0,0
603,1,0,0
603,2,0,0
603,3,0,3.0
603,4,0,3.5
603,5,0,3.5
603,6,0,4.333333333333333
603,7,0,4.4
603,8,0,4.4
603,9,2,4.4
603,10,0,5.5
603,11,2,5.5
603,12,2,5.0
603,13,5,5.0
603,14,6,6.076923076923077
603,15,7,6.076923076923077
603,16,7,6.733333333333333
603,17,9,6.733333333333333
603,18,9,7.0588235294117645
603,19,13,7.611111111111111
603,20,0,7.95
603,21,2,7.95
603,22,4,7.7727272727272725
603,23,9,8.625
603,24,11,8.26923076923077
603,25,12,8.62962962962963
603,26,16,8.833333333333334
603,27,22,9.0625
603,28,24,9.0
603,29,26,9.470588235294118
603,30,26,9.75
603,31,25,10.0
603,32,24,10.538461538461538
603,33,24,10.85
603,34,24,11.238095238095237
604,0,0,0
604,1,0,0
604,2,0,0
604,3,0,3.0
604,4,0,3.5
604,5,0,3.5
604,6,0,3.5
604,7,0,5.0
604,8,0,4.4
604,9,0,5.166666666666667
604,10,0,5.571428571428571
604,11,1,5.666666666666667
604,12,2,6.1
604,13,2,5.818181818181818
604,14,3,6.416666666666667
604,15,4,6.3076923076923075
604,16,7,6.857142857142857
604,17,6,6.8
604,18,8,7.647058823529412
604,19,9,7.611111111111111
604,20,0,8.105263157894736
604,21,0,8.476190476190476
604,22,0,8.521739130434783
604,23,2,8.291666666666666
604,24,2,8.461538461538462
604,25,2,8.689655172413794
604,26,8,8.903225806451612
604,27,17,8.875
604,28,21,9.647058823529411
604,29,21,9.514285714285714
604,30,22,9.756756756756756
604,31,22,9.756756756756756
604,32,23,10.35
604,33,23,10.292682926829269
604,34,23,10.292682926829269
605,0,0,0
605,1,0,0
605,2,0,2.0
605,3,0,2.0
605,4,0,2.0
605,5,0,2.0
605,6,0,3.0
605,7,0,3.3333333333333335
605,8,0,3.0
605,9,0,4.166666666666667
605,10,0,4.166666666666667
605,11,1,4.166666666666667
605,12,2,4.5
605,13,4,4.888888888888889
605,14,4,4.8
605,15,4,4.8
605,16,9,5.769230769230769
605,17,10,5.785714285714286
605,18,13,5.785714285714286
605,19,14,6.764705882352941
605,20,0,6.764705882352941
605,21,0,7.421052631578948
605,22,0,7.523809523809524
605,23,0,7.318181818181818
605,24,3,7.826086956521739
605,25,6,7.4
605,26,11,7.62962962962963
605,27,17,8.166666666666666
605,28,22,8.548387096774194
605,29,22,8.4375
605,30,22,9.088235294117647
605,31,22,9.63888888888889
605,32,23,10.054054054054054
605,33,25,10.263157894736842
605,34,25,11.05
606,0,0,0
606,1,0,0
606,2,0,0
606,3,0,3.0
606,4,0,3.5
606,5,0,3.0
606,6,0,3.8
606,7,0,3.8
606,8,0,3.5
606,9,2,4.285714285714286
606,10,1,4.3
606,11,4,4.3
606,12,6,4.166666666666667
606,13,6,4.769230769230769
606,14,7,5.333333333333333
606,15,9,5.333333333333333
606,16,11,5.764705882352941
606,17,11,6.333333333333333
606,18,10,6.421052631578948
606,19,12,6.421052631578948
606,20,0,7.0476190476190474
606,21,2,7.636363636363637
606,22,3,7.782608695652174
606,23,6,7.36
606,24,12,7.8076923076923075
606,25,9,8.068965517241379
606,26,14,7.933333333333334
606,27,19,7.870967741935484
606,28,23,8.735294117647058
606,29,28,8.942857142857143
606,30,34,8.942857142857143
606,31,33,9.324324324324325
606,32,34,10.051282051282051
606,33,35,10.634146341463415
606,34,38,11.119047619047619
607,0,0,0
607,1,0,0
607,2,0,2.0
607,3,0,2.0
607,4,0,2.75
607,5,0,2.75
607,6,0,2.6
607,7,0,2.6
607,8,0,3.75
607,9,1,3.75
607,10,0,3.4
607,11,3,3.8181818181818183
607,12,3,4.285714285714286
607,13,8,4.285714285714286
607,14,11,4.8125
607,15,12,5.235294117647059
607,16,12,5.277777777777778
607,17,15,5.7368421052631575
607,18,19,6.428571428571429
607,19,19,6.428571428571429
607,20,0,6.956521739130435
607,21,1,7.52
607,22,0,7.3076923076923075
607,23,3,7.7407407407407405
607,24,3,7.607142857142857
607,25,1,8.35483870967742
607,26,7,8.21875
607,27,13,8.914285714285715
607,28,19,8.914285714285715
607,29,21,8.805555555555555
607,30,25,9.68421052631579
607,31,25,9.58974358974359
607,32,32,10.075
607,33,33,10.380952380952381
607,34,32,11.045454545454545
608,0,0,0
608,1,0,0
608,2,0,0
608,3,0,3.0
608,4,0,3.0
608,5,0,3.0
608,6,0,3.3333333333333335
608,7,1,4.25
608,8,2,3.8
608,9,3,3.5
608,10,3,4.666666666666667
608,11,5,4.5
608,12,6,5.083333333333333
608,13,9,5.083333333333333
608,14,11,6.133333333333334
608,15,11,6.133333333333334
608,16,10,6.705882352941177
608,17,12,6.705882352941177
608,18,13,7.2631578947368425
608,19,13,7.2631578947368425
608,20,0,7.857142857142857
608,21,2,8.318181818181818
608,22,3,8.875
608,23,4,8.875
608,24,6,8.851851851851851
608,25,8,9.285714285714286
608,26,11,9.387096774193548
608,27,14,9.8125
608,28,19,10.088235294117647
608,29,25,10.63888888888889
608,30,28,10.64864864864865
608,31,30,11.384615384615385
608,32,29,11.3
608,33,28,12.255813953488373
608,34,27,12.477272727272727
609,0,0,0
609,1,0,0
609,2,0,0
609,3,0,2.0
609,4,0,2.0
609,5,0,3.0
609,6,0,2.6666666666666665
609,7,0,3.5
609,8,0,3.5
609,9,0,4.0
609,10,0,4.285714285714286
609,11,1,4.285714285714286
609,12,1,4.777777777777778
609,13,1,4.777777777777778
609,14,1,5.090909090909091
609,15,2,5.090909090909091
609,16,5,5.6923076923076925
609,17,6,6.071428571428571
609,18,8,6.0
609,19,8,6.4375
609,20,0,6.944444444444445
609,21,0,6.944444444444445
609,22,0,7.333333333333333
609,23,2,7.863636363636363
609,24,4,7.608695652173913
609,25,10,7.88
609,26,14,8.148148148148149
609,27,17,8.448275862068966
609,28,19,8.448275862068966
609,29,23,9.0
609,30,24,9.4375
609,31,25,9.735294117647058
609,32,27,9.735294117647058
609,33,29,10.378378378378379
609,34,31,10.378378378378379
610,0,0,0
610,1,0,0
610,2,0,0
610,3,0,2.0
610,4,0,2.0
610,5,0,3.0
610,6,0,3.0
610,7,1,3.25
610,8,1,3.0
610,9,1,3.8333333333333335
610,10,0,4.25
610,11,2,4.25
610,12,2,4.333333333333333
610,13,3,5.1
610,14,4,5.416666666666667
610,15,5,5.416666666666667
610,16,6,5.461538461538462
610,17,9,6.533333333333333
610,18,9,6.5625
610,19,13,6.588235294117647
610,20,0,6.588235294117647
610,21,0,7.75
610,22,1,7.2272727272727275
610,23,5,7.2272727272727275
610,24,9,7.4
610,25,7,7.884615384615385
610,26,12,7.642857142857143
610,27,18,8.033333333333333
610,28,24,8.548387096774194
610,29,27,8.93939393939394
610,30,28,9.371428571428572
610,31,31,9.777777777777779
610,32,30,10.18421052631579
610,33,29,10.75
610,34,28,11.333333333333334
611,0,0,0
611,1,0,0
611,2,0,2.0
611,3,0,2.5
611,4,0,2.5
611,5,0,2.6666666666666665
611,6,0,3.5
611,7,0,3.5
611,8,1,4.0
611,9,0,4.285714285714286
611,10,3,4.75
611,11,4,4.909090909090909
611,12,6,4.75
611,13,9,4.75
611,14,11,5.214285714285714
611,15,13,5.8
611,16,14,5.875
611,17,18,5.875
611,18,20,6.5
611,19,20,7.2
611,20,0,7.2
611,21,0,7.521739130434782
611,22,3,8.041666666666666
611,23,5,8.0
611,24,7,8.464285714285714
611,25,6,8.166666666666666
611,26,10,8.64516129032258
611,27,15,8.852941176470589
611,28,20,8.852941176470589
611,29,22,8.771428571428572
611,30,28,9.222222222222221
611,31,30,9.605263157894736
611,32,35,9.605263157894736
611,33,38,10.0
611,34,37,10.738095238095237
612,0,0,0
612,1,0,0
612,2,0,0
612,3,0,3.0
612,4,0,3.0
612,5,0,3.5
612,6,0,3.5
612,7,0,4.0
612,8,1,4.2
612,9,0,4.714285714285714
612,10,0,5.0
612,11,0,5.4
612,12,1,5.4
612,13,1,5.5
612,14,4,6.0
612,15,5,5.857142857142857
612,16,6,6.6875
612,17,5,6.588235294117647
612,18,7,6.588235294117647
612,19,6,6.894736842105263
612,20,0,7.35
612,21,0,7.380952380952381
612,22,0,7.7272727272727275
612,23,4,7.68
612,24,9,7.68
612,25,11,7.714285714285714
612,26,16,8.172413793103448
612,27,20,8.225806451612904
612,28,22,8.59375
612,29,24,9.176470588235293
612,30,23,9.114285714285714
612,31,23,9.38888888888889
612,32,23,9.973684210526315
612,33,25,9.973684210526315
612,34,26,10.4
613,0,0,0
613,1,0,0
613,2,0,0
613,3,0,0
613,4,0,3.5
613,5,0,3.5
613,6,0,4.0
613,7,0,4.0
613,8,0,3.8333333333333335
613,9,1,4.285714285714286
613,10,0,4.5
613,11,4,4.5
613,12,8,5.071428571428571
613,13,9,5.071428571428571
613,14,9,5.375
613,15,9,5.823529411764706
613,16,11,6.2105263157894735
613,17,12,6.55
613,18,12,6.619047619047619
613,19,14,6.619047619047619
613,20,0,7.541666666666667
613,21,3,7.541666666666667
613,22,4,7.68
613,23,4,7.423076923076923
613,24,5,7.9
613,25,4,7.967741935483871
613,26,7,8.264705882352942
613,27,9,8.86111111111111
613,28,14,9.027027027027026
613,29,14,9.825
613,30,17,9.853658536585366
613,31,20,10.116279069767442
613,32,22,10.477272727272727
613,33,21,10.782608695652174
613,34,21,10.782608695652174
614,0,0,0
614,1,0,0
614,2,0,0
614,3,0,0
614,4,0,3.0
614,5,0,3.0
614,6,0,3.0
614,7,0,3.8
614,8,0,3.8
614,9,0,4.666666666666667
614,10,0,4.625
614,11,0,5.111111111111111
614,12,0,5.111111111111111
614,13,2,5.75
614,14,2,5.75
614,15,3,5.785714285714286
614,16,6,5.785714285714286
614,17,8,6.25
614,18,11,6.588235294117647
614,19,15,6.611111111111111
614,20,0,6.611111111111111
614,21,1,7.476190476190476
614,22,1,7.181818181818182
614,23,5,7.5
614,24,6,7.28
614,25,2,7.555555555555555
614,26,2,7.896551724137931
614,27,9,7.8
614,28,18,8.0625
614,29,21,8.588235294117647
614,30,24,8.588235294117647
614,31,28,9.567567567567568
614,32,28,9.567567567567568
614,33,29,9.923076923076923
614,34,32,10.275
615,0,0,0
615,1,0,0
615,2,0,0
615,3,0,2.0
615,4,0,2.0
615,5,0,3.0
615,6,1,2.8
615,7,1,2.6666666666666665
615,8,2,3.25
615,9,4,3.6
615,10,1,4.083333333333333
615,11,2,4.076923076923077
615,12,9,4.142857142857143
615,13,13,4.5625
615,14,13,5.0
615,15,16,5.0
615,16,17,5.0
615,17,21,5.55
615,18,22,6.0476190476190474
615,19,24,6.136363636363637
615,20,0,6.136363636363637
615,21,3,7.2
615,22,4,7.0
615,23,3,6.851851851851852
615,24,3,7.548387096774194
615,25,3,7.548387096774194
615,26,6,7.424242424242424
615,27,13,8.314285714285715
615,28,18,8.277777777777779
615,29,23,8.216216216216216
615,30,27,9.102564102564102
615,31,31,9.05
615,32,32,9.80952380952381
615,33,37,10.023255813953488
615,34,37,10.622222222222222
616,0,0,0
616,1,0,0
616,2,0,2.0
616,3,0,2.0
616,4,0,2.0
616,5,0,3.0
616,6,0,3.0
616,7,0,2.857142857142857
616,8,2,3.888888888888889
616,9,1,3.7
616,10,1,3.7
616,11,3,4.6923076923076925
616,12,5,4.6923076923076925
616,13,6,4.785714285714286
616,14,7,5.333333333333333
616,15,8,5.823529411764706
616,16,10,6.222222222222222
616,17,10,6.2631578947368425
616,18,12,6.2631578947368425
616,19,15,6.904761904761905
616,20,0,7.363636363636363
616,21,0,7.478260869565218
616,22,3,7.6
616,23,4,7.814814814814815
616,24,9,7.642857142857143
616,25,7,7.517241379310345
616,26,10,8.28125
616,27,11,8.212121212121213
616,28,16,8.147058823529411
616,29,25,8.972222222222221
616,30,28,8.91891891891892
616,31,33,9.717948717948717
616,32,32,9.7
616,33,32,10.121951219512194
616,34,32,10.534883720930232
617,0,0,0
617,1,0,0
617,2,0,0
617,3,0,3.0
617,4,0,3.5
617,5,0,4.0
617,6,0,3.5
617,7,0,3.7142857142857144
617,8,0,3.7142857142857144
617,9,0,3.7142857142857144
617,10,1,3.5
617,11,3,4.363636363636363
617,12,5,4.363636363636363
617,13,6,4.923076923076923
617,14,10,4.923076923076923
617,15,12,5.4
617,16,13,5.9375
617,17,15,6.388888888888889
617,18,18,6.388888888888889
617,19,17,7.05
617,20,0,7.476190476190476
617,21,1,7.590909090909091
617,22,4,7.590909090909091
617,23,4,8.32
617,24,7,8.038461538461538
617,25,1,8.724137931034482
617,26,5,8.5
617,27,9,9.0
617,28,13,9.382352941176471
617,29,22,9.61111111111111
617,30,28,9.842105263157896
617,31,31,10.025641025641026
617,32,32,10.536585365853659
617,33,33,10.976744186046512
617,34,36,10.976744186046512
618,0,0,0
618,1,0,0
618,2,0,0
618,3,0,0
618,4,0,4.0
618,5,0,4.0
618,6,0,4.0
618,7,0,4.0
618,8,0,3.8
618,9,2,3.8
618,10,0,4.875
618,11,5,4.555555555555555
618,12,7,4.833333333333333
618,13,7,4.6923076923076925
618,14,10,5.142857142857143
618,15,12,5.133333333333334
618,16,15,5.75
618,17,18,5.823529411764706
618,18,21,6.277777777777778
618,19,22,6.421052631578948
618,20,0,6.95
618,21,1,7.636363636363637
618,22,4,7.391304347826087
618,23,3,8.115384615384615
618,24,4,8.115384615384615
618,25,3,8.275862068965518
618,26,8,8.580645161290322
618,27,8,8.878787878787879
618,28,11,8.878787878787879
618,29,17,8.764705882352942
618,30,20,9.61111111111111
618,31,24,9.54054054054054
618,32,29,9.763157894736842
618,33,34,10.625
618,34,37,10.585365853658537
619,0,0,0
619,1,0,0
619,2,0,2.0
619,3,0,2.0
619,4,0,2.75
619,5,0,2.75
619,6,0,2.8
619,7,0,3.5
619,8,0,3.3333333333333335
619,9,0,3.6363636363636362
619,10,0,4.0
619,11,1,3.9285714285714284
619,12,4,4.588235294117647
619,13,5,4.5
619,14,5,4.842105263157895
619,15,7,4.85
619,16,10,5.636363636363637
619,17,9,5.6521739130434785
619,18,10,5.708333333333333
619,19,11,5.8
619,20,0,6.62962962962963
619,21,0,6.714285714285714
619,22,3,6.714285714285714
619,23,4,6.4
619,24,8,7.21875
619,25,5,7.029411764705882
619,26,13,7.485714285714286
619,27,16,7.7368421052631575
619,28,22,8.128205128205128
619,29,28,8.075
619,30,34,8.439024390243903
619,31,33,8.837209302325581
619,32,33,8.977272727272727
619,33,32,9.434782608695652
619,34,33,9.9375
620,0,0,0
620,1,0,0
620,2,0,0
620,3,0,0
620,4,0,3.5
620,5,0,3.5
620,6,0,4.0
620,7,0,3.5
620,8,1,4.4
620,9,2,4.0
620,10,4,4.571428571428571
620,11,6,5.0
620,12,8,5.5
620,13,11,5.454545454545454
620,14,15,6.0
620,15,17,6.076923076923077
620,16,22,6.642857142857143
620,17,24,7.25
620,18,26,7.352941176470588
620,19,30,7.833333333333333
620,20,0,8.4
620,21,0,8.857142857142858
620,22,0,9.0
620,23,2,9.478260869565217
620,24,3,8.88
620,25,1,9.571428571428571
620,26,0,9.344827586206897
620,27,9,9.40625
620,28,13,9.588235294117647
620,29,16,9.588235294117647
620,30,21,9.428571428571429
620,31,21,10.27027027027027
620,32,21,10.157894736842104
620,33,27,10.58974358974359
620,34,31,10.926829268292684
621,0,0,0
621,1,0,0
621,2,0,0
621,3,0,0
621,4,0,3.5
621,5,0,3.5
621,6,0,3.0
621,7,0,3.75
621,8,0,3.857142857142857
621,9,0,3.857142857142857
621,10,0,4.8
621,11,1,4.545454545454546
621,12,4,4.416666666666667
621,13,4,4.714285714285714
621,14,6,5.2
621,15,8,5.588235294117647
621,16,7,5.555555555555555
621,17,9,6.380952380952381
621,18,10,6.380952380952381
621,19,12,6.454545454545454
621,20,0,6.913043478260869
621,21,0,7.153846153846154
621,22,0,7.555555555555555
621,23,1,7.357142857142857
621,24,4,7.172413793103448
621,25,4,7.7272727272727275
621,26,6,7.852941176470588
621,27,12,7.805555555555555
621,28,17,7.805555555555555
621,29,21,8.538461538461538
621,30,23,8.538461538461538
621,31,24,9.238095238095237
621,32,25,9.238095238095237
621,33,27,9.418604651162791
621,34,27,10.155555555555555
622,0,0,0
622,1,0,0
622,2,0,0
622,3,0,2.0
622,4,0,3.0
622,5,0,2.75
622,6,0,3.4
622,7,1,3.4285714285714284
622,8,2,3.25
622,9,3,3.2222222222222223
622,10,0,3.8181818181818183
622,11,2,4.153846153846154
622,12,7,4.214285714285714
622,13,8,4.133333333333334
622,14,10,5.0
622,15,10,5.0
622,16,12,5.052631578947368
622,17,15,5.55
622,18,18,6.045454545454546
622,19,20,6.045454545454546
622,20,0,6.173913043478261
622,21,3,6.708333333333333
622,22,3,7.2592592592592595
622,23,7,7.714285714285714
622,24,7,7.433333333333334
622,25,5,7.666666666666667
622,26,11,8.088235294117647
622,27,15,7.972222222222222
622,28,20,8.405405405405405
622,29,23,8.76923076923077
622,30,29,9.2
622,31,31,9.146341463414634
622,32,36,9.976744186046512
622,33,38,9.954545454545455
622,34,38,10.58695652173913
623,0,0,0
623,1,0,0
623,2,0,0
623,3,0,0
623,4,0,4.0
623,5,0,4.0
623,6,0,4.0
623,7,0,5.0
623,8,0,5.75
623,9,1,5.0
623,10,0,4.5
623,11,1,5.444444444444445
623,12,1,5.1
623,13,3,5.1
623,14,3,5.583333333333333
623,15,6,6.153846153846154
623,16,7,6.285714285714286
623,17,9,6.733333333333333
623,18,11,7.176470588235294
623,19,13,7.611111111111111
623,20,0,7.631578947368421
623,21,1,8.15
623,22,0,8.217391304347826
623,23,0,7.958333333333333
623,24,1,7.8
623,25,3,8.074074074074074
623,26,6,8.241379310344827
623,27,11,8.6875
623,28,16,8.545454545454545
623,29,20,8.882352941176471
623,30,21,9.527777777777779
623,31,21,9.527777777777779
623,32,23,10.487179487179487
623,33,23,10.487179487179487
623,34,22,11.097560975609756
624,0,0,0
624,1,0,0
624,2,0,0
624,3,0,2.0
624,4,0,3.0
624,5,0,2.6666666666666665
624,6,0,3.25
624,7,0,3.8
624,8,1,3.5
624,9,1,3.875
624,10,1,4.3
624,11,4,4.2727272727272725
624,12,4,5.142857142857143
624,13,6,5.142857142857143
624,14,8,5.5
624,15,11,5.9411764705882355
624,16,12,5.944444444444445
624,17,14,5.944444444444445
624,18,15,6.5
624,19,16,6.857142857142857
624,20,0,7.391304347826087
624,21,3,7.391304347826087
624,22,5,7.92
624,23,8,8.11111111111111
624,24,9,8.133333333333333
624,25,5,7.967741935483871
624,26,10,8.647058823529411
624,27,11,8.542857142857143
624,28,16,8.88888888888889
624,29,22,9.18421052631579
624,30,27,9.45
624,31,31,9.45
624,32,35,10.069767441860465
624,33,34,10.25
624,34,35,10.76086956521739
625,0,0,0
625,1,0,0
625,2,0,0
625,3,0,0
625,4,2,3.5
625,5,0,3.0
625,6,1,3.75
625,7,0,3.5
625,8,2,4.5
625,9,1,4.666666666666667
625,10,2,4.666666666666667
625,11,1,4.75
625,12,3,5.153846153846154
625,13,6,5.214285714285714
625,14,7,5.666666666666667
625,15,7,5.6875
625,16,10,6.176470588235294
625,17,10,6.578947368421052
625,18,12,6.6
625,19,14,6.619047619047619
625,20,0,7.583333333333333
625,21,0,7.64
625,22,2,7.64
625,23,3,7.678571428571429
625,24,8,8.10344827586207
625,25,7,8.25
625,26,14,8.25
625,27,20,8.029411764705882
625,28,21,8.88888888888889
625,29,24,8.837837837837839
625,30,23,9.128205128205128
625,31,23,9.707317073170731
625,32,22,9.833333333333334
625,33,23,10.272727272727273
625,34,23,10.652173913043478
626,0,0,0
626,1,0,0
626,2,0,0
626,3,0,3.0
626,4,0,3.0
626,5,0,3.25
626,6,0,3.25
626,7,0,3.7142857142857144
626,8,0,4.125
626,9,1,4.125
626,10,0,4.4
626,11,3,4.4
626,12,5,4.833333333333333
626,13,7,5.142857142857143
626,14,11,5.6
626,15,11,5.5625
626,16,15,6.444444444444445
626,17,15,6.473684210526316
626,18,18,6.473684210526316
626,19,19,6.9523809523809526
626,20,0,7.409090909090909
626,21,0,7.521739130434782
626,22,0,7.291666666666667
626,23,1,7.538461538461538
626,24,3,8.037037037037036
626,25,2,8.1
626,26,10,7.935483870967742
626,27,12,8.030303030303031
626,28,15,8.6
626,29,17,9.0
626,30,20,8.891891891891891
626,31,27,9.263157894736842
626,32,30,9.6
626,33,31,9.6
626,34,32,9.585365853658537
627,0,0,0
627,1,0,0
627,2,0,0
627,3,0,3.0
627,4,0,3.0
627,5,0,3.5
627,6,0,3.5
627,7,0,3.4
627,8,0,3.7142857142857144
627,9,0,3.7142857142857144
627,10,0,4.375
627,11,0,4.111111111111111
627,12,1,4.6
627,13,2,5.0
627,14,3,5.0
627,15,3,5.357142857142857
627,16,5,5.933333333333334
627,17,5,6.294117647058823
627,18,8,6.777777777777778
627,19,9,6.7894736842105265
627,20,0,7.1
627,21,0,7.636363636363637
627,22,1,7.636363636363637
627,23,1,8.115384615384615
627,24,2,8.0
627,25,1,7.857142857142857
627,26,7,8.366666666666667
627,27,13,8.53125
627,28,13,9.029411764705882
627,29,14,9.314285714285715
627,30,15,9.783783783783784
627,31,16,9.783783783783784
627,32,18,10.55
627,33,19,10.55
627,34,20,10.75609756097561
628,0,0,0
628,1,0,0
628,2,0,0
628,3,0,3.0
628,4,0,3.0
628,5,0,3.0
628,6,0,3.6666666666666665
628,7,0,3.25
628,8,0,4.5
628,9,0,4.142857142857143
628,10,0,4.142857142857143
628,11,2,4.555555555555555
628,12,5,5.2
628,13,4,5.0
628,14,6,5.0
628,15,9,6.0
628,16,11,6.0
628,17,11,6.066666666666666
628,18,11,6.066666666666666
628,19,12,7.277777777777778
628,20,0,7.277777777777778
628,21,0,7.421052631578948
628,22,0,6.809523809523809
628,23,0,7.875
628,24,0,8.0
628,25,0,8.321428571428571
628,26,10,8.793103448275861
628,27,11,8.419354838709678
628,28,18,8.696969696969697
628,29,20,9.176470588235293
628,30,22,9.057142857142857
628,31,24,9.416666666666666
628,32,23,9.81578947368421
628,33,23,9.81578947368421
628,34,22,10.175
629,0,0,0
629,1,0,0
629,2,0,0
629,3,0,0
629,4,0,3.3333333333333335
629,5,0,3.3333333333333335
629,6,0,3.3333333333333335
629,7,0,3.8
629,8,0,4.5
629,9,0,4.75
629,10,0,4.75
629,11,1,5.0
629,12,3,5.636363636363637
629,13,3,5.416666666666667
629,14,5,5.416666666666667
629,15,6,5.928571428571429
629,16,9,6.466666666666667
629,17,11,6.9411764705882355
629,18,14,6.944444444444445
629,19,14,6.947368421052632
629,20,0,7.904761904761905
629,21,1,7.909090909090909
629,22,2,7.6521739130434785
629,23,2,8.26923076923077
629,24,3,8.11111111111111
629,25,6,7.964285714285714
629,26,7,8.64516129032258
629,27,13,8.424242424242424
629,28,17,8.294117647058824
629,29,25,9.083333333333334
629,30,26,9.0
629,31,27,9.875
629,32,26,10.024390243902438
629,33,26,10.166666666666666
629,34,26,10.886363636363637
630,0,0,0
630,1,0,0
630,2,0,2.0
630,3,0,2.0
630,4,0,3.0
630,5,0,2.8
630,6,1,2.8
630,7,0,2.7142857142857144
630,8,0,3.5555555555555554
630,9,0,3.6
630,10,2,3.6
630,11,2,3.5454545454545454
630,12,5,4.384615384615385
630,13,5,4.357142857142857
630,14,9,4.933333333333334
630,15,8,5.235294117647059
630,16,9,5.235294117647059
630,17,13,5.333333333333333
630,18,15,5.894736842105263
630,19,15,6.333333333333333
630,20,0,6.333333333333333
630,21,3,7.043478260869565
630,22,5,7.0
630,23,8,7.0
630,24,8,7.310344827586207
630,25,5,7.310344827586207
630,26,9,7.5
630,27,11,7.882352941176471
630,28,22,8.2
630,29,28,8.567567567567568
630,30,33,8.5
630,31,32,8.8
630,32,34,9.333333333333334
630,33,36,9.333333333333334
630,34,36,10.377777777777778
631,0,0,0
631,1,0,0
631,2,0,2.0
631,3,0,2.0
631,4,0,2.6666666666666665
631,5,0,2.5
631,6,0,2.5
631,7,0,3.1666666666666665
631,8,1,3.4285714285714284
631,9,0,3.2222222222222223
631,10,0,4.0
631,11,1,3.8461538461538463
631,12,4,4.142857142857143
631,13,5,4.066666666666666
631,14,5,4.625
631,15,5,5.0
631,16,6,5.5
631,17,6,5.5
631,18,8,5.571428571428571
631,19,9,6.391304347826087
631,20,0,6.5
631,21,1,6.5
631,22,2,6.814814814814815
631,23,8,7.25
631,24,7,7.0
631,25,11,7.0
631,26,14,7.647058823529412
631,27,15,7.647058823529412
631,28,16,7.6
631,29,22,8.432432432432432
631,30,22,8.421052631578947
631,31,21,9.075
631,32,21,9.642857142857142
631,33,23,9.790697674418604
631,34,25,10.555555555555555
632,0,0,0
632,1,0,0
632,2,0,0
632,3,0,2.0
632,4,1,2.6666666666666665
632,5,0,3.0
632,6,0,3.0
632,7,0,3.1666666666666665
632,8,1,3.875
632,9,1,3.6666666666666665
632,10,1,3.9
632,11,0,3.909090909090909
632,12,0,4.583333333333333
632,13,2,4.785714285714286
632,14,2,4.785714285714286
632,15,2,5.25
632,16,3,5.25
632,17,3,5.555555555555555
632,18,6,6.157894736842105
632,19,7,6.2
632,20,0,6.2
632,21,0,7.173913043478261
632,22,0,7.083333333333333
632,23,4,7.576923076923077
632,24,4,7.758620689655173
632,25,5,7.758620689655173
632,26,6,8.21875
632,27,6,8.515151515151516
632,28,7,8.558823529411764
632,29,11,9.057142857142857
632,30,10,9.13888888888889
632,31,13,9.486486486486486
632,32,12,9.897435897435898
632,33,13,10.225
632,34,13,10.21951219512195
633,0,0,0
633,1,0,0
633,2,0,2.0
633,3,0,2.0
633,4,0,3.0
633,5,0,3.6666666666666665
633,6,0,3.6666666666666665
633,7,0,3.2
633,8,0,3.0
633,9,2,3.6666666666666665
633,10,1,3.6
633,11,4,3.5454545454545454
633,12,6,4.357142857142857
633,13,5,4.333333333333333
633,14,5,4.3125
633,15,9,4.882352941176471
633,16,10,5.2631578947368425
633,17,15,5.2631578947368425
633,18,15,5.4
633,19,18,5.9523809523809526
633,20,0,6.608695652173913
633,21,3,6.608695652173913
633,22,4,7.038461538461538
633,23,4,7.407407407407407
633,24,3,7.5
633,25,3,7.5
633,26,4,8.088235294117647
633,27,12,8.228571428571428
633,28,18,8.333333333333334
633,29,22,8.789473684210526
633,30,26,9.225
633,31,28,9.24390243902439
633,32,33,9.642857142857142
633,33,34,9.840909090909092
633,34,35,9.840909090909092
634,0,0,0
634,1,0,0
634,2,0,0
634,3,0,3.0
634,4,1,3.0
634,5,0,3.0
634,6,0,3.6
634,7,2,3.5714285714285716
634,8,3,3.5714285714285716
634,9,2,3.7777777777777777
634,10,2,4.4
634,11,4,4.7272727272727275
634,12,6,5.083333333333333
634,13,8,5.857142857142857
634,14,8,5.857142857142857
634,15,9,6.5
634,16,12,6.764705882352941
634,17,12,7.2105263157894735
634,18,15,7.2105263157894735
634,19,17,7.619047619047619
634,20,0,8.130434782608695
634,21,0,8.130434782608695
634,22,0,8.56
634,23,0,8.56
634,24,2,8.777777777777779
634,25,0,8.535714285714286
634,26,4,8.733333333333333
634,27,9,9.03125
634,28,16,9.03125
634,29,22,9.294117647058824
634,30,28,9.294117647058824
634,31,29,9.63888888888889
634,32,31,10.027027027027026
634,33,31,10.18421052631579
634,34,32,11.0
635,0,0,0
635,1,0,0
635,2,0,0
635,3,0,2.0
635,4,1,3.3333333333333335
635,5,0,3.25
635,6,1,3.25
635,7,1,3.7142857142857144
635,8,3,4.25
635,9,3,4.0
635,10,3,4.454545454545454
635,11,3,4.461538461538462
635,12,8,5.0
635,13,8,5.0
635,14,10,5.882352941176471
635,15,13,5.888888888888889
635,16,14,5.888888888888889
635,17,14,6.45
635,18,15,6.904761904761905
635,19,16,7.434782608695652
635,20,0,7.434782608695652
635,21,2,7.96
635,22,4,8.148148148148149
635,23,5,7.964285714285714
635,24,6,8.233333333333333
635,25,2,8.5
635,26,4,8.393939393939394
635,27,9,8.742857142857142
635,28,12,9.027027027027026
635,29,16,9.027027027027026
635,30,18,9.35897435897436
635,31,24,9.35897435897436
635,32,29,10.071428571428571
635,33,33,10.30232558139535
635,34,32,10.88888888888889
636,0,0,0
636,1,0,0
636,2,0,0
636,3,1,3.0
636,4,0,2.5
636,5,0,3.0
636,6,1,3.8
636,7,2,3.857142857142857
636,8,1,4.222222222222222
636,9,0,4.636363636363637
636,10,0,4.923076923076923
636,11,1,4.928571428571429
636,12,4,4.928571428571429
636,13,6,5.1875
636,14,6,5.588235294117647
636,15,7,5.894736842105263
636,16,7,5.85
636,17,7,6.545454545454546
636,18,9,6.565217391304348
636,19,9,6.565217391304348
636,20,0,7.384615384615385
636,21,1,7.384615384615385
636,22,1,7.586206896551724
636,23,1,7.586206896551724
636,24,3,7.75
636,25,5,7.970588235294118
636,26,11,7.828571428571428
636,27,17,8.135135135135135
636,28,18,8.447368421052632
636,29,18,8.666666666666666
636,30,19,8.975
636,31,20,9.476190476190476
636,32,20,9.790697674418604
636,33,19,9.931818181818182
636,34,21,10.58695652173913
637,0,0,0
637,1,0,0
637,2,0,0
637,3,0,0
637,4,0,4.0
637,5,0,3.5
637,6,0,3.0
637,7,1,2.75
637,8,1,3.6666666666666665
637,9,1,4.0
637,10,0,4.0
637,11,1,4.454545454545454
637,12,5,4.5
637,13,6,5.266666666666667
637,14,10,5.266666666666667
637,15,12,5.705882352941177
637,16,13,5.705882352941177
637,17,16,6.6
637,18,16,6.6
637,19,18,6.666666666666667
637,20,0,7.478260869565218
637,21,0,7.583333333333333
637,22,2,7.36
637,23,4,7.1923076923076925
637,24,8,7.827586206896552
637,25,3,7.7
637,26,3,7.90625
637,27,7,8.264705882352942
637,28,11,8.527777777777779
637,29,16,8.527777777777779
637,30,18,8.45945945945946
637,31,22,9.256410256410257
637,32,25,9.225
637,33,33,9.80952380952381
637,34,39,10.477272727272727
638,0,0,0
638,1,0,0
638,2,0,0
638,3,0,3.0
638,4,0,3.0
638,5,0,3.0
638,6,2,3.5
638,7,2,3.1666666666666665
638,8,4,3.7142857142857144
638,9,3,4.1
638,10,4,4.545454545454546
638,11,3,4.615384615384615
638,12,9,4.615384615384615
638,13,9,5.066666666666666
638,14,10,5.5
638,15,10,5.529411764705882
638,16,13,6.0
638,17,12,6.55
638,18,13,6.55
638,19,14,7.136363636363637
638,20,0,7.625
638,21,1,8.04
638,22,1,7.925925925925926
638,23,0,8.548387096774194
638,24,1,8.303030303030303
638,25,3,8.647058823529411
638,26,7,8.675675675675675
638,27,12,8.526315789473685
638,28,18,8.526315789473685
638,29,20,9.121951219512194
638,30,20,9.121951219512194
638,31,19,9.511627906976743
638,32,22,9.886363636363637
638,33,22,9.844444444444445
638,34,23,10.152173913043478
639,0,0,0
639,1,0,0
639,2,0,0
639,3,0,3.0
639,4,0,3.0
639,5,0,3.0
639,6,0,3.75
639,7,0,3.4
639,8,1,3.5
639,9,2,3.875
639,10,3,3.9
639,11,3,3.909090909090909
639,12,5,4.461538461538462
639,13,5,4.666666666666667
639,14,6,4.666666666666667
639,15,7,5.235294117647059
639,16,10,5.444444444444445
639,17,11,5.578947368421052
639,18,14,5.578947368421052
639,19,13,6.285714285714286
639,20,0,6.590909090909091
639,21,2,6.739130434782608
639,22,7,7.0
639,23,9,6.846153846153846
639,24,15,7.482758620689655
639,25,8,7.4
639,26,12,7.28125
639,27,16,8.0
639,28,24,7.9714285714285715
639,29,31,8.36111111111111
639,30,34,8.35135135135135
639,31,35,8.871794871794872
639,32,36,9.225
639,33,36,9.24390243902439
639,34,36,9.452380952380953
640,0,0,0
640,1,0,0
640,2,0,0
640,3,2,3.0
640,4,3,3.0
640,5,0,3.5
640,6,0,3.6
640,7,1,4.166666666666667
640,8,3,4.375
640,9,2,4.666666666666667
640,10,2,5.0
640,11,4,5.615384615384615
640,12,4,5.615384615384615
640,13,6,6.333333333333333
640,14,6,6.333333333333333
640,15,5,7.0
640,16,5,7.444444444444445
640,17,6,7.75
640,18,7,8.095238095238095
640,19,6,8.136363636363637
640,20,0,8.541666666666666
640,21,0,8.84
640,22,1,8.928571428571429
640,23,4,9.0
640,24,5,8.806451612903226
640,25,9,9.382352941176471
640,26,10,9.382352941176471
640,27,14,9.542857142857143
640,28,16,10.368421052631579
640,29,21,10.368421052631579
640,30,20,10.675
640,31,20,10.928571428571429
640,32,20,11.186046511627907
640,33,19,11.318181818181818
640,34,19,11.934782608695652
641,0,0,0
641,1,0,0
641,2,0,2.0
641,3,0,2.3333333333333335
641,4,0,2.3333333333333335
641,5,0,2.5
641,6,0,3.5
641,7,0,3.2857142857142856
641,8,2,3.2857142857142856
641,9,1,3.6
641,10,1,4.090909090909091
641,11,1,4.076923076923077
641,12,7,4.933333333333334
641,13,6,4.9375
641,14,8,4.9375
641,15,11,5.388888888888889
641,16,13,5.7368421052631575
641,17,14,6.142857142857143
641,18,15,6.5
641,19,16,6.875
641,20,0,7.16
641,21,2,7.037037037037037
641,22,4,7.25
641,23,4,7.225806451612903
641,24,6,7.40625
641,25,3,7.235294117647059
641,26,10,7.675675675675675
641,27,14,7.769230769230769
641,28,18,7.975
641,29,23,8.214285714285714
641,30,27,8.214285714285714
641,31,28,8.372093023255815
641,32,29,8.91304347826087
641,33,30,8.91304347826087
641,34,31,9.145833333333334
642,0,0,0
642,1,0,0
642,2,0,0
642,3,0,0
642,4,1,3.5
642,5,0,3.0
642,6,0,3.0
642,7,0,3.0
642,8,2,4.142857142857143
642,9,1,3.6666666666666665
642,10,1,3.6666666666666665
642,11,1,4.181818181818182
642,12,2,4.75
642,13,1,4.846153846153846
642,14,2,4.846153846153846
642,15,3,5.9375
642,16,5,5.9375
642,17,4,5.9411764705882355
642,18,4,6.947368421052632
642,19,4,6.9
642,20,0,6.9
642,21,1,7.2272727272727275
642,22,1,7.32
642,23,8,7.32
642,24,9,7.758620689655173
642,25,9,7.758620689655173
642,26,10,7.774193548387097
642,27,10,8.484848484848484
642,28,9,8.411764705882353
642,29,13,8.82857142857143
642,30,13,9.297297297297296
642,31,13,9.297297297297296
642,32,15,9.794871794871796
642,33,15,10.1
642,34,14,10.24390243902439
643,0,0,0
643,1,0,0
643,2,0,2.0
643,3,2,2.0
643,4,3,3.0
643,5,0,3.0
643,6,1,3.5
643,7,2,3.5
643,8,4,4.0
643,9,5,4.2727272727272725
643,10,2,4.923076923076923
643,11,3,5.133333333333334
643,12,4,5.133333333333334
643,13,9,5.0625
643,14,14,5.833333333333333
643,15,15,5.842105263157895
643,16,20,6.2
643,17,19,6.238095238095238
643,18,20,6.913043478260869
643,19,19,7.0
643,20,0,7.0
643,21,0,7.461538461538462
643,22,0,7.851851851851852
643,23,1,7.642857142857143
643,24,3,8.068965517241379
643,25,1,8.225806451612904
643,26,7,8.03125
643,27,11,8.058823529411764
643,28,18,8.64864864864865
643,29,18,8.526315789473685
643,30,24,8.526315789473685
643,31,23,9.21951219512195
643,32,27,9.21951219512195
643,33,26,9.976744186046512
643,34,27,9.976744186046512
644,0,0,0
644,1,0,0
644,2,0,0
644,3,1,3.0
644,4,0,2.6666666666666665
644,5,0,2.6666666666666665
644,6,0,4.0
644,7,0,3.857142857142857
644,8,1,4.25
644,9,2,4.2727272727272725
644,10,0,4.2727272727272725
644,11,2,4.076923076923077
644,12,4,4.933333333333334
644,13,5,4.8125
644,14,5,4.882352941176471
644,15,7,5.421052631578948
644,16,10,5.8
644,17,10,6.363636363636363
644,18,11,6.608695652173913
644,19,13,6.75
644,20,0,7.2
644,21,2,7.555555555555555
644,22,4,7.555555555555555
644,23,3,7.862068965517241
644,24,2,7.84375
644,25,0,8.242424242424242
644,26,0,8.583333333333334
644,27,8,8.583333333333334
644,28,14,8.842105263157896
644,29,22,9.128205128205128
644,30,26,9.365853658536585
644,31,27,9.666666666666666
644,32,26,9.931818181818182
644,33,27,9.931818181818182
644,34,27,10.347826086956522
645,0,0,0
645,1,0,0
645,2,0,0
645,3,0,3.0
645,4,0,3.5
645,5,0,3.0
645,6,1,3.0
645,7,3,3.3333333333333335
645,8,6,3.7142857142857144
645,9,4,4.1
645,10,4,4.1
645,11,8,4.6923076923076925
645,12,11,5.071428571428571
645,13,13,5.2
645,14,18,5.9411764705882355
645,15,19,6.055555555555555
645,16,22,6.473684210526316
645,17,24,6.857142857142857
645,18,26,7.2272727272727275
645,19,25,7.3478260869565215
645,20,0,8.115384615384615
645,21,1,8.222222222222221
645,22,2,8.222222222222221
645,23,4,8.733333333333333
645,24,3,8.580645161290322
645,25,0,8.375
645,26,0,8.972222222222221
645,27,6,8.81081081081081
645,28,11,9.487179487179487
645,29,14,9.325
645,30,19,9.547619047619047
645,31,24,10.045454545454545
645,32,25,10.521739130434783
645,33,24,10.895833333333334
645,34,28,10.979591836734693
646,0,0,0
646,1,0,0
646,2,0,0
646,3,0,0
646,4,0,3.0
646,5,0,3.0
646,6,1,3.4
646,7,1,3.8333333333333335
646,8,1,3.7142857142857144
646,9,1,3.5
646,10,2,4.636363636363637
646,11,1,4.5
646,12,3,4.538461538461538
646,13,6,4.8
646,14,6,5.3125
646,15,7,5.666666666666667
646,16,8,5.666666666666667
646,17,10,5.684210526315789
646,18,14,6.523809523809524
646,19,16,6.590909090909091
646,20,0,7.041666666666667
646,21,1,7.041666666666667
646,22,1,7.888888888888889
646,23,3,7.888888888888889
646,24,4,8.10344827586207
646,25,1,8.09375
646,26,3,8.5
646,27,8,8.416666666666666
646,28,17,9.105263157894736
646,29,23,8.974358974358974
646,30,27,9.634146341463415
646,31,26,9.857142857142858
646,32,27,9.857142857142858
646,33,28,10.622222222222222
646,34,28,10.622222222222222
647,0,0,0
647,1,0,0
647,2,0,0
647,3,1,0
647,4,0,3.0
647,5,0,3.0
647,6,0,3.8
647,7,2,4.166666666666667
647,8,2,4.111111111111111
647,9,3,4.111111111111111
647,10,4,4.5
647,11,8,4.846153846153846
647,12,9,4.933333333333334
647,13,11,5.3125
647,14,13,5.722222222222222
647,15,14,5.722222222222222
647,16,15,6.15
647,17,17,6.15
647,18,18,6.681818181818182
647,19,19,6.681818181818182
647,20,0,7.208333333333333
647,21,1,7.64
647,22,0,7.592592592592593
647,23,0,8.310344827586206
647,24,1,7.967741935483871
647,25,2,8.06060606060606
647,26,7,8.314285714285715
647,27,12,8.166666666666666
647,28,15,8.763157894736842
647,29,20,9.425
647,30,26,9.731707317073171
647,31,28,10.023255813953488
647,32,33,10.340909090909092
647,33,34,10.673913043478262
647,34,35,10.673913043478262
648,0,0,0
648,1,0,0
648,2,0,0
648,3,0,0
648,4,0,3.3333333333333335
648,5,0,3.3333333333333335
648,6,0,3.4
648,7,0,3.4
648,8,0,4.111111111111111
648,9,0,4.111111111111111
648,10,0,4.545454545454546
648,11,4,4.6923076923076925
648,12,4,4.933333333333334
648,13,5,4.933333333333334
648,14,5,5.176470588235294
648,15,5,5.666666666666667
648,16,6,5.684210526315789
648,17,5,6.454545454545454
648,18,5,6.521739130434782
648,19,5,7.12
648,20,0,7.1923076923076925
648,21,0,7.481481481481482
648,22,2,7.666666666666667
648,23,7,7.666666666666667
648,24,9,7.882352941176471
648,25,9,7.882352941176471
648,26,11,7.694444444444445
648,27,13,8.256410256410257
648,28,16,8.256410256410257
648,29,18,8.225
648,30,21,8.833333333333334
648,31,20,9.0
648,32,21,9.318181818181818
648,33,21,9.804347826086957
648,34,22,10.042553191489361
649,0,0,0
649,1,0,0
649,2,0,0
649,3,3,2.5
649,4,3,3.0
649,5,0,3.0
649,6,0,3.6
649,7,2,3.875
649,8,3,3.875
649,9,5,4.545454545454546
649,10,5,4.545454545454546
649,11,4,5.3076923076923075
649,12,6,5.3076923076923075
649,13,7,6.375
649,14,8,6.375
649,15,10,6.470588235294118
649,16,12,6.944444444444445
649,17,12,7.4
649,18,13,7.4
649,19,12,8.0
649,20,0,8.347826086956522
649,21,3,8.92
649,22,4,8.653846153846153
649,23,8,9.206896551724139
649,24,10,8.870967741935484
649,25,4,9.484848484848484
649,26,6,9.257142857142858
649,27,10,9.555555555555555
649,28,19,9.763157894736842
649,29,21,9.763157894736842
649,30,23,9.95
649,31,22,10.357142857142858
649,32,22,10.55813953488372
649,33,21,10.545454545454545
649,34,21,11.065217391304348
650,0,0,0
650,1,0,0
650,2,0,2.0
650,3,0,2.3333333333333335
650,4,1,2.75
650,5,0,3.0
650,6,0,3.4285714285714284
650,7,0,3.4444444444444446
650,8,0,3.7
650,9,0,4.090909090909091
650,10,0,3.9166666666666665
650,11,2,4.3076923076923075
650,12,3,4.5
650,13,3,4.882352941176471
650,14,4,4.833333333333333
650,15,6,5.55
650,16,5,5.571428571428571
650,17,6,5.909090909090909
650,18,8,5.956521739130435
650,19,12,6.68
650,20,0,6.769230769230769
650,21,0,7.111111111111111
650,22,0,7.3
650,23,3,7.3
650,24,3,7.393939393939394
650,25,1,7.735294117647059
650,26,7,7.638888888888889
650,27,17,8.289473684210526
650,28,18,8.333333333333334
650,29,20,8.625
650,30,20,8.880952380952381
650,31,19,8.813953488372093
650,32,19,9.444444444444445
650,33,18,9.652173913043478
650,34,18,9.829787234042554
651,0,0,0
651,1,0,0
651,2,0,0
651,3,1,3.0
651,4,0,3.0
651,5,0,3.0
651,6,1,3.8
651,7,4,4.0
651,8,4,3.75
651,9,4,4.2
651,10,3,4.416666666666667
651,11,4,4.461538461538462
651,12,7,4.866666666666666
651,13,9,5.470588235294118
651,14,11,5.470588235294118
651,15,11,6.105263157894737
651,16,13,6.55
651,17,13,7.181818181818182
651,18,13,7.565217391304348
651,19,13,7.625
651,20,0,8.346153846153847
651,21,1,8.481481481481481
651,22,2,8.25
651,23,3,8.806451612903226
651,24,5,8.84375
651,25,1,9.085714285714285
651,26,9,9.27027027027027
651,27,13,9.447368421052632
651,28,18,9.775
651,29,22,10.097560975609756
651,30,23,9.976190476190476
651,31,25,10.636363636363637
651,32,25,10.555555555555555
651,33,27,11.145833333333334
651,34,29,11.145833333333334
652,0,0,0
652,1,0,0
652,2,0,2.0
652,3,0,2.5
652,4,0,2.5
652,5,0,2.5
652,6,1,2.4
652,7,0,3.0
652,8,0,3.25
652,9,0,3.3333333333333335
652,10,0,3.3333333333333335
652,11,0,3.8461538461538463
652,12,2,3.8461538461538463
652,13,4,3.857142857142857
652,14,8,4.333333333333333
652,15,9,4.705882352941177
652,16,9,4.705882352941177
652,17,10,5.2631578947368425
652,18,11,5.2631578947368425
652,19,12,6.2272727272727275
652,20,0,6.2272727272727275
652,21,0,6.75
652,22,1,6.961538461538462
652,23,0,6.642857142857143
652,24,3,7.0344827586206895
652,25,1,6.806451612903226
652,26,7,7.25
652,27,9,7.428571428571429
652,28,17,7.756756756756757
652,29,24,7.756756756756757
652,30,24,8.45
652,31,26,8.45
652,32,28,9.095238095238095
652,33,31,9.465116279069768
652,34,30,9.704545454545455
653,0,0,0
653,1,0,0
653,2,0,0
653,3,0,2.0
653,4,0,2.6666666666666665
653,5,0,2.75
653,6,0,2.75
653,7,0,3.3333333333333335
653,8,0,4.0
653,9,0,3.75
653,10,0,4.222222222222222
653,11,1,4.333333333333333
653,12,0,4.153846153846154
653,13,2,4.642857142857143
653,14,5,5.0625
653,15,5,5.0625
653,16,4,5.388888888888889
653,17,6,5.842105263157895
653,18,7,5.85
653,19,10,6.681818181818182
653,20,0,6.695652173913044
653,21,1,7.44
653,22,1,7.5
653,23,2,8.214285714285714
653,24,4,7.833333333333333
653,25,4,8.161290322580646
653,26,11,8.264705882352942
653,27,19,8.264705882352942
653,28,23,8.972972972972974
653,29,23,8.972972972972974
653,30,26,9.564102564102564
653,31,29,9.85
653,32,29,10.0
653,33,30,10.333333333333334
653,34,30,10.772727272727273
654,0,0,0
654,1,0,0
654,2,0,2.0
654,3,0,2.0
654,4,0,2.5
654,5,0,2.5
654,6,2,2.4
654,7,3,2.8333333333333335
654,8,2,3.5
654,9,4,3.888888888888889
654,10,0,4.0
654,11,0,4.363636363636363
654,12,4,4.642857142857143
654,13,7,4.642857142857143
654,14,7,4.533333333333333
654,15,10,5.0
654,16,11,5.333333333333333
654,17,12,5.7368421052631575
654,18,14,6.05
654,19,16,6.818181818181818
654,20,0,7.043478260869565
654,21,3,7.6
654,22,3,7.846153846153846
654,23,4,7.62962962962963
654,24,3,8.161290322580646
654,25,1,8.125
654,26,6,8.333333333333334
654,27,11,8.432432432432432
654,28,17,8.432432432432432
654,29,20,8.8
654,30,25,8.707317073170731
654,31,27,8.952380952380953
654,32,26,9.386363636363637
654,33,29,9.644444444444444
654,34,28,10.02127659574468
655,0,0,0
655,1,0,0
655,2,0,0
655,3,0,3.0
655,4,0,3.0
655,5,0,3.0
655,6,0,4.0
655,7,1,3.857142857142857
655,8,0,3.625
655,9,1,4.0
655,10,0,4.25
655,11,1,4.25
655,12,3,4.142857142857143
655,13,4,4.9375
655,14,6,4.9411764705882355
655,15,9,4.9411764705882355
655,16,9,4.944444444444445
655,17,12,5.85
655,18,11,5.904761904761905
655,19,13,6.181818181818182
655,20,0,6.708333333333333
655,21,0,6.708333333333333
655,22,1,7.444444444444445
655,23,5,7.25
655,24,6,7.103448275862069
655,25,7,7.387096774193548
655,26,13,7.606060606060606
655,27,18,7.942857142857143
655,28,22,7.861111111111111
655,29,26,8.263157894736842
655,30,33,8.64102564102564
655,31,32,8.878048780487806
655,32,33,8.878048780487806
655,33,34,9.279069767441861
655,34,36,9.733333333333333
656,0,0,0
656,1,0,0
656,2,0,0
656,3,0,0
656,4,0,4.0
656,5,0,4.0
656,6,0,4.0
656,7,0,4.0
656,8,0,5.333333333333333
656,9,0,4.8
656,10,1,5.666666666666667
656,11,1,5.5
656,12,4,5.5
656,13,8,5.333333333333333
656,14,10,6.1
656,15,11,6.333333333333333
656,16,13,7.0
656,17,12,6.928571428571429
656,18,13,7.333333333333333
656,19,14,7.882352941176471
656,20,0,8.166666666666666
656,21,1,8.7
656,22,2,8.7
656,23,3,8.772727272727273
656,24,6,8.958333333333334
656,25,4,8.8
656,26,6,9.214285714285714
656,27,7,9.233333333333333
656,28,15,9.6875
656,29,19,10.0
656,30,25,10.0
656,31,24,10.675675675675675
656,32,24,10.675675675675675
656,33,24,10.897435897435898
656,34,26,10.85
657,0,0,0
657,1,0,0
657,2,0,2.0
657,3,0,2.5
657,4,1,2.75
657,5,0,2.75
657,6,1,2.8
657,7,3,3.75
657,8,5,3.75
657,9,4,4.636363636363637
657,10,4,4.636363636363637
657,11,4,4.916666666666667
657,12,6,5.3076923076923075
657,13,7,6.0
657,14,9,6.0
657,15,9,6.647058823529412
657,16,11,7.111111111111111
657,17,14,7.55
657,18,14,7.9523809523809526
657,19,14,8.434782608695652
657,20,0,8.434782608695652
657,21,0,9.23076923076923
657,22,0,9.23076923076923
657,23,1,9.178571428571429
657,24,2,9.3
657,25,2,9.064516129032258
657,26,5,8.969696969696969
657,27,15,9.571428571428571
657,28,17,9.694444444444445
657,29,21,10.157894736842104
657,30,24,10.384615384615385
657,31,23,10.275
657,32,24,10.609756097560975
657,33,23,10.813953488372093
657,34,24,10.813953488372093
658,0,0,0
658,1,0,0
658,2,1,0
658,3,0,2.5
658,4,0,3.0
658,5,0,3.25
658,6,0,3.25
658,7,0,4.142857142857143
658,8,0,4.142857142857143
658,9,0,4.444444444444445
658,10,0,4.636363636363637
658,11,2,4.5
658,12,4,4.384615384615385
658,13,5,5.333333333333333
658,14,7,5.25
658,15,9,5.647058823529412
658,16,9,5.666666666666667
658,17,10,6.157894736842105
658,18,13,6.619047619047619
658,19,16,6.619047619047619
658,20,0,6.7272727272727275
658,21,3,7.541666666666667
658,22,4,7.461538461538462
658,23,6,8.107142857142858
658,24,8,7.766666666666667
658,25,1,7.766666666666667
658,26,1,8.176470588235293
658,27,5,8.17142857142857
658,28,14,8.5
658,29,26,8.68421052631579
658,30,31,8.974358974358974
658,31,31,8.875
658,32,32,9.195121951219512
658,33,33,9.395348837209303
658,34,34,9.395348837209303
659,0,0,0
659,1,0,0
659,2,0,0
659,3,0,2.0
659,4,0,2.3333333333333335
659,5,0,2.75
659,6,1,2.8333333333333335
659,7,0,2.7142857142857144
659,8,0,3.125
659,9,1,3.7
659,10,0,3.5454545454545454
659,11,1,3.5
659,12,2,3.9285714285714284
659,13,3,4.25
659,14,3,4.25
659,15,4,4.666666666666667
659,16,6,5.052631578947368
659,17,6,5.476190476190476
659,18,7,5.476190476190476
659,19,11,5.913043478260869
659,20,0,6.291666666666667
659,21,1,6.769230769230769
659,22,2,6.592592592592593
659,23,2,7.2
659,24,2,7.096774193548387
659,25,1,7.121212121212121
659,26,9,7.742857142857143
659,27,15,7.594594594594595
659,28,16,7.594594594594595
659,29,16,8.35
659,30,17,8.35
659,31,16,8.523809523809524
659,32,16,8.790697674418604
659,33,16,9.022222222222222
659,34,19,9.022222222222222
660,0,0,0
660,1,0,0
660,2,1,0
660,3,0,2.6666666666666665
660,4,1,2.6666666666666665
660,5,0,3.4
660,6,1,3.4
660,7,1,4.375
660,8,3,4.111111111111111
660,9,3,4.363636363636363
660,10,2,4.615384615384615
660,11,3,4.642857142857143
660,12,4,5.0
660,13,6,5.294117647058823
660,14,8,5.684210526315789
660,15,12,5.684210526315789
660,16,13,5.75
660,17,15,6.409090909090909
660,18,18,6.478260869565218
660,19,19,6.478260869565218
660,20,0,7.12
660,21,2,7.461538461538462
660,22,2,8.0
660,23,3,8.166666666666666
660,24,5,8.290322580645162
660,25,2,8.857142857142858
660,26,6,8.783783783783784
660,27,7,9.105263157894736
660,28,12,9.25
660,29,16,9.512195121951219
660,30,25,9.428571428571429
660,31,26,9.954545454545455
660,32,25,9.88888888888889
660,33,25,9.88888888888889
660,34,26,10.416666666666666
661,0,0,0
661,1,0,0
661,2,0,2.0
661,3,1,2.5
661,4,1,2.3333333333333335
661,5,0,2.3333333333333335
661,6,0,3.2
661,7,3,3.5714285714285716
661,8,3,3.5
661,9,3,4.0
661,10,3,4.166666666666667
661,11,5,4.461538461538462
661,12,6,4.428571428571429
661,13,8,5.529411764705882
661,14,12,5.529411764705882
661,15,12,6.45
661,16,13,6.45
661,17,14,6.818181818181818
661,18,15,6.818181818181818
661,19,15,7.52
661,20,0,7.52
661,21,0,7.653846153846154
661,22,1,8.321428571428571
661,23,2,7.9
661,24,3,7.53125
661,25,3,8.285714285714286
661,26,7,8.0
661,27,14,8.263157894736842
661,28,18,8.475
661,29,22,8.731707317073171
661,30,29,8.666666666666666
661,31,33,9.377777777777778
661,32,33,9.377777777777778
661,33,33,9.617021276595745
661,34,34,9.9375
662,0,0,0
662,1,0,0
662,2,0,1.0
662,3,0,1.0
662,4,1,2.0
662,5,0,2.5
662,6,1,2.5
662,7,3,2.8
662,8,2,3.5714285714285716
662,9,1,4.111111111111111
662,10,2,4.636363636363637
662,11,4,5.076923076923077
662,12,5,5.285714285714286
662,13,8,5.666666666666667
662,14,9,6.0
662,15,9,6.0
662,16,9,6.421052631578948
662,17,10,6.85
662,18,11,7.2272727272727275
662,19,13,7.2272727272727275
662,20,0,7.75
662,21,2,8.08
662,22,4,8.192307692307692
662,23,3,8.172413793103448
662,24,9,8.533333333333333
662,25,6,8.606060606060606
662,26,8,8.606060606060606
662,27,16,9.054054054054054
662,28,23,9.054054054054054
662,29,24,9.282051282051283
662,30,26,9.65
662,31,26,9.857142857142858
662,32,26,10.363636363636363
662,33,25,10.488888888888889
662,34,25,11.125
663,0,0,0
663,1,0,0
663,2,0,0
663,3,3,2.6666666666666665
663,4,3,2.6666666666666665
663,5,0,2.75
663,6,2,2.75
663,7,4,4.285714285714286
663,8,6,4.0
663,9,5,4.0
663,10,2,4.4
663,11,3,5.538461538461538
663,12,5,5.857142857142857
663,13,8,5.857142857142857
663,14,10,6.764705882352941
663,15,12,6.764705882352941
663,16,13,6.888888888888889
663,17,16,7.8
663,18,16,8.0
663,19,16,8.409090909090908
663,20,0,8.875
663,21,0,8.875
663,22,1,9.307692307692308
663,23,0,9.206896551724139
663,24,6,9.206896551724139
663,25,4,9.21875
663,26,6,9.441176470588236
663,27,10,9.72972972972973
663,28,13,9.789473684210526
663,29,18,10.179487179487179
663,30,27,10.439024390243903
663,31,27,10.619047619047619
663,32,27,11.340909090909092
663,33,26,11.266666666666667
663,34,25,11.833333333333334
664,0,0,0
664,1,0,0
664,2,0,0
664,3,0,0
664,4,2,4.0
664,5,0,3.3333333333333335
664,6,0,3.3333333333333335
664,7,5,4.142857142857143
664,8,7,4.142857142857143
664,9,5,4.4
664,10,6,4.4
664,11,6,4.846153846153846
664,12,6,5.214285714285714
664,13,6,5.533333333333333
664,14,7,5.9375
664,15,8,6.611111111111111
664,16,9,6.611111111111111
664,17,14,7.666666666666667
664,18,15,7.666666666666667
664,19,20,8.217391304347826
664,20,0,8.583333333333334
664,21,0,8.92
664,22,3,9.214285714285714
664,23,3,9.0
664,24,3,8.84375
664,25,1,8.882352941176471
664,26,3,8.805555555555555
664,27,9,9.35897435897436
664,28,13,9.425
664,29,17,9.642857142857142
664,30,21,9.840909090909092
664,31,27,9.840909090909092
664,32,28,10.0
664,33,32,10.297872340425531
664,34,34,10.25
665,0,0,0
665,1,0,0
665,2,0,0
665,3,0,2.5
665,4,0,3.0
665,5,0,3.5
665,6,0,3.2
665,7,1,3.8333333333333335
665,8,0,3.7142857142857144
665,9,2,4.111111111111111
665,10,2,4.1
665,11,3,4.769230769230769
665,12,6,4.714285714285714
665,13,8,5.352941176470588
665,14,9,5.352941176470588
665,15,9,5.388888888888889
665,16,11,6.1
665,17,11,6.142857142857143
665,18,14,6.142857142857143
665,19,13,6.695652173913044
665,20,0,7.12
665,21,2,7.12
665,22,6,7.428571428571429
665,23,6,7.758620689655173
665,24,8,7.483870967741935
665,25,9,7.7272727272727275
665,26,11,8.028571428571428
665,27,17,7.972222222222222
665,28,26,8.710526315789474
665,29,28,8.64102564102564
665,30,33,9.317073170731707
665,31,32,9.285714285714286
665,32,31,9.279069767441861
665,33,33,10.195652173913043
665,34,33,10.195652173913043
666,0,0,0
666,1,0,0
666,2,0,0
666,3,0,2.0
666,4,1,3.0
666,5,0,3.25
666,6,2,3.25
666,7,0,3.1666666666666665
666,8,4,3.857142857142857
666,9,2,4.3
666,10,0,4.818181818181818
666,11,2,5.0
666,12,8,5.333333333333333
666,13,9,5.529411764705882
666,14,10,5.529411764705882
666,15,10,5.894736842105263
666,16,12,6.25
666,17,14,6.636363636363637
666,18,15,7.0
666,19,14,7.041666666666667
666,20,0,7.44
666,21,0,7.888888888888889
666,22,1,7.888888888888889
666,23,1,8.433333333333334
666,24,1,8.548387096774194
666,25,0,8.696969696969697
666,26,3,9.058823529411764
666,27,11,9.027027027027026
666,28,18,9.027027027027026
666,29,19,9.282051282051283
666,30,22,9.55
666,31,21,9.833333333333334
666,32,21,9.833333333333334
666,33,21,10.755555555555556
666,34,21,10.755555555555556
667,0,0,0
667,1,0,0
667,2,0,2.0
667,3,1,2.0
667,4,1,2.6666666666666665
667,5,0,2.75
667,6,1,3.4
667,7,2,3.875
667,8,3,3.875
667,9,2,4.181818181818182
667,10,3,4.181818181818182
667,11,5,5.133333333333334
667,12,8,5.133333333333334
667,13,7,5.764705882352941
667,14,10,6.111111111111111
667,15,12,6.5
667,16,13,6.5
667,17,17,7.217391304347826
667,18,18,7.217391304347826
667,19,20,7.291666666666667
667,20,0,7.923076923076923
667,21,1,8.037037037037036
667,22,2,7.821428571428571
667,23,4,8.258064516129032
667,24,5,8.258064516129032
667,25,0,8.454545454545455
667,26,3,8.794117647058824
667,27,6,8.864864864864865
667,28,11,8.710526315789474
667,29,18,9.35
667,30,21,9.24390243902439
667,31,25,9.418604651162791
667,32,31,9.75
667,33,30,9.688888888888888
667,34,29,9.893617021276595
668,0,0,0
668,1,0,0
668,2,0,0
668,3,0,3.0
668,4,0,3.0
668,5,0,2.5
668,6,0,2.6666666666666665
668,7,0,3.4
668,8,1,3.4
668,9,1,3.4285714285714284
668,10,1,3.888888888888889
668,11,2,3.9
668,12,5,4.333333333333333
668,13,6,4.642857142857143
668,14,8,4.642857142857143
668,15,8,5.470588235294118
668,16,8,5.470588235294118
668,17,10,5.947368421052632
668,18,14,6.3
668,19,16,6.7272727272727275
668,20,0,7.043478260869565
668,21,0,7.166666666666667
668,22,4,7.56
668,23,7,7.535714285714286
668,24,9,7.931034482758621
668,25,8,7.96875
668,26,10,8.205882352941176
668,27,16,8.36111111111111
668,28,18,8.297297297297296
668,29,25,8.552631578947368
668,30,26,8.775
668,31,32,8.775
668,32,34,9.095238095238095
668,33,34,9.372093023255815
668,34,34,9.409090909090908
669,0,0,0
669,1,0,0
669,2,0,2.0
669,3,0,2.0
669,4,0,2.6666666666666665
669,5,0,3.25
669,6,0,3.8
669,7,0,4.0
669,8,0,3.7142857142857144
669,9,0,3.7142857142857144
669,10,1,4.555555555555555
669,11,1,4.3
669,12,2,4.3
669,13,4,5.076923076923077
669,14,5,5.076923076923077
669,15,5,5.071428571428571
669,16,8,5.071428571428571
669,17,9,5.882352941176471
669,18,9,5.882352941176471
669,19,9,5.944444444444445
669,20,0,6.421052631578948
669,21,2,6.904761904761905
669,22,2,6.681818181818182
669,23,2,6.521739130434782
669,24,4,7.076923076923077
669,25,9,7.0
669,26,11,7.172413793103448
669,27,12,7.375
669,28,14,7.696969696969697
669,29,16,7.794117647058823
669,30,18,8.055555555555555
669,31,19,8.35135135135135
669,32,19,8.974358974358974
669,33,19,8.974358974358974
669,34,18,9.560975609756097
670,0,0,0
670,1,0,0
670,2,0,0
670,3,2,3.0
670,4,1,3.0
670,5,0,3.5
670,6,0,3.6
670,7,4,3.6
670,8,4,4.0
670,9,4,4.333333333333333
670,10,2,4.818181818181818
670,11,6,4.75
670,12,7,5.571428571428571
670,13,11,5.571428571428571
670,14,11,6.588235294117647
670,15,14,6.588235294117647
670,16,14,7.2105263157894735
670,17,19,7.6
670,18,19,7.863636363636363
670,19,22,7.863636363636363
670,20,0,8.291666666666666
670,21,1,8.6
670,22,2,8.555555555555555
670,23,4,8.555555555555555
670,24,3,8.870967741935484
670,25,4,8.870967741935484
670,26,8,8.636363636363637
670,27,9,9.342857142857143
670,28,12,9.25
670,29,18,9.921052631578947
670,30,20,9.871794871794872
670,31,23,10.463414634146341
670,32,27,10.404761904761905
670,33,32,10.744186046511627
670,34,32,10.977777777777778
671,0,0,0
671,1,0,0
671,2,0,0
671,3,0,2.6666666666666665
671,4,1,2.6666666666666665
671,5,0,3.1666666666666665
671,6,0,3.1666666666666665
671,7,2,3.25
671,8,3,4.1
671,9,1,3.9166666666666665
671,10,2,3.9166666666666665
671,11,1,4.214285714285714
671,12,4,5.0625
671,13,4,5.117647058823529
671,14,7,5.894736842105263
671,15,9,5.9
671,16,10,5.9
671,17,12,6.608695652173913
671,18,13,6.608695652173913
671,19,15,7.346153846153846
671,20,0,7.346153846153846
671,21,3,7.678571428571429
671,22,6,7.866666666666666
671,23,7,7.709677419354839
671,24,9,8.028571428571428
671,25,3,8.028571428571428
671,26,6,7.891891891891892
671,27,15,8.41025641025641
671,28,21,8.375
671,29,25,8.375
671,30,37,8.906976744186046
671,31,36,9.0
671,32,37,9.222222222222221
671,33,37,9.48936170212766
671,34,37,9.729166666666666
672,0,0,0
672,1,0,1.0
672,2,0,1.0
672,3,0,1.0
672,4,0,2.6666666666666665
672,5,0,2.6666666666666665
672,6,0,2.6666666666666665
672,7,0,2.6
672,8,0,3.0
672,9,1,3.0
672,10,0,3.6363636363636362
672,11,3,3.6363636363636362
672,12,3,4.0
672,13,4,4.2
672,14,5,4.1875
672,15,9,4.647058823529412
672,16,10,4.722222222222222
672,17,10,5.4
672,18,10,5.571428571428571
672,19,13,6.086956521739131
672,20,0,6.208333333333333
672,21,0,6.48
672,22,0,6.615384615384615
672,23,0,6.785714285714286
672,24,0,7.233333333333333
672,25,3,7.064516129032258
672,26,6,7.545454545454546
672,27,8,7.685714285714286
672,28,13,7.685714285714286
672,29,14,8.421052631578947
672,30,15,8.421052631578947
672,31,14,8.825
672,32,16,9.146341463414634
672,33,16,9.674418604651162
672,34,18,9.674418604651162
673,0,0,0
673,1,0,0
673,2,0,0
673,3,0,2.0
673,4,1,2.6666666666666665
673,5,0,3.0
673,6,0,3.0
673,7,0,3.1666666666666665
673,8,2,3.5
673,9,2,3.7
673,10,4,4.083333333333333
673,11,7,4.071428571428571
673,12,9,4.466666666666667
673,13,8,4.882352941176471
673,14,12,4.882352941176471
673,15,11,5.2631578947368425
673,16,12,5.2631578947368425
673,17,16,5.809523809523809
673,18,17,6.181818181818182
673,19,17,6.3478260869565215
673,20,0,7.12
673,21,0,7.269230769230769
673,22,2,7.074074074074074
673,23,3,7.275862068965517
673,24,3,7.548387096774194
673,25,1,7.818181818181818
673,26,3,7.647058823529412
673,27,12,7.6
673,28,20,8.31578947368421
673,29,22,8.31578947368421
673,30,27,9.0
673,31,33,9.0
673,32,36,8.952380952380953
673,33,38,9.75
673,34,38,9.733333333333333
674,0,0,0
674,1,0,0
674,2,0,2.0
674,3,1,2.0
674,4,4,2.6666666666666665
674,5,0,2.75
674,6,0,3.4
674,7,3,4.142857142857143
674,8,3,4.222222222222222
674,9,4,4.0
674,10,4,5.0
674,11,7,4.857142857142857
674,12,8,5.133333333333334
674,13,11,5.823529411764706
674,14,10,6.111111111111111
674,15,12,6.65
674,16,13,6.761904761904762
674,17,15,6.761904761904762
674,18,17,7.304347826086956
674,19,17,7.458333333333333
674,20,0,7.6
674,21,0,7.769230769230769
674,22,0,8.10344827586207
674,23,2,8.266666666666667
674,24,1,8.46875
674,25,1,8.46875
674,26,9,8.147058823529411
674,27,12,8.837837837837839
674,28,15,8.837837837837839
674,29,15,8.974358974358974
674,30,21,9.35
674,31,26,9.268292682926829
674,32,32,9.547619047619047
674,33,33,9.886363636363637
674,34,37,10.155555555555555
675,0,0,0
675,1,0,0
675,2,0,2.0
675,3,0,2.3333333333333335
675,4,0,2.3333333333333335
675,5,0,2.8
675,6,0,3.3333333333333335
675,7,0,3.75
675,8,1,4.111111111111111
675,9,0,4.2727272727272725
675,10,1,4.666666666666667
675,11,0,4.928571428571429
675,12,3,5.333333333333333
675,13,5,5.25
675,14,8,5.647058823529412
675,15,9,5.894736842105263
675,16,11,6.3
675,17,12,6.285714285714286
675,18,14,6.636363636363637
675,19,14,7.041666666666667
675,20,0,7.36
675,21,2,7.423076923076923
675,22,2,7.5
675,23,4,7.5
675,24,7,7.764705882352941
675,25,5,7.527777777777778
675,26,9,7.527777777777778
675,27,16,7.85
675,28,18,7.85
675,29,23,8.071428571428571
675,30,29,8.25
675,31,32,8.630434782608695
675,32,32,8.630434782608695
675,33,33,8.875
675,34,35,9.12
676,0,0,0
676,1,0,0
676,2,0,0
676,3,0,2.5
676,4,0,2.5
676,5,0,3.0
676,6,3,3.0
676,7,2,4.0
676,8,2,4.0
676,9,2,4.0
676,10,0,4.0
676,11,0,4.461538461538462
676,12,4,4.461538461538462
676,13,8,4.357142857142857
676,14,9,5.1875
676,15,10,5.117647058823529
676,16,14,5.947368421052632
676,17,15,5.947368421052632
676,18,17,6.863636363636363
676,19,19,6.863636363636363
676,20,0,7.043478260869565
676,21,0,7.541666666666667
676,22,2,7.62962962962963
676,23,6,7.62962962962963
676,24,10,7.733333333333333
676,25,3,7.733333333333333
676,26,8,7.818181818181818
676,27,10,8.264705882352942
676,28,14,8.472222222222221
676,29,22,8.91891891891892
676,30,32,8.868421052631579
676,31,37,9.205128205128204
676,32,38,9.585365853658537
676,33,38,9.813953488372093
676,34,40,10.181818181818182
677,0,0,0
677,1,0,0
677,2,0,0
677,3,1,3.0
677,4,1,2.5
677,5,0,3.0
677,6,1,3.25
677,7,0,3.3333333333333335
677,8,0,3.142857142857143
677,9,1,4.0
677,10,1,3.8
677,11,4,4.538461538461538
677,12,5,4.5
677,13,6,4.875
677,14,7,5.176470588235294
677,15,6,5.166666666666667
677,16,7,5.6
677,17,8,5.857142857142857
677,18,11,6.3478260869565215
677,19,13,6.3478260869565215
677,20,0,6.76
677,21,2,7.115384615384615
677,22,3,7.2592592592592595
677,23,5,7.2592592592592595
677,24,5,7.548387096774194
677,25,1,7.34375
677,26,0,7.485714285714286
677,27,4,7.8108108108108105
677,28,11,8.131578947368421
677,29,22,8.275
677,30,26,8.476190476190476
677,31,27,8.476190476190476
677,32,26,9.045454545454545
677,33,27,9.333333333333334
677,34,26,9.72340425531915
678,0,0,0
678,1,0,0
678,2,0,0
678,3,0,0
678,4,0,2.5
678,5,0,3.0
678,6,0,3.0
678,7,1,3.6
678,8,0,3.5714285714285716
678,9,1,3.875
678,10,1,4.0
678,11,4,4.545454545454546
678,12,5,4.714285714285714
678,13,5,4.714285714285714
678,14,5,5.125
678,15,6,5.125
678,16,8,5.611111111111111
678,17,13,6.052631578947368
678,18,14,6.15
678,19,16,6.15
678,20,0,6.7727272727272725
678,21,3,7.173913043478261
678,22,5,7.5
678,23,7,7.5
678,24,8,7.586206896551724
678,25,2,7.933333333333334
678,26,2,7.6875
678,27,7,8.030303030303031
678,28,14,7.911764705882353
678,29,23,8.444444444444445
678,30,29,8.783783783783784
678,31,30,9.282051282051283
678,32,30,9.282051282051283
678,33,30,9.225
678,34,32,9.857142857142858
679,0,0,0
679,1,0,0
679,2,0,0
679,3,0,2.5
679,4,1,2.5
679,5,0,3.0
679,6,0,3.6
679,7,0,3.5714285714285716
679,8,3,3.75
679,9,3,3.5
679,10,6,4.25
679,11,6,4.230769230769231
679,12,10,4.357142857142857
679,13,9,4.466666666666667
679,14,11,5.0
679,15,12,5.388888888888889
679,16,14,5.388888888888889
679,17,13,6.238095238095238
679,18,14,6.363636363636363
679,19,16,6.826086956521739
679,20,0,7.16
679,21,3,7.615384615384615
679,22,6,7.793103448275862
679,23,8,8.2
679,24,11,8.121212121212121
679,25,5,8.5
679,26,5,8.333333333333334
679,27,7,8.820512820512821
679,28,9,8.820512820512821
679,29,19,9.097560975609756
679,30,29,9.097560975609756
679,31,33,9.613636363636363
679,32,33,9.613636363636363
679,33,32,9.847826086956522
679,34,33,10.166666666666666
680,0,0,0
680,1,0,0
680,2,0,2.0
680,3,0,2.5
680,4,1,2.3333333333333335
680,5,0,3.0
680,6,0,3.0
680,7,4,4.0
680,8,4,3.6666666666666665
680,9,6,4.0
680,10,5,4.0
680,11,8,4.461538461538462
680,12,11,4.8
680,13,13,5.125
680,14,13,5.777777777777778
680,15,15,6.052631578947368
680,16,17,6.2
680,17,19,6.571428571428571
680,18,18,7.043478260869565
680,19,20,7.416666666666667
680,20,0,7.56
680,21,2,8.25925925925926
680,22,3,8.206896551724139
680,23,6,8.206896551724139
680,24,8,8.575757575757576
680,25,1,8.575757575757576
680,26,2,8.666666666666666
680,27,5,9.105263157894736
680,28,12,9.525
680,29,17,9.560975609756097
680,30,23,9.904761904761905
680,31,23,10.090909090909092
680,32,29,10.673913043478262
680,33,30,10.808510638297872
680,34,29,11.183673469387756
681,0,0,0
681,1,0,0
681,2,0,2.0
681,3,0,2.5
681,4,0,2.3333333333333335
681,5,0,2.3333333333333335
681,6,0,3.0
681,7,2,3.5
681,8,1,3.2857142857142856
681,9,2,4.1
681,10,0,4.090909090909091
681,11,0,4.642857142857143
681,12,3,4.5625
681,13,6,5.0
681,14,7,5.157894736842105
681,15,8,5.157894736842105
681,16,8,5.818181818181818
681,17,9,5.818181818181818
681,18,12,6.208333333333333
681,19,12,6.56
681,20,0,6.730769230769231
681,21,4,7.321428571428571
681,22,5,7.233333333333333
681,23,9,7.233333333333333
681,24,8,7.647058823529412
681,25,4,7.647058823529412
681,26,3,7.72972972972973
681,27,8,7.947368421052632
681,28,19,7.897435897435898
681,29,23,8.1
681,30,26,8.261904761904763
681,31,27,8.261904761904763
681,32,26,8.477272727272727
681,33,28,8.733333333333333
681,34,29,8.869565217391305
682,0,0,0
682,1,0,0
682,2,0,0
682,3,0,2.0
682,4,0,2.0
682,5,0,2.6666666666666665
682,6,0,3.0
682,7,0,3.142857142857143
682,8,1,3.125
682,9,2,3.3333333333333335
682,10,0,4.0
682,11,2,4.0
682,12,2,3.9285714285714284
682,13,3,3.9285714285714284
682,14,4,4.764705882352941
682,15,8,4.764705882352941
682,16,9,4.888888888888889
682,17,13,5.75
682,18,13,5.9523809523809526
682,19,16,5.9523809523809526
682,20,0,6.791666666666667
682,21,0,6.791666666666667
682,22,2,7.0
682,23,6,7.357142857142857
682,24,4,7.419354838709677
682,25,1,7.28125
682,26,1,7.588235294117647
682,27,6,7.777777777777778
682,28,13,7.777777777777778
682,29,21,8.078947368421053
682,30,22,8.307692307692308
682,31,26,8.225
682,32,28,8.785714285714286
682,33,28,9.023255813953488
682,34,28,9.577777777777778
683,0,0,0
683,1,0,0
683,2,0,0
683,3,0,0
683,4,1,3.0
683,5,0,2.3333333333333335
683,6,0,2.5
683,7,0,2.857142857142857
683,8,3,2.857142857142857
683,9,3,3.2
683,10,3,3.4545454545454546
683,11,4,3.5384615384615383
683,12,7,3.857142857142857
683,13,7,4.0
683,14,8,4.375
683,15,8,4.888888888888889
683,16,11,4.888888888888889
683,17,12,5.4
683,18,14,5.761904761904762
683,19,13,6.260869565217392
683,20,0,6.260869565217392
683,21,1,6.84
683,22,3,7.1923076923076925
683,23,2,7.071428571428571
683,24,6,7.4
683,25,3,7.6875
683,26,3,7.545454545454546
683,27,9,7.722222222222222
683,28,14,8.105263157894736
683,29,15,8.105263157894736
683,30,17,8.6
683,31,18,8.634146341463415
683,32,21,8.904761904761905
683,33,21,9.159090909090908
683,34,22,9.422222222222222
684,0,0,0
684,1,0,0
684,2,0,0
684,3,0,3.0
684,4,0,3.5
684,5,0,3.0
684,6,0,3.0
684,7,0,3.4285714285714284
684,8,0,3.625
684,9,0,4.0
684,10,0,4.0
684,11,1,4.090909090909091
684,12,1,3.9166666666666665
684,13,2,4.642857142857143
684,14,3,4.6
684,15,5,4.9375
684,16,6,5.333333333333333
684,17,7,5.333333333333333
684,18,9,6.095238095238095
684,19,10,6.095238095238095
684,20,0,6.434782608695652
684,21,3,6.833333333333333
684,22,2,7.0
684,23,5,7.0
684,24,6,7.133333333333334
684,25,11,7.387096774193548
684,26,16,7.212121212121212
684,27,17,7.529411764705882
684,28,20,7.75
684,29,21,8.026315789473685
684,30,21,8.475
684,31,20,8.857142857142858
684,32,22,9.069767441860465
684,33,21,9.272727272727273
684,34,22,9.76086956521739
685,0,0,0
685,1,0,0
685,2,1,2.0
685,3,1,2.0
685,4,2,2.75
685,5,0,2.8
685,6,0,3.5714285714285716
685,7,2,3.375
685,8,3,3.7777777777777777
685,9,2,4.2727272727272725
685,10,2,4.083333333333333
685,11,4,4.714285714285714
685,12,8,4.6
685,13,9,5.117647058823529
685,14,10,5.5
685,15,11,5.95
685,16,11,5.95
685,17,12,6.608695652173913
685,18,14,6.608695652173913
685,19,13,6.708333333333333
685,20,0,7.3076923076923075
685,21,2,7.481481481481482
685,22,3,7.785714285714286
685,23,3,7.709677419354839
685,24,5,7.909090909090909
685,25,3,8.057142857142857
685,26,4,8.447368421052632
685,27,13,8.447368421052632
685,28,17,8.625
685,29,22,8.926829268292684
685,30,22,9.13953488372093
685,31,22,9.409090909090908
685,32,22,9.555555555555555
685,33,23,9.808510638297872
685,34,26,9.808510638297872
686,0,0,0
686,1,0,0
686,2,0,0
686,3,0,0
686,4,0,3.0
686,5,0,3.0
686,6,2,3.0
686,7,3,3.5
686,8,3,3.75
686,9,2,3.7777777777777777
686,10,2,4.0
686,11,4,4.538461538461538
686,12,6,4.538461538461538
686,13,5,5.625
686,14,7,5.625
686,15,10,5.9411764705882355
686,16,11,6.631578947368421
686,17,12,6.65
686,18,11,6.714285714285714
686,19,11,7.541666666666667
686,20,0,7.541666666666667
686,21,0,7.961538461538462
686,22,0,8.142857142857142
686,23,0,8.142857142857142
686,24,3,8.233333333333333
686,25,5,8.606060606060606
686,26,8,8.857142857142858
686,27,15,9.0
686,28,20,9.0
686,29,20,9.512195121951219
686,30,20,9.512195121951219
686,31,19,9.790697674418604
686,32,20,10.068181818181818
686,33,21,10.304347826086957
686,34,21,10.304347826086957
687,0,0,0
687,1,0,0
687,2,0,2.0
687,3,0,2.3333333333333335
687,4,0,2.25
687,5,0,2.8
687,6,1,2.857142857142857
687,7,2,3.111111111111111
687,8,1,3.272727272727273
687,9,4,3.6153846153846154
687,10,3,3.642857142857143
687,11,4,4.0
687,12,7,4.0
687,13,7,4.421052631578948
687,14,8,4.75
687,15,8,4.857142857142857
687,16,11,5.2272727272727275
687,17,13,5.708333333333333
687,18,14,6.08
687,19,16,6.481481481481482
687,20,0,6.821428571428571
687,21,2,6.9655172413793105
687,22,4,7.266666666666667
687,23,6,7.40625
687,24,8,7.242424242424242
687,25,5,7.864864864864865
687,26,10,7.864864864864865
687,27,13,8.025
687,28,17,8.317073170731707
687,29,22,8.238095238095237
687,30,30,8.75
687,31,29,9.217391304347826
687,32,31,9.645833333333334
687,33,31,9.795918367346939
687,34,33,10.1
688,0,0,0
688,1,0,0
688,2,0,0
688,3,0,2.0
688,4,0,3.0
688,5,0,2.75
688,6,1,2.75
688,7,1,3.3333333333333335
688,8,3,3.5714285714285716
688,9,1,3.4444444444444446
688,10,0,4.181818181818182
688,11,1,4.230769230769231
688,12,5,4.8
688,13,7,4.6875
688,14,9,4.6875
688,15,8,5.368421052631579
688,16,9,5.368421052631579
688,17,13,6.0
688,18,15,6.0
688,19,19,6.88
688,20,0,6.88
688,21,0,7.076923076923077
688,22,1,7.517241379310345
688,23,3,7.517241379310345
688,24,2,7.90625
688,25,3,7.7272727272727275
688,26,5,7.828571428571428
688,27,10,8.473684210526315
688,28,13,8.564102564102564
688,29,16,8.625
688,30,19,9.19047619047619
688,31,21,9.116279069767442
688,32,23,9.577777777777778
688,33,23,9.936170212765957
688,34,25,10.166666666666666
689,0,0,0
689,1,0,0
689,2,0,2.0
689,3,0,2.0
689,4,0,2.5
689,5,0,3.0
689,6,0,3.0
689,7,0,3.6666666666666665
689,8,0,3.6666666666666665
689,9,3,3.6666666666666665
689,10,1,4.2
689,11,6,4.2
689,12,6,4.166666666666667
689,13,8,5.0
689,14,9,5.0
689,15,11,5.4375
689,16,10,5.833333333333333
689,17,11,5.833333333333333
689,18,12,6.761904761904762
689,19,14,6.761904761904762
689,20,0,7.260869565217392
689,21,2,7.666666666666667
689,22,2,8.153846153846153
689,23,3,8.321428571428571
689,24,6,8.172413793103448
689,25,4,8.625
689,26,9,8.545454545454545
689,27,16,8.916666666666666
689,28,19,9.108108108108109
689,29,21,9.157894736842104
689,30,24,9.55
689,31,23,9.487804878048781
689,32,23,9.487804878048781
689,33,24,9.886363636363637
689,34,24,9.886363636363637
690,0,0,0
690,1,0,0
690,2,0,2.0
690,3,0,2.5
690,4,0,2.3333333333333335
690,5,0,2.75
690,6,1,2.8
690,7,1,3.4285714285714284
690,8,1,3.7777777777777777
690,9,1,3.6
690,10,0,3.727272727272727
690,11,5,4.428571428571429
690,12,8,4.466666666666667
690,13,8,4.705882352941177
690,14,10,4.705882352941177
690,15,12,5.4
690,16,13,5.4
690,17,13,5.476190476190476
690,18,14,6.333333333333333
690,19,14,6.333333333333333
690,20,0,6.8076923076923075
690,21,1,7.074074074074074
690,22,3,7.285714285714286
690,23,5,7.466666666666667
690,24,5,7.666666666666667
690,25,0,8.0
690,26,1,8.055555555555555
690,27,8,8.243243243243244
690,28,17,8.605263157894736
690,29,23,8.85
690,30,24,8.731707317073171
690,31,24,9.095238095238095
690,32,25,9.023255813953488
690,33,27,9.488888888888889
690,34,28,9.782608695652174
691,0,0,0
691,1,0,0
691,2,1,0
691,3,0,2.0
691,4,0,3.3333333333333335
691,5,0,3.5
691,6,0,3.5
691,7,0,3.5714285714285716
691,8,2,4.0
691,9,1,3.8
691,10,1,4.2727272727272725
691,11,0,4.5
691,12,4,4.933333333333334
691,13,8,4.875
691,14,9,5.5
691,15,10,5.421052631578948
691,16,11,5.7
691,17,10,6.0
691,18,10,6.260869565217392
691,19,9,6.458333333333333
691,20,0,6.72
691,21,0,7.148148148148148
691,22,3,7.148148148148148
691,23,6,6.966666666666667
691,24,8,7.258064516129032
691,25,3,7.03030303030303
691,26,4,7.324324324324325
691,27,7,7.324324324324325
691,28,17,7.564102564102564
691,29,27,7.775
691,30,26,8.0
691,31,26,8.0
691,32,25,8.116279069767442
691,33,26,8.340909090909092
691,34,26,8.608695652173912
692,0,0,0
692,1,0,0
692,2,1,0
692,3,1,2.5
692,4,2,3.0
692,5,0,3.25
692,6,1,3.8
692,7,3,3.857142857142857
692,8,5,4.25
692,9,5,4.545454545454546
692,10,6,4.545454545454546
692,11,5,5.0
692,12,9,5.333333333333333
692,13,8,5.625
692,14,11,5.625
692,15,15,6.421052631578948
692,16,16,6.421052631578948
692,17,17,6.6
692,18,20,7.318181818181818
692,19,22,7.478260869565218
692,20,0,7.478260869565218
692,21,2,8.307692307692308
692,22,4,8.074074074074074
692,23,5,8.724137931034482
692,24,5,8.566666666666666
692,25,1,8.575757575757576
692,26,4,8.714285714285714
692,27,11,8.81578947368421
692,28,17,9.128205128205128
692,29,19,9.0
692,30,23,9.642857142857142
692,31,23,9.55813953488372
692,32,28,9.772727272727273
692,33,32,10.574468085106384
692,34,37,10.574468085106384
693,0,0,0
693,1,0,0
693,2,0,2.0
693,3,0,2.0
693,4,1,2.0
693,5,0,2.6666666666666665
693,6,0,3.4
693,7,3,3.4
693,8,2,3.7142857142857144
693,9,2,4.125
693,10,2,4.363636363636363
693,11,2,4.75
693,12,2,5.266666666666667
693,13,4,5.625
693,14,5,5.882352941176471
693,15,7,6.277777777777778
693,16,8,6.65
693,17,8,7.0
693,18,9,7.0
693,19,12,7.708333333333333
693,20,0,7.72
693,21,1,8.407407407407407
693,22,1,8.464285714285714
693,23,4,8.433333333333334
693,24,6,8.4375
693,25,6,8.314285714285715
693,26,13,8.35135135135135
693,27,19,8.45
693,28,20,8.365853658536585
693,29,20,8.659090909090908
693,30,22,8.659090909090908
693,31,21,8.622222222222222
693,32,22,9.0
693,33,21,9.0
693,34,23,9.122448979591837
694,0,0,0
694,1,0,0
694,2,0,0
694,3,0,2.5
694,4,0,2.6666666666666665
694,5,0,2.75
694,6,1,3.4
694,7,0,3.625
694,8,1,3.625
694,9,2,4.2
694,10,2,4.25
694,11,4,4.571428571428571
694,12,8,4.75
694,13,10,5.0588235294117645
694,14,12,5.2631578947368425
694,15,16,5.2631578947368425
694,16,16,5.666666666666667
694,17,18,5.954545454545454
694,18,19,6.043478260869565
694,19,21,6.730769230769231
694,20,0,6.730769230769231
694,21,0,7.379310344827586
694,22,0,7.2
694,23,1,7.545454545454546
694,24,0,7.382352941176471
694,25,0,7.527777777777778
694,26,4,7.8108108108108105
694,27,3,7.923076923076923
694,28,4,8.2
694,29,7,8.097560975609756
694,30,17,8.772727272727273
694,31,20,8.955555555555556
694,32,25,9.130434782608695
694,33,25,9.625
694,34,24,9.775510204081632
695,0,0,0
695,1,0,0
695,2,1,0
695,3,0,2.0
695,4,1,3.0
695,5,0,3.25
695,6,0,3.25
695,7,2,3.4
695,8,2,4.375
695,9,2,4.375
695,10,3,4.545454545454546
695,11,6,4.545454545454546
695,12,6,5.4
695,13,9,5.4
695,14,8,5.944444444444445
695,15,10,5.944444444444445
695,16,10,6.35
695,17,13,6.476190476190476
695,18,14,6.956521739130435
695,19,15,6.956521739130435
695,20,0,7.32
695,21,1,7.481481481481482
695,22,3,7.517241379310345
695,23,2,7.366666666666666
695,24,6,7.125
695,25,6,7.305555555555555
695,26,8,7.305555555555555
695,27,13,7.487179487179487
695,28,17,7.804878048780488
695,29,19,8.209302325581396
695,30,19,8.488888888888889
695,31,18,8.456521739130435
695,32,19,8.74468085106383
695,33,19,9.204081632653061
695,34,21,9.4
696,0,0,0
696,1,0,0
696,2,0,2.0
696,3,0,2.0
696,4,0,2.0
696,5,0,2.0
696,6,0,3.0
696,7,1,3.2
696,8,1,3.3333333333333335
696,9,1,4.0
696,10,1,4.2
696,11,3,4.25
696,12,5,4.571428571428571
696,13,6,4.8
696,14,7,4.8125
696,15,8,4.8125
696,16,9,5.166666666666667
696,17,11,5.473684210526316
696,18,12,5.6
696,19,14,6.2727272727272725
696,20,0,6.391304347826087
696,21,2,6.75
696,22,2,7.037037037037037
696,23,4,6.892857142857143
696,24,7,7.354838709677419
696,25,4,7.28125
696,26,6,7.371428571428571
696,27,12,7.638888888888889
696,28,20,7.5675675675675675
696,29,26,8.075
696,30,27,8.075
696,31,26,8.292682926829269
696,32,28,8.837209302325581
696,33,27,9.022727272727273
696,34,29,9.333333333333334
697,0,0,0
697,1,0,0
697,2,0,2.0
697,3,1,2.5
697,4,1,2.75
697,5,0,2.75
697,6,1,3.5
697,7,0,4.0
697,8,2,4.3
697,9,3,4.363636363636363
697,10,2,4.166666666666667
697,11,2,4.933333333333334
697,12,6,4.875
697,13,5,5.578947368421052
697,14,9,5.578947368421052
697,15,8,5.9523809523809526
697,16,10,6.2727272727272725
697,17,12,6.304347826086956
697,18,14,6.708333333333333
697,19,17,7.115384615384615
697,20,0,7.115384615384615
697,21,0,7.428571428571429
697,22,1,7.387096774193548
697,23,3,7.387096774193548
697,24,1,7.628571428571429
697,25,3,7.628571428571429
697,26,8,7.7105263157894735
697,27,12,7.9743589743589745
697,28,15,8.195121951219512
697,29,22,8.476190476190476
697,30,27,8.418604651162791
697,31,29,8.933333333333334
697,32,28,8.91304347826087
697,33,30,8.91304347826087
697,34,32,9.387755102040817
698,0,0,0
698,1,0,0
698,2,0,0
698,3,0,3.0
698,4,0,3.0
698,5,0,3.0
698,6,0,3.25
698,7,4,4.0
698,8,3,3.5714285714285716
698,9,5,4.125
698,10,2,4.545454545454546
698,11,4,4.545454545454546
698,12,9,4.928571428571429
698,13,10,5.4
698,14,11,5.375
698,15,14,5.705882352941177
698,16,16,6.157894736842105
698,17,16,6.157894736842105
698,18,18,6.571428571428571
698,19,19,7.0
698,20,0,7.130434782608695
698,21,3,7.88
698,22,2,8.0
698,23,3,8.333333333333334
698,24,3,8.333333333333334
698,25,4,8.580645161290322
698,26,5,8.303030303030303
698,27,7,8.885714285714286
698,28,14,8.75
698,29,21,9.131578947368421
698,30,24,9.575
698,31,28,9.833333333333334
698,32,32,10.318181818181818
698,33,31,10.444444444444445
698,34,33,10.895833333333334
699,0,0,0
699,1,0,0
699,2,0,0
699,3,0,2.0
699,4,2,2.6666666666666665
699,5,0,2.75
699,6,3,3.2
699,7,3,3.625
699,8,5,3.625
699,9,8,4.416666666666667
699,10,7,4.416666666666667
699,11,7,5.0
699,12,11,5.375
699,13,18,5.777777777777778
699,14,18,6.052631578947368
699,15,18,6.15
699,16,18,6.428571428571429
699,17,18,6.826086956521739
699,18,20,6.826086956521739
699,19,24,7.28
699,20,0,7.615384615384615
699,21,0,7.777777777777778
699,22,0,8.071428571428571
699,23,0,8.166666666666666
699,24,0,8.483870967741936
699,25,0,8.606060606060606
699,26,5,8.742857142857142
699,27,6,8.631578947368421
699,28,12,8.923076923076923
699,29,12,8.8
699,30,14,9.073170731707316
699,31,20,9.279069767441861
699,32,22,9.488888888888889
699,33,25,9.893617021276595
699,34,29,10.16326530612245
700,0,0,0
700,1,0,0
700,2,0,0
700,3,1,2.0
700,4,1,3.0
700,5,0,3.0
700,6,0,3.0
700,7,0,3.857142857142857
700,8,0,3.625
700,9,0,3.625
700,10,0,4.4
700,11,2,4.4
700,12,2,4.583333333333333
700,13,4,4.846153846153846
700,14,5,5.0
700,15,7,5.0
700,16,7,5.176470588235294
700,17,7,5.5
700,18,6,5.578947368421052
700,19,7,5.8
700,20,0,6.136363636363637
700,21,3,6.391304347826087
700,22,4,6.56
700,23,5,6.846153846153846
700,24,9,6.928571428571429
700,25,7,6.758620689655173
700,26,7,6.875
700,27,10,7.121212121212121
700,28,14,7.323529411764706
700,29,17,7.861111111111111
700,30,18,7.972972972972973
700,31,19,8.263157894736842
700,32,18,8.775
700,33,18,9.0
700,34,17,9.285714285714286
701,0,0,0
701,1,0,0
701,2,0,2.0
701,3,1,2.5
701,4,2,2.25
701,5,0,2.25
701,6,0,2.6
701,7,1,3.142857142857143
701,8,2,3.375
701,9,3,3.5
701,10,5,4.0
701,11,6,4.230769230769231
701,12,9,4.866666666666666
701,13,9,4.9375
701,14,11,4.9375
701,15,10,5.684210526315789
701,16,11,5.684210526315789
701,17,11,5.85
701,18,12,6.545454545454546
701,19,11,6.695652173913044
701,20,0,7.36
701,21,0,7.538461538461538
701,22,1,7.814814814814815
701,23,2,7.7
701,24,4,7.935483870967742
701,25,1,7.636363636363637
701,26,9,7.970588235294118
701,27,12,7.972972972972973
701,28,23,8.179487179487179
701,29,24,8.179487179487179
701,30,23,8.341463414634147
701,31,25,8.642857142857142
701,32,24,8.604651162790697
701,33,27,9.066666666666666
701,34,26,9.065217391304348
702,0,0,0
702,1,0,0
702,2,0,0
702,3,0,3.0
702,4,1,3.0
702,5,0,3.0
702,6,0,3.6
702,7,4,4.166666666666667
702,8,4,3.888888888888889
702,9,4,4.3
702,10,3,4.166666666666667
702,11,5,4.538461538461538
702,12,6,5.266666666666667
702,13,8,5.266666666666667
702,14,9,6.111111111111111
702,15,12,6.111111111111111
702,16,14,6.421052631578948
702,17,17,7.0476190476190474
702,18,18,7.2272727272727275
702,19,20,7.2272727272727275
702,20,0,7.88
702,21,2,7.88
702,22,2,8.071428571428571
702,23,3,8.166666666666666
702,24,2,8.151515151515152
702,25,3,8.151515151515152
702,26,3,8.13888888888889
702,27,4,8.342105263157896
702,28,10,8.5
702,29,18,8.5
702,30,20,8.738095238095237
702,31,24,8.976744186046512
702,32,26,9.222222222222221
702,33,26,9.434782608695652
702,34,25,9.666666666666666
703,0,0,0
703,1,0,0
703,2,0,2.0
703,3,0,2.3333333333333335
703,4,0,2.25
703,5,0,2.4
703,6,0,2.857142857142857
703,7,0,2.888888888888889
703,8,2,3.3636363636363638
703,9,2,3.230769230769231
703,10,2,3.230769230769231
703,11,4,3.9375
703,12,5,3.9375
703,13,5,4.277777777777778
703,14,7,4.578947368421052
703,15,9,4.9523809523809526
703,16,11,4.9523809523809526
703,17,14,5.045454545454546
703,18,15,5.583333333333333
703,19,16,5.72
703,20,0,5.72
703,21,2,6.535714285714286
703,22,2,6.379310344827586
703,23,5,6.580645161290323
703,24,5,6.647058823529412
703,25,5,6.542857142857143
703,26,4,6.948717948717949
703,27,9,6.948717948717949
703,28,17,7.170731707317073
703,29,20,7.428571428571429
703,30,25,7.636363636363637
703,31,24,7.844444444444444
703,32,23,8.458333333333334
703,33,23,8.653061224489797
703,34,23,8.84
704,0,0,0
704,1,0,0
704,2,0,2.0
704,3,3,2.0
704,4,3,2.6666666666666665
704,5,0,3.0
704,6,1,3.2
704,7,6,4.142857142857143
704,8,5,3.7777777777777777
704,9,6,3.7777777777777777
704,10,1,4.923076923076923
704,11,4,4.923076923076923
704,12,8,5.764705882352941
704,13,11,5.764705882352941
704,14,11,6.157894736842105
704,15,13,6.157894736842105
704,16,15,6.428571428571429
704,17,17,6.428571428571429
704,18,19,6.695652173913044
704,19,21,7.041666666666667
704,20,0,7.16
704,21,3,7.592592592592593
704,22,2,7.714285714285714
704,23,6,7.714285714285714
704,24,7,7.875
704,25,4,7.875
704,26,6,8.166666666666666
704,27,9,8.166666666666666
704,28,11,8.08108108108108
704,29,13,8.58974358974359
704,30,20,8.525
704,31,24,8.804878048780488
704,32,28,9.046511627906977
704,33,32,9.046511627906977
704,34,33,9.58695652173913
705,0,0,0
705,1,0,0
705,2,0,0
705,3,1,3.0
705,4,2,3.0
705,5,0,3.0
705,6,0,3.8
705,7,2,3.8
705,8,4,4.375
705,9,4,4.666666666666667
705,10,2,4.916666666666667
705,11,6,4.916666666666667
705,12,7,5.4375
705,13,9,5.4375
705,14,10,5.944444444444445
705,15,13,6.2631578947368425
705,16,15,6.55
705,17,16,6.761904761904762
705,18,17,6.818181818181818
705,19,20,7.333333333333333
705,20,0,7.44
705,21,0,7.6923076923076925
705,22,0,7.851851851851852
705,23,2,8.448275862068966
705,24,4,8.233333333333333
705,25,1,8.0
705,26,3,8.685714285714285
705,27,4,8.777777777777779
705,28,11,9.342105263157896
705,29,16,9.205128205128204
705,30,24,9.731707317073171
705,31,27,9.642857142857142
705,32,29,10.28888888888889
705,33,30,10.26086956521739
705,34,29,10.693877551020408
706,0,0,0
706,1,0,0
706,2,0,0
706,3,0,2.5
706,4,2,2.5
706,5,0,3.0
706,6,3,3.4
706,7,3,3.2857142857142856
706,8,5,3.888888888888889
706,9,5,4.0
706,10,2,4.0
706,11,2,4.933333333333334
706,12,6,4.933333333333334
706,13,8,5.235294117647059
706,14,11,5.444444444444445
706,15,12,5.85
706,16,12,6.0476190476190474
706,17,11,6.260869565217392
706,18,13,6.260869565217392
706,19,15,6.333333333333333
706,20,0,6.769230769230769
706,21,0,6.888888888888889
706,22,0,7.310344827586207
706,23,0,7.133333333333334
706,24,0,7.32258064516129
706,25,0,7.363636363636363
706,26,0,7.5588235294117645
706,27,3,7.648648648648648
706,28,7,7.648648648648648
706,29,18,7.925
706,30,18,7.925
706,31,17,8.047619047619047
706,32,17,8.047619047619047
706,33,17,8.431818181818182
706,34,17,8.666666666666666
707,0,0,0
707,1,0,0
707,2,1,2.0
707,3,0,2.3333333333333335
707,4,0,2.75
707,5,0,3.1666666666666665
707,6,1,3.1666666666666665
707,7,3,3.5555555555555554
707,8,5,3.6
707,9,6,3.5
707,10,4,3.923076923076923
707,11,3,4.1875
707,12,9,4.588235294117647
707,13,8,4.666666666666667
707,14,12,5.0
707,15,12,5.333333333333333
707,16,13,5.681818181818182
707,17,12,5.826086956521739
707,18,16,6.44
707,19,17,6.576923076923077
707,20,0,6.888888888888889
707,21,2,7.310344827586207
707,22,2,7.32258064516129
707,23,4,7.32258064516129
707,24,3,7.294117647058823
707,25,0,7.527777777777778
707,26,0,7.486486486486487
707,27,5,7.923076923076923
707,28,7,7.775
707,29,14,7.775
707,30,21,8.162790697674419
707,31,29,8.162790697674419
707,32,30,8.113636363636363
707,33,30,8.630434782608695
707,34,29,8.72340425531915
708,0,0,0
708,1,0,0
708,2,0,0
708,3,0,3.0
708,4,0,2.6666666666666665
708,5,0,3.25
708,6,1,3.0
708,7,1,3.625
708,8,2,3.625
708,9,1,4.181818181818182
708,10,3,4.181818181818182
708,11,5,4.076923076923077
708,12,8,4.285714285714286
708,13,10,4.6875
708,14,12,4.6875
708,15,13,5.055555555555555
708,16,14,5.421052631578948
708,17,14,5.809523809523809
708,18,15,6.0
708,19,16,6.130434782608695
708,20,0,6.52
708,21,0,6.6923076923076925
708,22,3,6.6923076923076925
708,23,6,6.833333333333333
708,24,8,6.833333333333333
708,25,7,7.117647058823529
708,26,7,7.0285714285714285
708,27,14,7.27027027027027
708,28,18,7.461538461538462
708,29,22,7.75
708,30,25,7.7317073170731705
708,31,31,8.255813953488373
708,32,32,8.25
708,33,34,8.511111111111111
708,34,34,8.808510638297872
709,0,0,0
709,1,0,0
709,2,1,2.0
709,3,1,2.0
709,4,2,3.25
709,5,0,3.25
709,6,1,3.6
709,7,3,4.25
709,8,3,4.111111111111111
709,9,2,4.7272727272727275
709,10,1,5.076923076923077
709,11,3,5.285714285714286
709,12,4,5.5
709,13,5,5.944444444444445
709,14,8,5.944444444444445
709,15,8,6.15
709,16,10,6.428571428571429
709,17,11,6.608695652173913
709,18,14,6.608695652173913
709,19,15,7.230769230769231
709,20,0,7.230769230769231
709,21,1,7.793103448275862
709,22,3,7.6
709,23,5,7.75
709,24,4,7.571428571428571
709,25,0,7.861111111111111
709,26,1,7.82051282051282
709,27,8,8.075
709,28,17,7.951219512195122
709,29,27,8.372093023255815
709,30,27,8.295454545454545
709,31,26,8.638297872340425
709,32,26,8.638297872340425
709,33,26,8.755102040816327
709,34,27,8.96
710,0,0,0
710,1,0,0
710,2,0,2.0
710,3,1,2.0
710,4,1,2.75
710,5,0,2.75
710,6,0,3.7142857142857144
710,7,1,3.625
710,8,2,4.0
710,9,3,4.333333333333333
710,10,3,4.571428571428571
710,11,5,4.6875
710,12,8,4.777777777777778
710,13,8,4.842105263157895
710,14,12,5.1
710,15,12,5.318181818181818
710,16,13,5.318181818181818
710,17,14,5.88
710,18,14,5.88
710,19,15,6.0
710,20,0,6.464285714285714
710,21,2,6.620689655172414
710,22,2,6.5
710,23,4,6.787878787878788
710,24,6,6.833333333333333
710,25,4,7.108108108108108
710,26,7,6.9743589743589745
710,27,13,7.225
710,28,19,7.4523809523809526
710,29,25,7.674418604651163
710,30,26,7.659090909090909
710,31,26,8.173913043478262
710,32,26,8.191489361702128
710,33,27,8.673469387755102
710,34,26,8.86
711,0,0,0
711,1,0,0
711,2,1,0
711,3,3,2.0
711,4,6,3.0
711,5,0,3.5
711,6,2,3.5
711,7,3,4.285714285714286
711,8,4,4.285714285714286
711,9,8,4.0
711,10,7,4.6
711,11,10,5.153846153846154
711,12,14,5.153846153846154
711,13,13,5.75
711,14,13,5.75
711,15,14,6.555555555555555
711,16,15,6.7368421052631575
711,17,19,7.428571428571429
711,18,23,7.428571428571429
711,19,24,8.043478260869565
711,20,0,8.25
711,21,0,8.64
711,22,2,8.884615384615385
711,23,3,8.689655172413794
711,24,3,8.466666666666667
711,25,1,8.735294117647058
711,26,3,8.472222222222221
711,27,4,8.72972972972973
711,28,3,8.897435897435898
711,29,5,8.897435897435898
711,30,9,8.8
711,31,11,9.357142857142858
711,32,12,9.30232558139535
711,33,15,9.30232558139535
711,34,24,9.934782608695652
712,0,0,0
712,1,1,0
712,2,1,2.0
712,3,2,2.0
712,4,2,3.25
712,5,0,3.25
712,6,0,3.6
712,7,1,4.285714285714286
712,8,5,4.0
712,9,4,4.6
712,10,3,4.833333333333333
712,11,5,5.076923076923077
712,12,8,5.4
712,13,10,5.823529411764706
712,14,12,6.111111111111111
712,15,13,6.55
712,16,14,6.55
712,17,13,7.181818181818182
712,18,18,7.3478260869565215
712,19,18,7.416666666666667
712,20,0,7.76
712,21,1,8.11111111111111
712,22,3,7.857142857142857
712,23,3,8.32258064516129
712,24,5,8.15625
712,25,4,8.382352941176471
712,26,3,8.527777777777779
712,27,7,8.710526315789474
712,28,8,8.875
712,29,14,9.097560975609756
712,30,19,9.047619047619047
712,31,23,9.279069767441861
712,32,28,9.488888888888889
712,33,36,9.488888888888889
712,34,37,9.958333333333334
713,0,0,0
713,1,1,0
713,2,0,2.0
713,3,1,2.0
713,4,1,3.5
713,5,0,3.5
713,6,1,3.8333333333333335
713,7,1,4.0
713,8,2,3.9
713,9,1,4.416666666666667
713,10,1,4.5
713,11,2,4.5625
713,12,6,4.470588235294118
713,13,6,4.75
713,14,7,4.75
713,15,8,4.954545454545454
713,16,8,5.043478260869565
713,17,8,5.36
713,18,11,5.36
713,19,13,5.461538461538462
713,20,0,5.75
713,21,2,5.896551724137931
713,22,4,5.935483870967742
713,23,4,5.84375
713,24,4,6.0
713,25,2,6.142857142857143
713,26,4,6.027777777777778
713,27,10,6.35
713,28,20,6.35
713,29,24,6.523809523809524
713,30,26,6.6976744186046515
713,31,25,6.911111111111111
713,32,25,7.108695652173913
713,33,24,7.5625
713,34,26,7.775510204081633
714,0,0,0
714,1,0,0
714,2,0,2.0
714,3,1,2.6666666666666665
714,4,0,2.75
714,5,0,2.75
714,6,1,3.2857142857142856
714,7,1,3.125
714,8,3,3.3333333333333335
714,9,1,3.6666666666666665
714,10,4,3.6666666666666665
714,11,5,4.066666666666666
714,12,6,4.25
714,13,5,4.352941176470588
714,14,5,4.722222222222222
714,15,6,4.95
714,16,7,5.285714285714286
714,17,8,5.409090909090909
714,18,9,5.478260869565218
714,19,9,5.92
714,20,0,6.038461538461538
714,21,0,6.5
714,22,3,6.466666666666667
714,23,5,6.354838709677419
714,24,6,6.545454545454546
714,25,4,6.6
714,26,12,6.72972972972973
714,27,15,6.7105263157894735
714,28,19,6.897435897435898
714,29,22,7.2682926829268295
714,30,24,7.476190476190476
714,31,26,7.72093023255814
714,32,25,8.088888888888889
714,33,27,8.088888888888889
714,34,26,8.625
715,0,0,0
715,1,0,0
715,2,2,0
715,3,1,2.5
715,4,1,2.6666666666666665
715,5,0,3.4
715,6,0,3.4
715,7,0,3.6666666666666665
715,8,0,3.6666666666666665
715,9,0,3.6666666666666665
715,10,1,3.9166666666666665
715,11,0,3.769230769230769
715,12,1,3.75
715,13,2,3.823529411764706
715,14,3,3.7777777777777777
715,15,6,4.1
715,16,6,4.142857142857143
715,17,7,4.142857142857143
715,18,7,4.666666666666667
715,19,8,4.666666666666667
715,20,0,4.76
715,21,2,5.333333333333333
715,22,4,5.464285714285714
715,23,5,5.464285714285714
715,24,8,6.09375
715,25,8,6.0606060606060606
715,26,9,6.485714285714286
715,27,14,6.472222222222222
715,28,18,7.0256410256410255
715,29,18,7.0256410256410255
715,30,19,7.487804878048781
715,31,20,7.642857142857143
715,32,21,8.090909090909092
715,33,22,8.244444444444444
715,34,21,8.51063829787234
716,0,0,0
716,1,0,0
716,2,0,2.0
716,3,3,2.3333333333333335
716,4,2,2.8
716,5,0,3.0
716,6,0,3.142857142857143
716,7,4,3.4444444444444446
716,8,3,3.272727272727273
716,9,5,3.272727272727273
716,10,2,4.2
716,11,4,4.2
716,12,5,4.888888888888889
716,13,7,4.888888888888889
716,14,9,5.35
716,15,10,5.523809523809524
716,16,10,5.826086956521739
716,17,12,6.041666666666667
716,18,12,6.12
716,19,14,6.269230769230769
716,20,0,6.714285714285714
716,21,1,6.724137931034483
716,22,0,6.709677419354839
716,23,0,6.96875
716,24,1,6.878787878787879
716,25,1,7.055555555555555
716,26,8,6.945945945945946
716,27,15,7.102564102564102
716,28,19,7.102564102564102
716,29,18,7.4523809523809526
716,30,18,7.4523809523809526
716,31,17,7.613636363636363
716,32,16,7.782608695652174
716,33,18,7.782608695652174
716,34,19,7.808510638297872
717,0,0,0
717,1,0,0
717,2,1,2.0
717,3,3,2.0
717,4,3,2.3333333333333335
717,5,0,3.0
717,6,2,3.0
717,7,3,3.7142857142857144
717,8,3,4.333333333333333
717,9,4,4.3
717,10,3,4.846153846153846
717,11,8,4.928571428571429
717,12,10,5.133333333333334
717,13,11,5.470588235294118
717,14,11,5.5
717,15,12,5.5
717,16,14,6.0476190476190474
717,17,15,6.0476190476190474
717,18,15,6.181818181818182
717,19,18,6.708333333333333
717,20,0,6.84
717,21,2,7.296296296296297
717,22,4,7.275862068965517
717,23,7,7.709677419354839
717,24,8,7.454545454545454
717,25,2,7.571428571428571
717,26,2,7.578947368421052
717,27,3,7.589743589743589
717,28,10,7.8
717,29,16,7.928571428571429
717,30,27,7.928571428571429
717,31,26,8.666666666666666
717,32,26,8.666666666666666
717,33,25,8.869565217391305
717,34,25,9.291666666666666
718,0,0,0
718,1,0,0
718,2,0,2.0
718,3,1,2.3333333333333335
718,4,1,2.5
718,5,0,2.8
718,6,0,3.4285714285714284
718,7,3,3.625
718,8,1,3.727272727272727
718,9,4,4.0
718,10,2,4.2
718,11,2,4.4375
718,12,3,4.611111111111111
718,13,5,4.95
718,14,5,5.0
718,15,7,5.0
718,16,9,5.583333333333333
718,17,9,5.583333333333333
718,18,8,6.0
718,19,12,6.0
718,20,0,6.107142857142857
718,21,3,6.433333333333334
718,22,3,6.548387096774194
718,23,5,6.484848484848484
718,24,7,6.6571428571428575
718,25,6,6.605263157894737
718,26,12,6.871794871794871
718,27,18,6.804878048780488
718,28,26,7.1395348837209305
718,29,28,7.113636363636363
718,30,29,7.113636363636363
718,31,30,7.468085106382978
718,32,30,7.468085106382978
718,33,29,7.63265306122449
718,34,30,7.84
719,0,0,0
719,1,0,0
719,2,0,2.0
719,3,3,2.0
719,4,4,2.3333333333333335
719,5,0,3.0
719,6,1,3.0
719,7,3,3.4444444444444446
719,8,4,3.5
719,9,3,3.769230769230769
719,10,5,3.769230769230769
719,11,7,4.25
719,12,8,4.25
719,13,9,4.833333333333333
719,14,13,5.0
719,15,13,5.35
719,16,14,5.7272727272727275
719,17,13,5.913043478260869
719,18,15,6.166666666666667
719,19,15,6.5
719,20,0,6.5
719,21,3,7.172413793103448
719,22,3,6.838709677419355
719,23,5,7.0625
719,24,4,7.114285714285714
719,25,5,7.333333333333333
719,26,6,7.410256410256411
719,27,12,7.625
719,28,17,7.585365853658536
719,29,23,8.046511627906977
719,30,26,8.045454545454545
719,31,28,8.521739130434783
719,32,30,8.51063829787234
719,33,31,8.9
719,34,31,9.098039215686274
720,0,0,0
720,1,0,0
720,2,1,0
720,3,2,2.6666666666666665
720,4,4,2.6666666666666665
720,5,0,3.0
720,6,2,4.0
720,7,2,3.875
720,8,8,4.7
720,9,9,4.583333333333333
720,10,7,4.846153846153846
720,11,7,5.125
720,12,11,5.411764705882353
720,13,14,5.444444444444445
720,14,16,6.0
720,15,15,6.333333333333333
720,16,18,6.826086956521739
720,17,19,7.125
720,18,21,7.576923076923077
720,19,23,7.888888888888889
720,20,0,8.142857142857142
720,21,0,8.6
720,22,3,8.625
720,23,5,8.454545454545455
720,24,5,8.694444444444445
720,25,4,8.567567567567568
720,26,8,8.85
720,27,11,8.78048780487805
720,28,13,8.883720930232558
720,29,16,8.840909090909092
720,30,21,9.23913043478261
720,31,23,9.212765957446809
720,32,29,9.1875
720,33,37,9.6
720,34,39,9.588235294117647
721,0,0,0
721,1,1,0
721,2,1,2.0
721,3,3,2.3333333333333335
721,4,4,3.0
721,5,0,3.3333333333333335
721,6,0,3.625
721,7,0,3.625
721,8,3,4.181818181818182
721,9,2,4.0
721,10,3,4.3076923076923075
721,11,6,4.533333333333333
721,12,6,5.0
721,13,11,5.222222222222222
721,14,10,5.526315789473684
721,15,12,6.0
721,16,11,6.045454545454546
721,17,12,6.045454545454546
721,18,11,6.56
721,19,11,6.56
721,20,0,7.035714285714286
721,21,0,7.035714285714286
721,22,1,7.193548387096774
721,23,2,7.375
721,24,4,7.285714285714286
721,25,6,7.285714285714286
721,26,13,7.512820512820513
721,27,18,7.512820512820513
721,28,18,7.682926829268292
721,29,20,7.880952380952381
721,30,21,7.8604651162790695
721,31,21,8.045454545454545
721,32,20,8.5
721,33,22,8.5
721,34,23,9.183673469387756
722,0,0,0
722,1,0,0
722,2,0,0
722,3,3,2.5
722,4,3,2.5
722,5,0,3.2
722,6,1,3.2
722,7,1,3.7777777777777777
722,8,3,3.7777777777777777
722,9,3,4.090909090909091
722,10,1,4.5
722,11,2,4.866666666666666
722,12,4,4.866666666666666
722,13,6,5.117647058823529
722,14,6,5.277777777777778
722,15,8,5.368421052631579
722,16,8,5.809523809523809
722,17,10,5.954545454545454
722,18,12,6.130434782608695
722,19,15,6.44
722,20,0,6.615384615384615
722,21,0,7.0
722,22,2,7.0
722,23,2,6.935483870967742
722,24,6,7.0606060606060606
722,25,3,6.970588235294118
722,26,8,7.351351351351352
722,27,14,7.2631578947368425
722,28,20,7.512820512820513
722,29,26,7.7073170731707314
722,30,28,8.046511627906977
722,31,27,8.533333333333333
722,32,28,8.717391304347826
722,33,27,8.916666666666666
722,34,28,8.916666666666666
723,0,0,0
723,1,0,0
723,2,0,0
723,3,0,2.0
723,4,1,2.5
723,5,0,2.75
723,6,3,3.2
723,7,4,3.142857142857143
723,8,5,3.6666666666666665
723,9,5,3.727272727272727
723,10,3,3.727272727272727
723,11,4,4.666666666666667
723,12,7,4.666666666666667
723,13,11,5.0
723,14,12,5.277777777777778
723,15,12,5.473684210526316
723,16,14,6.0
723,17,13,6.136363636363637
723,18,15,6.434782608695652
723,19,18,6.8
723,20,0,6.8
723,21,0,7.2592592592592595
723,22,1,7.535714285714286
723,23,0,7.419354838709677
723,24,2,7.6875
723,25,1,7.685714285714286
723,26,2,7.527777777777778
723,27,6,7.923076923076923
723,28,9,7.923076923076923
723,29,13,8.121951219512194
723,30,18,8.380952380952381
723,31,21,8.325581395348838
723,32,27,8.545454545454545
723,33,31,8.73913043478261
723,34,33,8.97872340425532
724,0,0,0
724,1,0,0
724,2,0,2.0
724,3,0,2.5
724,4,1,2.25
724,5,0,2.8
724,6,0,2.8333333333333335
724,7,4,2.8333333333333335
724,8,6,3.6
724,9,8,3.6
724,10,4,3.8333333333333335
724,11,5,4.285714285714286
724,12,9,4.625
724,13,10,4.625
724,14,10,5.2105263157894735
724,15,13,5.2105263157894735
724,16,12,5.35
724,17,13,5.863636363636363
724,18,13,6.0
724,19,13,6.52
724,20,0,6.6923076923076925
724,21,3,6.714285714285714
724,22,2,7.1
724,23,1,6.967741935483871
724,24,1,7.03030303030303
724,25,0,7.138888888888889
724,26,3,7.108108108108108
724,27,9,7.256410256410256
724,28,17,7.425
724,29,19,7.5476190476190474
724,30,20,7.6976744186046515
724,31,19,7.659090909090909
724,32,22,8.08695652173913
724,33,21,8.46808510638298
724,34,21,8.708333333333334
725,0,0,0
725,1,0,0
725,2,0,2.0
725,3,1,2.3333333333333335
725,4,2,2.6
725,5,0,3.0
725,6,0,3.142857142857143
725,7,2,3.25
725,8,1,3.5
725,9,1,3.5
725,10,2,3.6923076923076925
725,11,4,4.0
725,12,4,4.25
725,13,4,4.352941176470588
725,14,8,4.631578947368421
725,15,8,4.75
725,16,10,5.0
725,17,12,5.173913043478261
725,18,12,5.44
725,19,13,5.653846153846154
725,20,0,5.964285714285714
725,21,2,6.172413793103448
725,22,1,6.34375
725,23,4,6.34375
725,24,3,6.6571428571428575
725,25,0,6.5
725,26,4,6.684210526315789
725,27,11,6.75
725,28,17,6.878048780487805
725,29,23,6.976744186046512
725,30,23,7.113636363636363
725,31,22,7.088888888888889
725,32,22,7.404255319148936
725,33,22,7.666666666666667
725,34,23,7.666666666666667
726,0,0,0
726,1,2,0
726,2,4,2.0
726,3,5,2.3333333333333335
726,4,4,2.8
726,5,0,2.8
726,6,0,3.75
726,7,2,3.75
726,8,6,3.6363636363636362
726,9,8,3.9166666666666665
726,10,6,4.214285714285714
726,11,11,4.333333333333333
726,12,13,4.611111111111111
726,13,14,4.7894736842105265
726,14,16,5.285714285714286
726,15,17,5.285714285714286
726,16,17,6.083333333333333
726,17,18,6.083333333333333
726,18,17,6.730769230769231
726,19,19,6.851851851851852
726,20,0,7.241379310344827
726,21,1,7.241379310344827
726,22,2,7.666666666666667
726,23,3,7.666666666666667
726,24,3,7.972222222222222
726,25,0,7.8108108108108105
726,26,3,7.7368421052631575
726,27,9,7.8
726,28,11,7.951219512195122
726,29,15,8.069767441860465
726,30,18,8.272727272727273
726,31,21,8.377777777777778
726,32,26,8.76595744680851
726,33,26,8.729166666666666
726,34,28,8.729166666666666
727,0,0,0
727,1,0,0
727,2,0,2.0
727,3,0,2.5
727,4,0,3.0
727,5,0,3.4
727,6,1,3.8333333333333335
727,7,1,3.5714285714285716
727,8,1,3.7
727,9,0,3.727272727272727
727,10,0,4.083333333333333
727,11,0,4.153846153846154
727,12,1,4.3125
727,13,3,4.3125
727,14,3,4.235294117647059
727,15,6,4.473684210526316
727,16,7,4.5
727,17,8,4.476190476190476
727,18,10,4.739130434782608
727,19,10,4.739130434782608
727,20,0,4.96
727,21,1,5.1923076923076925
727,22,2,5.464285714285714
727,23,2,5.689655172413793
727,24,1,5.59375
727,25,4,5.818181818181818
727,26,11,5.9714285714285715
727,27,15,6.2368421052631575
727,28,16,6.2368421052631575
727,29,16,6.65
727,30,17,6.804878048780488
727,31,17,6.976190476190476
727,32,19,7.25
727,33,20,7.444444444444445
727,34,23,7.5
728,0,0,0
728,1,0,0
728,2,1,2.0
728,3,3,2.3333333333333335
728,4,2,2.5
728,5,0,3.0
728,6,0,3.5714285714285716
728,7,0,3.5714285714285716
728,8,5,3.909090909090909
728,9,9,3.909090909090909
728,10,8,4.071428571428571
728,11,11,4.071428571428571
728,12,16,5.0
728,13,16,5.0
728,14,20,5.368421052631579
728,15,21,5.857142857142857
728,16,22,6.136363636363637
728,17,22,6.391304347826087
728,18,23,6.96
728,19,24,7.115384615384615
728,20,0,7.444444444444445
728,21,2,7.75
728,22,1,8.064516129032258
728,23,1,7.90625
728,24,5,8.0
728,25,5,8.13888888888889
728,26,4,8.179487179487179
728,27,8,8.375
728,28,10,8.571428571428571
728,29,12,8.767441860465116
728,30,19,9.022222222222222
728,31,19,9.022222222222222
728,32,21,9.520833333333334
728,33,27,9.520833333333334
728,34,30,9.53061224489796
729,0,0,0
729,1,0,0
729,2,1,2.0
729,3,1,2.0
729,4,3,2.6666666666666665
729,5,0,3.2
729,6,3,3.3333333333333335
729,7,2,3.5714285714285716
729,8,4,4.111111111111111
729,9,6,4.2727272727272725
729,10,5,4.583333333333333
729,11,5,5.066666666666666
729,12,8,5.125
729,13,11,5.352941176470588
729,14,14,5.555555555555555
729,15,16,6.05
729,16,17,6.05
729,17,19,6.782608695652174
729,18,20,6.782608695652174
729,19,20,7.423076923076923
729,20,0,7.423076923076923
729,21,2,7.931034482758621
729,22,2,7.931034482758621
729,23,2,8.15625
729,24,4,7.96969696969697
729,25,2,8.057142857142857
729,26,3,8.135135135135135
729,27,7,8.307692307692308
729,28,9,8.225
729,29,16,8.69047619047619
729,30,19,8.627906976744185
729,31,22,9.065217391304348
729,32,24,9.065217391304348
729,33,29,9.46938775510204
729,34,31,9.46938775510204
730,0,0,0
730,1,0,0
730,2,1,2.0
730,3,4,2.3333333333333335
730,4,4,2.5
730,5,0,2.8
730,6,3,3.2857142857142856
730,7,2,3.125
730,8,6,3.4
730,9,9,3.75
730,10,9,3.8461538461538463
730,11,9,4.133333333333334
730,12,9,4.529411764705882
730,13,9,4.888888888888889
730,14,12,5.45
730,15,12,5.809523809523809
730,16,13,5.809523809523809
730,17,13,6.625
730,18,15,6.625
730,19,18,7.038461538461538
730,20,0,7.038461538461538
730,21,2,7.571428571428571
730,22,4,7.633333333333334
730,23,9,7.65625
730,24,9,7.823529411764706
730,25,5,7.742857142857143
730,26,6,7.9743589743589745
730,27,8,7.9743589743589745
730,28,14,8.121951219512194
730,29,19,8.255813953488373
730,30,25,8.431818181818182
730,31,31,8.630434782608695
730,32,34,8.630434782608695
730,33,33,8.979591836734693
730,34,32,9.1
731,0,0,0
731,1,0,0
731,2,0,2.0
731,3,1,2.0
731,4,1,2.6666666666666665
731,5,0,2.5
731,6,2,3.3333333333333335
731,7,5,3.142857142857143
731,8,7,3.7
731,9,10,3.8181818181818183
731,10,5,4.076923076923077
731,11,4,4.333333333333333
731,12,7,4.647058823529412
731,13,13,5.052631578947368
731,14,13,5.052631578947368
731,15,14,5.428571428571429
731,16,15,5.428571428571429
731,17,15,5.875
731,18,16,5.875
731,19,17,6.1923076923076925
731,20,0,6.1923076923076925
731,21,0,6.655172413793103
731,22,1,6.655172413793103
731,23,1,6.645161290322581
731,24,2,6.75
731,25,1,6.666666666666667
731,26,2,6.666666666666667
731,27,5,6.756756756756757
731,28,10,6.894736842105263
731,29,11,7.05
731,30,17,7.05
731,31,24,7.333333333333333
731,32,25,7.534883720930233
731,33,27,7.5227272727272725
731,34,28,8.0
732,0,0,0
732,1,0,0
732,2,2,0
732,3,1,2.6666666666666665
732,4,3,2.6666666666666665
732,5,0,3.2
732,6,0,3.2
732,7,3,3.625
732,8,3,3.6666666666666665
732,9,1,4.083333333333333
732,10,4,4.083333333333333
732,11,4,4.6
732,12,8,4.875
732,13,8,5.277777777777778
732,14,9,5.277777777777778
732,15,10,5.6
732,16,11,5.761904761904762
732,17,11,6.173913043478261
732,18,11,6.375
732,19,11,6.8076923076923075
732,20,0,7.037037037037037
732,21,0,7.517241379310345
732,22,3,7.517241379310345
732,23,3,7.451612903225806
732,24,1,7.264705882352941
732,25,0,7.4
732,26,3,7.368421052631579
732,27,8,7.368421052631579
732,28,13,7.7560975609756095
732,29,20,7.7560975609756095
732,30,24,8.023809523809524
732,31,25,8.272727272727273
732,32,25,8.488888888888889
732,33,27,8.72340425531915
732,34,27,8.75
733,0,0,0
733,1,0,0
733,2,2,2.0
733,3,2,2.6666666666666665
733,4,2,2.75
733,5,0,3.0
733,6,1,3.2857142857142856
733,7,4,3.2857142857142856
733,8,8,3.6
733,9,8,3.8181818181818183
733,10,2,4.071428571428571
733,11,3,4.071428571428571
733,12,2,4.882352941176471
733,13,9,5.166666666666667
733,14,8,5.473684210526316
733,15,8,5.9523809523809526
733,16,9,6.2272727272727275
733,17,13,6.3478260869565215
733,18,13,6.6
733,19,14,6.730769230769231
733,20,0,6.777777777777778
733,21,3,6.866666666666666
733,22,2,6.8125
733,23,7,6.909090909090909
733,24,9,6.944444444444445
733,25,3,7.027027027027027
733,26,8,7.15
733,27,16,7.309523809523809
733,28,23,7.255813953488372
733,29,27,7.717391304347826
733,30,27,7.717391304347826
733,31,27,7.875
733,32,28,7.98
733,33,29,7.98
733,34,28,8.423076923076923
734,0,0,0
734,1,2,0
734,2,2,2.0
734,3,5,2.5
734,4,6,3.25
734,5,0,3.25
734,6,0,4.285714285714286
734,7,1,4.285714285714286
734,8,2,4.125
734,9,5,4.7
734,10,6,4.833333333333333
734,11,9,5.230769230769231
734,12,9,5.4
734,13,10,5.5
734,14,10,6.0
734,15,11,6.157894736842105
734,16,12,6.761904761904762
734,17,12,6.761904761904762
734,18,12,7.3478260869565215
734,19,13,7.5
734,20,0,7.92
734,21,4,8.153846153846153
734,22,5,8.413793103448276
734,23,5,8.5
734,24,4,8.333333333333334
734,25,3,8.441176470588236
734,26,4,8.277777777777779
734,27,13,8.578947368421053
734,28,21,8.538461538461538
734,29,23,8.804878048780488
734,30,24,8.80952380952381
734,31,25,8.80952380952381
734,32,26,9.181818181818182
734,33,26,9.311111111111112
734,34,28,9.304347826086957
735,0,0,0
735,1,0,0
735,2,0,2.0
735,3,0,2.0
735,4,1,2.6
735,5,0,3.0
735,6,3,3.0
735,7,4,3.111111111111111
735,8,4,3.272727272727273
735,9,6,3.5384615384615383
735,10,6,3.7333333333333334
735,11,9,4.0588235294117645
735,12,9,4.2631578947368425
735,13,8,4.761904761904762
735,14,10,4.909090909090909
735,15,10,5.333333333333333
735,16,13,5.52
735,17,13,5.925925925925926
735,18,13,6.071428571428571
735,19,12,6.366666666666666
735,20,0,6.366666666666666
735,21,2,6.65625
735,22,5,6.617647058823529
735,23,7,6.666666666666667
735,24,9,6.7368421052631575
735,25,7,6.6923076923076925
735,26,9,6.809523809523809
735,27,18,6.976744186046512
735,28,23,7.133333333333334
735,29,25,7.130434782608695
735,30,28,7.458333333333333
735,31,27,7.489795918367347
735,32,27,7.705882352941177
735,33,29,7.884615384615385
735,34,29,7.943396226415095
736,0,0,0
736,1,0,0
736,2,0,2.0
736,3,1,2.0
736,4,3,3.0
736,5,0,3.0
736,6,0,3.6666666666666665
736,7,1,3.4285714285714284
736,8,5,3.4444444444444446
736,9,5,4.090909090909091
736,10,5,4.083333333333333
736,11,6,4.875
736,12,8,4.875
736,13,9,5.117647058823529
736,14,11,5.578947368421052
736,15,12,5.85
736,16,14,5.904761904761905
736,17,14,6.478260869565218
736,18,15,6.5
736,19,15,7.153846153846154
736,20,0,7.153846153846154
736,21,1,7.551724137931035
736,22,3,7.551724137931035
736,23,3,7.483870967741935
736,24,4,7.59375
736,25,0,7.617647058823529
736,26,0,7.617647058823529
736,27,3,7.594594594594595
736,28,14,7.594594594594595
736,29,20,8.125
736,30,21,8.125
736,31,20,8.476190476190476
736,32,20,8.681818181818182
736,33,22,8.8
736,34,22,9.0
737,0,0,0
737,1,1,0
737,2,0,2.0
737,3,2,2.0
737,4,3,3.2
737,5,0,3.2
737,6,1,3.5714285714285716
737,7,0,3.7777777777777777
737,8,6,4.0
737,9,6,4.0
737,10,7,4.4
737,11,7,4.375
737,12,8,4.777777777777778
737,13,10,5.105263157894737
737,14,11,5.105263157894737
737,15,11,5.818181818181818
737,16,13,5.818181818181818
737,17,13,6.291666666666667
737,18,14,6.48
737,19,17,6.925925925925926
737,20,0,6.925925925925926
737,21,0,7.566666666666666
737,22,0,7.566666666666666
737,23,1,7.53125
737,24,2,7.666666666666667
737,25,0,7.685714285714286
737,26,0,7.685714285714286
737,27,3,7.684210526315789
737,28,7,7.871794871794871
737,29,9,7.951219512195122
737,30,17,8.095238095238095
737,31,23,8.023255813953488
737,32,26,8.422222222222222
737,33,26,8.652173913043478
737,34,27,8.829787234042554
738,0,0,0
738,1,0,0
738,2,0,2.0
738,3,0,2.5
738,4,0,2.5
738,5,0,3.0
738,6,0,2.857142857142857
738,7,2,2.75
738,8,3,3.1
738,9,4,3.090909090909091
738,10,4,3.5
738,11,5,3.7857142857142856
738,12,8,4.0
738,13,12,4.3125
738,14,12,4.666666666666667
738,15,12,4.842105263157895
738,16,15,5.285714285714286
738,17,16,5.454545454545454
738,18,16,5.875
738,19,15,6.08
738,20,0,6.3076923076923075
738,21,0,6.607142857142857
738,22,1,6.448275862068965
738,23,1,6.6875
738,24,3,6.545454545454546
738,25,0,6.685714285714286
738,26,3,6.675675675675675
738,27,9,6.631578947368421
738,28,13,6.538461538461538
738,29,21,6.878048780487805
738,30,30,6.833333333333333
738,31,31,6.833333333333333
738,32,33,7.511111111111111
738,33,32,7.565217391304348
738,34,33,7.9375
739,0,0,0
739,1,0,0
739,2,1,2.0
739,3,4,2.0
739,4,5,3.0
739,5,0,3.0
739,6,0,3.4
739,7,1,4.0
739,8,1,3.75
739,9,7,4.0
739,10,7,4.166666666666667
739,11,11,4.642857142857143
739,12,13,4.6
739,13,12,4.882352941176471
739,14,15,5.166666666666667
739,15,15,5.8
739,16,16,6.0
739,17,16,6.409090909090909
739,18,17,6.791666666666667
739,19,17,7.16
739,20,0,7.481481481481482
739,21,0,7.857142857142857
739,22,2,7.733333333333333
739,23,2,7.78125
739,24,3,7.606060606060606
739,25,2,7.472222222222222
739,26,4,7.702702702702703
739,27,8,7.538461538461538
739,28,9,7.775
739,29,17,7.809523809523809
739,30,23,7.809523809523809
739,31,25,8.177777777777777
739,32,25,8.177777777777777
739,33,24,8.173913043478262
739,34,24,8.63265306122449
740,0,0,0
740,1,1,0
740,2,4,2.0
740,3,5,2.0
740,4,6,3.5
740,5,0,3.5
740,6,1,4.166666666666667
740,7,0,4.0
740,8,0,3.9
740,9,3,4.166666666666667
740,10,9,4.285714285714286
740,11,11,4.2
740,12,13,4.5
740,13,12,4.894736842105263
740,14,14,5.0
740,15,13,5.5
740,16,14,5.5
740,17,13,6.0
740,18,15,6.24
740,19,15,6.444444444444445
740,20,0,6.642857142857143
740,21,1,7.103448275862069
740,22,1,7.25
740,23,2,7.121212121212121
740,24,4,7.277777777777778
740,25,3,7.162162162162162
740,26,5,7.256410256410256
740,27,11,7.238095238095238
740,28,15,7.238095238095238
740,29,21,7.444444444444445
740,30,26,7.521739130434782
740,31,29,7.659574468085107
740,32,31,7.795918367346939
740,33,32,7.795918367346939
740,34,34,8.115384615384615
741,0,0,0
741,1,1,0
741,2,0,2.0
741,3,2,2.5
741,4,4,3.25
741,5,0,3.4
741,6,1,3.5
741,7,1,4.0
741,8,2,3.9
741,9,9,3.9
741,10,7,4.285714285714286
741,11,9,4.285714285714286
741,12,12,4.944444444444445
741,13,13,4.944444444444445
741,14,13,5.571428571428571
741,15,15,5.571428571428571
741,16,17,5.681818181818182
741,17,18,5.958333333333333
741,18,18,6.32
741,19,20,6.423076923076923
741,20,0,6.892857142857143
741,21,1,6.9655172413793105
741,22,1,7.161290322580645
741,23,3,7.393939393939394
741,24,3,7.171428571428572
741,25,0,7.378378378378378
741,26,1,7.230769230769231
741,27,8,7.230769230769231
741,28,9,7.4523809523809526
741,29,8,7.372093023255814
741,30,16,7.5227272727272725
741,31,18,7.673913043478261
741,32,30,7.673913043478261
741,33,32,7.854166666666667
741,34,35,8.061224489795919
742,0,0,0
742,1,1,0
742,2,2,2.0
742,3,3,2.0
742,4,4,3.25
742,5,0,3.25
742,6,1,3.6
742,7,1,3.6666666666666665
742,8,1,3.4444444444444446
742,9,5,3.4444444444444446
742,10,6,4.083333333333333
742,11,8,4.230769230769231
742,12,8,4.733333333333333
742,13,11,4.9375
742,14,12,5.5
742,15,15,5.631578947368421
742,16,14,5.95
742,17,16,6.2272727272727275
742,18,15,6.565217391304348
742,19,18,6.666666666666667
742,20,0,6.961538461538462
742,21,3,7.111111111111111
742,22,3,7.535714285714286
742,23,6,7.67741935483871
742,24,5,7.5625
742,25,2,7.5625
742,26,4,7.722222222222222
742,27,7,7.722222222222222
742,28,15,7.621621621621622
742,29,22,8.125
742,30,27,8.125
742,31,33,8.488372093023257
742,32,33,8.488372093023257
742,33,33,8.666666666666666
742,34,35,8.804347826086957
743,0,0,0
743,1,0,0
743,2,0,2.0
743,3,0,2.0
743,4,1,2.6666666666666665
743,5,0,2.5
743,6,1,3.3333333333333335
743,7,1,3.25
743,8,6,3.6
743,9,6,3.5833333333333335
743,10,6,3.9285714285714284
743,11,5,4.125
743,12,9,4.388888888888889
743,13,9,4.473684210526316
743,14,9,4.5
743,15,11,4.863636363636363
743,16,12,4.913043478260869
743,17,12,5.125
743,18,13,5.269230769230769
743,19,13,5.481481481481482
743,20,0,5.535714285714286
743,21,2,5.966666666666667
743,22,2,5.966666666666667
743,23,1,6.121212121212121
743,24,0,5.942857142857143
743,25,0,6.421052631578948
743,26,5,6.410256410256411
743,27,9,6.3
743,28,13,6.666666666666667
743,29,19,7.023255813953488
743,30,22,7.159090909090909
743,31,23,7.608695652173913
743,32,23,7.608695652173913
743,33,22,8.142857142857142
743,34,23,8.142857142857142
744,0,0,0
744,1,0,0
744,2,0,0
744,3,0,2.0
744,4,0,3.0
744,5,0,3.0
744,6,1,2.8
744,7,2,3.142857142857143
744,8,3,3.125
744,9,2,3.3636363636363638
744,10,1,3.5
744,11,5,3.5384615384615383
744,12,7,3.875
744,13,7,3.8823529411764706
744,14,8,4.105263157894737
744,15,9,4.15
744,16,12,4.318181818181818
744,17,13,4.434782608695652
744,18,14,4.5
744,19,13,4.769230769230769
744,20,0,4.814814814814815
744,21,2,5.142857142857143
744,22,3,5.064516129032258
744,23,4,5.15625
744,24,3,5.228571428571429
744,25,5,5.228571428571429
744,26,11,5.243243243243243
744,27,16,5.589743589743589
744,28,20,5.625
744,29,22,5.625
744,30,22,6.069767441860465
744,31,23,6.069767441860465
744,32,23,6.266666666666667
744,33,24,6.5
744,34,24,6.574468085106383
745,0,0,0
745,1,0,0
745,2,0,0
745,3,0,0
745,4,0,3.3333333333333335
745,5,0,3.3333333333333335
745,6,1,3.8
745,7,3,3.4285714285714284
745,8,2,3.4444444444444446
745,9,1,3.6
745,10,2,3.8461538461538463
745,11,3,3.9285714285714284
745,12,5,3.9375
745,13,6,4.222222222222222
745,14,8,4.222222222222222
745,15,11,4.4
745,16,12,4.523809523809524
745,17,11,4.636363636363637
745,18,15,4.833333333333333
745,19,17,5.04
745,20,0,5.222222222222222
745,21,0,5.392857142857143
745,22,1,5.392857142857143
745,23,3,5.419354838709677
745,24,2,5.242424242424242
745,25,0,5.242424242424242
745,26,1,5.305555555555555
745,27,4,5.405405405405405
745,28,9,5.538461538461538
745,29,16,5.65
745,30,22,5.829268292682927
745,31,29,6.0476190476190474
745,32,28,6.181818181818182
745,33,28,6.521739130434782
745,34,27,6.791666666666667
746,0,0,0
746,1,2,0
746,2,3,2.0
746,3,5,2.6666666666666665
746,4,8,3.0
746,5,0,3.4
746,6,0,3.857142857142857
746,7,1,3.7777777777777777
746,8,3,3.7777777777777777
746,9,8,3.75
746,10,11,4.0
746,11,12,4.066666666666666
746,12,16,4.529411764705882
746,13,17,4.555555555555555
746,14,20,5.05
746,15,21,5.476190476190476
746,16,22,6.0
746,17,23,6.333333333333333
746,18,25,6.36
746,19,27,6.925925925925926
746,20,0,7.0
746,21,0,7.4
746,22,2,7.3125
746,23,1,7.382352941176471
746,24,3,7.1891891891891895
746,25,0,7.447368421052632
746,26,3,7.275
746,27,7,7.666666666666667
746,28,9,7.558139534883721
746,29,10,7.818181818181818
746,30,12,7.913043478260869
746,31,15,8.148936170212766
746,32,18,8.125
746,33,19,8.36
746,34,24,8.549019607843137
747,0,0,0
747,1,0,0
747,2,3,2.0
747,3,6,2.5
747,4,6,2.75
747,5,0,2.75
747,6,1,3.5
747,7,0,3.375
747,8,2,3.5
747,9,8,3.6666666666666665
747,10,11,3.7857142857142856
747,11,11,3.8
747,12,15,4.277777777777778
747,13,15,4.315789473684211
747,14,16,4.666666666666667
747,15,18,5.090909090909091
747,16,21,5.090909090909091
747,17,20,5.75
747,18,22,5.84
747,19,23,6.481481481481482
747,20,0,6.481481481481482
747,21,1,7.1
747,22,1,6.935483870967742
747,23,2,6.696969696969697
747,24,4,7.057142857142857
747,25,1,6.864864864864865
747,26,3,7.051282051282051
747,27,5,7.0
747,28,8,7.380952380952381
747,29,8,7.325581395348837
747,30,14,7.739130434782608
747,31,15,7.723404255319149
747,32,16,7.958333333333333
747,33,18,8.14
747,34,22,8.14
748,0,0,0
748,1,0,0
748,2,0,2.0
748,3,3,2.5
748,4,5,2.75
748,5,0,3.0
748,6,2,3.142857142857143
748,7,4,3.5555555555555554
748,8,7,3.5454545454545454
748,9,11,3.5833333333333335
748,10,8,3.933333333333333
748,11,8,4.0625
748,12,9,4.352941176470588
748,13,13,4.7894736842105265
748,14,13,5.1
748,15,14,5.238095238095238
748,16,13,5.6521739130434785
748,17,14,5.6521739130434785
748,18,14,6.423076923076923
748,19,15,6.423076923076923
748,20,0,6.928571428571429
748,21,3,7.068965517241379
748,22,4,7.548387096774194
748,23,7,7.548387096774194
748,24,8,7.514285714285714
748,25,2,7.444444444444445
748,26,5,7.5
748,27,15,7.625
748,28,19,7.560975609756097
748,29,27,7.930232558139535
748,30,28,8.25
748,31,28,8.565217391304348
748,32,27,8.53191489361702
748,33,28,8.625
748,34,27,8.8
749,0,0,0
749,1,1,0
749,2,3,2.0
749,3,7,2.0
749,4,8,3.0
749,5,0,3.0
749,6,0,3.5
749,7,0,3.7142857142857144
749,8,0,3.5
749,9,3,3.7777777777777777
749,10,8,3.5454545454545454
749,11,13,3.8333333333333335
749,12,13,4.066666666666666
749,13,14,4.3125
749,14,16,4.823529411764706
749,15,16,5.2105263157894735
749,16,16,5.7
749,17,18,5.9523809523809526
749,18,18,6.478260869565218
749,19,18,6.75
749,20,0,7.2
749,21,2,7.346153846153846
749,22,2,8.035714285714286
749,23,3,7.827586206896552
749,24,3,8.0625
749,25,4,7.9393939393939394
749,26,5,8.028571428571428
749,27,8,8.108108108108109
749,28,12,8.108108108108109
749,29,16,8.256410256410257
749,30,25,8.256410256410257
749,31,30,8.439024390243903
749,32,31,8.642857142857142
749,33,30,8.863636363636363
749,34,31,8.863636363636363
750,0,0,0
750,1,0,0
750,2,0,2.0
750,3,2,2.5
750,4,1,2.6666666666666665
750,5,0,3.25
750,6,1,3.4
750,7,1,3.25
750,8,3,3.25
750,9,3,3.6363636363636362
750,10,3,3.6363636363636362
750,11,5,3.8666666666666667
750,12,7,3.9375
750,13,8,4.222222222222222
750,14,9,4.368421052631579
750,15,10,4.571428571428571
750,16,9,4.681818181818182
750,17,13,4.826086956521739
750,18,13,4.958333333333333
750,19,15,4.96
750,20,0,5.2592592592592595
750,21,3,5.2592592592592595
750,22,2,5.620689655172414
750,23,4,5.733333333333333
750,24,3,5.67741935483871
750,25,0,5.878787878787879
750,26,1,5.771428571428571
750,27,8,5.837837837837838
750,28,12,6.131578947368421
750,29,18,6.153846153846154
750,30,18,6.365853658536586
750,31,18,6.365853658536586
750,32,17,6.395348837209302
750,33,19,6.409090909090909
750,34,19,6.444444444444445
751,0,0,0
751,1,0,0
751,2,1,2.0
751,3,3,2.5
751,4,4,2.6666666666666665
751,5,0,3.4
751,6,1,3.6666666666666665
751,7,5,3.6666666666666665
751,8,9,3.6
751,9,13,4.0
751,10,8,4.0
751,11,10,4.352941176470588
751,12,10,4.444444444444445
751,13,15,4.85
751,14,18,5.2727272727272725
751,15,19,5.2727272727272725
751,16,19,5.458333333333333
751,17,21,5.64
751,18,20,6.038461538461538
751,19,23,6.2592592592592595
751,20,0,6.758620689655173
751,21,0,6.758620689655173
751,22,0,7.375
751,23,2,7.375
751,24,4,7.628571428571429
751,25,0,7.5
751,26,1,7.526315789473684
751,27,6,7.675
751,28,13,7.714285714285714
751,29,17,8.045454545454545
751,30,22,8.045454545454545
751,31,26,8.152173913043478
751,32,29,8.382978723404255
751,33,34,8.354166666666666
751,34,34,8.86
752,0,0,0
752,1,0,0
752,2,3,2.0
752,3,4,2.5
752,4,4,2.6666666666666665
752,5,0,3.4
752,6,0,3.6666666666666665
752,7,0,3.857142857142857
752,8,4,3.6666666666666665
752,9,8,3.5454545454545454
752,10,7,3.5
752,11,7,4.071428571428571
752,12,8,4.25
752,13,9,4.666666666666667
752,14,10,4.7894736842105265
752,15,9,5.238095238095238
752,16,12,5.363636363636363
752,17,12,5.521739130434782
752,18,14,5.583333333333333
752,19,15,5.8076923076923075
752,20,0,5.888888888888889
752,21,2,6.448275862068965
752,22,2,6.448275862068965
752,23,2,6.451612903225806
752,24,5,6.451612903225806
752,25,0,6.485714285714286
752,26,2,6.485714285714286
752,27,13,6.5
752,28,15,6.589743589743589
752,29,21,6.525
752,30,25,6.682926829268292
752,31,24,7.1395348837209305
752,32,27,7.318181818181818
752,33,27,7.311111111111111
752,34,28,7.659574468085107
753,0,0,0
753,1,0,0
753,2,3,1.0
753,3,7,2.0
753,4,8,2.25
753,5,0,2.2
753,6,0,2.6666666666666665
753,7,1,2.75
753,8,2,2.75
753,9,5,3.25
753,10,7,3.25
753,11,16,3.6
753,12,18,3.8125
753,13,18,4.111111111111111
753,14,19,4.111111111111111
753,15,20,4.714285714285714
753,16,21,4.714285714285714
753,17,21,4.909090909090909
753,18,24,5.217391304347826
753,19,23,5.84
753,20,0,6.115384615384615
753,21,1,6.333333333333333
753,22,0,6.379310344827586
753,23,2,6.548387096774194
753,24,3,6.46875
753,25,1,6.5588235294117645
753,26,4,6.777777777777778
753,27,9,6.947368421052632
753,28,13,7.2
753,29,17,7.2
753,30,19,7.380952380952381
753,31,21,7.6976744186046515
753,32,23,7.933333333333334
753,33,29,8.173913043478262
753,34,33,8.4375
754,0,0,0
754,1,1,0
754,2,1,2.0
754,3,5,2.0
754,4,7,2.6666666666666665
754,5,0,2.6666666666666665
754,6,0,3.0
754,7,2,3.1
754,8,3,3.1666666666666665
754,9,5,3.357142857142857
754,10,9,3.5625
754,11,9,3.6666666666666665
754,12,12,3.9
754,13,15,4.363636363636363
754,14,19,4.478260869565218
754,15,20,4.791666666666667
754,16,22,5.038461538461538
754,17,22,5.148148148148148
754,18,23,5.379310344827586
754,19,23,5.766666666666667
754,20,0,5.96875
754,21,1,6.363636363636363
754,22,1,6.6
754,23,4,6.378378378378378
754,24,8,6.526315789473684
754,25,2,6.512195121951219
754,26,5,6.666666666666667
754,27,7,6.590909090909091
754,28,9,6.733333333333333
754,29,14,6.8936170212765955
754,30,16,7.0625
754,31,18,7.061224489795919
754,32,19,7.431372549019608
754,33,25,7.4423076923076925
754,34,37,7.833333333333333
755,0,0,0
755,1,0,0
755,2,0,2.0
755,3,1,2.5
755,4,2,3.0
755,5,0,3.0
755,6,0,3.2857142857142856
755,7,3,3.2222222222222223
755,8,7,3.6
755,9,5,3.769230769230769
755,10,4,3.857142857142857
755,11,4,4.117647058823529
755,12,8,4.117647058823529
755,13,9,4.45
755,14,10,4.45
755,15,11,4.7272727272727275
755,16,13,4.782608695652174
755,17,13,5.08
755,18,15,5.08
755,19,16,5.428571428571429
755,20,0,5.428571428571429
755,21,1,5.733333333333333
755,22,3,5.838709677419355
755,23,5,5.848484848484849
755,24,8,5.735294117647059
755,25,3,6.0
755,26,4,5.897435897435898
755,27,14,6.05
755,28,20,6.190476190476191
755,29,26,6.190476190476191
755,30,28,6.363636363636363
755,31,27,6.695652173913044
755,32,29,6.695652173913044
755,33,29,6.895833333333333
755,34,29,7.061224489795919
756,0,0,0
756,1,0,0
756,2,0,1.0
756,3,2,1.0
756,4,5,2.75
756,5,0,2.75
756,6,0,3.4285714285714284
756,7,1,3.4285714285714284
756,8,2,3.3636363636363638
756,9,6,3.3636363636363638
756,10,10,3.5
756,11,15,3.6666666666666665
756,12,14,3.8333333333333335
756,13,16,4.052631578947368
756,14,18,4.238095238095238
756,15,19,4.454545454545454
756,16,23,4.875
756,17,23,4.875
756,18,24,5.5
756,19,27,5.62962962962963
756,20,0,6.206896551724138
756,21,0,6.206896551724138
756,22,1,6.580645161290323
756,23,4,6.84375
756,24,3,6.771428571428571
756,25,4,6.771428571428571
756,26,6,6.894736842105263
756,27,9,7.076923076923077
756,28,13,7.025
756,29,16,7.2682926829268295
756,30,20,7.465116279069767
756,31,23,7.7272727272727275
756,32,27,7.956521739130435
756,33,34,8.127659574468085
756,34,41,8.387755102040817
757,0,0,0
757,1,0,0
757,2,1,0
757,3,2,2.0
757,4,2,2.6666666666666665
757,5,0,3.0
757,6,1,3.1666666666666665
757,7,4,3.0
757,8,5,3.0
757,9,6,3.5
757,10,5,3.5714285714285716
757,11,9,3.8125
757,12,10,3.888888888888889
757,13,12,4.25
757,14,13,4.285714285714286
757,15,13,4.608695652173913
757,16,15,4.608695652173913
757,17,14,5.115384615384615
757,18,15,5.115384615384615
757,19,14,5.333333333333333
757,20,0,5.586206896551724
757,21,2,5.833333333333333
757,22,5,5.875
757,23,6,5.882352941176471
757,24,7,5.882352941176471
757,25,2,5.891891891891892
757,26,7,6.0256410256410255
757,27,14,5.975
757,28,19,6.170731707317073
757,29,22,6.325581395348837
757,30,25,6.325581395348837
757,31,24,6.717391304347826
757,32,24,6.717391304347826
757,33,25,7.229166666666667
757,34,25,7.428571428571429
758,0,0,0
758,1,1,0
758,2,5,2.0
758,3,6,2.6666666666666665
758,4,8,3.0
758,5,0,3.1666666666666665
758,6,1,3.4285714285714284
758,7,4,3.6666666666666665
758,8,3,3.4545454545454546
758,9,9,3.5833333333333335
758,10,10,3.8
758,11,10,3.8
758,12,10,4.368421052631579
758,13,16,4.368421052631579
758,14,18,4.904761904761905
758,15,18,4.954545454545454
758,16,18,5.416666666666667
758,17,22,5.416666666666667
758,18,25,5.961538461538462
758,19,27,6.037037037037037
758,20,0,6.428571428571429
758,21,1,6.428571428571429
758,22,0,6.67741935483871
758,23,3,6.8125
758,24,5,6.828571428571428
758,25,5,6.972222222222222
758,26,7,7.0
758,27,12,7.0
758,28,13,7.121951219512195
758,29,19,7.333333333333333
758,30,21,7.5227272727272725
758,31,23,7.7555555555555555
758,32,24,7.9361702127659575
758,33,28,7.9361702127659575
758,34,36,8.204081632653061
759,0,0,0
759,1,0,0
759,2,1,1.0
759,3,4,2.0
759,4,4,2.75
759,5,0,2.75
759,6,0,3.1666666666666665
759,7,1,3.1666666666666665
759,8,5,3.142857142857143
759,9,7,3.2222222222222223
759,10,6,3.3
759,11,7,4.0
759,12,9,4.0
759,13,11,4.647058823529412
759,14,13,4.647058823529412
759,15,14,4.947368421052632
759,16,14,5.05
759,17,15,5.454545454545454
759,18,17,5.565217391304348
759,19,17,6.041666666666667
759,20,0,6.115384615384615
759,21,1,6.518518518518518
759,22,4,6.482758620689655
759,23,5,6.354838709677419
759,24,5,6.28125
759,25,1,6.424242424242424
759,26,0,6.257142857142857
759,27,4,6.842105263157895
759,28,10,6.842105263157895
759,29,15,6.875
759,30,22,7.0
759,31,28,7.046511627906977
759,32,32,7.046511627906977
759,33,31,7.488888888888889
759,34,33,7.565217391304348
760,0,0,0
760,1,1,0
760,2,1,2.0
760,3,4,2.0
760,4,8,3.0
760,5,0,3.2
760,6,0,3.5714285714285716
760,7,0,3.75
760,8,4,3.8
760,9,6,3.6666666666666665
760,10,6,4.0
760,11,9,4.3125
760,12,13,4.631578947368421
760,13,15,4.9
760,14,16,5.0
760,15,17,5.043478260869565
760,16,19,5.083333333333333
760,17,20,5.48
760,18,21,5.615384615384615
760,19,22,6.107142857142857
760,20,0,6.107142857142857
760,21,0,6.633333333333334
760,22,0,6.806451612903226
760,23,1,6.647058823529412
760,24,1,6.8
760,25,2,6.7105263157894735
760,26,6,6.82051282051282
760,27,6,6.682926829268292
760,28,8,6.833333333333333
760,29,8,6.790697674418604
760,30,14,6.954545454545454
760,31,19,7.1521739130434785
760,32,22,7.1521739130434785
760,33,28,7.571428571428571
760,34,32,7.571428571428571
761,0,0,0
761,1,0,0
761,2,0,2.0
761,3,2,2.0
761,4,4,2.6666666666666665
761,5,0,2.6666666666666665
761,6,3,3.3333333333333335
761,7,4,3.142857142857143
761,8,8,3.4
761,9,12,3.4545454545454546
761,10,10,3.642857142857143
761,11,10,3.7333333333333334
761,12,13,3.9375
761,13,14,4.2105263157894735
761,14,16,4.2105263157894735
761,15,18,4.545454545454546
761,16,19,4.545454545454546
761,17,19,4.782608695652174
761,18,20,4.96
761,19,19,5.423076923076923
761,20,0,5.592592592592593
761,21,0,6.137931034482759
761,22,0,6.137931034482759
761,23,2,6.225806451612903
761,24,5,6.242424242424242
761,25,1,6.371428571428571
761,26,2,6.277777777777778
761,27,8,6.394736842105263
761,28,14,6.525
761,29,20,6.525
761,30,22,6.487804878048781
761,31,27,6.883720930232558
761,32,32,6.886363636363637
761,33,36,7.130434782608695
761,34,40,7.319148936170213
762,0,0,0
762,1,0,0
762,2,1,2.0
762,3,5,2.5
762,4,8,2.6666666666666665
762,5,0,3.0
762,6,1,3.3333333333333335
762,7,2,3.5714285714285716
762,8,5,3.5
762,9,9,3.727272727272727
762,10,9,4.0
762,11,12,4.0
762,12,15,4.166666666666667
762,13,16,4.166666666666667
762,14,16,4.6
762,15,17,4.761904761904762
762,16,17,5.181818181818182
762,17,17,5.260869565217392
762,18,17,5.8
762,19,18,5.923076923076923
762,20,0,6.333333333333333
762,21,4,6.464285714285714
762,22,6,6.806451612903226
762,23,7,6.806451612903226
762,24,6,6.914285714285715
762,25,1,6.861111111111111
762,26,1,6.948717948717949
762,27,5,7.097560975609756
762,28,11,7.097560975609756
762,29,16,7.186046511627907
762,30,21,7.363636363636363
762,31,29,7.5
762,32,31,7.468085106382978
762,33,33,7.816326530612245
762,34,32,7.82
763,0,0,0
763,1,1,0
763,2,2,2.0
763,3,4,2.6666666666666665
763,4,5,2.6666666666666665
763,5,0,3.0
763,6,2,3.0
763,7,6,3.5
763,8,8,3.5
763,9,7,3.5714285714285716
763,10,6,3.5714285714285716
763,11,6,4.0588235294117645
763,12,10,4.055555555555555
763,13,12,4.35
763,14,15,4.380952380952381
763,15,14,4.695652173913044
763,16,15,4.695652173913044
763,17,17,5.2
763,18,18,5.2
763,19,18,5.37037037037037
763,20,0,5.464285714285714
763,21,2,5.689655172413793
763,22,4,5.78125
763,23,6,5.696969696969697
763,24,7,5.861111111111111
763,25,0,5.837837837837838
763,26,0,5.7368421052631575
763,27,3,6.357142857142857
763,28,12,6.357142857142857
763,29,18,6.363636363636363
763,30,28,6.565217391304348
763,31,30,6.638297872340425
763,32,30,6.836734693877551
763,33,30,7.02
763,34,31,7.019607843137255
764,0,0,0
764,1,2,0
764,2,3,2.0
764,3,4,2.0
764,4,6,3.0
764,5,0,3.0
764,6,0,3.8333333333333335
764,7,3,3.857142857142857
764,8,9,3.5
764,9,12,3.727272727272727
764,10,7,3.857142857142857
764,11,9,3.9375
764,12,14,4.277777777777778
764,13,17,4.315789473684211
764,14,17,4.761904761904762
764,15,17,4.761904761904762
764,16,19,5.208333333333333
764,17,21,5.208333333333333
764,18,22,5.6
764,19,23,5.851851851851852
764,20,0,6.214285714285714
764,21,2,6.310344827586207
764,22,2,6.53125
764,23,4,6.424242424242424
764,24,3,6.416666666666667
764,25,1,6.594594594594595
764,26,0,6.487179487179487
764,27,4,6.65
764,28,8,6.809523809523809
764,29,12,7.340909090909091
764,30,15,7.478260869565218
764,31,21,7.478260869565218
764,32,26,7.836734693877551
764,33,33,7.836734693877551
764,34,34,8.03921568627451
765,0,0,0
765,1,2,0
765,2,5,2.0
765,3,8,2.3333333333333335
765,4,8,2.75
765,5,0,3.1666666666666665
765,6,3,3.142857142857143
765,7,2,3.5
765,8,2,3.6363636363636362
765,9,7,3.6923076923076925
765,10,7,4.0625
765,11,11,4.117647058823529
765,12,17,4.4
765,13,19,4.428571428571429
765,14,20,4.428571428571429
765,15,20,4.958333333333333
765,16,22,4.958333333333333
765,17,21,5.384615384615385
765,18,22,5.444444444444445
765,19,23,5.785714285714286
765,20,0,5.793103448275862
765,21,3,6.096774193548387
765,22,4,5.96875
765,23,3,6.0
765,24,6,6.055555555555555
765,25,3,6.184210526315789
765,26,4,6.3
765,27,8,6.317073170731708
765,28,13,6.465116279069767
765,29,15,6.636363636363637
765,30,17,6.826086956521739
765,31,18,6.826086956521739
765,32,20,7.244897959183674
765,33,26,7.244897959183674
765,34,29,7.28
766,0,0,0
766,1,0,0
766,2,0,1.5
766,3,2,2.0
766,4,2,2.0
766,5,0,2.2
766,6,2,2.5
766,7,4,2.857142857142857
766,8,10,3.090909090909091
766,9,11,3.090909090909091
766,10,8,3.8666666666666667
766,11,8,3.9375
766,12,8,4.2105263157894735
766,13,13,4.2105263157894735
766,14,16,4.409090909090909
766,15,17,4.409090909090909
766,16,18,4.739130434782608
766,17,18,4.76
766,18,17,5.115384615384615
766,19,19,5.111111111111111
766,20,0,5.586206896551724
766,21,0,5.566666666666666
766,22,2,5.9393939393939394
766,23,2,5.970588235294118
766,24,1,5.777777777777778
766,25,0,5.868421052631579
766,26,3,5.825
766,27,6,6.0
766,28,9,6.0
766,29,10,6.5
766,30,15,6.48936170212766
766,31,18,6.673469387755102
766,32,21,6.68
766,33,20,6.686274509803922
766,34,20,6.9245283018867925
767,0,0,0
767,1,0,0
767,2,0,0
767,3,2,0
767,4,5,3.0
767,5,0,3.0
767,6,0,3.2
767,7,0,3.0
767,8,4,3.25
767,9,4,3.2222222222222223
767,10,3,3.727272727272727
767,11,7,3.6923076923076925
767,12,7,4.066666666666666
767,13,10,4.0
767,14,11,4.333333333333333
767,15,14,4.2631578947368425
767,16,14,4.7
767,17,16,4.7
767,18,16,4.956521739130435
767,19,16,4.956521739130435
767,20,0,5.269230769230769
767,21,0,5.269230769230769
767,22,2,5.518518518518518
767,23,3,5.419354838709677
767,24,6,5.419354838709677
767,25,0,5.411764705882353
767,26,1,5.457142857142857
767,27,2,5.526315789473684
767,28,10,5.871794871794871
767,29,12,6.073170731707317
767,30,19,6.023809523809524
767,31,23,6.159090909090909
767,32,24,6.511111111111111
767,33,25,6.511111111111111
767,34,24,6.979166666666667
768,0,0,0
768,1,0,0
768,2,0,0
768,3,3,2.0
768,4,6,2.5
768,5,0,2.5
768,6,0,2.8
768,7,3,3.0
768,8,5,2.888888888888889
768,9,10,2.9
768,10,9,3.3076923076923075
768,11,11,3.6875
768,12,17,3.7058823529411766
768,13,17,4.052631578947368
768,14,18,4.15
768,15,18,4.523809523809524
768,16,18,4.5
768,17,20,5.0
768,18,22,5.0
768,19,21,5.407407407407407
768,20,0,5.407407407407407
768,21,2,5.892857142857143
768,22,2,5.935483870967742
768,23,4,5.84375
768,24,5,5.787878787878788
768,25,1,5.885714285714286
768,26,2,6.0
768,27,4,6.0
768,28,8,6.2682926829268295
768,29,13,6.214285714285714
768,30,20,6.186046511627907
768,31,25,6.555555555555555
768,32,31,6.543478260869565
768,33,37,6.638297872340425
768,34,39,7.020408163265306
769,0,0,0
769,1,0,0
769,2,1,0
769,3,3,2.5
769,4,4,2.5
769,5,0,3.25
769,6,3,3.25
769,7,4,3.4285714285714284
769,8,7,3.75
769,9,8,4.0
769,10,6,4.2727272727272725
769,11,7,4.714285714285714
769,12,10,4.8
769,13,10,5.235294117647059
769,14,16,5.235294117647059
769,15,16,5.45
769,16,18,5.45
769,17,19,5.619047619047619
769,18,18,5.916666666666667
769,19,19,5.916666666666667
769,20,0,6.230769230769231
769,21,0,6.37037037037037
769,22,0,6.533333333333333
769,23,0,6.67741935483871
769,24,0,6.5588235294117645
769,25,1,6.5588235294117645
769,26,3,6.684210526315789
769,27,7,7.0256410256410255
769,28,11,7.341463414634147
769,29,13,7.261904761904762
769,30,16,7.261904761904762
769,31,21,7.681818181818182
769,32,23,7.844444444444444
769,33,23,8.085106382978724
769,34,23,8.085106382978724
770,0,0,0
770,1,0,0
770,2,0,0
770,3,1,0
770,4,2,3.0
770,5,0,3.0
770,6,1,3.2
770,7,3,3.0
770,8,6,2.7142857142857144
770,9,8,2.9
770,10,9,2.8181818181818183
770,11,11,3.142857142857143
770,12,12,3.5
770,13,15,4.0
770,14,18,4.0
770,15,19,4.2
770,16,20,4.333333333333333
770,17,20,4.590909090909091
770,18,22,4.6521739130434785
770,19,21,5.2
770,20,0,5.2
770,21,2,5.928571428571429
770,22,3,5.793103448275862
770,23,5,5.96875
770,24,7,5.96875
770,25,0,5.9393939393939394
770,26,3,6.285714285714286
770,27,6,6.1891891891891895
770,28,9,6.342105263157895
770,29,13,6.5
770,30,18,6.658536585365853
770,31,22,6.642857142857143
770,32,25,7.204545454545454
770,33,32,7.377777777777778
770,34,35,7.391304347826087
771,0,0,0
771,1,3,0
771,2,3,2.0
771,3,5,2.5
771,4,4,3.25
771,5,0,3.25
771,6,2,3.8
771,7,3,3.375
771,8,6,3.3333333333333335
771,9,12,3.272727272727273
771,10,10,3.5384615384615383
771,11,9,3.533333333333333
771,12,13,3.75
771,13,16,4.5
771,14,17,4.473684210526316
771,15,17,4.904761904761905
771,16,18,4.904761904761905
771,17,18,5.3478260869565215
771,18,23,5.375
771,19,24,5.6
771,20,0,5.730769230769231
771,21,0,6.107142857142857
771,22,0,5.9655172413793105
771,23,0,5.935483870967742
771,24,1,6.0
771,25,1,5.882352941176471
771,26,6,6.108108108108108
771,27,7,6.153846153846154
771,28,11,6.375
771,29,15,6.476190476190476
771,30,20,6.6976744186046515
771,31,23,6.681818181818182
771,32,27,7.065217391304348
771,33,31,7.085106382978723
771,34,35,7.489795918367347
772,0,0,0
772,1,1,0
772,2,4,2.0
772,3,5,2.0
772,4,6,2.4
772,5,0,2.7142857142857144
772,6,4,2.875
772,7,7,3.090909090909091
772,8,9,3.0833333333333335
772,9,12,3.2142857142857144
772,10,9,3.2
772,11,10,3.5
772,12,10,3.5789473684210527
772,13,13,3.8095238095238093
772,14,14,4.217391304347826
772,15,15,4.217391304347826
772,16,14,4.64
772,17,16,4.64
772,18,15,5.321428571428571
772,19,19,5.321428571428571
772,20,0,5.724137931034483
772,21,1,5.7
772,22,0,6.03030303030303
772,23,1,6.0588235294117645
772,24,3,5.972972972972973
772,25,0,6.026315789473684
772,26,0,6.0
772,27,3,6.095238095238095
772,28,8,6.023255813953488
772,29,12,6.133333333333334
772,30,15,6.239130434782608
772,31,19,6.25531914893617
772,32,28,6.395833333333333
772,33,27,6.56
772,34,27,6.56
773,0,0,0
773,1,2,0
773,2,5,2.0
773,3,9,2.5
773,4,9,3.25
773,5,0,3.4
773,6,0,3.8333333333333335
773,7,0,3.857142857142857
773,8,1,3.888888888888889
773,9,4,3.5454545454545454
773,10,6,3.923076923076923
773,11,11,4.0
773,12,16,3.8823529411764706
773,13,20,3.8823529411764706
773,14,19,4.157894736842105
773,15,23,4.2
773,16,23,4.714285714285714
773,17,25,4.954545454545454
773,18,25,5.541666666666667
773,19,26,5.8
773,20,0,6.269230769230769
773,21,2,6.37037037037037
773,22,3,6.9
773,23,7,6.9
773,24,9,7.088235294117647
773,25,2,7.088235294117647
773,26,2,6.944444444444445
773,27,4,7.2894736842105265
773,28,12,7.230769230769231
773,29,14,7.425
773,30,15,7.595238095238095
773,31,17,7.558139534883721
773,32,23,7.933333333333334
773,33,27,7.913043478260869
773,34,31,8.148936170212766
774,0,0,0
774,1,0,0
774,2,0,2.0
774,3,3,2.0
774,4,3,2.6666666666666665
774,5,0,2.6666666666666665
774,6,2,3.2
774,7,5,3.0
774,8,8,3.111111111111111
774,9,9,3.272727272727273
774,10,10,3.4615384615384617
774,11,10,3.466666666666667
774,12,12,3.8823529411764706
774,13,15,3.8333333333333335
774,14,14,4.15
774,15,18,4.15
774,16,19,4.454545454545454
774,17,19,4.521739130434782
774,18,20,5.08
774,19,23,5.153846153846154
774,20,0,5.592592592592593
774,21,2,5.714285714285714
774,22,2,6.032258064516129
774,23,6,6.125
774,24,7,6.0285714285714285
774,25,4,6.0285714285714285
774,26,5,6.128205128205129
774,27,10,6.128205128205129
774,28,10,6.219512195121951
774,29,15,6.404761904761905
774,30,21,6.441860465116279
774,31,26,6.568181818181818
774,32,31,6.760869565217392
774,33,38,6.760869565217392
774,34,40,6.875
775,0,0,0
775,1,1,1.0
775,2,5,1.5
775,3,4,2.0
775,4,5,2.5
775,5,0,3.0
775,6,3,3.142857142857143
775,7,2,3.7777777777777777
775,8,5,3.5454545454545454
775,9,6,3.4285714285714284
775,10,9,3.4
775,11,12,3.588235294117647
775,12,12,4.0
775,13,18,4.0
775,14,18,4.285714285714286
775,15,19,4.285714285714286
775,16,19,4.875
775,17,20,4.875
775,18,21,4.925925925925926
775,19,22,4.925925925925926
775,20,0,5.142857142857143
775,21,0,5.2
775,22,1,5.645161290322581
775,23,3,5.636363636363637
775,24,5,5.6
775,25,0,5.675675675675675
775,26,0,5.6923076923076925
775,27,0,5.829268292682927
775,28,6,5.785714285714286
775,29,12,5.883720930232558
775,30,13,5.955555555555556
775,31,16,5.955555555555556
775,32,24,6.0625
775,33,31,6.0625
775,34,31,6.469387755102041
776,0,0,0
776,1,1,0
776,2,1,2.0
776,3,4,2.5
776,4,5,3.25
776,5,0,3.0
776,6,1,3.2857142857142856
776,7,3,3.2857142857142856
776,8,5,3.2222222222222223
776,9,10,3.6
776,10,9,3.6666666666666665
776,11,9,4.071428571428571
776,12,14,4.1875
776,13,17,4.470588235294118
776,14,18,4.555555555555555
776,15,18,4.7
776,16,19,4.761904761904762
776,17,21,5.217391304347826
776,18,21,5.217391304347826
776,19,26,5.8076923076923075
776,20,0,5.8076923076923075
776,21,0,6.035714285714286
776,22,1,6.129032258064516
776,23,1,6.0
776,24,3,6.090909090909091
776,25,0,6.055555555555555
776,26,4,6.055555555555555
776,27,6,6.225
776,28,9,6.225
776,29,9,6.357142857142857
776,30,13,6.534883720930233
776,31,14,6.644444444444445
776,32,23,6.8936170212765955
776,33,31,6.8936170212765955
776,34,34,6.958333333333333
777,0,0,0
777,1,0,0
777,2,2,0
777,3,4,2.5
777,4,5,2.5
777,5,0,3.0
777,6,3,3.0
777,7,10,3.5
777,8,12,3.5
777,9,14,3.7
777,10,10,3.769230769230769
777,11,11,3.9285714285714284
777,12,12,4.3125
777,13,15,4.705882352941177
777,14,15,4.666666666666667
777,15,15,5.1
777,16,16,5.142857142857143
777,17,16,5.5
777,18,18,5.521739130434782
777,19,20,5.8
777,20,0,5.846153846153846
777,21,0,6.148148148148148
777,22,3,6.166666666666667
777,23,6,6.064516129032258
777,24,9,6.0606060606060606
777,25,8,6.171428571428572
777,26,8,6.138888888888889
777,27,10,6.435897435897436
777,28,19,6.45
777,29,26,6.585365853658536
777,30,30,6.767441860465116
777,31,34,6.909090909090909
777,32,34,7.108695652173913
777,33,38,7.291666666666667
777,34,38,7.448979591836735
778,0,0,0
778,1,1,0
778,2,2,2.0
778,3,5,2.3333333333333335
778,4,9,2.8
778,5,0,2.8
778,6,2,3.375
778,7,3,3.375
778,8,6,3.1818181818181817
778,9,9,3.1818181818181817
778,10,7,3.4
778,11,12,3.4
778,12,16,3.8333333333333335
778,13,19,3.8333333333333335
778,14,23,4.095238095238095
778,15,26,4.095238095238095
778,16,26,4.5
778,17,30,5.083333333333333
778,18,31,5.2
778,19,31,5.555555555555555
778,20,0,5.555555555555555
778,21,1,6.333333333333333
778,22,1,6.333333333333333
778,23,4,6.34375
778,24,3,6.411764705882353
778,25,0,6.527777777777778
778,26,2,6.45945945945946
778,27,5,6.641025641025641
778,28,4,6.7317073170731705
778,29,5,6.976190476190476
778,30,7,7.0
778,31,11,7.488888888888889
778,32,12,7.543478260869565
778,33,14,7.76595744680851
778,34,14,8.0
779,0,0,0
779,1,0,0
779,2,2,0
779,3,4,2.5
779,4,6,2.5
779,5,0,3.0
779,6,2,3.2
779,7,1,3.4285714285714284
779,8,1,3.375
779,9,3,3.4545454545454546
779,10,5,3.6923076923076925
779,11,13,3.642857142857143
779,12,13,3.6470588235294117
779,13,17,3.6470588235294117
779,14,18,4.157894736842105
779,15,18,4.15
779,16,18,4.523809523809524
779,17,20,4.590909090909091
779,18,21,4.833333333333333
779,19,21,4.96
779,20,0,5.407407407407407
779,21,0,5.571428571428571
779,22,1,5.866666666666666
779,23,4,6.0625
779,24,4,5.96969696969697
779,25,1,5.96969696969697
779,26,1,5.944444444444445
779,27,7,6.027027027027027
779,28,7,6.102564102564102
779,29,10,6.102564102564102
779,30,14,6.219512195121951
779,31,21,6.214285714285714
779,32,29,6.386363636363637
779,33,31,6.386363636363637
779,34,31,6.617021276595745
780,0,0,0
780,1,1,0
780,2,3,2.0
780,3,3,2.3333333333333335
780,4,7,2.75
780,5,0,3.0
780,6,0,3.2857142857142856
780,7,3,3.2222222222222223
780,8,8,3.1
780,9,11,3.0833333333333335
780,10,9,3.142857142857143
780,11,8,3.25
780,12,8,3.6842105263157894
780,13,13,3.75
780,14,15,4.095238095238095
780,15,15,4.095238095238095
780,16,16,4.304347826086956
780,17,19,4.291666666666667
780,18,22,4.72
780,19,23,4.8076923076923075
780,20,0,5.321428571428571
780,21,0,5.321428571428571
780,22,1,5.733333333333333
780,23,2,5.6875
780,24,2,5.606060606060606
780,25,3,5.75
780,26,6,5.72972972972973
780,27,7,5.684210526315789
780,28,10,5.875
780,29,12,5.853658536585366
780,30,15,6.093023255813954
780,31,20,6.113636363636363
780,32,23,6.113636363636363
780,33,28,6.468085106382978
780,34,31,6.468085106382978
781,0,0,0
781,1,1,0
781,2,3,2.0
781,3,4,2.6666666666666665
781,4,8,2.6666666666666665
781,5,0,3.0
781,6,0,3.0
781,7,1,3.2222222222222223
781,8,6,3.2222222222222223
781,9,10,3.25
781,10,9,3.642857142857143
781,11,9,4.117647058823529
781,12,10,4.388888888888889
781,13,13,4.388888888888889
781,14,17,4.6
781,15,18,4.6
781,16,18,5.0476190476190474
781,17,19,5.0
781,18,19,5.375
781,19,19,5.375
781,20,0,5.62962962962963
781,21,1,5.62962962962963
781,22,2,6.241379310344827
781,23,3,6.193548387096774
781,24,7,6.181818181818182
781,25,4,6.114285714285714
781,26,5,6.055555555555555
781,27,11,6.102564102564102
781,28,16,6.075
781,29,17,6.404761904761905
781,30,18,6.465116279069767
781,31,23,6.4772727272727275
781,32,22,6.869565217391305
781,33,23,6.9787234042553195
781,34,23,7.354166666666667
782,0,0,0
782,1,2,0
782,2,5,2.0
782,3,8,2.5
782,4,9,3.25
782,5,0,3.25
782,6,1,3.6666666666666665
782,7,5,3.375
782,8,7,3.4
782,9,14,3.3636363636363638
782,10,10,3.6153846153846154
782,11,14,3.8125
782,12,19,4.235294117647059
782,13,20,4.75
782,14,24,4.75
782,15,27,5.0
782,16,27,5.0
782,17,27,5.44
782,18,27,5.576923076923077
782,19,31,6.071428571428571
782,20,0,6.206896551724138
782,21,2,6.645161290322581
782,22,6,6.5
782,23,7,6.6571428571428575
782,24,7,6.486486486486487
782,25,1,6.605263157894737
782,26,2,6.7317073170731705
782,27,10,6.7317073170731705
782,28,11,6.837209302325581
782,29,14,7.0
782,30,18,7.086956521739131
782,31,19,7.086956521739131
782,32,20,7.448979591836735
782,33,24,7.448979591836735
782,34,25,7.647058823529412
783,0,0,0
783,1,0,0
783,2,0,0
783,3,2,0
783,4,1,2.5
783,5,0,2.5
783,6,1,2.5
783,7,3,2.875
783,8,2,3.0
783,9,5,3.0
783,10,7,3.0833333333333335
783,11,7,3.1538461538461537
783,12,9,3.357142857142857
783,13,10,3.357142857142857
783,14,13,3.8125
783,15,14,3.7058823529411766
783,16,14,4.052631578947368
783,17,15,4.052631578947368
783,18,15,4.333333333333333
783,19,17,4.2727272727272725
783,20,0,4.608695652173913
783,21,0,4.96
783,22,3,5.0
783,23,3,4.896551724137931
783,24,3,4.833333333333333
783,25,2,4.96969696969697
783,26,5,4.942857142857143
783,27,13,5.055555555555555
783,28,15,5.0
783,29,21,5.425
783,30,27,5.425
783,31,29,5.604651162790698
783,32,29,5.604651162790698
783,33,29,6.133333333333334
783,34,29,6.195652173913044
784,0,0,0
784,1,0,0
784,2,0,2.0
784,3,3,2.3333333333333335
784,4,5,2.4
784,5,0,2.5
784,6,1,2.7142857142857144
784,7,4,2.9
784,8,8,2.909090909090909
784,9,12,3.1538461538461537
784,10,6,3.2857142857142856
784,11,9,3.625
784,12,12,3.764705882352941
784,13,16,4.15
784,14,18,4.15
784,15,21,4.523809523809524
784,16,23,4.521739130434782
784,17,23,4.708333333333333
784,18,26,4.72
784,19,25,5.037037037037037
784,20,0,5.107142857142857
784,21,0,5.433333333333334
784,22,0,5.32258064516129
784,23,1,5.363636363636363
784,24,2,5.428571428571429
784,25,3,5.394736842105263
784,26,6,5.512820512820513
784,27,6,5.414634146341464
784,28,8,5.5
784,29,11,5.681818181818182
784,30,11,5.681818181818182
784,31,14,5.8478260869565215
784,32,19,6.0638297872340425
784,33,21,6.285714285714286
784,34,28,6.5
785,0,0,0
785,1,1,1.0
785,2,3,1.0
785,3,5,2.0
785,4,7,3.0
785,5,0,3.4
785,6,1,3.3333333333333335
785,7,0,3.4444444444444446
785,8,6,3.4
785,9,12,3.3333333333333335
785,10,12,3.2857142857142856
785,11,13,3.4375
785,12,16,3.4705882352941178
785,13,15,3.55
785,14,15,3.9523809523809526
785,15,18,4.0
785,16,19,4.416666666666667
785,17,18,4.8076923076923075
785,18,21,4.888888888888889
785,19,23,5.137931034482759
785,20,0,5.137931034482759
785,21,1,5.5625
785,22,4,5.5625
785,23,6,5.6571428571428575
785,24,8,5.611111111111111
785,25,0,5.675675675675675
785,26,0,6.1
785,27,0,6.1
785,28,4,6.095238095238095
785,29,8,6.232558139534884
785,30,16,6.266666666666667
785,31,22,6.266666666666667
785,32,28,6.361702127659575
785,33,32,6.479166666666667
785,34,38,6.64
786,0,0,0
786,1,0,1.0
786,2,4,1.5
786,3,7,1.6666666666666667
786,4,10,2.25
786,5,0,2.6
786,6,0,3.142857142857143
786,7,1,3.125
786,8,1,2.909090909090909
786,9,4,3.3846153846153846
786,10,7,3.2
786,11,9,3.4705882352941178
786,12,12,3.4705882352941178
786,13,12,3.8947368421052633
786,14,13,3.9
786,15,15,4.2727272727272725
786,16,15,4.304347826086956
786,17,18,4.6
786,18,19,4.653846153846154
786,19,19,5.074074074074074
786,20,0,5.178571428571429
786,21,0,5.6
786,22,1,5.645161290322581
786,23,1,5.545454545454546
786,24,4,5.545454545454546
786,25,0,5.5
786,26,3,5.5675675675675675
786,27,4,5.55
786,28,9,5.658536585365853
786,29,14,5.619047619047619
786,30,17,6.2
786,31,23,6.5
786,32,26,6.553191489361702
786,33,29,6.775510204081633
786,34,28,6.921568627450981
787,0,0,0
787,1,3,0
787,2,2,2.0
787,3,7,2.6666666666666665
787,4,6,3.0
787,5,0,3.0
787,6,2,3.6
787,7,7,3.6
787,8,11,3.375
787,9,17,3.3333333333333335
787,10,11,3.5454545454545454
787,11,12,3.923076923076923
787,12,13,4.066666666666666
787,13,14,4.1875
787,14,20,4.235294117647059
787,15,22,4.421052631578948
787,16,25,4.5
787,17,24,5.045454545454546
787,18,26,5.045454545454546
787,19,28,5.64
787,20,0,5.64
787,21,1,6.222222222222222
787,22,3,6.357142857142857
787,23,2,6.193548387096774
787,24,5,6.375
787,25,0,6.3428571428571425
787,26,0,6.472222222222222
787,27,1,6.368421052631579
787,28,1,6.475
787,29,9,6.619047619047619
787,30,11,6.619047619047619
787,31,11,6.795454545454546
787,32,14,6.795454545454546
787,33,14,7.1063829787234045
787,34,19,7.1063829787234045
788,0,0,0
788,1,1,0
788,2,2,2.0
788,3,6,2.5
788,4,6,3.0
788,5,0,3.25
788,6,0,3.3333333333333335
788,7,2,3.4285714285714284
788,8,3,3.25
788,9,6,3.5
788,10,8,3.8461538461538463
788,11,8,3.8666666666666667
788,12,11,3.9411764705882355
788,13,12,3.9411764705882355
788,14,14,4.0
788,15,18,4.0
788,16,18,4.545454545454546
788,17,19,4.545454545454546
788,18,19,5.08
788,19,20,5.08
788,20,0,5.576923076923077
788,21,0,5.535714285714286
788,22,0,6.0
788,23,0,5.870967741935484
788,24,2,5.787878787878788
788,25,3,5.714285714285714
788,26,8,5.638888888888889
788,27,12,5.578947368421052
788,28,12,5.512820512820513
788,29,17,5.536585365853658
788,30,20,5.536585365853658
788,31,26,5.558139534883721
788,32,27,5.613636363636363
788,33,28,5.688888888888889
788,34,30,5.739130434782608
789,0,0,0
789,1,1,0
789,2,2,2.0
789,3,5,2.5
789,4,4,3.0
789,5,0,3.25
789,6,1,3.3333333333333335
789,7,2,3.875
789,8,7,3.8
789,9,8,3.9166666666666665
789,10,8,3.923076923076923
789,11,9,3.9375
789,12,11,4.0
789,13,11,4.388888888888889
789,14,13,4.2631578947368425
789,15,13,4.523809523809524
789,16,13,4.523809523809524
789,17,15,4.913043478260869
789,18,17,4.875
789,19,18,5.12
789,20,0,5.0
789,21,0,5.5
789,22,1,5.5
789,23,3,5.21875
789,24,3,5.21875
789,25,3,5.0285714285714285
789,26,6,5.054054054054054
789,27,8,5.052631578947368
789,28,13,5.128205128205129
789,29,17,5.097560975609756
789,30,20,5.476190476190476
789,31,24,6.0
789,32,26,6.022222222222222
789,33,25,6.148936170212766
789,34,25,6.148936170212766
790,0,0,0
790,1,0,0
790,2,0,0
790,3,0,2.5
790,4,3,2.3333333333333335
790,5,0,2.75
790,6,1,2.8
790,7,5,2.625
790,8,11,2.5555555555555554
790,9,10,2.6923076923076925
790,10,12,2.7142857142857144
790,11,14,3.0
790,12,17,3.0
790,13,18,3.25
790,14,18,3.619047619047619
790,15,19,3.9565217391304346
790,16,18,4.2
790,17,18,4.1923076923076925
790,18,18,4.357142857142857
790,19,19,4.357142857142857
790,20,0,4.7
790,21,0,5.0625
790,22,0,5.0625
790,23,3,5.0
790,24,7,4.918918918918919
790,25,4,4.82051282051282
790,26,6,4.925
790,27,7,4.928571428571429
790,28,14,4.906976744186046
790,29,15,5.066666666666666
790,30,19,5.066666666666666
790,31,25,5.127659574468085
790,32,28,5.291666666666667
790,33,31,5.38
790,34,31,5.549019607843137
791,0,0,0
791,1,2,0
791,2,4,2.0
791,3,8,2.3333333333333335
791,4,11,2.75
791,5,0,3.1666666666666665
791,6,2,3.4285714285714284
791,7,3,3.25
791,8,8,3.3
791,9,10,3.4166666666666665
791,10,10,3.7142857142857144
791,11,14,3.8125
791,12,18,3.764705882352941
791,13,18,3.8947368421052633
791,14,20,3.8947368421052633
791,15,21,4.095238095238095
791,16,20,4.545454545454546
791,17,19,4.958333333333333
791,18,20,4.958333333333333
791,19,23,5.333333333333333
791,20,0,5.333333333333333
791,21,1,5.862068965517241
791,22,4,5.866666666666666
791,23,4,5.774193548387097
791,24,5,5.714285714285714
791,25,3,5.714285714285714
791,26,5,5.7368421052631575
791,27,11,5.846153846153846
791,28,13,5.975609756097561
791,29,15,5.975609756097561
791,30,16,6.093023255813954
791,31,21,6.093023255813954
791,32,22,6.155555555555556
791,33,26,6.304347826086956
791,34,29,6.333333333333333
792,0,0,0
792,1,0,1.0
792,2,0,1.0
792,3,1,1.5
792,4,5,2.25
792,5,0,2.4
792,6,1,2.4285714285714284
792,7,5,2.5
792,8,7,2.6363636363636362
792,9,12,2.6363636363636362
792,10,10,2.923076923076923
792,11,12,3.0
792,12,14,3.3529411764705883
792,13,17,3.7222222222222223
792,14,18,4.1
792,15,21,4.1
792,16,21,4.478260869565218
792,17,23,4.478260869565218
792,18,24,4.76
792,19,27,4.846153846153846
792,20,0,5.296296296296297
792,21,0,5.413793103448276
792,22,1,5.833333333333333
792,23,6,5.709677419354839
792,24,7,5.852941176470588
792,25,4,5.771428571428571
792,26,7,6.026315789473684
792,27,8,6.0
792,28,9,6.170731707317073
792,29,15,6.309523809523809
792,30,15,6.431818181818182
792,31,19,6.431818181818182
792,32,25,6.6521739130434785
792,33,27,6.808510638297872
792,34,30,6.875
793,0,0,0
793,1,2,0
793,2,6,2.0
793,3,8,2.3333333333333335
793,4,10,2.75
793,5,0,2.8333333333333335
793,6,0,3.2857142857142856
793,7,2,3.25
793,8,4,3.1
793,9,10,3.1666666666666665
793,10,11,3.2857142857142856
793,11,14,3.2857142857142856
793,12,20,3.5
793,13,21,3.8421052631578947
793,14,23,3.8421052631578947
793,15,25,4.095238095238095
793,16,28,4.181818181818182
793,17,27,4.391304347826087
793,18,27,4.458333333333333
793,19,28,4.846153846153846
793,20,0,5.333333333333333
793,21,2,5.586206896551724
793,22,3,5.709677419354839
793,23,6,5.709677419354839
793,24,7,5.885714285714286
793,25,2,5.885714285714286
793,26,4,5.837837837837838
793,27,4,6.205128205128205
793,28,6,6.15
793,29,13,6.341463414634147
793,30,15,6.534883720930233
793,31,18,6.534883720930233
793,32,23,6.711111111111111
793,33,28,6.956521739130435
793,34,33,7.0
794,0,0,0
794,1,3,0
794,2,7,2.0
794,3,6,2.6666666666666665
794,4,7,3.0
794,5,0,3.4
794,6,0,3.5714285714285716
794,7,4,3.111111111111111
794,8,6,3.4545454545454546
794,9,8,3.8333333333333335
794,10,4,4.125
794,11,5,4.125
794,12,12,4.611111111111111
794,13,16,4.611111111111111
794,14,20,4.9523809523809526
794,15,23,4.9523809523809526
794,16,22,5.260869565217392
794,17,24,5.291666666666667
794,18,25,5.423076923076923
794,19,26,5.423076923076923
794,20,0,5.678571428571429
794,21,0,5.724137931034483
794,22,1,5.933333333333334
794,23,3,5.90625
794,24,4,5.911764705882353
794,25,2,5.828571428571428
794,26,4,5.842105263157895
794,27,9,5.948717948717949
794,28,10,6.048780487804878
794,29,12,6.048780487804878
794,30,12,6.209302325581396
794,31,12,6.204545454545454
794,32,15,6.3478260869565215
794,33,18,6.3478260869565215
794,34,20,6.5625
795,0,0,0
795,1,0,0
795,2,2,2.0
795,3,4,2.0
795,4,9,2.3333333333333335
795,5,0,2.8
795,6,0,3.1666666666666665
795,7,2,3.142857142857143
795,8,4,2.888888888888889
795,9,8,3.090909090909091
795,10,9,3.230769230769231
795,11,15,3.4
795,12,19,3.5
795,13,23,3.6666666666666665
795,14,23,3.8421052631578947
795,15,23,3.8421052631578947
795,16,26,4.2727272727272725
795,17,26,4.2727272727272725
795,18,25,4.8
795,19,27,5.269230769230769
795,20,0,5.269230769230769
795,21,0,5.793103448275862
795,22,1,5.793103448275862
795,23,2,5.909090909090909
795,24,3,5.909090909090909
795,25,0,5.852941176470588
795,26,4,6.054054054054054
795,27,5,6.026315789473684
795,28,8,6.2926829268292686
795,29,8,6.2926829268292686
795,30,14,6.261904761904762
795,31,17,6.688888888888889
795,32,23,6.688888888888889
795,33,30,6.9787234042553195
795,34,32,7.166666666666667
796,0,0,0
796,1,2,0
796,2,7,2.0
796,3,9,2.6666666666666665
796,4,11,3.0
796,5,0,3.1666666666666665
796,6,0,3.142857142857143
796,7,0,3.5
796,8,2,3.5
796,9,4,3.3
796,10,4,3.769230769230769
796,11,7,3.7857142857142856
796,12,15,3.75
796,13,15,3.75
796,14,20,3.8947368421052633
796,15,22,4.4
796,16,23,4.818181818181818
796,17,25,4.869565217391305
796,18,24,5.32
796,19,27,5.32
796,20,0,5.928571428571429
796,21,2,6.137931034482759
796,22,1,5.9375
796,23,4,5.9393939393939394
796,24,4,5.888888888888889
796,25,1,5.888888888888889
796,26,2,5.897435897435898
796,27,5,6.0
796,28,8,5.975609756097561
796,29,14,6.209302325581396
796,30,20,6.181818181818182
796,31,22,6.533333333333333
796,32,24,6.787234042553192
796,33,32,6.791666666666667
796,34,35,6.791666666666667
797,0,0,0
797,1,0,1.0
797,2,0,1.0
797,3,0,2.0
797,4,2,2.0
797,5,0,2.2
797,6,3,2.2
797,7,4,2.7777777777777777
797,8,8,2.7777777777777777
797,9,8,2.909090909090909
797,10,7,2.9166666666666665
797,11,7,3.466666666666667
797,12,11,3.375
797,13,11,3.7058823529411766
797,14,12,3.611111111111111
797,15,11,3.8421052631578947
797,16,14,3.85
797,17,15,4.045454545454546
797,18,14,4.25
797,19,19,4.25
797,20,0,4.444444444444445
797,21,2,4.444444444444445
797,22,5,4.7
797,23,4,4.612903225806452
797,24,7,4.575757575757576
797,25,1,4.485714285714286
797,26,2,4.527777777777778
797,27,10,4.487179487179487
797,28,15,4.487179487179487
797,29,23,4.523809523809524
797,30,25,4.953488372093023
797,31,31,4.954545454545454
797,32,32,5.043478260869565
797,33,33,5.085106382978723
797,34,32,5.224489795918367
798,0,0,0
798,1,0,1.0
798,2,3,1.0
798,3,3,2.3333333333333335
798,4,6,2.3333333333333335
798,5,0,3.0
798,6,1,3.0
798,7,3,3.5
798,8,7,3.375
798,9,13,3.727272727272727
798,10,12,3.9166666666666665
798,11,13,3.857142857142857
798,12,16,3.9375
798,13,18,3.823529411764706
798,14,18,4.0
798,15,22,4.0
798,16,25,4.142857142857143
798,17,26,4.142857142857143
798,18,26,4.6521739130434785
798,19,26,4.666666666666667
798,20,0,4.96
798,21,1,4.961538461538462
798,22,1,5.321428571428571
798,23,4,5.321428571428571
798,24,5,5.275862068965517
798,25,0,5.4375
798,26,0,5.333333333333333
798,27,4,5.333333333333333
798,28,9,5.4324324324324325
798,29,10,5.368421052631579
798,30,13,5.625
798,31,14,5.609756097560975
798,32,17,5.609756097560975
798,33,19,6.0227272727272725
798,34,23,6.155555555555556
799,0,0,0
799,1,0,0
799,2,0,0
799,3,2,2.0
799,4,8,2.0
799,5,0,3.0
799,6,2,3.4
799,7,2,3.1666666666666665
799,8,6,3.125
799,9,8,3.2
799,10,10,3.25
799,11,15,3.4285714285714284
799,12,17,3.875
799,13,18,4.166666666666667
799,14,20,4.157894736842105
799,15,21,4.3
799,16,24,4.333333333333333
799,17,25,4.521739130434782
799,18,26,4.625
799,19,25,4.884615384615385
799,20,0,4.925925925925926
799,21,0,5.357142857142857
799,22,0,5.448275862068965
799,23,0,5.34375
799,24,2,5.34375
799,25,1,5.285714285714286
799,26,1,5.388888888888889
799,27,6,5.2894736842105265
799,28,6,5.230769230769231
799,29,8,5.390243902439025
799,30,9,5.390243902439025
799,31,10,5.534883720930233
799,32,17,5.568181818181818
799,33,17,5.6
799,34,21,5.829787234042553
800,0,0,0
800,1,2,0
800,2,3,2.0
800,3,4,2.0
800,4,5,3.5
800,5,0,3.5
800,6,0,3.4285714285714284
800,7,2,3.25
800,8,3,3.5
800,9,8,3.6666666666666665
800,10,5,3.8
800,11,5,3.6875
800,12,6,4.166666666666667
800,13,11,4.166666666666667
800,14,15,4.45
800,15,16,4.45
800,16,15,4.818181818181818
800,17,18,4.818181818181818
800,18,22,4.96
800,19,23,5.153846153846154
800,20,0,5.071428571428571
800,21,1,5.310344827586207
800,22,0,5.193548387096774
800,23,2,5.193548387096774
800,24,2,5.085714285714285
800,25,2,5.085714285714285
800,26,4,5.027027027027027
800,27,7,5.131578947368421
800,28,11,5.128205128205129
800,29,14,5.128205128205129
800,30,17,5.121951219512195
800,31,17,5.6976744186046515
800,32,18,6.111111111111111
800,33,25,6.260869565217392
800,34,29,6.361702127659575
801,0,0,0
801,1,1,0
801,2,3,2.0
801,3,6,2.3333333333333335
801,4,9,2.5
801,5,0,3.0
801,6,2,3.0
801,7,2,3.2
801,8,8,3.1818181818181817
801,9,9,3.3076923076923075
801,10,7,3.2
801,11,11,3.3529411764705883
801,12,14,3.7222222222222223
801,13,16,3.95
801,14,19,3.9523809523809526
801,15,23,4.086956521739131
801,16,24,4.48
801,17,25,4.48
801,18,25,4.964285714285714
801,19,27,4.964285714285714
801,20,0,5.451612903225806
801,21,0,5.451612903225806
801,22,0,5.764705882352941
801,23,1,5.771428571428571
801,24,3,5.594594594594595
801,25,0,5.6923076923076925
801,26,0,5.975609756097561
801,27,4,5.975609756097561
801,28,3,6.068181818181818
801,29,6,6.068181818181818
801,30,6,6.108695652173913
801,31,6,6.212765957446808
801,32,12,6.346938775510204
801,33,17,6.346938775510204
801,34,23,6.588235294117647
802,0,0,0
802,1,0,0
802,2,1,1.0
802,3,5,1.0
802,4,8,2.6666666666666665
802,5,0,3.0
802,6,2,3.4
802,7,6,3.1666666666666665
802,8,10,3.5555555555555554
802,9,16,3.6
802,10,16,3.4615384615384617
802,11,16,3.642857142857143
802,12,20,3.8125
802,13,23,3.9444444444444446
802,14,24,4.052631578947368
802,15,25,4.3
802,16,25,4.363636363636363
802,17,24,4.6521739130434785
802,18,26,4.583333333333333
802,19,26,5.0
802,20,0,5.0
802,21,0,5.678571428571429
802,22,2,5.586206896551724
802,23,2,5.5
802,24,3,5.67741935483871
802,25,0,5.4411764705882355
802,26,0,5.6571428571428575
802,27,4,5.666666666666667
802,28,10,5.578947368421052
802,29,11,6.15
802,30,15,6.146341463414634
802,31,20,6.348837209302325
802,32,21,6.386363636363637
802,33,22,6.5
802,34,25,6.5
803,0,0,0
803,1,0,0
803,2,1,1.0
803,3,2,2.0
803,4,3,2.75
803,5,0,2.75
803,6,0,3.2
803,7,6,3.0
803,8,8,2.7777777777777777
803,9,11,2.8181818181818183
803,10,8,3.0
803,11,10,3.4285714285714284
803,12,13,3.4375
803,13,14,3.9444444444444446
803,14,17,4.2631578947368425
803,15,19,4.2631578947368425
803,16,18,4.619047619047619
803,17,20,4.590909090909091
803,18,21,4.75
803,19,22,4.76
803,20,0,5.230769230769231
803,21,3,5.25
803,22,2,5.433333333333334
803,23,2,5.419354838709677
803,24,3,5.323529411764706
803,25,0,5.323529411764706
803,26,4,5.378378378378378
803,27,9,5.2894736842105265
803,28,12,5.585365853658536
803,29,15,5.904761904761905
803,30,19,6.204545454545454
803,31,21,6.565217391304348
803,32,24,6.565217391304348
803,33,27,6.583333333333333
803,34,27,6.530612244897959
804,0,0,0
804,1,0,0
804,2,0,1.0
804,3,6,2.0
804,4,8,2.75
804,5,0,2.75
804,6,1,2.8333333333333335
804,7,3,2.875
804,8,3,3.1
804,9,9,3.1666666666666665
804,10,7,3.5384615384615383
804,11,8,3.9375
804,12,11,3.9375
804,13,15,4.0
804,14,17,3.9473684210526314
804,15,17,4.142857142857143
804,16,21,4.181818181818182
804,17,23,4.625
804,18,27,4.625
804,19,26,5.037037037037037
804,20,0,5.037037037037037
804,21,2,5.586206896551724
804,22,3,5.586206896551724
804,23,3,5.5
804,24,3,5.5
804,25,1,5.4
804,26,3,5.4
804,27,6,5.394736842105263
804,28,8,5.333333333333333
804,29,10,5.325
804,30,14,5.767441860465116
804,31,19,5.767441860465116
804,32,20,5.978260869565218
804,33,21,5.978260869565218
804,34,25,6.0212765957446805
805,0,0,0
805,1,1,1.0
805,2,6,1.0
805,3,11,2.3333333333333335
805,4,13,2.75
805,5,0,3.0
805,6,2,3.2857142857142856
805,7,7,3.25
805,8,10,3.1
805,9,16,3.1818181818181817
805,10,11,3.357142857142857
805,11,16,3.625
805,12,18,3.7222222222222223
805,13,22,3.95
805,14,26,4.095238095238095
805,15,28,4.565217391304348
805,16,28,4.72
805,17,29,4.72
805,18,29,4.923076923076923
805,19,31,5.178571428571429
805,20,0,5.413793103448276
805,21,3,5.67741935483871
805,22,2,6.0
805,23,6,6.147058823529412
805,24,9,6.1891891891891895
805,25,4,6.342105263157895
805,26,4,6.390243902439025
805,27,6,6.390243902439025
805,28,12,6.511627906976744
805,29,19,6.681818181818182
805,30,20,6.8478260869565215
805,31,25,6.8478260869565215
805,32,29,7.020833333333333
805,33,32,7.224489795918367
805,34,40,7.431372549019608
806,0,0,0
806,1,0,0
806,2,2,0
806,3,2,2.5
806,4,5,2.6666666666666665
806,5,0,3.0
806,6,1,3.0
806,7,5,3.2857142857142856
806,8,9,3.2222222222222223
806,9,12,3.3
806,10,11,3.25
806,11,13,3.466666666666667
806,12,17,3.764705882352941
806,13,16,4.111111111111111
806,14,20,4.105263157894737
806,15,20,4.523809523809524
806,16,22,4.545454545454546
806,17,25,4.958333333333333
806,18,25,5.04
806,19,28,5.444444444444445
806,20,0,5.821428571428571
806,21,3,5.833333333333333
806,22,5,6.096774193548387
806,23,7,6.0
806,24,8,5.9714285714285715
806,25,3,5.891891891891892
806,26,5,5.947368421052632
806,27,6,6.0
806,28,14,6.0
806,29,18,6.204545454545454
806,30,27,6.204545454545454
806,31,26,6.222222222222222
806,32,31,6.369565217391305
806,33,32,6.458333333333333
806,34,36,6.458333333333333
807,0,0,0
807,1,1,0
807,2,3,2.0
807,3,4,2.0
807,4,6,3.0
807,5,0,3.1666666666666665
807,6,2,3.125
807,7,11,3.125
807,8,14,3.1666666666666665
807,9,16,3.1666666666666665
807,10,12,3.357142857142857
807,11,13,3.357142857142857
807,12,15,3.7777777777777777
807,13,18,3.7777777777777777
807,14,20,4.1
807,15,23,4.476190476190476
807,16,25,4.782608695652174
807,17,25,5.2
807,18,27,5.1923076923076925
807,19,26,5.535714285714286
807,20,0,5.517241379310345
807,21,0,5.966666666666667
807,22,3,6.096774193548387
807,23,5,5.909090909090909
807,24,8,5.909090909090909
807,25,0,5.914285714285715
807,26,0,5.916666666666667
807,27,2,6.394736842105263
807,28,3,6.675
807,29,6,7.0
807,30,11,7.069767441860465
807,31,14,7.0227272727272725
807,32,14,7.066666666666666
807,33,21,7.212765957446808
807,34,23,7.212765957446808
808,0,0,0
808,1,3,0
808,2,3,2.0
808,3,5,2.3333333333333335
808,4,7,2.6
808,5,0,2.6
808,6,2,3.0
808,7,3,3.0
808,8,5,2.909090909090909
808,9,9,2.909090909090909
808,10,11,3.142857142857143
808,11,17,3.066666666666667
808,12,19,3.25
808,13,19,3.176470588235294
808,14,21,3.4210526315789473
808,15,21,3.4210526315789473
808,16,22,3.761904761904762
808,17,23,3.6818181818181817
808,18,22,4.041666666666667
808,19,22,4.52
808,20,0,4.461538461538462
808,21,0,4.785714285714286
808,22,2,4.785714285714286
808,23,3,4.71875
808,24,3,4.636363636363637
808,25,1,4.666666666666667
808,26,1,4.72972972972973
808,27,4,4.85
808,28,4,4.951219512195122
808,29,5,5.046511627906977
808,30,14,5.046511627906977
808,31,15,5.113636363636363
808,32,19,5.304347826086956
808,33,26,5.382978723404255
808,34,32,5.5625
809,0,0,0
809,1,0,0
809,2,0,0
809,3,3,2.0
809,4,6,3.3333333333333335
809,5,0,3.25
809,6,1,3.0
809,7,6,3.3333333333333335
809,8,6,3.142857142857143
809,9,11,3.3
809,10,5,3.75
809,11,8,4.142857142857143
809,12,16,4.066666666666666
809,13,20,4.411764705882353
809,14,22,4.388888888888889
809,15,24,4.45
809,16,26,4.476190476190476
809,17,25,4.909090909090909
809,18,27,4.958333333333333
809,19,27,5.4
809,20,0,5.461538461538462
809,21,2,5.888888888888889
809,22,4,5.833333333333333
809,23,7,5.741935483870968
809,24,6,5.757575757575758
809,25,3,5.735294117647059
809,26,3,5.833333333333333
809,27,7,5.947368421052632
809,28,9,5.948717948717949
809,29,14,6.195121951219512
809,30,19,6.190476190476191
809,31,20,6.295454545454546
809,32,20,6.333333333333333
809,33,24,6.695652173913044
809,34,33,6.829787234042553
810,0,0,0
810,1,0,0
810,2,0,1.0
810,3,5,1.0
810,4,9,2.5
810,5,0,2.5
810,6,2,2.8
810,7,2,2.8333333333333335
810,8,6,2.888888888888889
810,9,9,2.909090909090909
810,10,11,3.076923076923077
810,11,12,3.142857142857143
810,12,16,3.611111111111111
810,13,18,4.0
810,14,19,4.285714285714286
810,15,21,4.181818181818182
810,16,22,4.3478260869565215
810,17,25,4.291666666666667
810,18,25,4.5
810,19,26,4.5
810,20,0,4.931034482758621
810,21,2,4.931034482758621
810,22,4,5.387096774193548
810,23,6,5.40625
810,24,5,5.264705882352941
810,25,0,5.361111111111111
810,26,0,5.342105263157895
810,27,2,5.342105263157895
810,28,5,5.375
810,29,10,5.375
810,30,11,5.558139534883721
810,31,13,5.558139534883721
810,32,16,5.822222222222222
810,33,26,6.170212765957447
810,34,28,6.170212765957447
811,0,0,0
811,1,2,0
811,2,5,2.0
811,3,8,2.0
811,4,11,3.0
811,5,0,3.0
811,6,1,3.6666666666666665
811,7,1,3.375
811,8,3,3.4444444444444446
811,9,4,3.4166666666666665
811,10,9,3.3846153846153846
811,11,11,3.4
811,12,15,3.5625
811,13,22,3.7058823529411766
811,14,25,4.2631578947368425
811,15,24,4.65
811,16,25,5.0
811,17,29,5.0
811,18,30,5.12
811,19,30,5.153846153846154
811,20,0,5.37037037037037
811,21,1,5.892857142857143
811,22,4,6.033333333333333
811,23,6,5.935483870967742
811,24,6,5.970588235294118
811,25,0,5.942857142857143
811,26,0,6.0
811,27,1,6.0
811,28,6,6.0
811,29,8,5.853658536585366
811,30,11,6.0
811,31,12,6.093023255813954
811,32,13,6.093023255813954
811,33,15,6.239130434782608
811,34,22,6.239130434782608
812,0,0,0
812,1,1,0
812,2,4,2.0
812,3,8,2.0
812,4,10,3.0
812,5,0,3.0
812,6,0,3.5
812,7,2,3.142857142857143
812,8,5,3.0
812,9,9,3.0
812,10,9,3.230769230769231
812,11,14,3.3333333333333335
812,12,19,3.611111111111111
812,13,25,3.611111111111111
812,14,29,3.789473684210526
812,15,31,4.0
812,16,32,4.181818181818182
812,17,32,4.375
812,18,31,4.6
812,19,32,5.076923076923077
812,20,0,5.642857142857143
812,21,0,6.2
812,22,1,6.2
812,23,0,6.03030303030303
812,24,1,6.057142857142857
812,25,2,5.973684210526316
812,26,4,5.973684210526316
812,27,6,6.2439024390243905
812,28,7,6.2439024390243905
812,29,9,6.214285714285714
812,30,14,6.590909090909091
812,31,14,6.6
812,32,16,6.6
812,33,19,7.0625
812,34,22,7.0625
813,0,0,0
813,1,2,1.0
813,2,4,1.5
813,3,5,2.0
813,4,8,2.5
813,5,0,3.0
813,6,3,2.8333333333333335
813,7,6,3.2222222222222223
813,8,7,3.2222222222222223
813,9,10,3.3636363636363638
813,10,11,3.3846153846153846
813,11,11,3.6666666666666665
813,12,16,3.6666666666666665
813,13,18,3.823529411764706
813,14,18,4.2105263157894735
813,15,17,4.666666666666667
813,16,16,4.956521739130435
813,17,17,4.916666666666667
813,18,17,5.076923076923077
813,19,20,5.0
813,20,0,5.413793103448276
813,21,3,5.413793103448276
813,22,4,5.625
813,23,5,5.4411764705882355
813,24,7,5.428571428571429
813,25,1,5.368421052631579
813,26,5,5.384615384615385
813,27,10,5.404761904761905
813,28,15,5.404761904761905
813,29,17,5.431818181818182
813,30,21,5.4222222222222225
813,31,26,5.468085106382978
813,32,32,5.5
813,33,31,5.6
813,34,31,5.647058823529412
814,0,0,0
814,1,3,0
814,2,8,2.0
814,3,11,2.5
814,4,13,3.25
814,5,0,3.6
814,6,3,3.5
814,7,5,3.75
814,8,9,3.7
814,9,13,3.6666666666666665
814,10,12,3.7857142857142856
814,11,14,3.933333333333333
814,12,22,3.9411764705882355
814,13,23,4.105263157894737
814,14,24,4.1
814,15,25,4.333333333333333
814,16,26,4.3478260869565215
814,17,26,4.583333333333333
814,18,26,4.6
814,19,27,5.0
814,20,0,5.448275862068965
814,21,0,5.935483870967742
814,22,1,5.8125
814,23,0,5.705882352941177
814,24,0,5.722222222222222
814,25,1,5.675675675675675
814,26,4,5.641025641025641
814,27,10,5.7317073170731705
814,28,10,5.690476190476191
814,29,16,5.8604651162790695
814,30,18,5.933333333333334
814,31,21,6.108695652173913
814,32,23,6.25
814,33,29,6.428571428571429
814,34,35,6.48
815,0,0,0
815,1,1,0
815,2,3,2.0
815,3,4,2.5
815,4,6,3.25
815,5,0,3.4
815,6,3,3.4285714285714284
815,7,10,3.25
815,8,13,3.3
815,9,17,3.3636363636363638
815,10,10,3.4285714285714284
815,11,12,3.533333333333333
815,12,15,3.8823529411764706
815,13,21,3.8947368421052633
815,14,22,4.1
815,15,24,4.095238095238095
815,16,24,4.590909090909091
815,17,25,5.0
815,18,28,5.384615384615385
815,19,29,5.407407407407407
815,20,0,5.724137931034483
815,21,2,5.733333333333333
815,22,1,6.125
815,23,2,6.0588235294117645
815,24,4,6.0
815,25,6,6.026315789473684
815,26,8,6.0256410256410255
815,27,13,6.073170731707317
815,28,14,6.142857142857143
815,29,18,6.2272727272727275
815,30,19,6.333333333333333
815,31,19,6.369565217391305
815,32,19,6.479166666666667
815,33,20,6.551020408163265
815,34,26,6.7254901960784315
816,0,0,0
816,1,3,0
816,2,6,2.0
816,3,9,2.0
816,4,11,3.5
816,5,0,3.5
816,6,0,3.6666666666666665
816,7,2,3.5714285714285716
816,8,4,3.5
816,9,7,3.3
816,10,12,3.25
816,11,15,3.4285714285714284
816,12,20,3.933333333333333
816,13,21,3.933333333333333
816,14,23,4.0625
816,15,25,4.0588235294117645
816,16,27,4.2631578947368425
816,17,29,4.3
816,18,31,4.571428571428571
816,19,33,5.291666666666667
816,20,0,5.291666666666667
816,21,0,5.615384615384615
816,22,0,5.666666666666667
816,23,0,5.785714285714286
816,24,2,5.655172413793103
816,25,0,5.75
816,26,0,5.666666666666667
816,27,2,5.888888888888889
816,28,3,5.888888888888889
816,29,5,6.052631578947368
816,30,8,6.052631578947368
816,31,8,6.225
816,32,10,6.414634146341464
816,33,10,6.627906976744186
816,34,14,6.627906976744186
817,0,0,0
817,1,2,1.0
817,2,4,1.0
817,3,3,2.5
817,4,4,2.5
817,5,0,3.0
817,6,3,3.0
817,7,4,3.4444444444444446
817,8,8,3.4444444444444446
817,9,10,3.4166666666666665
817,10,11,3.4166666666666665
817,11,13,3.5625
817,12,15,3.5625
817,13,17,3.764705882352941
817,14,16,4.2105263157894735
817,15,15,4.6
817,16,17,4.6
817,17,16,4.909090909090909
817,18,16,4.909090909090909
817,19,16,5.291666666666667
817,20,0,5.291666666666667
817,21,3,5.6923076923076925
817,22,7,5.555555555555555
817,23,7,5.4
817,24,6,5.3125
817,25,6,5.3125
817,26,6,5.257142857142857
817,27,11,5.222222222222222
817,28,16,5.27027027027027
817,29,22,5.2894736842105265
817,30,25,5.375
817,31,30,5.375
817,32,32,5.523809523809524
817,33,34,5.523809523809524
817,34,34,5.704545454545454
818,0,0,0
818,1,0,1.0
818,2,1,1.0
818,3,6,2.0
818,4,8,2.5
818,5,0,2.8
818,6,0,2.7142857142857144
818,7,1,2.7
818,8,5,2.5833333333333335
818,9,7,2.5833333333333335
818,10,10,2.7333333333333334
818,11,14,2.75
818,12,15,2.8823529411764706
818,13,18,2.8823529411764706
818,14,22,3.4
818,15,21,3.857142857142857
818,16,24,3.782608695652174
818,17,26,4.25
818,18,27,4.24
818,19,26,4.62962962962963
818,20,0,4.62962962962963
818,21,0,5.142857142857143
818,22,2,5.166666666666667
818,23,4,5.064516129032258
818,24,7,5.125
818,25,0,5.057142857142857
818,26,1,5.138888888888889
818,27,0,5.17948717948718
818,28,5,5.5
818,29,8,5.785714285714286
818,30,13,6.136363636363637
818,31,19,6.2
818,32,22,6.217391304347826
818,33,24,6.416666666666667
818,34,29,6.416666666666667
819,0,0,0
819,1,1,0
819,2,2,2.0
819,3,7,2.5
819,4,10,3.25
819,5,0,3.25
819,6,1,3.5
819,7,3,3.142857142857143
819,8,5,2.888888888888889
819,9,13,3.0
819,10,9,3.1538461538461537
819,11,11,3.2142857142857144
819,12,13,3.764705882352941
819,13,17,4.157894736842105
819,14,20,4.05
819,15,20,4.136363636363637
819,16,21,4.086956521739131
819,17,22,4.6
819,18,24,4.538461538461538
819,19,25,5.0
819,20,0,4.931034482758621
819,21,0,5.451612903225806
819,22,1,5.303030303030303
819,23,4,5.303030303030303
819,24,5,5.1891891891891895
819,25,1,5.157894736842105
819,26,1,5.225
819,27,6,5.261904761904762
819,28,9,5.340909090909091
819,29,10,5.739130434782608
819,30,14,5.851063829787234
819,31,15,5.918367346938775
819,32,16,6.0
819,33,20,6.153846153846154
819,34,24,6.277777777777778
820,0,0,0
820,1,1,0
820,2,2,2.0
820,3,3,2.6666666666666665
820,4,5,3.0
820,5,0,2.8
820,6,1,3.1666666666666665
820,7,8,3.125
820,8,8,3.0
820,9,8,3.090909090909091
820,10,7,3.2142857142857144
820,11,8,3.75
820,12,12,4.0588235294117645
820,13,17,4.368421052631579
820,14,17,4.619047619047619
820,15,18,4.619047619047619
820,16,21,4.913043478260869
820,17,24,4.833333333333333
820,18,26,5.24
820,19,29,5.148148148148148
820,20,0,5.357142857142857
820,21,0,5.6
820,22,2,5.548387096774194
820,23,4,5.515151515151516
820,24,5,5.529411764705882
820,25,0,5.485714285714286
820,26,0,5.527777777777778
820,27,1,5.815789473684211
820,28,4,6.121951219512195
820,29,9,6.095238095238095
820,30,12,6.2727272727272725
820,31,13,6.266666666666667
820,32,13,6.3478260869565215
820,33,18,6.382978723404255
820,34,23,6.5
821,0,0,0
821,1,0,1.0
821,2,5,1.0
821,3,6,2.5
821,4,7,2.5
821,5,0,2.8
821,6,1,2.4285714285714284
821,7,3,3.0
821,8,7,2.909090909090909
821,9,10,2.8461538461538463
821,10,12,3.0
821,11,15,3.0625
821,12,17,3.235294117647059
821,13,18,3.736842105263158
821,14,22,3.7
821,15,21,3.9545454545454546
821,16,23,3.9545454545454546
821,17,24,4.16
821,18,24,4.16
821,19,23,4.62962962962963
821,20,0,5.103448275862069
821,21,0,5.1
821,22,1,5.40625
821,23,3,5.40625
821,24,3,5.285714285714286
821,25,1,5.361111111111111
821,26,4,5.230769230769231
821,27,8,5.230769230769231
821,28,8,5.317073170731708
821,29,9,5.285714285714286
821,30,11,5.27906976744186
821,31,14,5.4222222222222225
821,32,15,5.456521739130435
821,33,20,5.48936170212766
821,34,22,5.755102040816326
822,0,0,0
822,1,0,0
822,2,2,0
822,3,2,2.0
822,4,5,3.0
822,5,0,3.5
822,6,0,3.5
822,7,2,3.6666666666666665
822,8,5,3.5
822,9,9,3.3333333333333335
822,10,9,3.4
822,11,9,3.8333333333333335
822,12,15,3.857142857142857
822,13,17,4.266666666666667
822,14,18,4.25
822,15,18,4.705882352941177
822,16,18,4.611111111111111
822,17,20,5.0
822,18,22,5.0
822,19,25,5.181818181818182
822,20,0,5.130434782608695
822,21,1,5.64
822,22,5,5.64
822,23,3,5.448275862068965
822,24,4,5.448275862068965
822,25,0,5.454545454545454
822,26,1,5.4411764705882355
822,27,4,5.444444444444445
822,28,3,5.486486486486487
822,29,6,5.5
822,30,10,5.4
822,31,10,5.7560975609756095
822,32,14,5.813953488372093
822,33,15,5.954545454545454
822,34,19,5.911111111111111
823,0,0,0
823,1,0,0
823,2,0,0
823,3,2,2.0
823,4,5,2.0
823,5,0,2.0
823,6,0,2.8
823,7,3,2.6666666666666665
823,8,6,2.5714285714285716
823,9,12,2.6666666666666665
823,10,13,2.8181818181818183
823,11,14,2.923076923076923
823,12,16,3.4
823,13,15,3.7058823529411766
823,14,16,3.7058823529411766
823,15,19,3.9473684210526314
823,16,21,3.9473684210526314
823,17,21,4.181818181818182
823,18,21,4.181818181818182
823,19,24,4.666666666666667
823,20,0,4.6
823,21,0,4.962962962962963
823,22,0,4.821428571428571
823,23,2,4.896551724137931
823,24,0,4.6875
823,25,2,4.757575757575758
823,26,4,4.714285714285714
823,27,8,4.777777777777778
823,28,9,4.868421052631579
823,29,13,4.868421052631579
823,30,18,5.170731707317073
823,31,21,5.170731707317073
823,32,23,5.340909090909091
823,33,25,5.4222222222222225
823,34,30,5.595744680851064
824,0,0,0
824,1,0,0
824,2,2,0
824,3,6,2.5
824,4,7,2.5
824,5,0,3.25
824,6,1,3.5
824,7,4,3.2857142857142856
824,8,7,3.111111111111111
824,9,12,3.111111111111111
824,10,9,3.3846153846153846
824,11,11,3.533333333333333
824,12,13,3.9375
824,13,15,4.352941176470588
824,14,18,4.333333333333333
824,15,19,4.473684210526316
824,16,20,4.380952380952381
824,17,20,4.590909090909091
824,18,21,4.583333333333333
824,19,21,4.84
824,20,0,4.777777777777778
824,21,0,5.285714285714286
824,22,0,5.2
824,23,1,5.2
824,24,2,4.970588235294118
824,25,2,4.914285714285715
824,26,4,4.833333333333333
824,27,9,4.868421052631579
824,28,12,4.846153846153846
824,29,16,4.902439024390244
824,30,18,4.928571428571429
824,31,19,5.386363636363637
824,32,22,5.695652173913044
824,33,25,5.695652173913044
824,34,28,5.854166666666667
825,0,0,0
825,1,1,1.0
825,2,4,1.6666666666666667
825,3,5,1.6666666666666667
825,4,7,2.6
825,5,0,2.8333333333333335
825,6,0,3.0
825,7,1,3.375
825,8,7,3.0
825,9,10,3.4166666666666665
825,10,10,3.3333333333333335
825,11,14,3.6875
825,12,15,4.0
825,13,18,4.052631578947368
825,14,17,4.285714285714286
825,15,19,4.636363636363637
825,16,19,4.636363636363637
825,17,18,5.125
825,18,21,5.08
825,19,23,5.444444444444445
825,20,0,5.444444444444445
825,21,0,5.666666666666667
825,22,0,5.666666666666667
825,23,2,5.454545454545454
825,24,6,5.411764705882353
825,25,3,5.324324324324325
825,26,6,5.324324324324325
825,27,8,5.365853658536586
825,28,11,5.365853658536586
825,29,17,5.5227272727272725
825,30,22,5.5227272727272725
825,31,24,5.6521739130434785
825,32,29,5.680851063829787
825,33,33,5.75
825,34,36,5.88
826,0,0,0
826,1,0,0
826,2,1,2.0
826,3,3,2.3333333333333335
826,4,4,2.5
826,5,0,2.4
826,6,0,2.6666666666666665
826,7,2,2.857142857142857
826,8,5,2.75
826,9,7,2.75
826,10,9,2.888888888888889
826,11,14,3.25
826,12,18,3.3076923076923075
826,13,19,3.857142857142857
826,14,23,3.8
826,15,22,4.3125
826,16,24,4.166666666666667
826,17,26,4.684210526315789
826,18,28,4.684210526315789
826,19,30,5.142857142857143
826,20,0,5.090909090909091
826,21,1,5.416666666666667
826,22,2,5.28
826,23,3,5.25
826,24,6,5.206896551724138
826,25,3,5.129032258064516
826,26,4,5.294117647058823
826,27,7,5.257142857142857
826,28,12,5.361111111111111
826,29,15,5.473684210526316
826,30,18,5.615384615384615
826,31,20,5.65
826,32,23,5.880952380952381
826,33,25,5.880952380952381
826,34,30,6.0227272727272725
827,0,0,0
827,1,1,0
827,2,3,2.0
827,3,6,2.0
827,4,8,2.5
827,5,0,3.0
827,6,2,3.0
827,7,6,3.25
827,8,9,3.3333333333333335
827,9,13,3.4166666666666665
827,10,10,3.4166666666666665
827,11,12,3.7142857142857144
827,12,15,3.8125
827,13,18,4.222222222222222
827,14,19,4.5
827,15,22,4.428571428571429
827,16,21,4.739130434782608
827,17,22,4.708333333333333
827,18,24,5.16
827,19,24,5.16
827,20,0,5.5
827,21,2,5.5
827,22,3,5.933333333333334
827,23,5,5.935483870967742
827,24,5,5.757575757575758
827,25,4,5.742857142857143
827,26,5,5.702702702702703
827,27,9,5.666666666666667
827,28,12,5.675
827,29,15,5.682926829268292
827,30,19,5.714285714285714
827,31,27,5.7727272727272725
827,32,31,5.822222222222222
827,33,35,5.822222222222222
827,34,36,6.041666666666667
828,0,0,0
828,1,0,0
828,2,3,2.0
828,3,5,2.0
828,4,7,2.75
828,5,0,3.0
828,6,1,3.4285714285714284
828,7,2,3.111111111111111
828,8,8,3.1
828,9,8,3.1666666666666665
828,10,7,3.2857142857142856
828,11,8,3.4375
828,12,13,3.4375
828,13,16,3.8947368421052633
828,14,18,3.8947368421052633
828,15,19,4.181818181818182
828,16,20,4.181818181818182
828,17,20,4.6521739130434785
828,18,22,4.666666666666667
828,19,24,5.076923076923077
828,20,0,5.111111111111111
828,21,1,5.571428571428571
828,22,1,5.516129032258065
828,23,3,5.40625
828,24,5,5.416666666666667
828,25,2,5.416666666666667
828,26,1,5.45
828,27,4,5.45
828,28,9,5.5
828,29,14,5.465116279069767
828,30,16,5.4772727272727275
828,31,18,5.8936170212765955
828,32,21,6.145833333333333
828,33,23,6.244897959183674
828,34,29,6.32
829,0,0,0
829,1,0,0
829,2,0,2.0
829,3,3,2.0
829,4,4,3.0
829,5,0,3.0
829,6,2,3.1666666666666665
829,7,7,3.0
829,8,9,3.3636363636363638
829,9,10,3.3636363636363638
829,10,6,3.5384615384615383
829,11,9,3.5
829,12,12,3.9411764705882355
829,13,14,4.105263157894737
829,14,16,4.142857142857143
829,15,19,4.142857142857143
829,16,22,4.304347826086956
829,17,22,4.304347826086956
829,18,21,4.76
829,19,25,4.6923076923076925
829,20,0,5.148148148148148
829,21,0,5.142857142857143
829,22,0,5.32258064516129
829,23,0,5.375
829,24,3,5.257142857142857
829,25,3,5.166666666666667
829,26,5,5.256410256410256
829,27,10,5.225
829,28,13,5.285714285714286
829,29,17,5.372093023255814
829,30,18,5.511111111111111
829,31,20,5.511111111111111
829,32,22,5.666666666666667
829,33,30,5.666666666666667
829,34,30,5.86
830,0,0,0
830,1,3,0
830,2,7,2.0
830,3,13,2.5
830,4,13,3.25
830,5,0,3.25
830,6,3,3.6666666666666665
830,7,6,3.25
830,8,9,3.25
830,9,14,3.25
830,10,12,3.4285714285714284
830,11,15,3.4
830,12,19,3.7058823529411766
830,13,21,3.7222222222222223
830,14,22,3.9473684210526314
830,15,24,4.409090909090909
830,16,26,4.869565217391305
830,17,25,5.32
830,18,25,5.62962962962963
830,19,26,5.678571428571429
830,20,0,5.766666666666667
830,21,3,6.3125
830,22,5,6.181818181818182
830,23,5,6.111111111111111
830,24,8,6.054054054054054
830,25,3,6.0
830,26,4,5.976190476190476
830,27,6,5.976190476190476
830,28,17,5.933333333333334
830,29,21,5.933333333333334
830,30,25,6.0
830,31,29,6.0
830,32,32,6.081632653061225
830,33,36,6.16
830,34,38,6.215686274509804
831,0,0,0
831,1,3,0
831,2,4,2.0
831,3,7,2.0
831,4,9,3.5
831,5,0,3.5
831,6,2,4.0
831,7,5,3.7142857142857144
831,8,9,3.4444444444444446
831,9,17,3.1818181818181817
831,10,14,3.3846153846153846
831,11,17,3.5714285714285716
831,12,21,3.7333333333333334
831,13,27,3.75
831,14,27,3.9444444444444446
831,15,29,3.9444444444444446
831,16,29,4.285714285714286
831,17,30,4.7727272727272725
831,18,33,5.333333333333333
831,19,33,5.730769230769231
831,20,0,5.730769230769231
831,21,1,6.071428571428571
831,22,4,6.137931034482759
831,23,5,6.033333333333333
831,24,5,6.0588235294117645
831,25,1,6.0
831,26,1,5.972972972972973
831,27,5,6.128205128205129
831,28,5,6.170731707317073
831,29,7,6.170731707317073
831,30,9,6.27906976744186
831,31,9,6.511111111111111
831,32,12,6.673913043478261
831,33,12,6.916666666666667
831,34,14,6.916666666666667
832,0,0,0
832,1,0,0
832,2,0,1.5
832,3,1,1.5
832,4,1,2.25
832,5,0,2.4
832,6,1,2.4285714285714284
832,7,4,2.3333333333333335
832,8,6,2.6
832,9,6,2.75
832,10,5,3.0
832,11,8,3.0625
832,12,10,3.235294117647059
832,13,13,3.2222222222222223
832,14,14,3.473684210526316
832,15,16,3.4
832,16,17,3.6666666666666665
832,17,16,3.9130434782608696
832,18,17,3.9130434782608696
832,19,20,4.12
832,20,0,4.384615384615385
832,21,2,4.551724137931035
832,22,5,4.551724137931035
832,23,4,4.393939393939394
832,24,7,4.393939393939394
832,25,0,4.416666666666667
832,26,3,4.4324324324324325
832,27,9,4.487179487179487
832,28,16,4.4523809523809526
832,29,21,4.790697674418604
832,30,28,5.090909090909091
832,31,30,5.173913043478261
832,32,34,5.191489361702128
832,33,37,5.346938775510204
832,34,39,5.4
833,0,0,0
833,1,2,0
833,2,5,2.0
833,3,9,2.5
833,4,10,3.25
833,5,0,3.6
833,6,3,3.142857142857143
833,7,3,3.5
833,8,9,3.4
833,9,13,3.3333333333333335
833,10,10,3.4
833,11,14,3.4
833,12,18,3.7058823529411766
833,13,22,3.526315789473684
833,14,24,3.7
833,15,28,3.7142857142857144
833,16,31,3.9545454545454546
833,17,30,4.48
833,18,30,4.923076923076923
833,19,32,4.923076923076923
833,20,0,5.310344827586207
833,21,2,5.310344827586207
833,22,5,5.53125
833,23,6,5.606060606060606
833,24,5,5.555555555555555
833,25,4,5.555555555555555
833,26,3,5.666666666666667
833,27,4,5.8
833,28,6,5.804878048780488
833,29,9,5.976190476190476
833,30,10,6.136363636363637
833,31,12,6.311111111111111
833,32,12,6.3478260869565215
833,33,19,6.729166666666667
833,34,20,6.795918367346939
834,0,0,0
834,1,0,0
834,2,0,2.0
834,3,2,2.6666666666666665
834,4,5,2.75
834,5,0,2.75
834,6,1,3.0
834,7,3,3.0
834,8,5,3.0
834,9,15,3.0
834,10,12,3.1666666666666665
834,11,16,3.2857142857142856
834,12,22,3.5
834,13,23,3.5789473684210527
834,14,27,3.5789473684210527
834,15,27,4.0
834,16,29,4.045454545454546
834,17,28,4.478260869565218
834,18,29,4.478260869565218
834,19,28,5.115384615384615
834,20,0,5.115384615384615
834,21,1,5.571428571428571
834,22,5,5.6
834,23,6,5.484848484848484
834,24,7,5.527777777777778
834,25,6,5.621621621621622
834,26,7,5.589743589743589
834,27,12,5.725
834,28,15,5.833333333333333
834,29,18,6.0
834,30,18,6.177777777777778
834,31,21,6.177777777777778
834,32,23,6.395833333333333
834,33,25,6.395833333333333
834,34,27,6.666666666666667
835,0,0,0
835,1,0,0
835,2,1,1.0
835,3,4,2.0
835,4,5,2.5
835,5,0,2.5
835,6,0,3.0
835,7,2,3.0
835,8,5,2.875
835,9,5,2.888888888888889
835,10,7,2.8
835,11,11,3.3076923076923075
835,12,12,3.3076923076923075
835,13,12,3.6666666666666665
835,14,15,3.6666666666666665
835,15,20,4.176470588235294
835,16,25,4.111111111111111
835,17,25,4.631578947368421
835,18,25,4.631578947368421
835,19,26,5.095238095238095
835,20,0,5.045454545454546
835,21,1,5.6521739130434785
835,22,2,5.296296296296297
835,23,3,5.296296296296297
835,24,7,5.2
835,25,2,5.2
835,26,2,5.151515151515151
835,27,5,5.235294117647059
835,28,10,5.228571428571429
835,29,14,5.228571428571429
835,30,19,5.526315789473684
835,31,21,5.526315789473684
835,32,22,5.6
835,33,26,5.6
835,34,33,5.833333333333333
836,0,0,0
836,1,0,0
836,2,2,2.0
836,3,3,2.0
836,4,7,2.25
836,5,0,2.6
836,6,3,3.0
836,7,3,2.75
836,8,7,3.0
836,9,9,3.1666666666666665
836,10,12,3.076923076923077
836,11,14,3.3125
836,12,16,3.3125
836,13,15,3.4444444444444446
836,14,18,3.4210526315789473
836,15,19,3.7142857142857144
836,16,20,3.7142857142857144
836,17,22,4.130434782608695
836,18,22,4.56
836,19,24,4.56
836,20,0,5.0
836,21,2,4.964285714285714
836,22,2,5.161290322580645
836,23,4,5.121212121212121
836,24,4,5.0
836,25,4,5.027027027027027
836,26,6,4.948717948717949
836,27,10,5.0
836,28,9,5.0476190476190474
836,29,16,5.0476190476190474
836,30,21,5.155555555555556
836,31,25,5.155555555555556
836,32,27,5.291666666666667
836,33,28,5.291666666666667
836,34,30,5.48
837,0,0,0
837,1,0,0
837,2,1,2.0
837,3,2,2.0
837,4,5,2.6666666666666665
837,5,0,3.0
837,6,1,3.0
837,7,2,3.125
837,8,4,3.0
837,9,7,3.090909090909091
837,10,7,3.0833333333333335
837,11,8,3.4
837,12,11,3.4
837,13,13,3.7058823529411766
837,14,16,3.7222222222222223
837,15,17,4.105263157894737
837,16,18,4.105263157894737
837,17,20,4.476190476190476
837,18,19,4.6521739130434785
837,19,19,4.625
837,20,0,5.16
837,21,2,5.037037037037037
837,22,1,5.413793103448276
837,23,5,5.354838709677419
837,24,3,5.2727272727272725
837,25,4,5.235294117647059
837,26,7,5.194444444444445
837,27,12,5.157894736842105
837,28,16,5.17948717948718
837,29,19,5.15
837,30,18,5.214285714285714
837,31,22,5.604651162790698
837,32,28,5.978260869565218
837,33,29,5.978260869565218
837,34,31,6.083333333333333
838,0,0,0
838,1,1,0
838,2,1,2.0
838,3,2,2.3333333333333335
838,4,3,2.75
838,5,0,3.0
838,6,3,2.857142857142857
838,7,5,3.2222222222222223
838,8,8,3.090909090909091
838,9,14,3.25
838,10,6,3.3333333333333335
838,11,6,3.764705882352941
838,12,6,3.6666666666666665
838,13,9,3.9473684210526314
838,14,14,3.857142857142857
838,15,19,4.2272727272727275
838,16,24,4.25
838,17,23,4.6
838,18,24,4.555555555555555
838,19,24,4.928571428571429
838,20,0,4.866666666666666
838,21,1,5.258064516129032
838,22,5,5.258064516129032
838,23,5,5.171428571428572
838,24,9,5.171428571428572
838,25,3,5.2368421052631575
838,26,6,5.275
838,27,7,5.380952380952381
838,28,15,5.465116279069767
838,29,17,5.6
838,30,24,5.6521739130434785
838,31,27,5.8125
838,32,32,5.877551020408164
838,33,33,5.94
838,34,38,5.94
839,0,0,0
839,1,1,0
839,2,4,2.0
839,3,6,2.5
839,4,9,3.25
839,5,0,3.4
839,6,2,3.4
839,7,1,3.7142857142857144
839,8,4,3.5
839,9,9,3.5
839,10,10,3.4545454545454546
839,11,16,3.5714285714285716
839,12,15,3.6666666666666665
839,13,15,4.0588235294117645
839,14,16,4.315789473684211
839,15,18,4.25
839,16,19,4.681818181818182
839,17,21,4.565217391304348
839,18,20,5.0
839,19,23,4.846153846153846
839,20,0,5.296296296296297
839,21,2,5.172413793103448
839,22,3,5.483870967741935
839,23,3,5.483870967741935
839,24,4,5.371428571428571
839,25,6,5.371428571428571
839,26,10,5.351351351351352
839,27,13,5.435897435897436
839,28,18,5.425
839,29,21,5.512195121951219
839,30,25,5.604651162790698
839,31,26,5.7272727272727275
839,32,26,5.777777777777778
839,33,29,5.869565217391305
839,34,29,6.020833333333333
840,0,0,0
840,1,2,0
840,2,6,2.0
840,3,8,2.3333333333333335
840,4,11,2.75
840,5,0,2.8
840,6,0,3.2857142857142856
840,7,3,3.2857142857142856
840,8,2,3.1
840,9,7,3.0833333333333335
840,10,7,3.3333333333333335
840,11,8,3.3529411764705883
840,12,14,3.2777777777777777
840,13,20,3.35
840,14,24,3.35
840,15,26,3.5217391304347827
840,16,27,4.0
840,17,29,4.461538461538462
840,18,31,4.857142857142857
840,19,35,4.896551724137931
840,20,0,5.366666666666666
840,21,0,5.40625
840,22,0,5.705882352941177
840,23,0,5.742857142857143
840,24,0,5.72972972972973
840,25,0,5.6923076923076925
840,26,0,5.682926829268292
840,27,1,5.595238095238095
840,28,3,5.72093023255814
840,29,2,5.777777777777778
840,30,5,5.760869565217392
840,31,4,5.74468085106383
840,32,4,5.74468085106383
840,33,4,5.918367346938775
840,34,6,5.98
841,0,0,0
841,1,2,0
841,2,2,2.0
841,3,7,2.0
841,4,8,3.3333333333333335
841,5,0,3.5
841,6,1,4.0
841,7,3,3.8333333333333335
841,8,4,3.4444444444444446
841,9,8,3.4444444444444446
841,10,12,3.5833333333333335
841,11,14,3.5833333333333335
841,12,22,3.7857142857142856
841,13,24,3.8
841,14,24,4.0
841,15,25,4.5
841,16,27,5.0476190476190474
841,17,27,5.545454545454546
841,18,26,5.916666666666667
841,19,27,5.96
841,20,0,6.153846153846154
841,21,1,6.035714285714286
841,22,3,6.275862068965517
841,23,3,6.266666666666667
841,24,5,6.21875
841,25,0,6.029411764705882
841,26,0,6.0
841,27,2,5.945945945945946
841,28,5,6.0
841,29,6,6.0
841,30,7,6.0476190476190474
841,31,9,6.093023255813954
841,32,13,6.181818181818182
841,33,17,6.1521739130434785
841,34,23,6.1521739130434785
842,0,0,0
842,1,0,0
842,2,2,0
842,3,4,2.5
842,4,8,2.3333333333333335
842,5,0,2.6
842,6,2,2.6
842,7,7,3.0
842,8,10,3.0
842,9,12,3.1
842,10,15,3.076923076923077
842,11,14,3.3333333333333335
842,12,21,3.375
842,13,20,3.588235294117647
842,14,20,3.611111111111111
842,15,20,3.9
842,16,22,3.9523809523809526
842,17,23,4.173913043478261
842,18,23,4.6
842,19,22,5.076923076923077
842,20,0,5.379310344827586
842,21,0,5.8
842,22,2,5.774193548387097
842,23,3,5.5
842,24,5,5.428571428571429
842,25,1,5.378378378378378
842,26,2,5.384615384615385
842,27,4,5.325
842,28,9,5.325
842,29,14,5.372093023255814
842,30,20,5.372093023255814
842,31,22,5.4
842,32,26,5.638297872340425
842,33,26,5.729166666666667
842,34,32,5.836734693877551
843,0,0,0
843,1,2,0
843,2,4,2.0
843,3,3,2.6666666666666665
843,4,7,3.0
843,5,0,3.4
843,6,1,3.6666666666666665
843,7,5,3.7142857142857144
843,8,8,3.5
843,9,12,3.5
843,10,10,3.6153846153846154
843,11,10,3.6153846153846154
843,12,12,3.9375
843,13,12,4.0588235294117645
843,14,18,4.0588235294117645
843,15,19,4.578947368421052
843,16,21,4.5
843,17,23,4.909090909090909
843,18,27,4.826086956521739
843,19,28,5.12
843,20,0,5.12
843,21,0,5.555555555555555
843,22,2,5.535714285714286
843,23,2,5.413793103448276
843,24,3,5.225806451612903
843,25,2,5.212121212121212
843,26,2,5.117647058823529
843,27,1,5.083333333333333
843,28,2,5.1891891891891895
843,29,4,5.2368421052631575
843,30,6,5.205128205128205
843,31,5,5.414634146341464
843,32,6,5.833333333333333
843,33,8,5.790697674418604
843,34,10,5.977777777777778
844,0,0,0
844,1,1,0
844,2,4,2.0
844,3,5,2.3333333333333335
844,4,7,2.75
844,5,0,3.0
844,6,2,3.1666666666666665
844,7,5,3.375
844,8,11,3.375
844,9,13,3.4166666666666665
844,10,10,3.5714285714285716
844,11,16,3.6
844,12,18,3.823529411764706
844,13,19,3.8421052631578947
844,14,19,4.0
844,15,20,4.5
844,16,23,4.521739130434782
844,17,23,4.958333333333333
844,18,24,5.038461538461538
844,19,24,5.407407407407407
844,20,0,5.379310344827586
844,21,0,5.633333333333334
844,22,1,5.633333333333334
844,23,4,5.470588235294118
844,24,8,5.470588235294118
844,25,1,5.4324324324324325
844,26,4,5.526315789473684
844,27,5,5.5
844,28,9,5.714285714285714
844,29,15,5.72093023255814
844,30,19,5.818181818181818
844,31,21,5.978260869565218
844,32,24,5.978260869565218
844,33,27,6.0212765957446805
844,34,30,6.64
845,0,0,0
845,1,1,0
845,2,0,2.0
845,3,5,2.5
845,4,6,3.25
845,5,0,3.2
845,6,3,3.1666666666666665
845,7,4,3.2222222222222223
845,8,11,3.2222222222222223
845,9,13,3.3636363636363638
845,10,14,3.5384615384615383
845,11,16,3.8
845,12,18,3.8823529411764706
845,13,20,3.8823529411764706
845,14,21,4.105263157894737
845,15,23,4.105263157894737
845,16,23,4.333333333333333
845,17,23,4.409090909090909
845,18,24,4.708333333333333
845,19,26,4.8
845,20,0,5.185185185185185
845,21,0,5.724137931034483
845,22,0,5.7
845,23,0,5.6875
845,24,0,5.7272727272727275
845,25,0,5.617647058823529
845,26,3,5.514285714285714
845,27,6,5.605263157894737
845,28,6,6.102564102564102
845,29,8,6.2
845,30,11,6.238095238095238
845,31,13,6.255813953488372
845,32,18,6.2727272727272725
845,33,21,6.369565217391305
845,34,27,6.425531914893617
846,0,0,0
846,1,0,0
846,2,0,2.0
846,3,5,2.0
846,4,6,2.75
846,5,0,2.75
846,6,2,3.0
846,7,2,3.0
846,8,7,2.888888888888889
846,9,13,2.9166666666666665
846,10,14,3.0714285714285716
846,11,19,3.0714285714285716
846,12,20,3.3125
846,13,19,3.4705882352941178
846,14,21,3.526315789473684
846,15,21,3.75
846,16,22,3.772727272727273
846,17,23,4.043478260869565
846,18,25,4.6
846,19,25,5.038461538461538
846,20,0,5.035714285714286
846,21,0,5.310344827586207
846,22,0,5.064516129032258
846,23,4,5.029411764705882
846,24,4,4.9714285714285715
846,25,2,5.0
846,26,2,5.051282051282051
846,27,6,5.05
846,28,6,5.3023255813953485
846,29,7,5.3023255813953485
846,30,10,5.355555555555555
846,31,15,5.5
846,32,18,5.531914893617022
846,33,24,5.5625
846,34,24,5.82
847,0,0,0
847,1,0,0
847,2,0,2.0
847,3,0,2.0
847,4,1,2.75
847,5,0,2.75
847,6,5,2.8
847,7,11,2.75
847,8,12,2.7777777777777777
847,9,11,3.0
847,10,6,3.142857142857143
847,11,6,3.5625
847,12,9,3.611111111111111
847,13,12,3.611111111111111
847,14,15,3.85
847,15,18,3.8095238095238093
847,16,17,4.090909090909091
847,17,21,4.130434782608695
847,18,23,4.583333333333333
847,19,27,4.583333333333333
847,20,0,5.0
847,21,1,4.962962962962963
847,22,0,5.310344827586207
847,23,2,5.310344827586207
847,24,2,5.21875
847,25,2,5.21875
847,26,5,5.138888888888889
847,27,5,5.138888888888889
847,28,9,5.162162162162162
847,29,13,5.2894736842105265
847,30,16,5.325
847,31,19,5.390243902439025
847,32,20,5.428571428571429
847,33,27,5.428571428571429
847,34,31,5.688888888888889
848,0,0,0
848,1,0,0
848,2,1,2.0
848,3,2,2.0
848,4,2,2.3333333333333335
848,5,0,2.75
848,6,1,3.0
848,7,5,3.0
848,8,9,2.875
848,9,10,3.0
848,10,7,3.076923076923077
848,11,8,3.4285714285714284
848,12,8,3.764705882352941
848,13,12,4.055555555555555
848,14,13,4.055555555555555
848,15,15,4.45
848,16,17,4.428571428571429
848,17,16,4.818181818181818
848,18,16,4.818181818181818
848,19,17,5.086956521739131
848,20,0,5.28
848,21,2,5.1923076923076925
848,22,0,5.344827586206897
848,23,2,5.344827586206897
848,24,3,5.21875
848,25,5,5.21875
848,26,12,5.147058823529412
848,27,19,5.147058823529412
848,28,21,5.171428571428572
848,29,24,5.108108108108108
848,30,26,5.157894736842105
848,31,26,5.5
848,32,28,5.512195121951219
848,33,29,5.595238095238095
848,34,29,5.651162790697675
849,0,0,0
849,1,0,0
849,2,0,0
849,3,0,2.5
849,4,0,2.3333333333333335
849,5,0,2.25
849,6,3,2.2
849,7,6,2.4285714285714284
849,8,8,2.5
849,9,8,2.8
849,10,4,3.0833333333333335
849,11,5,3.1538461538461537
849,12,12,3.4
849,13,11,3.5625
849,14,11,3.588235294117647
849,15,14,3.8333333333333335
849,16,16,3.8421052631578947
849,17,16,4.0476190476190474
849,18,18,4.045454545454546
849,19,18,4.304347826086956
849,20,0,4.291666666666667
849,21,0,4.5
849,22,0,4.407407407407407
849,23,0,4.310344827586207
849,24,0,4.1875
849,25,3,4.121212121212121
849,26,4,4.0285714285714285
849,27,9,4.135135135135135
849,28,11,4.131578947368421
849,29,17,4.487179487179487
849,30,17,4.880952380952381
849,31,21,4.880952380952381
849,32,24,5.066666666666666
849,33,28,5.1521739130434785
849,34,29,5.333333333333333
850,0,0,0
850,1,2,0
850,2,5,2.0
850,3,9,2.0
850,4,11,3.0
850,5,0,3.0
850,6,3,3.5
850,7,5,3.111111111111111
850,8,7,3.1
850,9,8,3.230769230769231
850,10,12,3.230769230769231
850,11,14,3.4705882352941178
850,12,16,3.4705882352941178
850,13,24,3.611111111111111
850,14,28,3.6315789473684212
850,15,28,3.85
850,16,31,4.363636363636363
850,17,32,4.434782608695652
850,18,33,4.72
850,19,37,4.72
850,20,0,5.111111111111111
850,21,3,5.214285714285714
850,22,5,5.516129032258065
850,23,10,5.4375
850,24,11,5.6571428571428575
850,25,3,5.638888888888889
850,26,2,5.815789473684211
850,27,3,5.95
850,28,5,6.166666666666667
850,29,12,6.166666666666667
850,30,13,6.209302325581396
850,31,16,6.6
850,32,18,6.673913043478261
850,33,21,6.851063829787234
850,34,26,6.875
851,0,0,0
851,1,3,0
851,2,8,2.0
851,3,12,2.5
851,4,15,3.25
851,5,0,3.0
851,6,2,3.5
851,7,1,3.0
851,8,4,3.0
851,9,6,3.1538461538461537
851,10,9,3.2
851,11,14,3.375
851,12,18,3.4210526315789473
851,13,26,3.55
851,14,32,3.55
851,15,34,3.9565217391304346
851,16,36,3.9565217391304346
851,17,37,4.384615384615385
851,18,38,4.777777777777778
851,19,42,4.9655172413793105
851,20,0,5.166666666666667
851,21,3,5.290322580645161
851,22,3,5.529411764705882
851,23,5,5.529411764705882
851,24,4,5.7368421052631575
851,25,5,5.7368421052631575
851,26,6,5.725
851,27,9,6.071428571428571
851,28,11,6.093023255813954
851,29,12,6.2727272727272725
851,30,15,6.521739130434782
851,31,18,6.521739130434782
851,32,22,6.791666666666667
851,33,27,7.020408163265306
851,34,31,7.313725490196078
852,0,0,0
852,1,1,0
852,2,3,2.0
852,3,5,2.6666666666666665
852,4,6,3.0
852,5,0,3.1666666666666665
852,6,4,3.1666666666666665
852,7,9,3.4
852,8,9,3.3636363636363638
852,9,8,3.6923076923076925
852,10,4,3.5714285714285716
852,11,5,4.0
852,12,9,3.888888888888889
852,13,12,4.2631578947368425
852,14,15,4.2631578947368425
852,15,16,4.5
852,16,17,4.5
852,17,16,4.833333333333333
852,18,18,4.833333333333333
852,19,20,4.925925925925926
852,20,0,5.107142857142857
852,21,2,5.0
852,22,2,5.225806451612903
852,23,2,5.090909090909091
852,24,3,5.0285714285714285
852,25,1,5.0
852,26,4,5.078947368421052
852,27,10,5.0256410256410255
852,28,14,5.073170731707317
852,29,18,5.071428571428571
852,30,25,5.162790697674419
852,31,25,5.2
852,32,27,5.282608695652174
852,33,27,5.340425531914893
852,34,27,5.76
853,0,0,0
853,1,1,0
853,2,2,2.0
853,3,5,2.0
853,4,8,3.3333333333333335
853,5,0,3.3333333333333335
853,6,3,3.8
853,7,4,3.4285714285714284
853,8,9,3.375
853,9,12,3.4545454545454546
853,10,11,3.5833333333333335
853,11,13,3.6923076923076925
853,12,20,4.066666666666666
853,13,22,4.0588235294117645
853,14,24,4.222222222222222
853,15,26,4.222222222222222
853,16,27,4.523809523809524
853,17,27,5.0
853,18,26,5.48
853,19,25,5.961538461538462
853,20,0,6.407407407407407
853,21,0,6.9
853,22,0,6.741935483870968
853,23,0,6.617647058823529
853,24,0,6.485714285714286
853,25,2,6.4324324324324325
853,26,4,6.358974358974359
853,27,6,6.317073170731708
853,28,9,6.348837209302325
853,29,11,6.348837209302325
853,30,12,6.311111111111111
853,31,16,6.413043478260869
853,32,19,6.416666666666667
853,33,21,6.416666666666667
853,34,26,6.6
854,0,0,0
854,1,1,0
854,2,2,2.0
854,3,5,2.0
854,4,4,3.25
854,5,0,3.25
854,6,0,3.6
854,7,5,3.6
854,8,4,3.375
854,9,5,3.9
854,10,6,4.0
854,11,6,4.266666666666667
854,12,8,4.266666666666667
854,13,11,4.6875
854,14,15,4.944444444444445
854,15,19,4.842105263157895
854,16,19,5.0
854,17,22,4.818181818181818
854,18,22,5.0
854,19,25,4.916666666666667
854,20,0,5.153846153846154
854,21,0,5.074074074074074
854,22,2,5.3
854,23,3,5.1875
854,24,5,5.235294117647059
854,25,0,5.235294117647059
854,26,0,5.27027027027027
854,27,4,5.615384615384615
854,28,8,5.7
854,29,11,5.634146341463414
854,30,16,6.023255813953488
854,31,20,6.295454545454546
854,32,23,6.565217391304348
854,33,25,6.645833333333333
854,34,28,6.714285714285714
855,0,0,0
855,1,0,1.0
855,2,2,1.0
855,3,3,2.0
855,4,4,2.5
855,5,0,2.8
855,6,1,2.8333333333333335
855,7,1,3.4444444444444446
855,8,7,3.4
855,9,7,3.5454545454545454
855,10,4,3.6153846153846154
855,11,6,3.6875
855,12,7,3.6875
855,13,12,3.823529411764706
855,14,12,3.8333333333333335
855,15,13,4.3
855,16,16,4.3
855,17,17,4.681818181818182
855,18,18,4.681818181818182
855,19,19,5.083333333333333
855,20,0,5.083333333333333
855,21,0,5.222222222222222
855,22,0,5.107142857142857
855,23,0,5.033333333333333
855,24,2,4.935483870967742
855,25,1,4.84375
855,26,5,4.794117647058823
855,27,8,4.771428571428571
855,28,11,4.8108108108108105
855,29,12,4.842105263157895
855,30,21,4.9
855,31,25,4.926829268292683
855,32,28,5.309523809523809
855,33,30,5.666666666666667
855,34,30,5.956521739130435
856,0,0,0
856,1,0,0
856,2,2,2.0
856,3,5,2.0
856,4,5,3.0
856,5,0,3.0
856,6,2,3.4
856,7,6,3.0
856,8,10,3.0
856,9,14,3.0833333333333335
856,10,12,3.142857142857143
856,11,14,3.25
856,12,15,3.411764705882353
856,13,20,3.3684210526315788
856,14,23,3.6
856,15,23,4.0
856,16,24,4.086956521739131
856,17,23,4.48
856,18,23,4.5
856,19,23,4.888888888888889
856,20,0,4.892857142857143
856,21,1,5.2
856,22,4,5.096774193548387
856,23,5,5.147058823529412
856,24,6,5.085714285714285
856,25,2,5.135135135135135
856,26,2,5.128205128205129
856,27,5,5.195121951219512
856,28,9,5.27906976744186
856,29,12,5.27906976744186
856,30,14,5.355555555555555
856,31,20,5.760869565217392
856,32,22,5.8979591836734695
856,33,25,6.0
856,34,29,6.098039215686274
857,0,0,0
857,1,0,0
857,2,2,2.0
857,3,2,2.0
857,4,3,2.0
857,5,0,2.75
857,6,3,2.75
857,7,5,3.2857142857142856
857,8,12,3.2857142857142856
857,9,16,3.6363636363636362
857,10,11,3.8333333333333335
857,11,11,3.857142857142857
857,12,15,3.933333333333333
857,13,18,3.8125
857,14,20,3.9444444444444446
857,15,21,4.157894736842105
857,16,20,4.454545454545454
857,17,21,4.454545454545454
857,18,24,4.84
857,19,26,4.84
857,20,0,5.321428571428571
857,21,0,5.321428571428571
857,22,1,5.633333333333334
857,23,2,5.53125
857,24,3,5.5
857,25,2,5.416666666666667
857,26,2,5.351351351351352
857,27,6,5.461538461538462
857,28,7,5.45
857,29,10,5.619047619047619
857,30,13,5.627906976744186
857,31,15,5.7727272727272725
857,32,18,5.891304347826087
857,33,23,6.0638297872340425
857,34,28,6.183673469387755
858,0,0,0
858,1,0,0
858,2,1,0
858,3,5,2.5
858,4,6,2.6666666666666665
858,5,0,2.8
858,6,0,3.0
858,7,4,2.857142857142857
858,8,7,2.6363636363636362
858,9,8,2.6363636363636362
858,10,9,2.75
858,11,10,2.6923076923076925
858,12,11,2.933333333333333
858,13,13,3.0
858,14,13,3.5294117647058822
858,15,15,3.9444444444444446
858,16,18,3.85
858,17,21,4.142857142857143
858,18,23,4.086956521739131
858,19,25,4.625
858,20,0,4.56
858,21,1,5.111111111111111
858,22,1,5.111111111111111
858,23,0,5.1
858,24,2,5.1
858,25,0,5.117647058823529
858,26,1,5.117647058823529
858,27,4,5.108108108108108
858,28,10,5.2105263157894735
858,29,14,5.17948717948718
858,30,16,5.3
858,31,18,5.309523809523809
858,32,26,5.465116279069767
858,33,29,5.5
858,34,33,5.6521739130434785
859,0,0,0
859,1,0,0
859,2,4,0
859,3,7,2.6666666666666665
859,4,9,2.6666666666666665
859,5,0,2.8
859,6,1,2.8
859,7,5,3.25
859,8,9,3.25
859,9,12,3.3636363636363638
859,10,12,3.25
859,11,15,3.4285714285714284
859,12,17,3.466666666666667
859,13,18,3.7058823529411766
859,14,21,3.9444444444444446
859,15,23,4.333333333333333
859,16,23,4.7272727272727275
859,17,23,4.791666666666667
859,18,25,5.04
859,19,27,5.535714285714286
859,20,0,5.535714285714286
859,21,0,5.966666666666667
859,22,2,5.875
859,23,4,5.794117647058823
859,24,6,5.828571428571428
859,25,2,5.7631578947368425
859,26,4,5.7631578947368425
859,27,8,5.780487804878049
859,28,12,5.780487804878049
859,29,15,5.72093023255814
859,30,23,5.840909090909091
859,31,25,5.866666666666666
859,32,29,6.0
859,33,34,6.083333333333333
859,34,37,6.6
860,0,0,0
860,1,0,0
860,2,1,1.0
860,3,4,2.0
860,4,6,2.5
860,5,0,2.8
860,6,0,3.1666666666666665
860,7,0,3.1666666666666665
860,8,2,3.1666666666666665
860,9,6,3.0
860,10,10,3.125
860,11,11,3.1
860,12,14,3.727272727272727
860,13,18,3.75
860,14,17,3.9285714285714284
860,15,18,3.9285714285714284
860,16,18,4.0625
860,17,20,3.9411764705882355
860,18,23,4.611111111111111
860,19,26,4.631578947368421
860,20,0,5.142857142857143
860,21,0,5.181818181818182
860,22,2,5.739130434782608
860,23,3,5.76
860,24,6,5.518518518518518
860,25,1,5.571428571428571
860,26,1,5.548387096774194
860,27,2,5.548387096774194
860,28,7,5.575757575757576
860,29,12,5.705882352941177
860,30,14,5.685714285714286
860,31,18,5.777777777777778
860,32,23,5.868421052631579
860,33,25,5.868421052631579
860,34,27,6.375
861,0,0,0
861,1,0,0
861,2,0,2.0
861,3,1,2.0
861,4,4,3.25
861,5,0,3.25
861,6,0,3.4
861,7,3,3.125
861,8,7,3.111111111111111
861,9,9,2.9166666666666665
861,10,11,2.923076923076923
861,11,13,3.066666666666667
861,12,16,3.0625
861,13,18,3.4705882352941178
861,14,20,3.789473684210526
861,15,21,3.789473684210526
861,16,22,4.238095238095238
861,17,25,4.238095238095238
861,18,26,4.6521739130434785
861,19,27,4.75
861,20,0,5.1923076923076925
861,21,3,5.1923076923076925
861,22,4,5.75
861,23,6,5.666666666666667
861,24,10,5.666666666666667
861,25,2,5.606060606060606
861,26,3,5.685714285714286
861,27,7,5.702702702702703
861,28,9,5.702702702702703
861,29,13,5.684210526315789
861,30,16,5.775
861,31,19,5.804878048780488
861,32,23,5.804878048780488
861,33,27,5.976744186046512
861,34,28,6.444444444444445
862,0,0,0
862,1,2,1.0
862,2,7,1.5
862,3,8,2.0
862,4,13,2.8
862,5,0,3.1666666666666665
862,6,2,3.0
862,7,2,3.375
862,8,2,3.3
862,9,5,3.3636363636363638
862,10,6,3.5384615384615383
862,11,11,3.6666666666666665
862,12,13,3.764705882352941
862,13,16,3.764705882352941
862,14,21,3.8947368421052633
862,15,26,4.4
862,16,25,4.818181818181818
862,17,26,4.869565217391305
862,18,28,5.041666666666667
862,19,29,5.1923076923076925
862,20,0,5.407407407407407
862,21,3,5.407407407407407
862,22,4,5.774193548387097
862,23,6,5.6875
862,24,5,5.794117647058823
862,25,1,5.916666666666667
862,26,2,6.078947368421052
862,27,5,6.225
862,28,12,6.170731707317073
862,29,14,6.380952380952381
862,30,16,6.5227272727272725
862,31,18,7.021739130434782
862,32,22,7.191489361702128
862,33,27,7.1875
862,34,31,7.36
863,0,0,0
863,1,0,1.0
863,2,2,1.0
863,3,6,2.3333333333333335
863,4,9,2.75
863,5,0,3.0
863,6,2,3.0
863,7,2,3.375
863,8,4,3.2222222222222223
863,9,10,3.6363636363636362
863,10,7,4.0
863,11,11,4.066666666666666
863,12,13,4.0625
863,13,18,4.388888888888889
863,14,20,4.388888888888889
863,15,21,4.8
863,16,22,4.8
863,17,22,5.136363636363637
863,18,22,5.043478260869565
863,19,24,5.5
863,20,0,5.346153846153846
863,21,0,5.777777777777778
863,22,1,5.620689655172414
863,23,1,5.548387096774194
863,24,0,5.515151515151516
863,25,1,5.588235294117647
863,26,1,5.571428571428571
863,27,1,5.72972972972973
863,28,3,5.684210526315789
863,29,5,5.743589743589744
863,30,8,5.853658536585366
863,31,14,5.853658536585366
863,32,22,5.8604651162790695
863,33,29,5.909090909090909
863,34,32,6.0
864,0,0,0
864,1,2,1.0
864,2,4,1.6666666666666667
864,3,3,2.0
864,4,7,2.0
864,5,0,2.6666666666666665
864,6,1,3.25
864,7,0,3.0
864,8,1,3.0
864,9,4,2.9285714285714284
864,10,8,3.0
864,11,12,2.9411764705882355
864,12,15,3.0
864,13,18,3.0
864,14,17,3.1363636363636362
864,15,19,3.625
864,16,18,3.96
864,17,18,3.962962962962963
864,18,18,4.428571428571429
864,19,19,4.448275862068965
864,20,0,4.935483870967742
864,21,3,4.9375
864,22,4,5.228571428571429
864,23,6,5.166666666666667
864,24,9,5.128205128205129
864,25,2,5.125
864,26,2,5.142857142857143
864,27,4,5.204545454545454
864,28,12,5.177777777777778
864,29,21,5.177777777777778
864,30,28,5.25
864,31,32,5.25
864,32,38,5.38
864,33,40,5.38
864,34,39,5.584905660377358
865,0,0,0
865,1,1,0
865,2,3,2.0
865,3,4,2.3333333333333335
865,4,4,2.75
865,5,0,2.75
865,6,0,3.3333333333333335
865,7,2,3.25
865,8,4,3.111111111111111
865,9,7,3.1
865,10,11,3.3076923076923075
865,11,16,3.3333333333333335
865,12,15,3.4375
865,13,18,3.6666666666666665
865,14,19,4.0
865,15,19,4.0
865,16,18,4.136363636363637
865,17,19,4.217391304347826
865,18,20,4.666666666666667
865,19,22,4.846153846153846
865,20,0,5.2592592592592595
865,21,0,5.241379310344827
865,22,0,5.5
865,23,2,5.5
865,24,6,5.411764705882353
865,25,1,5.416666666666667
865,26,1,5.421052631578948
865,27,6,5.475
865,28,10,5.536585365853658
865,29,13,5.651162790697675
865,30,23,5.651162790697675
865,31,26,5.739130434782608
865,32,30,5.739130434782608
865,33,33,5.76595744680851
865,34,34,6.224489795918367
866,0,0,0
866,1,0,0
866,2,0,2.0
866,3,5,2.0
866,4,6,3.0
866,5,0,3.25
866,6,0,3.4
866,7,0,3.1666666666666665
866,8,2,3.1666666666666665
866,9,7,3.6666666666666665
866,10,9,3.6666666666666665
866,11,12,3.8333333333333335
866,12,15,3.769230769230769
866,13,18,4.214285714285714
866,14,21,4.214285714285714
866,15,22,4.294117647058823
866,16,24,4.5
866,17,26,4.578947368421052
866,18,28,4.904761904761905
866,19,29,4.954545454545454
866,20,0,5.583333333333333
866,21,1,5.6
866,22,0,6.0
866,23,3,6.0344827586206895
866,24,4,5.870967741935484
866,25,1,6.03030303030303
866,26,2,5.914285714285715
866,27,6,6.0
866,28,9,6.078947368421052
866,29,14,6.078947368421052
866,30,14,6.2926829268292686
866,31,15,6.2926829268292686
866,32,17,6.441860465116279
866,33,21,6.4772727272727275
866,34,22,6.511111111111111
867,0,0,0
867,1,1,1.0
867,2,7,1.5
867,3,7,2.0
867,4,12,2.5
867,5,0,3.0
867,6,0,3.2857142857142856
867,7,0,3.2857142857142856
867,8,0,2.9
867,9,3,2.5833333333333335
867,10,3,2.642857142857143
867,11,6,3.125
867,12,12,3.5
867,13,16,3.8421052631578947
867,14,17,4.190476190476191
867,15,20,4.181818181818182
867,16,20,4.25
867,17,22,4.346153846153846
867,18,25,4.296296296296297
867,19,24,4.758620689655173
867,20,0,4.758620689655173
867,21,1,5.258064516129032
867,22,4,5.25
867,23,6,5.181818181818182
867,24,6,5.114285714285714
867,25,0,5.108108108108108
867,26,2,5.102564102564102
867,27,4,5.125
867,28,6,5.142857142857143
867,29,12,5.142857142857143
867,30,19,5.136363636363637
867,31,21,5.565217391304348
867,32,23,5.680851063829787
867,33,33,5.75
867,34,37,6.235294117647059
868,0,0,0
868,1,0,1.0
868,2,5,1.0
868,3,6,2.3333333333333335
868,4,7,2.75
868,5,0,3.0
868,6,3,3.0
868,7,6,3.3333333333333335
868,8,8,3.3
868,9,11,3.3636363636363638
868,10,12,3.4285714285714284
868,11,14,3.533333333333333
868,12,19,3.6875
868,13,19,4.055555555555555
868,14,20,4.368421052631579
868,15,21,4.545454545454546
868,16,23,4.545454545454546
868,17,23,4.92
868,18,24,4.92
868,19,26,5.37037037037037
868,20,0,5.392857142857143
868,21,0,5.827586206896552
868,22,0,5.838709677419355
868,23,0,5.636363636363637
868,24,2,5.636363636363637
868,25,2,5.5675675675675675
868,26,4,5.5
868,27,5,5.609756097560975
868,28,6,5.609756097560975
868,29,7,5.636363636363637
868,30,9,5.636363636363637
868,31,9,5.666666666666667
868,32,13,5.787234042553192
868,33,17,5.833333333333333
868,34,21,5.979591836734694
869,0,0,0
869,1,0,0
869,2,1,0
869,3,3,2.3333333333333335
869,4,5,2.3333333333333335
869,5,0,2.75
869,6,2,3.0
869,7,3,3.1666666666666665
869,8,6,3.5555555555555554
869,9,8,3.6
869,10,6,3.769230769230769
869,11,8,3.9285714285714284
869,12,12,4.266666666666667
869,13,14,4.266666666666667
869,14,13,4.647058823529412
869,15,16,4.611111111111111
869,16,19,5.0
869,17,20,5.0
869,18,20,5.190476190476191
869,19,21,5.136363636363637
869,20,0,5.375
869,21,1,5.28
869,22,3,5.62962962962963
869,23,5,5.482758620689655
869,24,4,5.433333333333334
869,25,0,5.2727272727272725
869,26,3,5.264705882352941
869,27,6,5.083333333333333
869,28,13,5.526315789473684
869,29,13,5.948717948717949
869,30,20,6.275
869,31,23,6.333333333333333
869,32,27,6.325581395348837
869,33,30,6.444444444444445
869,34,30,6.739130434782608
870,0,0,0
870,1,0,0
870,2,1,0
870,3,6,2.0
870,4,11,3.0
870,5,0,3.5
870,6,1,3.3333333333333335
870,7,1,2.875
870,8,3,2.727272727272727
870,9,3,2.769230769230769
870,10,7,2.857142857142857
870,11,9,3.0588235294117645
870,12,13,3.388888888888889
870,13,17,3.6666666666666665
870,14,21,3.6666666666666665
870,15,20,3.875
870,16,23,3.875
870,17,23,4.038461538461538
870,18,22,4.464285714285714
870,19,22,4.464285714285714
870,20,0,4.838709677419355
870,21,0,5.21875
870,22,0,5.121212121212121
870,23,0,5.0
870,24,0,5.0
870,25,2,4.815789473684211
870,26,2,4.825
870,27,4,4.825
870,28,7,4.804878048780488
870,29,10,4.930232558139535
870,30,17,4.954545454545454
870,31,19,5.3478260869565215
870,32,24,5.48936170212766
870,33,29,5.520833333333333
870,34,34,5.520833333333333
871,0,0,0
871,1,0,0
871,2,2,0
871,3,4,2.0
871,4,6,2.6666666666666665
871,5,0,3.0
871,6,4,3.0
871,7,5,3.25
871,8,8,3.25
871,9,11,3.4
871,10,13,3.5454545454545454
871,11,14,3.7142857142857144
871,12,15,3.8666666666666667
871,13,16,4.352941176470588
871,14,17,4.666666666666667
871,15,22,4.55
871,16,22,4.761904761904762
871,17,22,4.7272727272727275
871,18,22,5.041666666666667
871,19,22,5.04
871,20,0,5.5
871,21,1,5.5
871,22,2,5.666666666666667
871,23,5,5.71875
871,24,3,5.588235294117647
871,25,2,5.638888888888889
871,26,4,5.512820512820513
871,27,10,5.6
871,28,11,5.560975609756097
871,29,13,5.642857142857143
871,30,18,5.651162790697675
871,31,22,5.666666666666667
871,32,26,5.695652173913044
871,33,28,5.808510638297872
871,34,28,5.9375
872,0,0,0
872,1,1,0
872,2,3,2.0
872,3,8,2.5
872,4,7,3.25
872,5,0,3.0
872,6,1,3.3333333333333335
872,7,2,3.2857142857142856
872,8,2,3.1
872,9,4,3.5454545454545454
872,10,6,3.9285714285714284
872,11,15,4.1875
872,12,17,4.388888888888889
872,13,19,4.388888888888889
872,14,21,4.4
872,15,21,4.4
872,16,21,4.478260869565218
872,17,22,4.625
872,18,25,4.68
872,19,25,5.148148148148148
872,20,0,5.178571428571429
872,21,1,5.655172413793103
872,22,1,5.533333333333333
872,23,2,5.393939393939394
872,24,4,5.352941176470588
872,25,3,5.324324324324325
872,26,3,5.315789473684211
872,27,6,5.3076923076923075
872,28,7,5.390243902439025
872,29,13,5.357142857142857
872,30,15,5.372093023255814
872,31,22,5.5
872,32,27,5.555555555555555
872,33,32,5.833333333333333
872,34,32,5.833333333333333
873,0,0,0
873,1,0,0
873,2,0,1.5
873,3,2,1.5
873,4,3,2.2
873,5,0,2.2
873,6,2,2.5
873,7,8,2.4285714285714284
873,8,12,3.0
873,9,14,3.0
873,10,5,3.230769230769231
873,11,7,3.2142857142857144
873,12,8,3.875
873,13,12,3.875
873,14,19,4.157894736842105
873,15,22,4.157894736842105
873,16,21,4.428571428571429
873,17,23,4.428571428571429
873,18,22,4.695652173913044
873,19,24,4.625
873,20,0,5.12
873,21,1,5.1923076923076925
873,22,0,5.551724137931035
873,23,0,5.483870967741935
873,24,1,5.4375
873,25,1,5.4411764705882355
873,26,6,5.444444444444445
873,27,6,5.473684210526316
873,28,8,5.475
873,29,12,5.439024390243903
873,30,15,5.4772727272727275
873,31,18,5.4772727272727275
873,32,23,5.511111111111111
873,33,28,6.042553191489362
873,34,30,6.041666666666667
874,0,0,0
874,1,0,0
874,2,2,2.0
874,3,2,2.0
874,4,5,2.0
874,5,0,3.0
874,6,1,3.0
874,7,6,3.2857142857142856
874,8,7,3.25
874,9,7,3.1818181818181817
874,10,10,3.1818181818181817
874,11,11,3.3076923076923075
874,12,14,3.3076923076923075
874,13,16,3.5714285714285716
874,14,18,3.6
874,15,19,4.176470588235294
874,16,19,4.176470588235294
874,17,20,4.631578947368421
874,18,20,4.6
874,19,20,5.142857142857143
874,20,0,5.136363636363637
874,21,0,5.75
874,22,0,5.68
874,23,0,5.538461538461538
874,24,1,5.5
874,25,1,5.379310344827586
874,26,4,5.3125
874,27,6,5.2727272727272725
874,28,12,5.382352941176471
874,29,16,5.333333333333333
874,30,21,5.842105263157895
874,31,22,6.205128205128205
874,32,25,6.125
874,33,28,6.333333333333333
874,34,30,6.333333333333333
875,0,0,0
875,1,0,0
875,2,1,0
875,3,1,2.0
875,4,5,2.0
875,5,0,2.6666666666666665
875,6,2,2.6666666666666665
875,7,2,3.142857142857143
875,8,4,3.0
875,9,5,3.272727272727273
875,10,8,3.272727272727273
875,11,10,3.466666666666667
875,12,13,3.466666666666667
875,13,15,3.875
875,14,15,3.823529411764706
875,15,14,4.2631578947368425
875,16,17,4.2631578947368425
875,17,17,4.428571428571429
875,18,18,4.363636363636363
875,19,17,4.826086956521739
875,20,0,4.791666666666667
875,21,0,5.269230769230769
875,22,2,5.296296296296297
875,23,4,5.241379310344827
875,24,5,5.0
875,25,0,5.0
875,26,7,4.942857142857143
875,27,14,4.916666666666667
875,28,20,4.894736842105263
875,29,25,4.894736842105263
875,30,31,4.878048780487805
875,31,33,4.878048780487805
875,32,32,5.0
875,33,32,5.0
875,34,33,5.4222222222222225
876,0,0,0
876,1,0,1.0
876,2,2,1.0
876,3,3,2.0
876,4,5,2.6666666666666665
876,5,0,3.0
876,6,2,3.2
876,7,5,3.4285714285714284
876,8,11,3.25
876,9,13,3.2
876,10,13,3.1818181818181817
876,11,13,3.357142857142857
876,12,14,3.533333333333333
876,13,16,3.5
876,14,15,3.7777777777777777
876,15,15,4.15
876,16,17,4.590909090909091
876,17,17,4.826086956521739
876,18,18,4.875
876,19,18,5.115384615384615
876,20,0,5.0
876,21,1,5.321428571428571
876,22,5,5.161290322580645
876,23,6,5.09375
876,24,8,4.970588235294118
876,25,3,4.916666666666667
876,26,5,4.918918918918919
876,27,13,4.947368421052632
876,28,14,5.025
876,29,15,4.975609756097561
876,30,19,5.0476190476190474
876,31,24,5.116279069767442
876,32,26,5.2444444444444445
876,33,25,5.595744680851064
876,34,24,5.75
877,0,0,0
877,1,0,0
877,2,0,2.0
877,3,1,2.0
877,4,4,2.0
877,5,0,2.4
877,6,3,2.5
877,7,5,2.6666666666666665
877,8,10,2.6
877,9,10,2.75
877,10,10,2.75
877,11,13,3.125
877,12,16,3.4705882352941178
877,13,20,3.388888888888889
877,14,20,3.7
877,15,22,3.619047619047619
877,16,22,4.0
877,17,23,3.9130434782608696
877,18,24,4.2
877,19,26,4.2
877,20,0,4.666666666666667
877,21,0,4.714285714285714
877,22,0,4.935483870967742
877,23,0,5.03125
877,24,1,4.909090909090909
877,25,0,5.027777777777778
877,26,0,4.972972972972973
877,27,6,5.153846153846154
877,28,9,5.075
877,29,10,5.2439024390243905
877,30,11,5.3023255813953485
877,31,15,5.3023255813953485
877,32,20,5.355555555555555
877,33,22,5.9787234042553195
877,34,28,6.416666666666667
878,0,0,0
878,1,0,0
878,2,0,2.0
878,3,0,2.0
878,4,3,2.0
878,5,0,2.4
878,6,2,2.5
878,7,7,2.625
878,8,6,2.727272727272727
878,9,5,2.8333333333333335
878,10,3,2.923076923076923
878,11,8,3.1875
878,12,11,3.3529411764705883
878,13,11,3.3529411764705883
878,14,13,3.5789473684210527
878,15,15,3.6
878,16,18,4.0476190476190474
878,17,19,4.0
878,18,20,4.478260869565218
878,19,22,4.64
878,20,0,4.846153846153846
878,21,1,4.857142857142857
878,22,3,5.0
878,23,4,5.0
878,24,5,4.970588235294118
878,25,5,4.970588235294118
878,26,7,5.0
878,27,10,5.052631578947368
878,28,15,5.15
878,29,22,5.2439024390243905
878,30,23,5.285714285714286
878,31,27,5.386363636363637
878,32,31,5.444444444444445
878,33,34,5.543478260869565
878,34,34,5.638297872340425
879,0,0,0
879,1,0,0
879,2,2,2.0
879,3,1,2.25
879,4,1,2.4
879,5,0,2.4
879,6,1,2.857142857142857
879,7,4,2.888888888888889
879,8,3,2.9166666666666665
879,9,4,2.9166666666666665
879,10,1,3.0714285714285716
879,11,2,3.0714285714285716
879,12,8,3.588235294117647
879,13,8,3.5
879,14,8,3.8421052631578947
879,15,12,3.95
879,16,15,3.9565217391304346
879,17,17,3.9565217391304346
879,18,19,4.04
879,19,22,4.115384615384615
879,20,0,4.25
879,21,1,4.25
879,22,0,4.566666666666666
879,23,3,4.53125
879,24,4,4.454545454545454
879,25,2,4.527777777777778
879,26,6,4.513513513513513
879,27,10,4.526315789473684
879,28,14,4.575
879,29,17,4.809523809523809
879,30,19,4.8604651162790695
879,31,23,4.886363636363637
879,32,25,5.217391304347826
879,33,27,5.604166666666667
879,34,30,5.92
880,0,0,0
880,1,0,0
880,2,2,2.0
880,3,4,2.0
880,4,6,2.75
880,5,0,2.8
880,6,0,3.1666666666666665
880,7,1,3.1666666666666665
880,8,7,3.0
880,9,7,3.4
880,10,8,3.272727272727273
880,11,8,3.3076923076923075
880,12,11,3.2142857142857144
880,13,13,3.5
880,14,15,3.5
880,15,17,4.0
880,16,18,4.0
880,17,19,4.428571428571429
880,18,24,4.409090909090909
880,19,24,4.875
880,20,0,4.88
880,21,1,5.37037037037037
880,22,1,5.241379310344827
880,23,3,5.166666666666667
880,24,2,5.0588235294117645
880,25,4,5.0588235294117645
880,26,4,5.131578947368421
880,27,7,5.131578947368421
880,28,10,5.2
880,29,13,5.317073170731708
880,30,15,5.380952380952381
880,31,22,5.488372093023256
880,32,26,5.545454545454546
880,33,29,5.6
880,34,29,5.829787234042553
881,0,0,0
881,1,0,0
881,2,1,2.0
881,3,2,2.0
881,4,3,3.0
881,5,0,3.0
881,6,2,3.5
881,7,7,3.125
881,8,11,3.125
881,9,12,3.3636363636363638
881,10,7,3.3636363636363638
881,11,9,3.6
881,12,11,3.9375
881,13,15,3.7777777777777777
881,14,16,4.105263157894737
881,15,15,4.2727272727272725
881,16,17,4.2727272727272725
881,17,18,4.6
881,18,20,4.6
881,19,21,5.037037037037037
881,20,0,5.0
881,21,0,5.275862068965517
881,22,2,5.129032258064516
881,23,1,5.090909090909091
881,24,1,4.861111111111111
881,25,1,4.945945945945946
881,26,3,4.825
881,27,4,4.878048780487805
881,28,6,4.880952380952381
881,29,9,4.8604651162790695
881,30,17,4.933333333333334
881,31,19,4.933333333333334
881,32,24,5.083333333333333
881,33,27,5.083333333333333
881,34,28,5.28
882,0,0,0
882,1,0,0
882,2,1,2.0
882,3,7,2.0
882,4,9,3.0
882,5,0,3.4
882,6,3,3.4
882,7,3,3.6666666666666665
882,8,5,3.7142857142857144
882,9,7,3.7777777777777777
882,10,3,3.4545454545454546
882,11,8,3.923076923076923
882,12,12,3.923076923076923
882,13,15,4.333333333333333
882,14,19,4.25
882,15,24,4.722222222222222
882,16,26,4.7368421052631575
882,17,26,5.238095238095238
882,18,27,5.2727272727272725
882,19,28,5.434782608695652
882,20,0,5.6
882,21,0,5.8076923076923075
882,22,0,5.733333333333333
882,23,2,5.733333333333333
882,24,2,5.636363636363637
882,25,0,5.735294117647059
882,26,0,5.756756756756757
882,27,5,5.756756756756757
882,28,10,5.794871794871795
882,29,13,5.95
882,30,13,6.0
882,31,15,6.186046511627907
882,32,16,6.181818181818182
882,33,20,6.288888888888889
882,34,24,6.638297872340425
883,0,0,0
883,1,1,0
883,2,2,2.0
883,3,6,2.0
883,4,10,3.0
883,5,0,3.2
883,6,1,3.2
883,7,0,3.25
883,8,2,3.3333333333333335
883,9,4,3.272727272727273
883,10,6,3.5833333333333335
883,11,14,3.933333333333333
883,12,16,3.875
883,13,17,4.294117647058823
883,14,18,4.277777777777778
883,15,19,4.684210526315789
883,16,22,4.666666666666667
883,17,22,5.090909090909091
883,18,24,5.041666666666667
883,19,23,5.24
883,20,0,5.230769230769231
883,21,0,5.714285714285714
883,22,2,5.689655172413793
883,23,3,5.6
883,24,3,5.352941176470588
883,25,1,5.352941176470588
883,26,1,5.305555555555555
883,27,6,5.315789473684211
883,28,8,5.3076923076923075
883,29,12,5.3076923076923075
883,30,18,5.380952380952381
883,31,23,5.380952380952381
883,32,24,5.395348837209302
883,33,27,5.978260869565218
883,34,34,5.978260869565218
884,0,0,0
884,1,2,0
884,2,7,2.0
884,3,12,2.0
884,4,15,3.5
884,5,0,3.8
884,6,1,3.7142857142857144
884,7,1,3.5
884,8,1,3.3636363636363638
884,9,3,3.3076923076923075
884,10,9,3.3076923076923075
884,11,14,3.588235294117647
884,12,18,3.588235294117647
884,13,25,3.789473684210526
884,14,26,3.8
884,15,26,4.045454545454546
884,16,28,4.541666666666667
884,17,29,4.541666666666667
884,18,28,4.846153846153846
884,19,30,4.888888888888889
884,20,0,5.107142857142857
884,21,0,5.241379310344827
884,22,2,5.870967741935484
884,23,4,5.870967741935484
884,24,6,6.0588235294117645
884,25,0,6.0588235294117645
884,26,0,6.138888888888889
884,27,2,6.324324324324325
884,28,7,6.2105263157894735
884,29,11,6.585365853658536
884,30,17,6.595238095238095
884,31,18,6.767441860465116
884,32,19,6.933333333333334
884,33,23,7.304347826086956
884,34,25,7.51063829787234
885,0,0,0
885,1,0,0
885,2,3,2.0
885,3,4,2.25
885,4,5,2.2
885,5,0,2.5
885,6,2,2.5
885,7,7,3.0
885,8,11,3.0
885,9,12,3.076923076923077
885,10,7,3.142857142857143
885,11,8,3.6470588235294117
885,12,13,3.6666666666666665
885,13,14,4.0
885,14,17,4.238095238095238
885,15,16,4.409090909090909
885,16,17,4.333333333333333
885,17,17,4.8
885,18,20,4.6923076923076925
885,19,19,5.178571428571429
885,20,0,5.137931034482759
885,21,0,5.419354838709677
885,22,0,5.4375
885,23,0,5.264705882352941
885,24,1,5.285714285714286
885,25,1,5.078947368421052
885,26,0,5.525
885,27,5,5.833333333333333
885,28,10,5.813953488372093
885,29,10,5.688888888888889
885,30,17,5.695652173913044
885,31,20,5.604166666666667
885,32,26,5.63265306122449
885,33,25,5.627450980392157
885,34,26,5.627450980392157
886,0,0,0
886,1,1,0
886,2,2,2.0
886,3,4,2.5
886,4,5,3.25
886,5,0,3.25
886,6,0,3.142857142857143
886,7,0,2.875
886,8,4,2.727272727272727
886,9,7,2.727272727272727
886,10,8,2.7333333333333334
886,11,9,2.6875
886,12,11,3.176470588235294
886,13,13,3.176470588235294
886,14,15,3.789473684210526
886,15,16,3.8
886,16,17,4.181818181818182
886,17,17,4.181818181818182
886,18,18,4.608695652173913
886,19,19,4.541666666666667
886,20,0,5.0
886,21,0,5.0
886,22,2,5.5
886,23,2,5.419354838709677
886,24,3,5.34375
886,25,1,5.2727272727272725
886,26,4,5.194444444444445
886,27,8,5.162162162162162
886,28,15,5.162162162162162
886,29,16,5.15
886,30,22,5.15
886,31,26,5.170731707317073
886,32,28,5.681818181818182
886,33,30,6.088888888888889
886,34,30,6.088888888888889
887,0,0,0
887,1,1,1.0
887,2,5,1.0
887,3,8,2.0
887,4,10,3.0
887,5,0,3.4
887,6,1,3.1666666666666665
887,7,2,3.3333333333333335
887,8,8,3.3
887,9,10,3.3333333333333335
887,10,10,3.3333333333333335
887,11,14,3.4375
887,12,18,3.8823529411764706
887,13,21,4.2631578947368425
887,14,21,4.2631578947368425
887,15,22,4.714285714285714
887,16,22,5.130434782608695
887,17,25,5.083333333333333
887,18,26,5.461538461538462
887,19,26,5.461538461538462
887,20,0,5.896551724137931
887,21,0,6.1
887,22,1,6.096774193548387
887,23,5,5.9411764705882355
887,24,7,5.9411764705882355
887,25,1,5.864864864864865
887,26,3,5.973684210526316
887,27,8,5.925
887,28,13,6.024390243902439
887,29,16,6.162790697674419
887,30,20,6.162790697674419
887,31,26,6.311111111111111
887,32,30,6.851063829787234
887,33,33,6.851063829787234
887,34,33,7.18
888,0,0,0
888,1,2,0
888,2,2,2.0
888,3,7,2.0
888,4,10,2.8
888,5,0,2.8
888,6,1,3.3333333333333335
888,7,2,3.2857142857142856
888,8,8,3.0
888,9,12,3.090909090909091
888,10,8,3.230769230769231
888,11,12,3.230769230769231
888,12,18,3.533333333333333
888,13,17,4.0
888,14,19,4.368421052631579
888,15,20,4.809523809523809
888,16,20,5.2272727272727275
888,17,20,5.52
888,18,22,5.52
888,19,23,5.925925925925926
888,20,0,5.857142857142857
888,21,0,6.266666666666667
888,22,3,6.258064516129032
888,23,5,6.151515151515151
888,24,6,6.151515151515151
888,25,0,6.142857142857143
888,26,1,6.194444444444445
888,27,1,6.17948717948718
888,28,5,6.25
888,29,8,6.309523809523809
888,30,13,6.372093023255814
888,31,16,6.733333333333333
888,32,17,6.739130434782608
888,33,20,6.875
888,34,28,6.8979591836734695
889,0,0,0
889,1,0,0
889,2,0,0
889,3,4,2.0
889,4,10,2.0
889,5,0,2.75
889,6,1,2.4
889,7,2,2.857142857142857
889,8,8,2.7777777777777777
889,9,10,2.9
889,10,11,3.0
889,11,16,3.2
889,12,18,3.6470588235294117
889,13,20,4.0
889,14,19,4.380952380952381
889,15,18,4.681818181818182
889,16,18,4.681818181818182
889,17,19,4.869565217391305
889,18,23,4.833333333333333
889,19,25,5.1923076923076925
889,20,0,5.1923076923076925
889,21,0,5.714285714285714
889,22,0,5.714285714285714
889,23,0,5.689655172413793
889,24,2,5.67741935483871
889,25,0,5.454545454545454
889,26,3,5.583333333333333
889,27,7,5.54054054054054
889,28,7,5.82051282051282
889,29,8,5.775
889,30,11,5.975609756097561
889,31,16,6.0
889,32,17,6.2
889,33,20,6.2
889,34,22,6.382978723404255
890,0,0,0
890,1,0,0
890,2,4,2.0
890,3,8,2.0
890,4,10,3.25
890,5,0,3.25
890,6,3,3.1666666666666665
890,7,3,3.0
890,8,6,3.1
890,9,6,3.1818181818181817
890,10,7,3.5384615384615383
890,11,15,3.7333333333333334
890,12,21,3.875
890,13,24,4.0
890,14,24,4.105263157894737
890,15,25,4.333333333333333
890,16,26,4.869565217391305
890,17,27,4.958333333333333
890,18,26,5.423076923076923
890,19,27,5.423076923076923
890,20,0,5.62962962962963
890,21,2,5.793103448275862
890,22,4,6.3
890,23,6,6.161290322580645
890,24,5,6.264705882352941
890,25,0,6.264705882352941
890,26,0,6.486486486486487
890,27,3,6.486486486486487
890,28,7,6.589743589743589
890,29,10,6.7073170731707314
890,30,15,6.883720930232558
890,31,16,6.883720930232558
890,32,20,6.954545454545454
890,33,25,7.130434782608695
890,34,30,7.127659574468085
891,0,0,0
891,1,1,0
891,2,4,2.0
891,3,6,2.5
891,4,6,3.0
891,5,0,3.0
891,6,0,3.1666666666666665
891,7,1,3.1666666666666665
891,8,8,3.25
891,9,9,3.090909090909091
891,10,8,3.0
891,11,10,3.5714285714285716
891,12,13,4.066666666666666
891,13,15,4.5625
891,14,17,4.894736842105263
891,15,20,4.894736842105263
891,16,21,5.2272727272727275
891,17,23,5.608695652173913
891,18,24,5.541666666666667
891,19,26,5.923076923076923
891,20,0,5.851851851851852
891,21,0,6.137931034482759
891,22,0,6.0
891,23,0,5.875
891,24,2,5.914285714285715
891,25,1,5.805555555555555
891,26,1,5.815789473684211
891,27,2,5.8
891,28,3,5.857142857142857
891,29,5,5.857142857142857
891,30,7,5.8604651162790695
891,31,9,6.239130434782608
891,32,12,6.239130434782608
891,33,13,6.23404255319149
891,34,16,6.66
892,0,0,0
892,1,0,0
892,2,0,0
892,3,0,2.0
892,4,3,2.75
892,5,0,2.6
892,6,3,2.4285714285714284
892,7,3,2.5555555555555554
892,8,7,2.5555555555555554
892,9,8,2.8333333333333335
892,10,4,2.923076923076923
892,11,5,3.2666666666666666
892,12,12,3.25
892,13,15,3.6470588235294117
892,14,19,3.6666666666666665
892,15,21,4.105263157894737
892,16,24,3.9523809523809526
892,17,24,4.2272727272727275
892,18,27,4.173913043478261
892,19,26,4.52
892,20,0,4.52
892,21,0,4.821428571428571
892,22,0,4.821428571428571
892,23,1,4.666666666666667
892,24,3,4.90625
892,25,2,4.764705882352941
892,26,5,4.885714285714286
892,27,8,4.921052631578948
892,28,9,4.921052631578948
892,29,12,5.1
892,30,18,5.219512195121951
892,31,21,5.261904761904762
892,32,25,5.261904761904762
892,33,31,5.555555555555555
892,34,35,5.555555555555555
893,0,0,0
893,1,0,0
893,2,2,2.0
893,3,4,2.3333333333333335
893,4,5,2.5
893,5,0,2.6666666666666665
893,6,1,2.7142857142857144
893,7,6,2.888888888888889
893,8,10,2.9
893,9,8,3.0
893,10,8,3.076923076923077
893,11,11,3.2666666666666666
893,12,12,3.3529411764705883
893,13,15,3.736842105263158
893,14,15,3.736842105263158
893,15,14,4.095238095238095
893,16,16,4.090909090909091
893,17,18,4.416666666666667
893,18,19,4.36
893,19,23,4.769230769230769
893,20,0,5.074074074074074
893,21,4,5.035714285714286
893,22,3,5.225806451612903
893,23,3,5.225806451612903
893,24,3,5.205882352941177
893,25,3,5.114285714285714
893,26,3,5.184210526315789
893,27,9,5.184210526315789
893,28,11,5.195121951219512
893,29,16,5.195121951219512
893,30,19,5.214285714285714
893,31,26,5.325581395348837
893,32,26,5.4222222222222225
893,33,28,5.4222222222222225
893,34,27,5.680851063829787
894,0,0,0
894,1,0,0
894,2,1,2.0
894,3,4,2.3333333333333335
894,4,3,2.5
894,5,0,2.4
894,6,5,2.857142857142857
894,7,8,2.6
894,8,10,2.6
894,9,12,2.7857142857142856
894,10,8,3.25
894,11,10,3.5555555555555554
894,12,15,3.5555555555555554
894,13,16,3.7142857142857144
894,14,18,3.7142857142857144
894,15,17,4.0
894,16,19,4.0
894,17,20,4.407407407407407
894,18,22,4.407407407407407
894,19,21,4.633333333333334
894,20,0,4.633333333333334
894,21,0,4.9375
894,22,0,4.823529411764706
894,23,2,4.823529411764706
894,24,2,4.72972972972973
894,25,2,4.743589743589744
894,26,4,4.7317073170731705
894,27,9,4.738095238095238
894,28,10,4.863636363636363
894,29,20,4.863636363636363
894,30,20,5.0212765957446805
894,31,27,5.395833333333333
894,32,29,5.78
894,33,28,5.8431372549019605
894,34,28,5.903846153846154
895,0,0,0
895,1,0,1.0
895,2,0,1.5
895,3,5,2.0
895,4,5,2.2
895,5,0,2.3333333333333335
895,6,1,2.5714285714285716
895,7,5,2.6
895,8,10,2.6
895,9,14,2.857142857142857
895,10,10,2.933333333333333
895,11,11,3.0625
895,12,16,3.1666666666666665
895,13,17,3.4
895,14,17,3.8095238095238093
895,15,20,3.6956521739130435
895,16,21,4.125
895,17,24,4.12
895,18,26,4.481481481481482
895,19,28,4.5
895,20,0,4.8
895,21,1,4.806451612903226
895,22,3,5.25
895,23,5,5.352941176470588
895,24,4,5.314285714285714
895,25,0,5.314285714285714
895,26,0,5.2894736842105265
895,27,2,5.358974358974359
895,28,6,5.3
895,29,9,5.365853658536586
895,30,13,5.333333333333333
895,31,14,5.444444444444445
895,32,17,5.444444444444445
895,33,19,5.456521739130435
895,34,26,5.914893617021277
896,0,0,0
896,1,0,0
896,2,1,0
896,3,4,2.6666666666666665
896,4,3,2.75
896,5,0,2.8
896,6,2,2.857142857142857
896,7,5,3.0
896,8,6,2.909090909090909
896,9,10,2.909090909090909
896,10,5,3.4285714285714284
896,11,5,3.466666666666667
896,12,10,4.0588235294117645
896,13,11,4.0588235294117645
896,14,16,4.2105263157894735
896,15,23,4.2
896,16,23,4.363636363636363
896,17,23,4.565217391304348
896,18,23,4.8
896,19,25,4.769230769230769
896,20,0,5.0
896,21,1,5.071428571428571
896,22,1,5.225806451612903
896,23,2,5.212121212121212
896,24,2,5.176470588235294
896,25,3,5.388888888888889
896,26,5,5.2894736842105265
896,27,8,5.475
896,28,10,5.487804878048781
896,29,14,5.571428571428571
896,30,14,5.7272727272727275
896,31,20,5.8
896,32,20,5.851063829787234
896,33,26,5.851063829787234
896,34,30,6.040816326530612
897,0,0,0
897,1,1,0
897,2,3,2.0
897,3,7,2.3333333333333335
897,4,11,2.75
897,5,0,3.0
897,6,2,3.142857142857143
897,7,3,3.3333333333333335
897,8,5,3.3
897,9,10,3.3333333333333335
897,10,8,3.3846153846153846
897,11,9,4.0
897,12,19,4.0588235294117645
897,13,20,4.444444444444445
897,14,23,4.8
897,15,25,4.809523809523809
897,16,25,5.136363636363637
897,17,24,5.260869565217392
897,18,26,5.32
897,19,26,5.5
897,20,0,5.5
897,21,1,6.103448275862069
897,22,3,5.966666666666667
897,23,5,6.03030303030303
897,24,4,5.911764705882353
897,25,1,6.081081081081081
897,26,1,6.026315789473684
897,27,4,6.15
897,28,9,6.190476190476191
897,29,10,6.681818181818182
897,30,11,6.777777777777778
897,31,14,6.739130434782608
897,32,18,7.25
897,33,23,7.36734693877551
897,34,27,7.42
898,0,0,0
898,1,3,0
898,2,5,2.0
898,3,9,2.5
898,4,9,3.25
898,5,0,3.0
898,6,1,3.5
898,7,2,3.2857142857142856
898,8,7,3.2222222222222223
898,9,13,3.3636363636363638
898,10,14,3.4166666666666665
898,11,15,3.466666666666667
898,12,22,3.466666666666667
898,13,23,3.823529411764706
898,14,25,3.9444444444444446
898,15,25,4.157894736842105
898,16,26,4.25
898,17,26,4.636363636363637
898,18,29,5.173913043478261
898,19,28,5.730769230769231
898,20,0,6.148148148148148
898,21,0,6.25
898,22,1,6.6
898,23,4,6.5
898,24,6,6.393939393939394
898,25,1,6.428571428571429
898,26,3,6.54054054054054
898,27,6,6.615384615384615
898,28,8,6.75
898,29,13,6.904761904761905
898,30,17,6.904761904761905
898,31,22,7.2444444444444445
898,32,24,7.2444444444444445
898,33,26,7.583333333333333
898,34,33,7.583333333333333
899,0,0,0
899,1,0,0
899,2,0,0
899,3,2,2.0
899,4,4,2.3333333333333335
899,5,0,2.5
899,6,2,2.6
899,7,8,2.75
899,8,8,2.75
899,9,6,2.9
899,10,5,3.0
899,11,8,3.6923076923076925
899,12,12,3.6
899,13,13,4.0
899,14,16,3.8333333333333335
899,15,17,4.2631578947368425
899,16,19,4.2
899,17,20,4.619047619047619
899,18,24,4.590909090909091
899,19,23,4.833333333333333
899,20,0,5.115384615384615
899,21,1,5.115384615384615
899,22,3,5.25
899,23,6,5.2
899,24,6,5.0625
899,25,1,5.03030303030303
899,26,2,5.083333333333333
899,27,5,5.081081081081081
899,28,8,5.17948717948718
899,29,15,5.225
899,30,21,5.219512195121951
899,31,26,5.4186046511627906
899,32,33,5.454545454545454
899,33,35,5.555555555555555
899,34,37,5.723404255319149
900,0,0,0
900,1,1,0
900,2,3,2.0
900,3,5,2.0
900,4,6,3.3333333333333335
900,5,0,3.6
900,6,0,3.1666666666666665
900,7,0,3.5555555555555554
900,8,3,3.1818181818181817
900,9,4,3.0833333333333335
900,10,9,3.0
900,11,14,3.4
900,12,17,3.6842105263157894
900,13,20,3.6842105263157894
900,14,21,3.9523809523809526
900,15,23,3.909090909090909
900,16,22,4.041666666666667
900,17,24,4.041666666666667
900,18,24,4.576923076923077
900,19,24,4.62962962962963
900,20,0,4.857142857142857
900,21,1,4.966666666666667
900,22,0,5.225806451612903
900,23,1,5.34375
900,24,0,5.411764705882353
900,25,0,5.411764705882353
900,26,3,5.405405405405405
900,27,5,5.5
900,28,5,5.435897435897436
900,29,8,5.7317073170731705
900,30,12,5.714285714285714
900,31,13,5.909090909090909
900,32,16,6.108695652173913
900,33,21,6.108695652173913
900,34,25,6.36734693877551
901,0,0,0
901,1,1,0
901,2,3,2.0
901,3,7,2.5
901,4,9,3.25
901,5,0,3.25
901,6,3,3.6
901,7,3,3.375
901,8,8,3.3333333333333335
901,9,12,3.6666666666666665
901,10,11,3.769230769230769
901,11,14,3.875
901,12,16,3.823529411764706
901,13,18,4.0
901,14,18,4.428571428571429
901,15,17,4.818181818181818
901,16,18,4.833333333333333
901,17,19,5.24
901,18,22,5.2592592592592595
901,19,23,5.714285714285714
901,20,0,5.8
901,21,0,6.225806451612903
901,22,2,6.28125
901,23,2,6.088235294117647
901,24,4,6.142857142857143
901,25,0,6.083333333333333
901,26,0,6.081081081081081
901,27,7,6.128205128205129
901,28,8,6.073170731707317
901,29,12,6.073170731707317
901,30,16,6.113636363636363
901,31,20,6.511111111111111
901,32,23,6.958333333333333
901,33,25,6.958333333333333
901,34,28,7.2
902,0,0,0
902,1,2,0
902,2,5,2.0
902,3,9,2.75
902,4,10,3.0
902,5,0,3.1666666666666665
902,6,2,2.875
902,7,2,3.2
902,8,2,3.1818181818181817
902,9,4,3.1538461538461537
902,10,7,3.142857142857143
902,11,12,3.3125
902,12,20,3.6842105263157894
902,13,21,3.6842105263157894
902,14,23,4.181818181818182
902,15,25,4.181818181818182
902,16,24,4.72
902,17,24,4.72
902,18,25,5.153846153846154
902,19,25,5.185185185185185
902,20,0,5.689655172413793
902,21,3,5.689655172413793
902,22,4,6.0625
902,23,6,6.151515151515151
902,24,7,6.0285714285714285
902,25,3,6.297297297297297
902,26,3,6.256410256410256
902,27,7,6.256410256410256
902,28,8,6.595238095238095
902,29,17,6.595238095238095
902,30,24,6.5813953488372094
902,31,30,6.933333333333334
902,32,33,6.956521739130435
902,33,38,7.6938775510204085
902,34,42,7.6938775510204085
903,0,0,0
903,1,0,0
903,2,3,2.0
903,3,5,2.0
903,4,6,3.0
903,5,0,3.2
903,6,0,3.5
903,7,5,3.125
903,8,9,3.1
903,9,10,3.090909090909091
903,10,8,3.230769230769231
903,11,9,3.6666666666666665
903,12,13,4.055555555555555
903,13,15,4.25
903,14,15,4.363636363636363
903,15,18,4.3478260869565215
903,16,19,4.56
903,17,20,4.56
903,18,21,4.8076923076923075
903,19,22,4.814814814814815
903,20,0,5.285714285714286
903,21,1,5.2
903,22,1,5.53125
903,23,2,5.53125
903,24,3,5.472222222222222
903,25,4,5.4324324324324325
903,26,5,5.487179487179487
903,27,14,5.512195121951219
903,28,15,5.5
903,29,17,5.5813953488372094
903,30,16,5.711111111111111
903,31,20,5.826086956521739
903,32,27,5.872340425531915
903,33,31,6.0
903,34,37,6.14
904,0,0,0
904,1,0,0
904,2,1,2.0
904,3,4,2.0
904,4,3,3.25
904,5,0,3.25
904,6,2,3.6
904,7,5,3.3333333333333335
904,8,8,3.375
904,9,11,3.5
904,10,8,3.75
904,11,12,3.6153846153846154
904,12,15,3.8125
904,13,19,4.166666666666667
904,14,23,4.157894736842105
904,15,24,4.571428571428571
904,16,27,4.545454545454546
904,17,28,4.782608695652174
904,18,28,4.88
904,19,28,5.153846153846154
904,20,0,5.464285714285714
904,21,0,5.551724137931035
904,22,2,5.90625
904,23,5,5.90625
904,24,4,5.9411764705882355
904,25,0,6.0285714285714285
904,26,2,6.0
904,27,3,6.052631578947368
904,28,7,6.205128205128205
904,29,10,6.15
904,30,16,6.341463414634147
904,31,19,6.488372093023256
904,32,22,6.886363636363637
904,33,27,7.066666666666666
904,34,32,7.361702127659575
905,0,0,0
905,1,1,0
905,2,3,2.0
905,3,5,2.5
905,4,5,3.25
905,5,0,3.25
905,6,1,3.6
905,7,5,3.2222222222222223
905,8,6,3.2222222222222223
905,9,8,3.272727272727273
905,10,10,3.272727272727273
905,11,10,3.5714285714285716
905,12,14,3.6
905,13,19,3.9411764705882355
905,14,20,4.2105263157894735
905,15,21,4.666666666666667
905,16,24,4.681818181818182
905,17,24,5.173913043478261
905,18,25,5.2
905,19,24,5.615384615384615
905,20,0,5.678571428571429
905,21,0,6.068965517241379
905,22,2,6.068965517241379
905,23,4,5.806451612903226
905,24,4,5.909090909090909
905,25,1,5.742857142857143
905,26,1,5.742857142857143
905,27,5,5.871794871794871
905,28,9,5.871794871794871
905,29,12,6.095238095238095
905,30,14,6.095238095238095
905,31,16,6.069767441860465
905,32,21,6.4
905,33,22,6.413043478260869
905,34,27,6.638297872340425
906,0,0,0
906,1,0,0
906,2,1,2.0
906,3,1,2.3333333333333335
906,4,0,2.4
906,5,0,2.4
906,6,3,2.7142857142857144
906,7,2,2.625
906,8,3,2.6363636363636362
906,9,4,2.75
906,10,7,2.769230769230769
906,11,12,2.9375
906,12,14,3.0
906,13,17,3.3333333333333335
906,14,16,3.4761904761904763
906,15,17,3.4761904761904763
906,16,17,3.6666666666666665
906,17,19,3.6666666666666665
906,18,22,3.8846153846153846
906,19,23,4.0
906,20,0,4.241379310344827
906,21,3,4.4
906,22,5,4.575757575757576
906,23,7,4.735294117647059
906,24,10,4.666666666666667
906,25,2,4.842105263157895
906,26,1,4.85
906,27,5,5.071428571428571
906,28,8,5.069767441860465
906,29,17,5.181818181818182
906,30,23,5.326086956521739
906,31,25,5.659574468085107
906,32,29,6.122448979591836
906,33,35,6.411764705882353
906,34,34,6.754716981132075
907,0,0,0
907,1,0,0
907,2,1,2.0
907,3,4,2.0
907,4,3,2.75
907,5,0,3.0
907,6,2,3.0
907,7,6,2.7
907,8,7,2.7
907,9,8,2.75
907,10,6,3.1875
907,11,9,3.1875
907,12,12,3.388888888888889
907,13,16,3.3684210526315788
907,14,18,3.619047619047619
907,15,19,3.782608695652174
907,16,21,3.782608695652174
907,17,20,4.28
907,18,22,4.3076923076923075
907,19,21,4.703703703703703
907,20,0,4.827586206896552
907,21,0,5.1
907,22,1,5.0
907,23,2,5.0588235294117645
907,24,4,4.916666666666667
907,25,2,4.973684210526316
907,26,3,5.1
907,27,7,5.214285714285714
907,28,9,5.340909090909091
907,29,12,5.466666666666667
907,30,15,5.5
907,31,21,5.659574468085107
907,32,23,5.714285714285714
907,33,29,5.714285714285714
907,34,33,5.980769230769231
908,0,0,0
908,1,0,1.0
908,2,2,1.5
908,3,4,1.6666666666666667
908,4,8,2.25
908,5,0,2.6
908,6,1,3.142857142857143
908,7,0,3.0
908,8,4,2.909090909090909
908,9,12,2.923076923076923
908,10,12,2.8666666666666667
908,11,13,3.25
908,12,17,3.3529411764705883
908,13,19,3.736842105263158
908,14,21,4.095238095238095
908,15,21,4.095238095238095
908,16,20,4.416666666666667
908,17,22,4.416666666666667
908,18,21,4.769230769230769
908,19,22,4.769230769230769
908,20,0,5.137931034482759
908,21,2,5.137931034482759
908,22,4,5.575757575757576
908,23,4,5.575757575757576
908,24,5,5.513513513513513
908,25,1,5.513513513513513
908,26,1,5.55
908,27,6,5.55
908,28,10,5.476190476190476
908,29,15,5.534883720930233
908,30,17,5.5227272727272725
908,31,19,5.511111111111111
908,32,24,5.617021276595745
908,33,26,5.75
908,34,27,5.9
909,0,0,0
909,1,0,0
909,2,1,2.0
909,3,2,2.3333333333333335
909,4,4,2.3333333333333335
909,5,0,2.75
909,6,1,2.75
909,7,5,3.142857142857143
909,8,6,3.0
909,9,7,3.3636363636363638
909,10,5,3.5384615384615383
909,11,10,3.642857142857143
909,12,11,3.823529411764706
909,13,11,4.111111111111111
909,14,12,4.111111111111111
909,15,15,4.315789473684211
909,16,17,4.285714285714286
909,17,19,4.5
909,18,19,4.478260869565218
909,19,19,4.96
909,20,0,4.96
909,21,0,5.37037037037037
909,22,0,5.241379310344827
909,23,0,5.166666666666667
909,24,2,5.09375
909,25,0,4.9411764705882355
909,26,2,5.108108108108108
909,27,8,5.435897435897436
909,28,10,5.365853658536586
909,29,13,5.357142857142857
909,30,20,5.441860465116279
909,31,21,5.444444444444445
909,32,22,5.521739130434782
909,33,24,5.583333333333333
909,34,25,5.673469387755102
910,0,0,0
910,1,0,0
910,2,4,2.0
910,3,10,2.6666666666666665
910,4,11,2.75
910,5,0,2.75
910,6,1,3.1666666666666665
910,7,2,3.125
910,8,4,3.1818181818181817
910,9,7,3.1818181818181817
910,10,5,3.5714285714285716
910,11,10,3.875
910,12,19,4.111111111111111
910,13,20,4.157894736842105
910,14,21,4.571428571428571
910,15,22,4.913043478260869
910,16,22,4.913043478260869
910,17,24,5.076923076923077
910,18,26,5.076923076923077
910,19,27,5.518518518518518
910,20,0,5.551724137931035
910,21,2,5.733333333333333
910,22,4,5.7272727272727275
910,23,3,5.647058823529412
910,24,4,5.6
910,25,2,5.7631578947368425
910,26,5,5.743589743589744
910,27,6,5.902439024390244
910,28,7,6.023255813953488
910,29,8,6.023255813953488
910,30,9,6.155555555555556
910,31,11,6.304347826086956
910,32,18,6.479166666666667
910,33,23,6.63265306122449
910,34,26,6.68
911,0,0,0
911,1,0,1.0
911,2,1,1.0
911,3,3,2.25
911,4,3,2.25
911,5,0,2.6
911,6,2,2.8333333333333335
911,7,9,2.625
911,8,11,3.090909090909091
911,9,16,3.0
911,10,8,3.2142857142857144
911,11,12,3.2
911,12,15,3.4444444444444446
911,13,20,3.473684210526316
911,14,21,3.9
911,15,23,3.857142857142857
911,16,23,4.217391304347826
911,17,24,4.217391304347826
911,18,26,4.6923076923076925
911,19,28,4.6923076923076925
911,20,0,5.0
911,21,3,5.068965517241379
911,22,1,5.290322580645161
911,23,2,5.375
911,24,2,5.294117647058823
911,25,3,5.527777777777778
911,26,6,5.447368421052632
911,27,9,5.589743589743589
911,28,13,5.7560975609756095
911,29,18,5.7560975609756095
911,30,24,5.953488372093023
911,31,26,6.136363636363637
911,32,28,6.177777777777778
911,33,32,6.369565217391305
911,34,34,6.625
912,0,0,0
912,1,0,1.0
912,2,0,1.5
912,3,1,1.5
912,4,3,1.6666666666666667
912,5,0,2.2
912,6,0,2.625
912,7,2,2.7
912,8,5,2.8333333333333335
912,9,10,2.769230769230769
912,10,7,2.8666666666666667
912,11,10,3.0
912,12,13,3.1052631578947367
912,13,14,3.4285714285714284
912,14,14,3.4285714285714284
912,15,15,3.6956521739130435
912,16,15,3.88
912,17,18,3.8846153846153846
912,18,17,4.111111111111111
912,19,18,4.366666666666666
912,20,0,4.366666666666666
912,21,2,4.818181818181818
912,22,2,4.818181818181818
912,23,2,4.685714285714286
912,24,3,4.947368421052632
912,25,2,4.948717948717949
912,26,5,4.833333333333333
912,27,11,4.883720930232558
912,28,16,4.8478260869565215
912,29,20,5.0638297872340425
912,30,24,5.104166666666667
912,31,26,5.14
912,32,26,5.215686274509804
912,33,26,5.471698113207547
912,34,26,5.471698113207547
913,0,0,0
913,1,1,0
913,2,0,2.0
913,3,0,2.0
913,4,1,2.6666666666666665
913,5,0,2.5
913,6,1,2.8333333333333335
913,7,3,2.625
913,8,4,2.888888888888889
913,9,7,2.888888888888889
913,10,6,3.0
913,11,11,3.076923076923077
913,12,12,3.3333333333333335
913,13,14,3.3125
913,14,13,3.588235294117647
913,15,14,3.8421052631578947
913,16,16,3.75
913,17,16,4.0
913,18,16,4.0
913,19,17,4.291666666666667
913,20,0,4.32
913,21,1,4.62962962962963
913,22,0,4.448275862068965
913,23,2,4.5
913,24,1,4.5
913,25,0,4.5
913,26,3,4.485714285714286
913,27,6,4.578947368421052
913,28,8,4.948717948717949
913,29,15,5.3
913,30,22,5.4186046511627906
913,31,27,5.4186046511627906
913,32,31,5.444444444444445
913,33,31,5.543478260869565
913,34,30,5.625
914,0,0,0
914,1,0,0
914,2,1,0
914,3,4,2.0
914,4,5,2.0
914,5,0,3.5
914,6,1,3.6
914,7,4,3.8333333333333335
914,8,6,3.7777777777777777
914,9,7,3.8181818181818183
914,10,4,4.0
914,11,5,4.0
914,12,8,4.066666666666666
914,13,12,3.9411764705882355
914,14,14,4.388888888888889
914,15,15,4.3
914,16,16,4.666666666666667
914,17,16,4.636363636363637
914,18,16,5.086956521739131
914,19,17,5.08
914,20,0,5.3076923076923075
914,21,1,5.333333333333333
914,22,2,5.448275862068965
914,23,3,5.451612903225806
914,24,2,5.40625
914,25,2,5.5
914,26,7,5.388888888888889
914,27,12,5.743589743589744
914,28,15,6.0
914,29,22,6.073170731707317
914,30,26,6.1395348837209305
914,31,27,6.159090909090909
914,32,29,6.304347826086956
914,33,28,6.723404255319149
914,34,29,6.8979591836734695
915,0,0,0
915,1,1,0
915,2,1,2.0
915,3,1,2.3333333333333335
915,4,3,2.75
915,5,0,2.6
915,6,0,3.142857142857143
915,7,2,2.888888888888889
915,8,9,2.888888888888889
915,9,11,2.9166666666666665
915,10,10,3.0
915,11,12,3.375
915,12,14,3.6470588235294117
915,13,15,3.7777777777777777
915,14,15,3.95
915,15,15,4.142857142857143
915,16,16,4.2272727272727275
915,17,16,4.6521739130434785
915,18,17,4.583333333333333
915,19,17,5.0
915,20,0,4.962962962962963
915,21,0,5.392857142857143
915,22,3,5.4
915,23,3,5.21875
915,24,5,5.235294117647059
915,25,0,5.166666666666667
915,26,3,5.2631578947368425
915,27,5,5.225
915,28,16,5.2926829268292686
915,29,21,5.325581395348837
915,30,26,5.431818181818182
915,31,28,5.444444444444445
915,32,31,5.521739130434782
915,33,32,5.8936170212765955
915,34,35,5.958333333333333
916,0,0,0
916,1,0,1.0
916,2,0,1.0
916,3,4,2.0
916,4,4,2.0
916,5,0,2.6
916,6,2,2.6666666666666665
916,7,6,2.875
916,8,7,3.2
916,9,10,3.25
916,10,7,3.7142857142857144
916,11,12,3.6666666666666665
916,12,13,3.9444444444444446
916,13,17,3.9444444444444446
916,14,16,4.25
916,15,18,4.409090909090909
916,16,18,4.391304347826087
916,17,23,4.833333333333333
916,18,24,4.961538461538462
916,19,24,5.185185185185185
916,20,0,5.185185185185185
916,21,2,5.566666666666666
916,22,2,5.566666666666666
916,23,3,5.636363636363637
916,24,5,5.636363636363637
916,25,1,5.617647058823529
916,26,4,5.756756756756757
916,27,6,5.7894736842105265
916,28,8,5.925
916,29,13,5.925
916,30,16,6.0476190476190474
916,31,19,6.209302325581396
916,32,20,6.2272727272727275
916,33,30,6.4222222222222225
916,34,34,6.680851063829787
917,0,0,0
917,1,2,0
917,2,3,2.0
917,3,7,2.0
917,4,11,3.5
917,5,0,3.8
917,6,3,3.8
917,7,3,3.857142857142857
917,8,9,3.888888888888889
917,9,17,3.909090909090909
917,10,11,4.071428571428571
917,11,12,4.125
917,12,18,4.125
917,13,22,4.277777777777778
917,14,24,4.65
917,15,25,4.666666666666667
917,16,26,4.818181818181818
917,17,26,4.869565217391305
917,18,27,5.2
917,19,26,5.6923076923076925
917,20,0,5.821428571428571
917,21,0,6.275862068965517
917,22,0,6.451612903225806
917,23,0,6.3125
917,24,2,6.352941176470588
917,25,0,6.352941176470588
917,26,1,6.388888888888889
917,27,4,6.473684210526316
917,28,6,6.95
917,29,9,7.523809523809524
917,30,10,7.627906976744186
917,31,11,7.7555555555555555
917,32,16,7.8478260869565215
917,33,18,8.0
917,34,21,8.0
918,0,0,0
918,1,0,0
918,2,3,0
918,3,6,2.0
918,4,12,3.0
918,5,0,3.25
918,6,0,3.3333333333333335
918,7,3,3.3333333333333335
918,8,5,3.2222222222222223
918,9,10,3.3
918,10,9,3.5384615384615383
918,11,14,3.5384615384615383
918,12,23,3.9375
918,13,25,3.9411764705882355
918,14,25,4.2105263157894735
918,15,27,4.25
918,16,28,4.476190476190476
918,17,28,4.739130434782608
918,18,27,4.958333333333333
918,19,29,5.269230769230769
918,20,0,5.518518518518518
918,21,0,5.714285714285714
918,22,0,6.133333333333334
918,23,2,6.354838709677419
918,24,3,6.21875
918,25,0,6.21875
918,26,0,6.277777777777778
918,27,6,6.277777777777778
918,28,7,6.368421052631579
918,29,9,6.875
918,30,12,7.2439024390243905
918,31,16,7.476190476190476
918,32,18,7.511627906976744
918,33,21,7.826086956521739
918,34,25,7.872340425531915
919,0,0,0
919,1,0,0
919,2,3,2.0
919,3,4,2.5
919,4,6,3.0
919,5,0,3.0
919,6,1,3.4
919,7,1,3.2857142857142856
919,8,5,3.2222222222222223
919,9,10,3.1818181818181817
919,10,11,3.0
919,11,11,3.142857142857143
919,12,12,3.142857142857143
919,13,14,3.4705882352941178
919,14,14,3.4705882352941178
919,15,16,3.6315789473684212
919,16,19,3.6315789473684212
919,17,22,4.136363636363637
919,18,25,4.136363636363637
919,19,24,4.68
919,20,0,4.68
919,21,1,5.074074074074074
919,22,1,4.964285714285714
919,23,2,4.966666666666667
919,24,2,5.096774193548387
919,25,1,5.09375
919,26,3,5.171428571428572
919,27,4,5.166666666666667
919,28,4,5.135135135135135
919,29,6,5.205128205128205
919,30,7,5.2
919,31,8,5.333333333333333
919,32,9,5.372093023255814
919,33,12,5.666666666666667
919,34,19,5.666666666666667
920,0,0,0
920,1,1,0
920,2,1,2.0
920,3,6,2.5
920,4,7,3.25
920,5,0,3.0
920,6,2,3.142857142857143
920,7,2,3.0
920,8,3,3.3333333333333335
920,9,7,3.6153846153846154
920,10,8,4.0
920,11,13,4.0
920,12,15,4.05
920,13,16,4.05
920,14,17,4.086956521739131
920,15,20,4.086956521739131
920,16,22,4.25
920,17,25,4.230769230769231
920,18,25,4.666666666666667
920,19,29,4.714285714285714
920,20,0,5.166666666666667
920,21,1,5.161290322580645
920,22,2,5.454545454545454
920,23,3,5.454545454545454
920,24,6,5.405405405405405
920,25,1,5.405405405405405
920,26,1,5.375
920,27,3,5.487804878048781
920,28,7,5.476190476190476
920,29,12,5.704545454545454
920,30,14,5.688888888888889
920,31,17,5.914893617021277
920,32,19,5.916666666666667
920,33,23,5.916666666666667
920,34,28,6.333333333333333
921,0,0,0
921,1,0,0
921,2,1,2.0
921,3,5,2.0
921,4,7,3.25
921,5,0,3.25
921,6,3,3.6
921,7,4,3.2857142857142856
921,8,7,3.25
921,9,7,3.4545454545454546
921,10,7,3.5
921,11,7,3.6923076923076925
921,12,8,4.0625
921,13,8,4.277777777777778
921,14,11,4.277777777777778
921,15,13,4.6
921,16,14,4.6
921,17,14,4.956521739130435
921,18,16,4.956521739130435
921,19,18,5.44
921,20,0,5.44
921,21,1,5.857142857142857
921,22,2,5.724137931034483
921,23,2,5.625
921,24,6,5.515151515151516
921,25,4,5.5
921,26,7,5.378378378378378
921,27,15,5.394736842105263
921,28,16,5.384615384615385
921,29,19,5.390243902439025
921,30,23,5.428571428571429
921,31,27,5.465116279069767
921,32,27,5.5227272727272725
921,33,27,5.956521739130435
921,34,27,6.0212765957446805
922,0,0,0
922,1,2,1.0
922,2,4,1.5
922,3,8,2.25
922,4,9,2.25
922,5,0,2.8
922,6,2,3.4285714285714284
922,7,2,3.3333333333333335
922,8,5,3.3
922,9,7,3.4166666666666665
922,10,8,3.933333333333333
922,11,13,4.294117647058823
922,12,13,4.7368421052631575
922,13,17,4.65
922,14,18,5.090909090909091
922,15,18,5.043478260869565
922,16,20,5.2
922,17,19,5.333333333333333
922,18,21,5.321428571428571
922,19,21,5.8
922,20,0,5.8
922,21,0,6.242424242424242
922,22,1,6.117647058823529
922,23,2,6.055555555555555
922,24,2,6.135135135135135
922,25,1,6.128205128205129
922,26,2,6.097560975609756
922,27,8,6.071428571428571
922,28,9,6.177777777777778
922,29,11,6.177777777777778
922,30,18,6.276595744680851
922,31,22,6.6938775510204085
922,32,27,6.84
922,33,28,6.903846153846154
922,34,31,6.943396226415095
923,0,0,0
923,1,0,0
923,2,4,2.0
923,3,8,2.3333333333333335
923,4,9,2.75
923,5,0,3.0
923,6,4,3.0
923,7,6,3.3333333333333335
923,8,10,3.3333333333333335
923,9,15,3.4615384615384617
923,10,14,3.4615384615384617
923,11,13,3.8
923,12,17,3.875
923,13,21,4.0588235294117645
923,14,23,4.055555555555555
923,15,23,4.4
923,16,26,4.476190476190476
923,17,27,4.7272727272727275
923,18,29,5.0
923,19,29,5.52
923,20,0,5.52
923,21,1,6.357142857142857
923,22,1,6.357142857142857
923,23,2,6.548387096774194
923,24,2,6.548387096774194
923,25,0,6.852941176470588
923,26,1,6.714285714285714
923,27,5,6.8108108108108105
923,28,8,6.897435897435898
923,29,11,7.025
923,30,12,6.975609756097561
923,31,17,7.348837209302325
923,32,22,7.318181818181818
923,33,27,7.318181818181818
923,34,27,7.543478260869565
924,0,0,0
924,1,0,0
924,2,0,2.0
924,3,2,2.0
924,4,1,2.6666666666666665
924,5,0,2.6666666666666665
924,6,0,3.2
924,7,2,3.2
924,8,3,3.25
924,9,2,3.111111111111111
924,10,2,3.2
924,11,7,3.1666666666666665
924,12,8,3.5384615384615383
924,13,12,3.5714285714285716
924,14,13,3.8
924,15,15,3.8
924,16,14,3.9444444444444446
924,17,16,3.9444444444444446
924,18,16,4.15
924,19,19,4.15
924,20,0,4.391304347826087
924,21,1,4.391304347826087
924,22,0,4.6
924,23,1,4.592592592592593
924,24,1,4.551724137931035
924,25,0,4.90625
924,26,2,4.90625
924,27,4,4.805555555555555
924,28,8,4.805555555555555
924,29,13,4.82051282051282
924,30,19,4.82051282051282
924,31,24,4.975609756097561
924,32,27,4.9523809523809526
924,33,27,5.113636363636363
924,34,27,5.133333333333334
925,0,0,0
925,1,0,0
925,2,2,2.0
925,3,3,2.0
925,4,8,2.0
925,5,0,2.5
925,6,1,2.8
925,7,7,3.142857142857143
925,8,13,3.2222222222222223
925,9,14,3.272727272727273
925,10,11,3.272727272727273
925,11,12,3.466666666666667
925,12,14,3.8125
925,13,18,4.222222222222222
925,14,20,4.6
925,15,21,4.666666666666667
925,16,21,4.956521739130435
925,17,22,5.0
925,18,23,5.5
925,19,25,5.964285714285714
925,20,0,5.964285714285714
925,21,1,6.290322580645161
925,22,2,6.15625
925,23,3,6.147058823529412
925,24,6,6.138888888888889
925,25,0,6.108108108108108
925,26,0,6.3076923076923075
925,27,3,6.634146341463414
925,28,6,7.181818181818182
925,29,8,7.181818181818182
925,30,10,7.425531914893617
925,31,13,7.458333333333333
925,32,15,7.58
925,33,22,7.58
925,34,25,7.69811320754717
926,0,0,0
926,1,3,0
926,2,6,2.0
926,3,8,2.5
926,4,10,3.25
926,5,0,3.25
926,6,1,3.5
926,7,2,3.2857142857142856
926,8,8,3.2
926,9,9,3.25
926,10,11,3.3846153846153846
926,11,13,3.533333333333333
926,12,17,3.4375
926,13,18,3.611111111111111
926,14,22,3.5789473684210527
926,15,22,3.8
926,16,24,4.5
926,17,26,4.958333333333333
926,18,25,5.384615384615385
926,19,27,5.777777777777778
926,20,0,5.821428571428571
926,21,2,6.3
926,22,5,6.32258064516129
926,23,5,6.117647058823529
926,24,6,6.171428571428572
926,25,0,6.138888888888889
926,26,1,6.138888888888889
926,27,3,6.25
926,28,7,6.25
926,29,8,6.195121951219512
926,30,12,6.441860465116279
926,31,12,6.5227272727272725
926,32,11,6.872340425531915
926,33,12,6.916666666666667
926,34,15,7.42
927,0,0,0
927,1,1,0
927,2,3,2.0
927,3,8,2.5
927,4,8,3.25
927,5,0,3.0
927,6,0,3.142857142857143
927,7,3,3.0
927,8,5,3.0
927,9,8,3.0
927,10,7,3.5
927,11,12,3.625
927,12,15,4.0
927,13,19,4.105263157894737
927,14,19,4.5
927,15,21,4.545454545454546
927,16,20,4.913043478260869
927,17,23,4.875
927,18,23,5.24
927,19,24,5.230769230769231
927,20,0,5.464285714285714
927,21,1,5.464285714285714
927,22,0,6.0
927,23,2,5.878787878787879
927,24,5,5.972222222222222
927,25,1,5.891891891891892
927,26,2,5.769230769230769
927,27,6,5.925
927,28,11,6.0
927,29,13,6.0
927,30,15,6.311111111111111
927,31,17,6.695652173913044
927,32,25,6.872340425531915
927,33,27,7.040816326530612
927,34,31,7.040816326530612
928,0,0,0
928,1,0,0
928,2,4,2.0
928,3,8,2.0
928,4,9,2.75
928,5,0,2.75
928,6,2,3.0
928,7,4,2.6666666666666665
928,8,5,2.8
928,9,10,3.0
928,10,13,3.076923076923077
928,11,14,3.375
928,12,22,3.375
928,13,25,3.611111111111111
928,14,24,4.1
928,15,25,4.1
928,16,24,4.363636363636363
928,17,24,4.478260869565218
928,18,24,4.76
928,19,25,4.884615384615385
928,20,0,5.407407407407407
928,21,1,5.535714285714286
928,22,0,6.032258064516129
928,23,5,6.032258064516129
928,24,6,6.029411764705882
928,25,3,6.138888888888889
928,26,3,6.205128205128205
928,27,11,6.205128205128205
928,28,11,6.476190476190476
928,29,14,6.476190476190476
928,30,14,6.8
928,31,19,6.8
928,32,23,7.0625
928,33,29,7.428571428571429
928,34,33,7.56
929,0,0,0
929,1,1,0
929,2,3,2.0
929,3,5,2.0
929,4,4,3.3333333333333335
929,5,0,3.25
929,6,0,3.3333333333333335
929,7,4,3.142857142857143
929,8,5,3.0
929,9,5,3.5
929,10,6,3.5
929,11,8,3.923076923076923
929,12,10,3.857142857142857
929,13,10,4.25
929,14,12,4.235294117647059
929,15,12,4.722222222222222
929,16,12,4.631578947368421
929,17,13,4.9
929,18,14,4.857142857142857
929,19,15,5.181818181818182
929,20,0,5.130434782608695
929,21,1,5.48
929,22,2,5.333333333333333
929,23,3,5.172413793103448
929,24,1,5.064516129032258
929,25,1,5.03125
929,26,2,5.0
929,27,7,5.0
929,28,9,5.054054054054054
929,29,17,5.054054054054054
929,30,23,5.384615384615385
929,31,24,5.425
929,32,23,5.761904761904762
929,33,23,5.761904761904762
929,34,23,5.886363636363637
930,0,0,0
930,1,1,0
930,2,6,2.0
930,3,8,2.5
930,4,7,3.25
930,5,0,3.25
930,6,0,3.5
930,7,2,3.25
930,8,4,3.6
930,9,8,3.923076923076923
930,10,9,4.071428571428571
930,11,12,4.133333333333334
930,12,17,4.117647058823529
930,13,22,4.111111111111111
930,14,23,4.65
930,15,25,4.65
930,16,25,5.181818181818182
930,17,27,5.260869565217392
930,18,28,5.625
930,19,29,5.962962962962963
930,20,0,5.962962962962963
930,21,0,6.206896551724138
930,22,2,6.066666666666666
930,23,4,6.090909090909091
930,24,7,6.090909090909091
930,25,0,5.914285714285715
930,26,0,6.131578947368421
930,27,2,6.076923076923077
930,28,4,6.560975609756097
930,29,8,6.72093023255814
930,30,8,6.7272727272727275
930,31,9,7.065217391304348
930,32,10,7.0212765957446805
930,33,15,7.0212765957446805
930,34,19,7.32
931,0,0,0
931,1,0,0
931,2,0,0
931,3,0,3.0
931,4,2,3.0
931,5,0,2.75
931,6,2,2.8
931,7,4,2.5714285714285716
931,8,6,2.625
931,9,6,2.9
931,10,9,2.9
931,11,11,3.3076923076923075
931,12,17,3.357142857142857
931,13,17,3.5
931,14,17,3.5
931,15,18,3.823529411764706
931,16,20,3.7777777777777777
931,17,22,4.15
931,18,24,4.476190476190476
931,19,26,4.454545454545454
931,20,0,4.916666666666667
931,21,1,4.96
931,22,2,5.185185185185185
931,23,6,5.413793103448276
931,24,6,5.290322580645161
931,25,3,5.46875
931,26,4,5.571428571428571
931,27,6,5.571428571428571
931,28,9,5.72972972972973
931,29,14,5.72972972972973
931,30,19,5.923076923076923
931,31,23,6.125
931,32,24,6.170731707317073
931,33,31,6.380952380952381
931,34,38,6.441860465116279
932,0,0,0
932,1,0,0
932,2,3,2.0
932,3,6,2.0
932,4,8,2.4
932,5,0,2.6666666666666665
932,6,1,2.875
932,7,4,2.7777777777777777
932,8,5,2.9166666666666665
932,9,7,2.923076923076923
932,10,10,3.0588235294117645
932,11,11,3.4210526315789473
932,12,15,3.55
932,13,16,3.8636363636363638
932,14,18,4.0
932,15,20,4.333333333333333
932,16,21,4.269230769230769
932,17,20,4.62962962962963
932,18,20,4.607142857142857
932,19,19,4.8
932,20,0,4.806451612903226
932,21,0,5.03125
932,22,1,5.117647058823529
932,23,2,4.944444444444445
932,24,5,4.944444444444445
932,25,0,5.025
932,26,0,5.025
932,27,3,5.095238095238095
932,28,8,5.113636363636363
932,29,13,5.113636363636363
932,30,19,5.212765957446808
932,31,23,5.212765957446808
932,32,28,5.583333333333333
932,33,35,5.8431372549019605
932,34,35,5.865384615384615
933,0,0,0
933,1,3,0
933,2,4,2.0
933,3,7,2.5
933,4,6,3.25
933,5,0,3.25
933,6,3,3.5
933,7,6,3.25
933,8,11,3.2222222222222223
933,9,15,3.3636363636363638
933,10,11,3.5384615384615383
933,11,11,3.7142857142857144
933,12,15,3.875
933,13,19,4.0
933,14,21,4.0
933,15,20,4.285714285714286
933,16,20,4.739130434782608
933,17,21,5.083333333333333
933,18,25,5.2
933,19,28,5.518518518518518
933,20,0,5.518518518518518
933,21,1,6.2
933,22,0,5.90625
933,23,0,6.0606060606060606
933,24,0,5.972222222222222
933,25,0,6.135135135135135
933,26,1,6.052631578947368
933,27,6,6.2439024390243905
933,28,8,6.2439024390243905
933,29,8,6.5
933,30,11,6.5
933,31,11,6.608695652173913
933,32,16,6.76595744680851
933,33,17,6.770833333333333
933,34,18,7.06
934,0,0,0
934,1,2,0
934,2,4,2.0
934,3,7,2.5
934,4,10,2.4
934,5,0,2.8333333333333335
934,6,3,2.8333333333333335
934,7,5,3.3333333333333335
934,8,9,3.2
934,9,10,3.230769230769231
934,10,8,3.3333333333333335
934,11,12,3.5
934,12,17,3.736842105263158
934,13,22,4.1
934,14,24,4.476190476190476
934,15,26,4.695652173913044
934,16,29,5.041666666666667
934,17,31,5.576923076923077
934,18,32,5.62962962962963
934,19,31,5.785714285714286
934,20,0,5.933333333333334
934,21,0,6.129032258064516
934,22,1,6.205882352941177
934,23,3,6.085714285714285
934,24,4,6.108108108108108
934,25,3,6.153846153846154
934,26,2,6.125
934,27,8,6.348837209302325
934,28,7,6.318181818181818
934,29,7,6.4222222222222225
934,30,7,6.595744680851064
934,31,9,6.595744680851064
934,32,8,6.96
934,33,12,6.96
934,34,12,7.134615384615385
935,0,0,0
935,1,0,1.0
935,2,3,1.0
935,3,6,2.0
935,4,10,2.6666666666666665
935,5,0,3.2
935,6,1,3.2
935,7,2,3.4285714285714284
935,8,4,3.3333333333333335
935,9,4,3.4
935,10,1,3.4615384615384617
935,11,3,3.8666666666666667
935,12,13,3.9375
935,13,14,4.277777777777778
935,14,16,4.2631578947368425
935,15,17,4.523809523809524
935,16,18,4.523809523809524
935,17,18,4.875
935,18,19,4.875
935,19,21,5.28
935,20,0,5.346153846153846
935,21,0,5.464285714285714
935,22,1,5.366666666666666
935,23,2,5.28125
935,24,5,5.333333333333333
935,25,3,5.2
935,26,6,5.277777777777778
935,27,10,5.358974358974359
935,28,11,5.358974358974359
935,29,13,5.666666666666667
935,30,15,5.666666666666667
935,31,21,5.72093023255814
935,32,27,5.888888888888889
935,33,31,5.956521739130435
935,34,30,6.0212765957446805
936,0,0,0
936,1,0,0
936,2,4,2.0
936,3,6,2.0
936,4,10,2.3333333333333335
936,5,0,2.75
936,6,4,2.75
936,7,7,3.2857142857142856
936,8,11,3.375
936,9,14,3.5454545454545454
936,10,11,3.5454545454545454
936,11,15,3.8461538461538463
936,12,17,3.933333333333333
936,13,20,4.125
936,14,24,4.176470588235294
936,15,25,4.368421052631579
936,16,27,4.368421052631579
936,17,27,4.761904761904762
936,18,27,5.304347826086956
936,19,27,5.416666666666667
936,20,0,5.68
936,21,1,5.68
936,22,2,6.5
936,23,4,6.5
936,24,4,6.266666666666667
936,25,2,6.484848484848484
936,26,3,6.411764705882353
936,27,8,6.4
936,28,9,6.7631578947368425
936,29,10,6.7631578947368425
936,30,11,6.743589743589744
936,31,15,7.146341463414634
936,32,17,7.142857142857143
936,33,19,7.5227272727272725
936,34,24,7.555555555555555
937,0,0,0
937,1,2,0
937,2,1,2.0
937,3,5,2.0
937,4,8,3.5
937,5,0,3.5
937,6,2,3.857142857142857
937,7,3,3.625
937,8,7,3.5
937,9,11,3.5454545454545454
937,10,7,3.6923076923076925
937,11,10,3.875
937,12,13,3.875
937,13,21,4.0
937,14,23,4.0
937,15,25,4.285714285714286
937,16,28,4.285714285714286
937,17,28,4.739130434782608
937,18,28,4.791666666666667
937,19,29,5.269230769230769
937,20,0,5.666666666666667
937,21,3,5.75
937,22,3,5.967741935483871
937,23,5,6.0625
937,24,3,5.9411764705882355
937,25,3,6.162162162162162
937,26,5,6.105263157894737
937,27,8,6.025
937,28,12,6.357142857142857
937,29,13,6.325581395348837
937,30,15,6.622222222222222
937,31,15,6.630434782608695
937,32,17,6.630434782608695
937,33,22,7.0
937,34,24,7.0
938,0,0,0
938,1,1,0
938,2,1,2.0
938,3,2,2.5
938,4,4,3.25
938,5,0,3.0
938,6,0,3.3333333333333335
938,7,2,3.142857142857143
938,8,8,3.0
938,9,12,3.25
938,10,8,3.066666666666667
938,11,9,3.3125
938,12,16,3.411764705882353
938,13,19,3.526315789473684
938,14,19,3.7142857142857144
938,15,21,3.772727272727273
938,16,23,4.291666666666667
938,17,24,4.291666666666667
938,18,24,4.7407407407407405
938,19,25,4.7407407407407405
938,20,0,5.178571428571429
938,21,0,5.333333333333333
938,22,2,5.612903225806452
938,23,2,5.5
938,24,4,5.628571428571429
938,25,0,5.527777777777778
938,26,0,6.0
938,27,5,6.0
938,28,10,6.024390243902439
938,29,10,6.380952380952381
938,30,12,6.555555555555555
938,31,14,6.586956521739131
938,32,19,6.586956521739131
938,33,22,6.755102040816326
938,34,26,6.82
939,0,0,0
939,1,0,1.0
939,2,3,1.5
939,3,3,2.0
939,4,4,2.0
939,5,0,2.3333333333333335
939,6,0,2.3333333333333335
939,7,0,2.75
939,8,5,2.888888888888889
939,9,6,2.727272727272727
939,10,10,2.769230769230769
939,11,12,2.8666666666666667
939,12,14,2.8666666666666667
939,13,15,3.2941176470588234
939,14,18,3.3333333333333335
939,15,19,3.736842105263158
939,16,21,3.9047619047619047
939,17,21,4.318181818181818
939,18,24,4.458333333333333
939,19,23,4.88
939,20,0,4.923076923076923
939,21,0,5.464285714285714
939,22,0,5.344827586206897
939,23,1,5.433333333333334
939,24,1,5.34375
939,25,0,5.323529411764706
939,26,0,5.228571428571429
939,27,1,5.27027027027027
939,28,4,5.333333333333333
939,29,6,5.7
939,30,9,5.928571428571429
939,31,13,5.883720930232558
939,32,18,5.883720930232558
939,33,22,6.086956521739131
939,34,30,6.086956521739131
940,0,0,0
940,1,0,0
940,2,4,2.0
940,3,6,2.0
940,4,7,2.25
940,5,0,2.4
940,6,0,3.0
940,7,1,2.888888888888889
940,8,7,3.090909090909091
940,9,11,3.1666666666666665
940,10,9,3.2666666666666666
940,11,11,3.375
940,12,16,3.5555555555555554
940,13,20,3.5555555555555554
940,14,20,4.0476190476190474
940,15,19,4.5
940,16,19,4.916666666666667
940,17,22,4.96
940,18,22,5.384615384615385
940,19,22,5.392857142857143
940,20,0,5.827586206896552
940,21,2,5.838709677419355
940,22,4,6.090909090909091
940,23,5,6.205882352941177
940,24,8,6.142857142857143
940,25,0,6.2105263157894735
940,26,1,6.205128205128205
940,27,1,6.333333333333333
940,28,6,6.627906976744186
940,29,9,6.627906976744186
940,30,16,6.804347826086956
940,31,25,6.804347826086956
940,32,31,6.875
940,33,33,7.020408163265306
940,34,33,7.588235294117647
941,0,0,0
941,1,0,0
941,2,0,2.0
941,3,1,2.5
941,4,3,2.3333333333333335
941,5,0,2.3333333333333335
941,6,2,3.0
941,7,9,3.0
941,8,13,3.0
941,9,15,3.0
941,10,10,3.25
941,11,10,3.5714285714285716
941,12,10,4.0
941,13,13,4.277777777777778
941,14,18,4.578947368421052
941,15,19,4.666666666666667
941,16,25,4.7272727272727275
941,17,24,5.130434782608695
941,18,25,5.130434782608695
941,19,26,5.730769230769231
941,20,0,5.730769230769231
941,21,2,6.25
941,22,1,5.966666666666667
941,23,2,6.096774193548387
941,24,3,6.0
941,25,0,6.111111111111111
941,26,0,6.027027027027027
941,27,0,5.923076923076923
941,28,10,6.025
941,29,12,6.190476190476191
941,30,15,6.190476190476191
941,31,18,6.295454545454546
941,32,21,6.511111111111111
941,33,23,6.5
941,34,27,6.680851063829787
942,0,0,0
942,1,2,1.0
942,2,8,1.5
942,3,8,2.25
942,4,8,2.5
942,5,0,2.5
942,6,2,3.0
942,7,4,3.111111111111111
942,8,5,3.0
942,9,11,3.2857142857142856
942,10,10,3.4
942,11,14,3.5294117647058822
942,12,15,3.7222222222222223
942,13,16,4.15
942,14,17,4.142857142857143
942,15,18,4.478260869565218
942,16,20,4.541666666666667
942,17,20,4.72
942,18,20,4.814814814814815
942,19,23,5.035714285714286
942,20,0,5.035714285714286
942,21,1,5.516129032258065
942,22,2,5.40625
942,23,4,5.485714285714286
942,24,6,5.351351351351352
942,25,2,5.538461538461538
942,26,2,5.439024390243903
942,27,7,5.5476190476190474
942,28,9,5.613636363636363
942,29,15,5.7555555555555555
942,30,20,5.760869565217392
942,31,23,5.979166666666667
942,32,27,6.0
942,33,30,6.0
942,34,34,6.173076923076923
943,0,0,0
943,1,0,0
943,2,0,2.0
943,3,0,2.0
943,4,3,2.6666666666666665
943,5,0,2.4
943,6,0,2.4
943,7,5,2.7142857142857144
943,8,7,2.625
943,9,9,2.8
943,10,10,2.909090909090909
943,11,13,3.076923076923077
943,12,14,3.5
943,13,16,3.9411764705882355
943,14,17,3.9411764705882355
943,15,17,4.333333333333333
943,16,17,4.714285714285714
943,17,18,4.714285714285714
943,18,18,4.916666666666667
943,19,19,4.916666666666667
943,20,0,5.2592592592592595
943,21,4,5.535714285714286
943,22,6,5.533333333333333
943,23,7,5.46875
943,24,6,5.514285714285714
943,25,4,5.514285714285714
943,26,4,5.717948717948718
943,27,7,5.717948717948718
943,28,10,5.878048780487805
943,29,20,6.0
943,30,22,6.046511627906977
943,31,28,6.046511627906977
943,32,30,6.2
943,33,32,6.239130434782608
943,34,31,6.458333333333333
944,0,0,0
944,1,2,0
944,2,2,2.0
944,3,4,2.5
944,4,4,3.25
944,5,0,3.25
944,6,2,3.8
944,7,5,3.375
944,8,8,3.3333333333333335
944,9,10,3.25
944,10,8,3.230769230769231
944,11,8,3.533333333333333
944,12,13,3.533333333333333
944,13,15,3.9411764705882355
944,14,15,3.9444444444444446
944,15,17,4.473684210526316
944,16,19,4.523809523809524
944,17,19,5.0
944,18,19,5.125
944,19,20,5.56
944,20,0,5.653846153846154
944,21,0,6.107142857142857
944,22,2,6.103448275862069
944,23,4,5.870967741935484
944,24,5,5.9375
944,25,2,5.8
944,26,2,5.8
944,27,5,5.868421052631579
944,28,8,5.923076923076923
944,29,13,6.024390243902439
944,30,16,6.024390243902439
944,31,21,6.162790697674419
944,32,25,6.511111111111111
944,33,29,6.608695652173913
944,34,31,6.833333333333333
945,0,0,0
945,1,0,0
945,2,1,2.0
945,3,2,2.5
945,4,3,2.6666666666666665
945,5,0,2.5
945,6,0,3.0
945,7,1,3.0
945,8,5,2.888888888888889
945,9,7,2.8
945,10,9,3.0833333333333335
945,11,11,3.0714285714285716
945,12,14,3.625
945,13,15,3.5
945,14,15,3.8421052631578947
945,15,15,3.85
945,16,17,4.318181818181818
945,17,17,4.318181818181818
945,18,16,4.84
945,19,20,4.84
945,20,0,5.444444444444445
945,21,1,5.464285714285714
945,22,1,5.870967741935484
945,23,3,5.75
945,24,3,5.742857142857143
945,25,1,5.666666666666667
945,26,0,5.7105263157894735
945,27,6,5.725
945,28,6,5.682926829268292
945,29,9,6.023255813953488
945,30,15,6.090909090909091
945,31,19,6.413043478260869
945,32,23,6.413043478260869
945,33,27,6.604166666666667
945,34,28,6.673469387755102
946,0,0,0
946,1,1,0
946,2,1,2.0
946,3,2,2.0
946,4,3,2.5
946,5,0,2.5
946,6,2,3.0
946,7,7,2.875
946,8,8,2.888888888888889
946,9,7,3.0
946,10,7,3.142857142857143
946,11,8,3.0
946,12,9,3.1666666666666665
946,13,12,3.210526315789474
946,14,13,3.45
946,15,16,3.409090909090909
946,16,16,3.8260869565217392
946,17,18,3.8333333333333335
946,18,19,4.24
946,19,20,4.1923076923076925
946,20,0,4.642857142857143
946,21,1,4.655172413793103
946,22,1,5.09375
946,23,2,5.121212121212121
946,24,3,5.0
946,25,2,5.027027027027027
946,26,3,4.9743589743589745
946,27,6,5.048780487804878
946,28,6,5.0476190476190474
946,29,17,5.162790697674419
946,30,22,5.177777777777778
946,31,25,5.177777777777778
946,32,26,5.340425531914893
946,33,26,5.375
946,34,25,5.62
947,0,0,0
947,1,0,0
947,2,4,2.0
947,3,5,2.3333333333333335
947,4,6,2.5
947,5,0,2.8
947,6,2,2.8
947,7,2,3.25
947,8,9,3.2222222222222223
947,9,10,3.5
947,10,13,3.357142857142857
947,11,14,3.466666666666667
947,12,14,3.8421052631578947
947,13,17,3.8421052631578947
947,14,17,4.090909090909091
947,15,20,4.090909090909091
947,16,19,4.375
947,17,21,4.36
947,18,22,4.851851851851852
947,19,22,4.892857142857143
947,20,0,5.275862068965517
947,21,3,5.333333333333333
947,22,5,5.6875
947,23,6,5.617647058823529
947,24,8,5.685714285714286
947,25,0,5.605263157894737
947,26,4,5.615384615384615
947,27,6,5.571428571428571
947,28,9,5.571428571428571
947,29,16,5.5777777777777775
947,30,19,5.565217391304348
947,31,22,5.565217391304348
947,32,27,5.729166666666667
947,33,32,6.18
947,34,33,6.313725490196078
948,0,0,0
948,1,0,1.0
948,2,3,1.5
948,3,2,1.6666666666666667
948,4,5,2.2
948,5,0,2.5
948,6,2,2.4285714285714284
948,7,6,2.7777777777777777
948,8,8,2.9
948,9,8,3.4166666666666665
948,10,5,3.4166666666666665
948,11,4,4.0625
948,12,8,4.352941176470588
948,13,10,4.684210526315789
948,14,15,4.684210526315789
948,15,14,4.857142857142857
948,16,17,4.7727272727272725
948,17,17,4.956521739130435
948,18,17,5.0
948,19,18,5.2
948,20,0,5.222222222222222
948,21,2,5.392857142857143
948,22,3,5.333333333333333
948,23,3,5.258064516129032
948,24,6,5.242424242424242
948,25,0,5.694444444444445
948,26,1,6.027027027027027
948,27,5,6.15
948,28,12,6.073170731707317
948,29,17,6.232558139534884
948,30,24,6.204545454545454
948,31,26,6.355555555555555
948,32,25,6.404255319148936
948,33,25,6.416666666666667
948,34,25,6.714285714285714
949,0,0,0
949,1,0,1.0
949,2,5,1.0
949,3,4,2.3333333333333335
949,4,6,2.75
949,5,0,3.0
949,6,2,3.0
949,7,2,3.25
949,8,8,3.2222222222222223
949,9,10,3.272727272727273
949,10,7,3.2857142857142856
949,11,10,3.4
949,12,12,3.5
949,13,13,3.9444444444444446
949,14,14,3.9473684210526314
949,15,14,4.428571428571429
949,16,16,4.428571428571429
949,17,19,4.913043478260869
949,18,21,4.833333333333333
949,19,20,5.269230769230769
949,20,0,5.222222222222222
949,21,0,5.678571428571429
949,22,2,5.766666666666667
949,23,1,5.53125
949,24,0,5.5588235294117645
949,25,2,5.527777777777778
949,26,7,5.513513513513513
949,27,9,5.675
949,28,14,5.675
949,29,16,5.809523809523809
949,30,18,6.0227272727272725
949,31,23,6.0227272727272725
949,32,28,6.044444444444444
949,33,30,6.604166666666667
949,34,33,7.0
950,0,0,0
950,1,0,0
950,2,3,0
950,3,7,2.5
950,4,9,3.0
950,5,0,3.0
950,6,2,3.4
950,7,4,3.1666666666666665
950,8,6,3.3333333333333335
950,9,9,3.1818181818181817
950,10,9,3.1818181818181817
950,11,12,3.8461538461538463
950,12,18,3.857142857142857
950,13,20,4.25
950,14,20,4.235294117647059
950,15,22,4.722222222222222
950,16,23,4.8
950,17,22,5.238095238095238
950,18,23,5.3478260869565215
950,19,24,5.791666666666667
950,20,0,5.846153846153846
950,21,0,6.074074074074074
950,22,3,5.928571428571429
950,23,4,5.967741935483871
950,24,6,5.875
950,25,2,5.818181818181818
950,26,1,5.944444444444445
950,27,3,5.945945945945946
950,28,7,5.921052631578948
950,29,12,6.125
950,30,14,6.121951219512195
950,31,18,6.651162790697675
950,32,23,6.822222222222222
950,33,27,6.8478260869565215
950,34,30,6.851063829787234
951,0,0,0
951,1,0,0
951,2,0,1.0
951,3,1,2.0
951,4,0,2.75
951,5,0,2.75
951,6,1,2.6666666666666665
951,7,6,2.625
951,8,5,2.7
951,9,9,2.7
951,10,6,3.076923076923077
951,11,8,3.2666666666666666
951,12,12,3.3529411764705883
951,13,15,3.5555555555555554
951,14,18,3.55
951,15,19,3.9047619047619047
951,16,19,4.0
951,17,19,4.25
951,18,19,4.32
951,19,20,4.576923076923077
951,20,0,4.607142857142857
951,21,1,4.896551724137931
951,22,2,4.966666666666667
951,23,3,4.8125
951,24,5,4.914285714285715
951,25,2,4.914285714285715
951,26,3,5.0256410256410255
951,27,5,5.0256410256410255
951,28,9,5.097560975609756
951,29,10,5.071428571428571
951,30,12,5.093023255813954
951,31,13,5.533333333333333
951,32,21,5.934782608695652
951,33,26,6.041666666666667
951,34,31,6.163265306122449
952,0,0,0
952,1,0,1.0
952,2,1,1.0
952,3,4,2.5
952,4,5,2.5
952,5,0,2.6666666666666665
952,6,3,2.6666666666666665
952,7,5,3.2222222222222223
952,8,6,3.3
952,9,10,3.3333333333333335
952,10,6,3.642857142857143
952,11,6,3.8
952,12,10,4.125
952,13,13,4.117647058823529
952,14,16,4.2105263157894735
952,15,19,4.2105263157894735
952,16,21,4.428571428571429
952,17,22,4.409090909090909
952,18,21,4.913043478260869
952,19,23,5.0
952,20,0,5.423076923076923
952,21,3,5.518518518518518
952,22,5,5.964285714285714
952,23,5,6.0
952,24,6,6.0
952,25,0,5.875
952,26,1,6.114285714285714
952,27,4,6.0
952,28,10,6.108108108108108
952,29,10,6.17948717948718
952,30,14,6.17948717948718
952,31,15,6.2926829268292686
952,32,23,6.4523809523809526
952,33,29,6.636363636363637
952,34,32,6.956521739130435
953,0,0,0
953,1,2,0
953,2,7,2.0
953,3,11,2.5
953,4,10,3.25
953,5,0,3.25
953,6,0,3.6666666666666665
953,7,1,3.7142857142857144
953,8,1,3.5
953,9,6,3.5
953,10,9,3.642857142857143
953,11,13,3.642857142857143
953,12,17,3.888888888888889
953,13,19,3.888888888888889
953,14,19,4.15
953,15,20,4.590909090909091
953,16,21,4.608695652173913
953,17,21,5.041666666666667
953,18,24,5.076923076923077
953,19,25,5.2592592592592595
953,20,0,5.2592592592592595
953,21,1,5.833333333333333
953,22,4,5.833333333333333
953,23,3,5.75
953,24,6,5.705882352941177
953,25,0,5.685714285714286
953,26,2,5.583333333333333
953,27,5,5.794871794871795
953,28,10,5.725
953,29,11,5.976190476190476
953,30,14,5.953488372093023
953,31,18,5.954545454545454
953,32,22,6.282608695652174
953,33,30,6.297872340425532
953,34,34,6.5
954,0,0,0
954,1,0,0
954,2,0,2.0
954,3,4,2.0
954,4,6,2.0
954,5,0,2.5
954,6,0,3.0
954,7,2,3.0
954,8,8,2.8
954,9,9,3.1818181818181817
954,10,6,3.25
954,11,8,3.625
954,12,11,3.625
954,13,11,4.0
954,14,12,3.8947368421052633
954,15,13,4.3
954,16,16,4.3
954,17,17,4.6521739130434785
954,18,19,4.6521739130434785
954,19,21,5.076923076923077
954,20,0,5.076923076923077
954,21,0,5.37037037037037
954,22,0,5.357142857142857
954,23,0,5.333333333333333
954,24,0,5.225806451612903
954,25,0,5.352941176470588
954,26,4,5.285714285714286
954,27,6,5.394736842105263
954,28,8,5.394736842105263
954,29,9,5.358974358974359
954,30,14,5.976190476190476
954,31,18,6.395348837209302
954,32,21,6.5
954,33,28,6.695652173913044
954,34,28,6.695652173913044
955,0,0,0
955,1,0,0
955,2,3,0
955,3,7,2.6666666666666665
955,4,8,2.6666666666666665
955,5,0,3.0
955,6,1,3.3333333333333335
955,7,1,3.375
955,8,5,3.3
955,9,7,3.1666666666666665
955,10,6,3.533333333333333
955,11,7,3.8823529411764706
955,12,11,4.0
955,13,14,4.05
955,14,15,4.190476190476191
955,15,16,4.590909090909091
955,16,18,4.541666666666667
955,17,18,4.88
955,18,20,4.884615384615385
955,19,19,5.285714285714286
955,20,0,5.285714285714286
955,21,1,5.838709677419355
955,22,2,5.838709677419355
955,23,1,5.787878787878788
955,24,2,5.685714285714286
955,25,0,5.666666666666667
955,26,0,5.631578947368421
955,27,3,5.634146341463414
955,28,7,5.642857142857143
955,29,8,6.0227272727272725
955,30,14,6.0227272727272725
955,31,17,6.434782608695652
955,32,21,6.48936170212766
955,33,20,6.791666666666667
955,34,21,6.84
956,0,0,0
956,1,0,0
956,2,2,0
956,3,6,2.0
956,4,11,3.3333333333333335
956,5,0,3.5
956,6,1,3.6666666666666665
956,7,2,3.25
956,8,4,3.25
956,9,7,3.272727272727273
956,10,12,3.230769230769231
956,11,15,3.2666666666666666
956,12,20,3.4375
956,13,19,3.6470588235294117
956,14,20,3.7222222222222223
956,15,19,3.95
956,16,22,4.0476190476190474
956,17,22,4.2727272727272725
956,18,21,4.875
956,19,22,5.0
956,20,0,5.592592592592593
956,21,0,6.035714285714286
956,22,2,6.166666666666667
956,23,2,6.032258064516129
956,24,3,5.90625
956,25,1,6.057142857142857
956,26,3,5.945945945945946
956,27,8,6.0
956,28,8,6.125
956,29,12,6.125
956,30,22,6.190476190476191
956,31,26,6.4186046511627906
956,32,30,6.5
956,33,35,6.760869565217392
956,34,36,6.851063829787234
957,0,0,0
957,1,2,0
957,2,3,2.0
957,3,6,2.5
957,4,7,3.25
957,5,0,3.6
957,6,4,3.5
957,7,4,3.625
957,8,11,3.7
957,9,13,3.75
957,10,8,3.5714285714285716
957,11,7,3.875
957,12,11,4.166666666666667
957,13,15,4.105263157894737
957,14,18,4.428571428571429
957,15,20,4.428571428571429
957,16,20,4.869565217391305
957,17,20,4.916666666666667
957,18,22,5.32
957,19,25,5.384615384615385
957,20,0,5.892857142857143
957,21,1,6.0
957,22,4,6.129032258064516
957,23,8,6.129032258064516
957,24,8,6.2
957,25,4,6.2
957,26,3,6.2105263157894735
957,27,10,6.3076923076923075
957,28,11,6.3
957,29,12,6.3
957,30,16,6.5813953488372094
957,31,17,6.5813953488372094
957,32,21,6.934782608695652
957,33,25,6.934782608695652
957,34,30,7.166666666666667
958,0,0,0
958,1,1,0
958,2,1,2.0
958,3,2,2.5
958,4,4,3.25
958,5,0,3.25
958,6,2,3.3333333333333335
958,7,3,3.111111111111111
958,8,10,3.1
958,9,12,3.1538461538461537
958,10,8,3.4
958,11,9,3.7058823529411766
958,12,15,3.7222222222222223
958,13,17,3.95
958,14,18,3.95
958,15,18,4.090909090909091
958,16,18,4.173913043478261
958,17,19,4.416666666666667
958,18,21,4.52
958,19,23,4.777777777777778
958,20,0,4.857142857142857
958,21,0,5.344827586206897
958,22,1,5.366666666666666
958,23,2,5.40625
958,24,2,5.235294117647059
958,25,0,5.371428571428571
958,26,0,5.342105263157895
958,27,0,5.45
958,28,6,5.45
958,29,7,5.619047619047619
958,30,12,5.790697674418604
958,31,16,5.75
958,32,23,5.956521739130435
958,33,25,5.957446808510638
958,34,30,6.125
959,0,0,0
959,1,0,0
959,2,0,0
959,3,2,3.0
959,4,2,2.6666666666666665
959,5,0,2.5
959,6,0,2.8
959,7,1,2.5555555555555554
959,8,4,2.5555555555555554
959,9,5,2.6363636363636362
959,10,5,2.6363636363636362
959,11,6,3.3076923076923075
959,12,7,3.3076923076923075
959,13,7,3.7857142857142856
959,14,11,3.8
959,15,10,4.176470588235294
959,16,12,4.166666666666667
959,17,12,4.65
959,18,12,4.65
959,19,13,5.142857142857143
959,20,0,5.090909090909091
959,21,0,5.5
959,22,1,5.4
959,23,5,5.2592592592592595
959,24,9,5.137931034482759
959,25,5,5.1
959,26,10,5.181818181818182
959,27,17,5.176470588235294
959,28,22,5.166666666666667
959,29,26,5.243243243243243
959,30,26,5.2894736842105265
959,31,25,5.6923076923076925
959,32,25,5.804878048780488
959,33,24,6.190476190476191
959,34,24,6.255813953488372
960,0,0,0
960,1,2,0
960,2,3,2.0
960,3,6,2.0
960,4,10,3.0
960,5,0,3.3333333333333335
960,6,1,3.3333333333333335
960,7,3,3.5
960,8,7,3.5
960,9,6,3.5
960,10,7,3.5
960,11,15,3.6666666666666665
960,12,17,3.6666666666666665
960,13,20,3.9
960,14,20,4.2727272727272725
960,15,21,4.608695652173913
960,16,21,4.8
960,17,23,4.923076923076923
960,18,27,5.111111111111111
960,19,27,5.586206896551724
960,20,0,5.586206896551724
960,21,0,6.25
960,22,0,6.25
960,23,2,6.371428571428571
960,24,3,6.371428571428571
960,25,4,6.2105263157894735
960,26,6,6.275
960,27,8,6.261904761904762
960,28,10,6.441860465116279
960,29,12,6.454545454545454
960,30,13,6.533333333333333
960,31,14,6.76595744680851
960,32,16,6.875
960,33,24,7.1
960,34,32,7.215686274509804
961,0,0,0
961,1,0,0
961,2,2,0
961,3,1,2.5
961,4,2,2.5
961,5,0,3.0
961,6,3,3.0
961,7,8,3.4285714285714284
961,8,10,3.5
961,9,10,3.3636363636363638
961,10,8,3.3636363636363638
961,11,10,3.6666666666666665
961,12,13,3.6666666666666665
961,13,16,3.823529411764706
961,14,19,4.222222222222222
961,15,21,4.2105263157894735
961,16,20,4.666666666666667
961,17,22,4.666666666666667
961,18,22,5.086956521739131
961,19,23,5.208333333333333
961,20,0,5.538461538461538
961,21,0,5.538461538461538
961,22,0,6.0344827586206895
961,23,1,5.9
961,24,6,5.96969696969697
961,25,5,5.882352941176471
961,26,9,5.916666666666667
961,27,12,6.026315789473684
961,28,16,6.128205128205129
961,29,19,6.2682926829268295
961,30,23,6.2682926829268295
961,31,27,6.636363636363637
961,32,32,6.636363636363637
961,33,35,6.8936170212765955
961,34,36,6.8936170212765955
962,0,0,0
962,1,0,0
962,2,0,2.0
962,3,0,2.0
962,4,5,2.0
962,5,0,2.4
962,6,1,2.6666666666666665
962,7,1,2.75
962,8,5,2.8
962,9,7,3.0
962,10,5,3.3076923076923075
962,11,7,3.4
962,12,8,3.7058823529411766
962,13,13,3.7058823529411766
962,14,12,4.0
962,15,15,3.95
962,16,17,4.142857142857143
962,17,19,4.136363636363637
962,18,18,4.583333333333333
962,19,19,4.583333333333333
962,20,0,5.038461538461538
962,21,3,5.111111111111111
962,22,5,5.607142857142857
962,23,6,5.620689655172414
962,24,9,5.5625
962,25,4,5.588235294117647
962,26,4,5.702702702702703
962,27,4,5.702702702702703
962,28,8,5.825
962,29,15,5.825
962,30,21,5.853658536585366
962,31,28,6.093023255813954
962,32,30,6.136363636363637
962,33,31,6.6521739130434785
962,34,33,7.041666666666667
963,0,0,0
963,1,2,0
963,2,5,2.0
963,3,5,2.6666666666666665
963,4,5,3.0
963,5,0,2.8
963,6,1,3.3333333333333335
963,7,3,3.3333333333333335
963,8,7,3.111111111111111
963,9,9,3.6363636363636362
963,10,7,3.769230769230769
963,11,6,3.6666666666666665
963,12,14,3.764705882352941
963,13,15,4.222222222222222
963,14,16,4.222222222222222
963,15,18,4.714285714285714
963,16,20,4.714285714285714
963,17,20,5.260869565217392
963,18,20,5.291666666666667
963,19,19,5.730769230769231
963,20,0,5.777777777777778
963,21,0,6.068965517241379
963,22,4,5.933333333333334
963,23,3,5.9375
963,24,5,5.848484848484849
963,25,4,5.805555555555555
963,26,4,5.7631578947368425
963,27,9,5.794871794871795
963,28,13,5.829268292682927
963,29,15,6.214285714285714
963,30,19,6.6
963,31,25,6.934782608695652
963,32,29,6.934782608695652
963,33,28,7.0625
963,34,29,7.081632653061225
964,0,0,0
964,1,2,0
964,2,3,2.0
964,3,7,2.3333333333333335
964,4,9,2.75
964,5,0,3.2
964,6,3,3.2857142857142856
964,7,4,3.625
964,8,8,3.5454545454545454
964,9,9,3.5833333333333335
964,10,9,3.6153846153846154
964,11,9,3.823529411764706
964,12,13,4.111111111111111
964,13,18,4.111111111111111
964,14,17,4.55
964,15,20,4.714285714285714
964,16,19,5.043478260869565
964,17,20,5.208333333333333
964,18,21,5.269230769230769
964,19,22,5.407407407407407
964,20,0,5.857142857142857
964,21,0,5.896551724137931
964,22,1,6.290322580645161
964,23,0,6.15625
964,24,0,6.088235294117647
964,25,0,6.027777777777778
964,26,4,5.945945945945946
964,27,5,6.025
964,28,7,6.025
964,29,10,5.975609756097561
964,30,13,6.5227272727272725
964,31,19,6.911111111111111
964,32,21,6.934782608695652
964,33,29,7.145833333333333
964,34,30,7.163265306122449
965,0,0,0
965,1,0,0
965,2,1,0
965,3,3,2.5
965,4,4,2.6666666666666665
965,5,0,3.0
965,6,1,3.1666666666666665
965,7,2,3.0
965,8,4,3.0
965,9,4,3.0
965,10,3,2.933333333333333
965,11,4,3.2941176470588234
965,12,8,3.6315789473684212
965,13,12,3.6315789473684212
965,14,13,3.9545454545454546
965,15,13,3.9545454545454546
965,16,12,4.375
965,17,15,4.375
965,18,17,4.576923076923077
965,19,18,4.75
965,20,0,4.793103448275862
965,21,1,5.0
965,22,4,5.0
965,23,4,4.823529411764706
965,24,6,4.914285714285715
965,25,0,4.891891891891892
965,26,0,4.868421052631579
965,27,4,4.902439024390244
965,28,7,4.902439024390244
965,29,10,5.3023255813953485
965,30,19,5.363636363636363
965,31,22,5.666666666666667
965,32,23,5.833333333333333
965,33,22,5.938775510204081
965,34,22,6.134615384615385
966,0,0,0
966,1,0,0
966,2,0,0
966,3,3,2.5
966,4,6,2.5
966,5,0,3.0
966,6,2,3.1666666666666665
966,7,4,3.0
966,8,10,3.0
966,9,13,3.1818181818181817
966,10,11,3.3333333333333335
966,11,13,3.5714285714285716
966,12,15,4.0625
966,13,18,4.111111111111111
966,14,18,4.2631578947368425
966,15,21,4.4
966,16,20,4.590909090909091
966,17,20,5.166666666666667
966,18,21,5.538461538461538
966,19,24,5.518518518518518
966,20,0,5.892857142857143
966,21,0,5.9655172413793105
966,22,2,6.4
966,23,4,6.294117647058823
966,24,5,6.2
966,25,1,6.2
966,26,1,6.3076923076923075
966,27,6,6.3076923076923075
966,28,9,6.439024390243903
966,29,12,6.809523809523809
966,30,14,6.863636363636363
966,31,16,6.822222222222222
966,32,19,7.127659574468085
966,33,24,7.36734693877551
966,34,28,7.46
967,0,0,0
967,1,0,0
967,2,0,2.0
967,3,2,2.5
967,4,4,2.3333333333333335
967,5,0,2.3333333333333335
967,6,0,3.2
967,7,3,3.4285714285714284
967,8,4,3.3333333333333335
967,9,11,3.4545454545454546
967,10,6,3.5
967,11,10,3.625
967,12,11,3.9411764705882355
967,13,10,4.0
967,14,12,3.9473684210526314
967,15,13,4.0476190476190474
967,16,15,4.0
967,17,16,4.5
967,18,16,4.44
967,19,16,4.814814814814815
967,20,0,4.814814814814815
967,21,0,5.275862068965517
967,22,0,5.133333333333334
967,23,3,5.064516129032258
967,24,5,4.970588235294118
967,25,6,4.970588235294118
967,26,7,4.945945945945946
967,27,14,4.894736842105263
967,28,20,4.897435897435898
967,29,23,5.357142857142857
967,30,23,5.744186046511628
967,31,25,5.777777777777778
967,32,25,6.130434782608695
967,33,25,6.612244897959184
967,34,25,6.612244897959184
968,0,0,0
968,1,3,0
968,2,5,2.0
968,3,6,2.75
968,4,7,2.75
968,5,0,3.2
968,6,0,3.6666666666666665
968,7,2,3.3333333333333335
968,8,6,3.3333333333333335
968,9,6,3.3636363636363638
968,10,6,3.5
968,11,5,3.875
968,12,10,3.888888888888889
968,13,12,3.789473684210526
968,14,12,4.238095238095238
968,15,15,4.2272727272727275
968,16,15,4.666666666666667
968,17,15,4.68
968,18,19,5.111111111111111
968,19,19,5.178571428571429
968,20,0,5.666666666666667
968,21,3,5.612903225806452
968,22,5,5.7272727272727275
968,23,5,5.555555555555555
968,24,3,5.447368421052632
968,25,0,5.447368421052632
968,26,1,5.476190476190476
968,27,8,5.476190476190476
968,28,10,5.409090909090909
968,29,15,5.466666666666667
968,30,20,5.51063829787234
968,31,22,5.8125
968,32,25,5.8125
968,33,24,6.122448979591836
968,34,24,6.2745098039215685
969,0,0,0
969,1,0,1.0
969,2,5,1.5
969,3,5,2.0
969,4,8,2.1666666666666665
969,5,0,2.4285714285714284
969,6,0,2.5
969,7,3,2.8
969,8,8,2.8461538461538463
969,9,12,2.857142857142857
969,10,9,3.0625
969,11,13,3.176470588235294
969,12,14,3.4210526315789473
969,13,13,3.55
969,14,17,3.761904761904762
969,15,18,4.217391304347826
969,16,20,4.375
969,17,21,4.76
969,18,23,4.730769230769231
969,19,23,5.178571428571429
969,20,0,5.172413793103448
969,21,0,5.433333333333334
969,22,4,5.40625
969,23,5,5.411764705882353
969,24,6,5.444444444444445
969,25,0,5.5
969,26,2,5.609756097560975
969,27,5,5.714285714285714
969,28,8,5.795454545454546
969,29,10,6.260869565217392
969,30,14,6.6875
969,31,18,6.6875
969,32,23,6.82
969,33,29,7.0
969,34,32,7.166666666666667
970,0,0,0
970,1,0,0
970,2,1,2.0
970,3,5,2.0
970,4,4,2.75
970,5,0,2.75
970,6,0,3.0
970,7,3,3.0
970,8,10,2.7777777777777777
970,9,16,2.8181818181818183
970,10,12,3.0
970,11,13,3.125
970,12,16,3.235294117647059
970,13,17,3.388888888888889
970,14,17,3.85
970,15,16,4.285714285714286
970,16,19,4.285714285714286
970,17,18,4.708333333333333
970,18,19,4.708333333333333
970,19,20,5.12
970,20,0,5.222222222222222
970,21,0,5.642857142857143
970,22,0,5.724137931034483
970,23,1,5.625
970,24,2,5.625
970,25,1,5.714285714285714
970,26,3,5.611111111111111
970,27,6,5.594594594594595
970,28,6,5.775
970,29,10,5.775
970,30,13,5.904761904761905
970,31,22,6.046511627906977
970,32,25,6.177777777777778
970,33,29,6.217391304347826
970,34,30,6.319148936170213
971,0,0,0
971,1,0,0
971,2,0,0
971,3,3,3.0
971,4,4,2.6666666666666665
971,5,0,2.6666666666666665
971,6,2,3.0
971,7,4,2.8
971,8,9,3.125
971,9,9,3.2222222222222223
971,10,11,3.5454545454545454
971,11,11,3.6153846153846154
971,12,11,3.7333333333333334
971,13,13,3.9375
971,14,14,4.157894736842105
971,15,14,4.157894736842105
971,16,14,4.333333333333333
971,17,13,4.608695652173913
971,18,16,4.608695652173913
971,19,16,5.125
971,20,0,5.115384615384615
971,21,0,5.592592592592593
971,22,0,5.482758620689655
971,23,0,5.28125
971,24,2,5.28125
971,25,1,5.323529411764706
971,26,0,5.1891891891891895
971,27,7,5.2368421052631575
971,28,15,5.205128205128205
971,29,21,5.275
971,30,26,5.761904761904762
971,31,29,5.761904761904762
971,32,30,6.2
971,33,31,6.2
971,34,32,6.434782608695652
972,0,0,0
972,1,1,0
972,2,3,2.0
972,3,6,2.5
972,4,9,3.25
972,5,0,3.25
972,6,0,3.6
972,7,2,3.4285714285714284
972,8,4,3.6
972,9,11,3.6
972,10,8,3.5384615384615383
972,11,13,3.5384615384615383
972,12,15,3.75
972,13,20,3.8823529411764706
972,14,21,4.105263157894737
972,15,24,4.105263157894737
972,16,24,4.818181818181818
972,17,25,5.217391304347826
972,18,27,5.4
972,19,26,5.8076923076923075
972,20,0,5.8076923076923075
972,21,2,6.321428571428571
972,22,4,6.482758620689655
972,23,4,6.516129032258065
972,24,4,6.6875
972,25,0,6.764705882352941
972,26,0,6.764705882352941
972,27,3,6.947368421052632
972,28,5,6.947368421052632
972,29,5,7.025
972,30,5,7.166666666666667
972,31,10,7.363636363636363
972,32,17,7.363636363636363
972,33,20,7.586956521739131
972,34,26,7.702127659574468
973,0,0,0
973,1,1,1.0
973,2,4,1.5
973,3,6,2.0
973,4,6,2.4
973,5,0,2.8333333333333335
973,6,3,2.5714285714285716
973,7,7,3.0
973,8,11,3.0
973,9,11,3.1666666666666665
973,10,8,3.3076923076923075
973,11,8,3.6875
973,12,13,3.823529411764706
973,13,17,3.9473684210526314
973,14,17,4.4
973,15,19,4.428571428571429
973,16,21,4.869565217391305
973,17,24,4.833333333333333
973,18,24,5.28
973,19,24,5.346153846153846
973,20,0,5.857142857142857
973,21,3,5.931034482758621
973,22,2,6.4
973,23,3,6.181818181818182
973,24,6,6.323529411764706
973,25,0,6.297297297297297
973,26,1,6.297297297297297
973,27,6,6.375
973,28,13,6.512195121951219
973,29,14,6.651162790697675
973,30,15,6.7272727272727275
973,31,20,6.891304347826087
973,32,21,7.0
973,33,29,7.204081632653061
973,34,33,7.34
974,0,0,0
974,1,0,1.0
974,2,1,1.5
974,3,3,2.0
974,4,5,2.5
974,5,0,2.8333333333333335
974,6,1,2.8333333333333335
974,7,6,2.888888888888889
974,8,10,3.0
974,9,11,3.0833333333333335
974,10,9,3.2666666666666666
974,11,11,3.375
974,12,14,3.5294117647058822
974,13,16,3.9473684210526314
974,14,17,4.35
974,15,18,4.681818181818182
974,16,19,4.833333333333333
974,17,22,4.84
974,18,22,5.076923076923077
974,19,22,5.074074074074074
974,20,0,5.586206896551724
974,21,2,5.586206896551724
974,22,1,6.0
974,23,3,6.0
974,24,6,5.888888888888889
974,25,1,5.888888888888889
974,26,3,5.975
974,27,5,5.975
974,28,9,6.023809523809524
974,29,17,6.162790697674419
974,30,18,6.136363636363637
974,31,24,6.413043478260869
974,32,31,6.425531914893617
974,33,38,7.1
974,34,38,7.1
975,0,0,0
975,1,0,0
975,2,0,2.0
975,3,0,2.0
975,4,0,2.0
975,5,0,2.2
975,6,1,2.2
975,7,4,2.5
975,8,7,2.4444444444444446
975,9,7,2.75
975,10,2,2.8461538461538463
975,11,4,3.0
975,12,10,3.176470588235294
975,13,11,3.4210526315789473
975,14,14,3.5
975,15,14,3.6818181818181817
975,16,14,3.6818181818181817
975,17,19,3.8260869565217392
975,18,20,3.8
975,19,19,4.0
975,20,0,3.962962962962963
975,21,0,4.275862068965517
975,22,0,4.2
975,23,3,4.28125
975,24,3,4.147058823529412
975,25,2,4.2
975,26,3,4.1891891891891895
975,27,6,4.315789473684211
975,28,11,4.4
975,29,17,4.560975609756097
975,30,20,4.595238095238095
975,31,25,5.136363636363637
975,32,28,5.260869565217392
975,33,33,5.260869565217392
975,34,34,5.918367346938775
976,0,0,0
976,1,0,1.0
976,2,0,1.0
976,3,4,2.0
976,4,6,2.5
976,5,0,2.5
976,6,0,2.8
976,7,0,3.2857142857142856
976,8,2,3.2857142857142856
976,9,6,3.0
976,10,9,3.0
976,11,11,3.3846153846153846
976,12,11,3.5
976,13,14,3.5
976,14,16,3.736842105263158
976,15,17,3.736842105263158
976,16,20,4.318181818181818
976,17,22,4.318181818181818
976,18,22,4.88
976,19,23,4.88
976,20,0,5.407407407407407
976,21,2,5.464285714285714
976,22,4,5.6
976,23,7,5.709677419354839
976,24,6,5.705882352941177
976,25,2,5.705882352941177
976,26,4,5.837837837837838
976,27,10,5.973684210526316
976,28,14,5.9743589743589745
976,29,14,6.15
976,30,14,6.333333333333333
976,31,18,6.511627906976744
976,32,20,6.5227272727272725
976,33,33,6.8478260869565215
976,34,34,6.8936170212765955
977,0,0,0
977,1,1,0
977,2,3,2.0
977,3,5,2.0
977,4,6,3.0
977,5,0,3.0
977,6,0,3.4
977,7,0,3.5
977,8,4,3.2857142857142856
977,9,8,3.125
977,10,7,3.7
977,11,11,3.6666666666666665
977,12,14,4.214285714285714
977,13,17,4.133333333333334
977,14,19,4.588235294117647
977,15,19,5.0
977,16,20,5.25
977,17,20,5.238095238095238
977,18,22,5.7272727272727275
977,19,24,5.7272727272727275
977,20,0,6.2
977,21,1,6.2
977,22,0,6.296296296296297
977,23,0,6.448275862068965
977,24,2,6.258064516129032
977,25,3,6.375
977,26,5,6.285714285714286
977,27,7,6.285714285714286
977,28,10,6.405405405405405
977,29,12,6.578947368421052
977,30,14,6.564102564102564
977,31,19,6.75
977,32,23,6.780487804878049
977,33,28,6.9523809523809526
977,34,31,7.181818181818182
978,0,0,0
978,1,0,0
978,2,0,2.0
978,3,3,2.0
978,4,3,3.25
978,5,0,3.2
978,6,4,2.8333333333333335
978,7,4,2.888888888888889
978,8,3,2.9
978,9,4,3.230769230769231
978,10,1,3.6
978,11,7,3.6
978,12,8,3.7777777777777777
978,13,8,3.736842105263158
978,14,10,3.8095238095238093
978,15,12,3.8181818181818183
978,16,13,3.9130434782608696
978,17,14,3.875
978,18,16,4.038461538461538
978,19,19,4.074074074074074
978,20,0,4.285714285714286
978,21,2,4.266666666666667
978,22,2,4.4375
978,23,5,4.470588235294118
978,24,6,4.416666666666667
978,25,3,4.416666666666667
978,26,2,4.538461538461538
978,27,5,4.625
978,28,11,4.658536585365853
978,29,17,4.785714285714286
978,30,25,4.954545454545454
978,31,28,5.111111111111111
978,32,31,5.173913043478261
978,33,32,5.23404255319149
978,34,32,5.836734693877551
979,0,0,0
979,1,2,0
979,2,3,2.0
979,3,3,2.25
979,4,4,2.1666666666666665
979,5,0,2.5714285714285716
979,6,2,2.5714285714285716
979,7,8,2.9
979,8,15,2.909090909090909
979,9,16,3.142857142857143
979,10,9,3.2
979,11,10,3.411764705882353
979,12,11,3.411764705882353
979,13,12,3.6
979,14,18,3.6
979,15,19,4.095238095238095
979,16,21,4.173913043478261
979,17,21,4.625
979,18,23,4.625
979,19,23,5.296296296296297
979,20,0,5.296296296296297
979,21,0,5.758620689655173
979,22,1,5.741935483870968
979,23,1,5.787878787878788
979,24,2,5.705882352941177
979,25,2,5.945945945945946
979,26,6,5.894736842105263
979,27,6,6.146341463414634
979,28,8,6.119047619047619
979,29,11,6.119047619047619
979,30,13,6.488888888888889
979,31,17,6.488888888888889
979,32,21,6.659574468085107
979,33,29,6.854166666666667
979,34,34,7.06
980,0,0,0
980,1,0,0
980,2,0,2.0
980,3,1,2.0
980,4,2,2.6666666666666665
980,5,0,2.75
980,6,2,2.8333333333333335
980,7,3,3.0
980,8,7,3.0
980,9,9,3.1666666666666665
980,10,5,3.3076923076923075
980,11,7,3.466666666666667
980,12,10,3.5294117647058822
980,13,13,3.789473684210526
980,14,14,3.75
980,15,13,3.9523809523809526
980,16,16,4.0
980,17,18,4.260869565217392
980,18,22,4.24
980,19,22,4.538461538461538
980,20,0,4.592592592592593
980,21,0,4.862068965517241
980,22,1,4.966666666666667
980,23,3,4.8125
980,24,5,4.9714285714285715
980,25,2,4.916666666666667
980,26,4,5.128205128205129
980,27,7,5.125
980,28,13,5.357142857142857
980,29,15,5.348837209302325
980,30,17,5.4772727272727275
980,31,23,5.511111111111111
980,32,26,5.521739130434782
980,33,28,5.75
980,34,34,6.163265306122449
981,0,0,0
981,1,1,0
981,2,0,2.0
981,3,3,2.5
981,4,6,3.0
981,5,0,3.0
981,6,1,3.1666666666666665
981,7,4,3.1666666666666665
981,8,4,3.111111111111111
981,9,12,3.4
981,10,10,3.4615384615384617
981,11,11,3.4285714285714284
981,12,14,3.6470588235294117
981,13,18,4.055555555555555
981,14,18,4.1
981,15,19,4.523809523809524
981,16,20,4.590909090909091
981,17,19,5.041666666666667
981,18,19,5.12
981,19,18,5.538461538461538
981,20,0,5.592592592592593
981,21,0,6.0
981,22,3,6.1
981,23,3,6.03125
981,24,4,5.9411764705882355
981,25,0,5.9411764705882355
981,26,2,6.27027027027027
981,27,5,6.657894736842105
981,28,5,6.804878048780488
981,29,7,6.833333333333333
981,30,14,6.833333333333333
981,31,18,7.159090909090909
981,32,21,7.222222222222222
981,33,24,7.304347826086956
981,34,26,7.340425531914893
982,0,0,0
982,1,0,1.0
982,2,1,1.0
982,3,0,2.0
982,4,4,2.6666666666666665
982,5,0,3.2
982,6,1,2.8333333333333335
982,7,5,3.0
982,8,11,3.0
982,9,11,3.25
982,10,8,3.230769230769231
982,11,8,3.4
982,12,14,3.4
982,13,14,3.6470588235294117
982,14,15,3.6666666666666665
982,15,14,4.05
982,16,16,4.476190476190476
982,17,20,4.695652173913044
982,18,22,4.958333333333333
982,19,24,4.958333333333333
982,20,0,5.481481481481482
982,21,0,5.481481481481482
982,22,4,6.032258064516129
982,23,9,6.032258064516129
982,24,11,5.848484848484849
982,25,4,6.027777777777778
982,26,4,6.0
982,27,6,6.102564102564102
982,28,7,6.2682926829268295
982,29,11,6.2682926829268295
982,30,19,6.441860465116279
982,31,28,6.441860465116279
982,32,33,6.782608695652174
982,33,37,6.782608695652174
982,34,40,7.041666666666667
983,0,0,0
983,1,0,0
983,2,3,2.0
983,3,2,2.0
983,4,7,2.0
983,5,0,2.8
983,6,4,3.0
983,7,5,3.25
983,8,12,3.25
983,9,17,3.4166666666666665
983,10,12,3.4166666666666665
983,11,11,3.8666666666666667
983,12,13,4.0
983,13,16,4.176470588235294
983,14,17,4.055555555555555
983,15,17,4.65
983,16,17,4.65
983,17,17,5.090909090909091
983,18,20,5.130434782608695
983,19,20,5.583333333333333
983,20,0,5.6
983,21,0,6.148148148148148
983,22,1,6.0
983,23,2,5.966666666666667
983,24,3,5.96875
983,25,1,6.0
983,26,4,5.914285714285715
983,27,8,6.027027027027027
983,28,15,6.184210526315789
983,29,19,6.205128205128205
983,30,26,6.35
983,31,29,6.476190476190476
983,32,37,6.476190476190476
983,33,39,6.866666666666666
983,34,39,6.866666666666666
984,0,0,0
984,1,0,1.0
984,2,3,1.0
984,3,5,2.0
984,4,6,2.8
984,5,0,2.8
984,6,1,3.2857142857142856
984,7,2,3.0
984,8,9,3.0
984,9,9,3.076923076923077
984,10,10,3.076923076923077
984,11,11,3.375
984,12,12,3.764705882352941
984,13,13,3.8947368421052633
984,14,13,4.05
984,15,15,4.05
984,16,16,4.545454545454546
984,17,16,4.521739130434782
984,18,16,5.0
984,19,16,5.08
984,20,0,5.576923076923077
984,21,1,5.576923076923077
984,22,0,5.933333333333334
984,23,4,5.933333333333334
984,24,4,5.878787878787879
984,25,3,5.882352941176471
984,26,3,5.777777777777778
984,27,12,6.333333333333333
984,28,18,6.333333333333333
984,29,25,6.439024390243903
984,30,25,6.883720930232558
984,31,25,7.022222222222222
984,32,25,7.086956521739131
984,33,25,7.229166666666667
984,34,27,7.229166666666667
985,0,0,0
985,1,0,1.0
985,2,3,1.0
985,3,6,2.25
985,4,7,2.4
985,5,0,2.4
985,6,1,3.0
985,7,3,2.888888888888889
985,8,6,3.1666666666666665
985,9,14,3.230769230769231
985,10,11,3.4
985,11,12,3.611111111111111
985,12,17,3.6315789473684212
985,13,20,3.8095238095238093
985,14,21,3.8095238095238093
985,15,21,4.0
985,16,22,4.6
985,17,23,5.037037037037037
985,18,24,5.214285714285714
985,19,26,5.620689655172414
985,20,0,6.129032258064516
985,21,1,6.545454545454546
985,22,3,6.676470588235294
985,23,4,6.444444444444445
985,24,5,6.5
985,25,4,6.625
985,26,4,6.651162790697675
985,27,6,6.777777777777778
985,28,8,6.777777777777778
985,29,14,7.125
985,30,18,7.125
985,31,20,7.32
985,32,22,7.450980392156863
985,33,27,7.480769230769231
985,34,29,7.796296296296297
986,0,0,0
986,1,0,0
986,2,1,0
986,3,2,2.0
986,4,2,2.6666666666666665
986,5,0,3.0
986,6,1,3.0
986,7,1,3.25
986,8,2,3.2
986,9,2,3.272727272727273
986,10,0,3.3333333333333335
986,11,1,3.357142857142857
986,12,5,3.375
986,13,7,3.4705882352941178
986,14,10,3.5
986,15,11,3.526315789473684
986,16,10,3.6
986,17,11,3.619047619047619
986,18,13,3.8260869565217392
986,19,16,3.875
986,20,0,4.08
986,21,2,4.222222222222222
986,22,3,4.535714285714286
986,23,5,4.580645161290323
986,24,9,4.5625
986,25,2,4.470588235294118
986,26,5,4.611111111111111
986,27,7,4.594594594594595
986,28,9,4.717948717948718
986,29,17,4.75
986,30,23,4.878048780487805
986,31,32,4.953488372093023
986,32,33,5.090909090909091
986,33,34,5.155555555555556
986,34,35,5.382978723404255
987,0,0,0
987,1,0,0
987,2,5,2.0
987,3,7,2.3333333333333335
987,4,9,2.3333333333333335
987,5,0,2.75
987,6,2,3.142857142857143
987,7,5,3.0
987,8,9,3.272727272727273
987,9,10,3.3076923076923075
987,10,10,3.4285714285714284
987,11,15,3.5
987,12,17,3.6470588235294117
987,13,20,3.7777777777777777
987,14,20,3.9
987,15,19,4.0476190476190474
987,16,20,4.0476190476190474
987,17,22,4.875
987,18,23,4.875
987,19,23,5.423076923076923
987,20,0,5.592592592592593
987,21,0,5.9655172413793105
987,22,3,5.9655172413793105
987,23,2,6.032258064516129
987,24,2,6.121212121212121
987,25,0,6.0588235294117645
987,26,0,6.194444444444445
987,27,8,6.447368421052632
987,28,14,6.358974358974359
987,29,20,6.780487804878049
987,30,24,6.714285714285714
987,31,25,6.909090909090909
987,32,28,7.130434782608695
987,33,32,7.361702127659575
987,34,33,7.375
988,0,0,0
988,1,0,0
988,2,2,2.0
988,3,5,2.0
988,4,10,2.75
988,5,0,3.0
988,6,2,2.8333333333333335
988,7,1,3.125
988,8,4,3.3
988,9,7,3.3333333333333335
988,10,8,3.4615384615384617
988,11,11,3.5625
988,12,17,4.0
988,13,18,4.052631578947368
988,14,18,4.142857142857143
988,15,21,4.2272727272727275
988,16,22,4.6521739130434785
988,17,22,4.8
988,18,23,5.1923076923076925
988,19,26,5.357142857142857
988,20,0,5.758620689655173
988,21,1,6.0
988,22,1,6.303030303030303
988,23,3,6.303030303030303
988,24,6,6.5
988,25,4,6.378378378378378
988,26,7,6.4
988,27,9,6.512195121951219
988,28,10,6.651162790697675
988,29,12,6.7727272727272725
988,30,14,6.934782608695652
988,31,17,6.934782608695652
988,32,18,7.104166666666667
988,33,21,7.285714285714286
988,34,25,7.36
989,0,0,0
989,1,0,0
989,2,2,2.0
989,3,7,2.5
989,4,7,3.0
989,5,0,3.2
989,6,0,3.5
989,7,2,3.25
989,8,5,3.2
989,9,7,3.090909090909091
989,10,10,3.3076923076923075
989,11,10,3.7142857142857144
989,12,16,4.294117647058823
989,13,18,4.277777777777778
989,14,18,4.4
989,15,18,4.4
989,16,19,4.681818181818182
989,17,19,4.681818181818182
989,18,19,5.083333333333333
989,19,19,5.04
989,20,0,5.269230769230769
989,21,3,5.333333333333333
989,22,4,5.607142857142857
989,23,6,5.620689655172414
989,24,7,5.451612903225806
989,25,1,5.625
989,26,1,5.529411764705882
989,27,2,5.805555555555555
989,28,3,5.756756756756757
989,29,8,5.894736842105263
989,30,19,5.975
989,31,23,5.975
989,32,27,6.142857142857143
989,33,33,6.3023255813953485
989,34,36,6.7727272727272725
990,0,0,0
990,1,3,0
990,2,7,2.0
990,3,8,2.3333333333333335
990,4,9,2.8
990,5,0,2.8
990,6,0,3.5
990,7,0,3.5
990,8,0,3.5
990,9,2,3.3636363636363638
990,10,4,3.5833333333333335
990,11,10,4.076923076923077
990,12,13,4.142857142857143
990,13,13,4.5
990,14,18,4.588235294117647
990,15,19,4.842105263157895
990,16,20,4.8
990,17,19,5.2727272727272725
990,18,22,5.2727272727272725
990,19,24,5.875
990,20,0,5.88
990,21,0,6.076923076923077
990,22,0,6.111111111111111
990,23,2,6.0
990,24,3,6.066666666666666
990,25,1,5.84375
990,26,2,5.757575757575758
990,27,3,6.027777777777778
990,28,6,6.027777777777778
990,29,7,6.054054054054054
990,30,10,6.435897435897436
990,31,11,6.425
990,32,16,6.634146341463414
990,33,21,6.8604651162790695
990,34,27,7.045454545454546
991,0,0,0
991,1,0,0
991,2,3,0
991,3,3,2.5
991,4,3,2.75
991,5,0,2.75
991,6,2,3.5
991,7,6,3.5
991,8,4,3.7
991,9,4,3.7
991,10,0,4.083333333333333
991,11,3,4.0
991,12,4,4.125
991,13,11,4.117647058823529
991,14,12,4.111111111111111
991,15,12,4.105263157894737
991,16,13,4.2
991,17,17,4.181818181818182
991,18,16,4.3478260869565215
991,19,18,4.3478260869565215
991,20,0,4.615384615384615
991,21,0,4.615384615384615
991,22,1,4.931034482758621
991,23,1,4.741935483870968
991,24,5,4.7272727272727275
991,25,1,4.6571428571428575
991,26,3,4.694444444444445
991,27,6,4.641025641025641
991,28,11,4.7
991,29,14,4.7317073170731705
991,30,19,4.738095238095238
991,31,23,4.795454545454546
991,32,23,4.795454545454546
991,33,22,4.866666666666666
991,34,24,5.0212765957446805
992,0,0,0
992,1,0,0
992,2,2,2.0
992,3,5,2.3333333333333335
992,4,4,2.5
992,5,0,2.5
992,6,0,3.142857142857143
992,7,4,3.0
992,8,7,3.0
992,9,8,3.0
992,10,6,3.076923076923077
992,11,9,3.6875
992,12,13,3.6470588235294117
992,13,15,4.0
992,14,17,4.0
992,15,21,4.238095238095238
992,16,22,4.2272727272727275
992,17,22,4.695652173913044
992,18,23,4.8
992,19,23,5.269230769230769
992,20,0,5.333333333333333
992,21,1,5.896551724137931
992,22,4,6.0
992,23,4,5.78125
992,24,6,5.878787878787879
992,25,1,5.888888888888889
992,26,2,5.864864864864865
992,27,5,6.025
992,28,10,6.025
992,29,15,6.119047619047619
992,30,21,6.255813953488372
992,31,25,6.25
992,32,27,6.8936170212765955
992,33,31,7.0
992,34,36,7.081632653061225
993,0,0,0
993,1,1,0
993,2,1,2.0
993,3,4,2.0
993,4,6,3.0
993,5,0,3.0
993,6,0,3.1666666666666665
993,7,0,3.4285714285714284
993,8,4,3.3
993,9,6,3.1818181818181817
993,10,9,3.230769230769231
993,11,9,3.2
993,12,14,3.4705882352941178
993,13,13,3.888888888888889
993,14,15,4.052631578947368
993,15,16,4.428571428571429
993,16,19,4.428571428571429
993,17,18,4.608695652173913
993,18,21,4.666666666666667
993,19,22,5.153846153846154
993,20,0,5.153846153846154
993,21,1,5.714285714285714
993,22,3,5.6
993,23,2,5.59375
993,24,2,5.617647058823529
993,25,1,5.694444444444445
993,26,1,5.684210526315789
993,27,5,5.8
993,28,9,5.857142857142857
993,29,12,6.1395348837209305
993,30,18,6.2727272727272725
993,31,22,6.369565217391305
993,32,28,6.531914893617022
993,33,30,6.775510204081633
993,34,33,7.0
994,0,0,0
994,1,0,0
994,2,3,0
994,3,6,2.6666666666666665
994,4,7,2.6666666666666665
994,5,0,3.0
994,6,4,3.0
994,7,5,3.25
994,8,11,3.6
994,9,13,3.6666666666666665
994,10,10,4.266666666666667
994,11,11,4.375
994,12,12,4.444444444444445
994,13,16,4.444444444444445
994,14,19,4.578947368421052
994,15,18,4.9523809523809526
994,16,19,5.3478260869565215
994,17,20,5.666666666666667
994,18,23,5.769230769230769
994,19,23,5.962962962962963
994,20,0,5.962962962962963
994,21,1,6.6
994,22,2,6.451612903225806
994,23,3,6.454545454545454
994,24,4,6.617647058823529
994,25,1,6.5675675675675675
994,26,5,6.7631578947368425
994,27,5,6.65
994,28,7,6.928571428571429
994,29,7,6.883720930232558
994,30,14,6.883720930232558
994,31,18,7.173913043478261
994,32,23,7.553191489361702
994,33,29,7.708333333333333
994,34,33,7.96
995,0,0,0
995,1,0,0
995,2,0,2.0
995,3,3,2.3333333333333335
995,4,3,2.3333333333333335
995,5,0,2.8
995,6,2,2.6666666666666665
995,7,6,3.0
995,8,9,3.0
995,9,12,3.0
995,10,9,3.357142857142857
995,11,13,3.3333333333333335
995,12,14,3.764705882352941
995,13,15,4.05
995,14,16,4.05
995,15,16,4.238095238095238
995,16,17,4.521739130434782
995,17,20,4.5
995,18,21,4.96
995,19,23,5.111111111111111
995,20,0,5.571428571428571
995,21,2,5.7
995,22,4,6.096774193548387
995,23,5,6.117647058823529
995,24,8,6.057142857142857
995,25,1,6.131578947368421
995,26,1,6.128205128205129
995,27,3,6.238095238095238
995,28,8,6.238095238095238
995,29,10,6.4222222222222225
995,30,16,6.4222222222222225
995,31,19,6.625
995,32,25,7.020408163265306
995,33,29,7.288461538461538
995,34,35,7.288461538461538
996,0,0,0
996,1,1,0
996,2,6,2.0
996,3,7,2.0
996,4,11,2.8
996,5,0,2.8
996,6,1,3.142857142857143
996,7,4,3.375
996,8,3,3.2
996,9,4,3.2
996,10,3,3.769230769230769
996,11,9,3.8666666666666667
996,12,13,4.3125
996,13,17,4.411764705882353
996,14,17,4.777777777777778
996,15,17,4.777777777777778
996,16,19,5.25
996,17,21,5.190476190476191
996,18,21,5.695652173913044
996,19,22,5.695652173913044
996,20,0,6.0
996,21,2,6.0
996,22,2,6.642857142857143
996,23,5,6.642857142857143
996,24,5,6.59375
996,25,1,6.545454545454546
996,26,1,6.628571428571429
996,27,6,6.72972972972973
996,28,11,6.82051282051282
996,29,12,6.82051282051282
996,30,18,7.095238095238095
996,31,26,7.095238095238095
996,32,27,7.25
996,33,30,7.413043478260869
996,34,30,7.659574468085107
997,0,0,0
997,1,0,0
997,2,2,2.0
997,3,6,2.5
997,4,8,2.6666666666666665
997,5,0,3.2
997,6,0,3.5
997,7,2,3.375
997,8,6,3.4
997,9,9,3.5
997,10,9,3.8666666666666667
997,11,8,4.294117647058823
997,12,13,4.388888888888889
997,13,12,4.7
997,14,14,4.666666666666667
997,15,15,4.7727272727272725
997,16,17,4.869565217391305
997,17,16,5.36
997,18,18,5.36
997,19,18,5.892857142857143
997,20,0,5.892857142857143
997,21,1,6.366666666666666
997,22,0,6.3125
997,23,4,6.3125
997,24,4,6.222222222222222
997,25,2,6.222222222222222
997,26,2,6.230769230769231
997,27,8,6.3
997,28,10,6.428571428571429
997,29,12,6.428571428571429
997,30,19,6.545454545454546
997,31,23,6.666666666666667
997,32,28,6.808510638297872
997,33,30,6.808510638297872
997,34,31,7.12
998,0,0,0
998,1,0,1.0
998,2,3,1.6666666666666667
998,3,6,2.0
998,4,9,2.0
998,5,0,2.4285714285714284
998,6,0,2.7777777777777777
998,7,0,2.5454545454545454
998,8,3,2.6666666666666665
998,9,6,2.7333333333333334
998,10,7,3.1176470588235294
998,11,11,3.4210526315789473
998,12,13,3.5238095238095237
998,13,14,3.590909090909091
998,14,16,3.625
998,15,16,3.76
998,16,17,3.7777777777777777
998,17,18,4.178571428571429
998,18,20,4.178571428571429
998,19,20,4.67741935483871
998,20,0,4.67741935483871
998,21,0,4.90625
998,22,2,4.942857142857143
998,23,1,4.861111111111111
998,24,3,4.8108108108108105
998,25,2,4.975
998,26,5,4.926829268292683
998,27,9,5.046511627906977
998,28,14,5.177777777777778
998,29,19,5.304347826086956
998,30,19,5.479166666666667
998,31,26,5.479166666666667
998,32,31,5.784313725490196
998,33,35,5.784313725490196
998,34,36,6.0
999,0,0,0
999,1,1,0
999,2,3,2.0
999,3,6,2.3333333333333335
999,4,10,2.3333333333333335
999,5,0,3.0
999,6,0,3.1666666666666665
999,7,1,3.3333333333333335
999,8,3,3.3333333333333335
999,9,5,3.3333333333333335
999,10,6,3.7333333333333334
999,11,12,3.7333333333333334
999,12,17,3.9473684210526314
999,13,20,4.3
999,14,21,4.7272727272727275
999,15,23,4.739130434782608
999,16,22,4.96
999,17,22,4.96
999,18,22,5.392857142857143
999,19,23,5.392857142857143
999,20,0,6.096774193548387
999,21,1,6.096774193548387
999,22,2,6.6571428571428575
999,23,3,6.6571428571428575
999,24,6,6.769230769230769
999,25,2,6.769230769230769
999,26,3,6.857142857142857
999,27,8,7.023255813953488
999,28,11,6.9772727272727275
999,29,17,7.304347826086956
999,30,21,7.297872340425532
999,31,25,7.416666666666667
999,32,31,7.58
999,33,34,7.7254901960784315
999,34,36,7.90566037735849
