episode,step,total_queue,avg_latency
0,0,0,0
0,1,0,0
0,2,0,0
0,3,0,3.0
0,4,0,3.0
0,5,0,2.0
0,6,0,2.0
0,7,0,2.25
0,8,0,2.25
0,9,0,2.25
0,10,0,2.6666666666666665
0,11,0,2.6666666666666665
0,12,0,3.0
0,13,0,2.875
0,14,0,3.0
0,15,0,3.0
0,16,1,3.4166666666666665
0,17,0,3.3846153846153846
0,18,0,3.3333333333333335
0,19,0,3.3333333333333335
0,20,0,3.7058823529411766
0,21,0,3.7058823529411766
0,22,0,4.05
0,23,0,3.9523809523809526
0,24,0,4.0
0,25,0,3.869565217391304
0,26,0,4.0
0,27,0,4.0
0,28,0,4.0
0,29,0,4.0
0,30,0,4.0
0,31,0,4.0
0,32,0,4.0
0,33,0,3.96875
0,34,0,4.0606060606060606
1,0,0,0
1,1,0,1.0
1,2,0,1.5
1,3,0,1.3333333333333333
1,4,0,1.3333333333333333
1,5,0,1.3333333333333333
1,6,0,1.8
1,7,0,2.142857142857143
1,8,1,2.142857142857143
1,9,0,2.2222222222222223
1,10,0,2.2222222222222223
1,11,0,2.3636363636363638
1,12,0,2.3076923076923075
1,13,0,2.357142857142857
1,14,0,2.4
1,15,0,2.375
1,16,0,2.3529411764705883
1,17,1,2.3529411764705883
1,18,1,2.3333333333333335
1,19,2,2.3333333333333335
1,20,0,2.4210526315789473
1,21,1,2.4210526315789473
1,22,1,2.619047619047619
1,23,1,2.652173913043478
1,24,0,2.75
1,25,0,2.72
1,26,0,2.888888888888889
1,27,0,2.888888888888889
1,28,0,2.892857142857143
1,29,0,2.892857142857143
1,30,0,2.9310344827586206
1,31,0,2.9
1,32,1,2.9
1,33,0,2.96875
1,34,0,2.96875
2,0,0,0
2,1,0,0
2,2,0,0
2,3,0,0
2,4,0,3.0
2,5,0,3.0
2,6,0,3.25
2,7,0,3.2
2,8,0,3.7142857142857144
2,9,0,3.5
2,10,0,3.2
2,11,0,3.5454545454545454
2,12,0,3.5
2,13,0,3.3846153846153846
2,14,0,3.3846153846153846
2,15,0,3.2857142857142856
2,16,0,3.466666666666667
2,17,0,3.4375
2,18,0,3.4375
2,19,0,3.3529411764705883
2,20,0,3.2777777777777777
2,21,0,3.2777777777777777
2,22,0,3.2777777777777777
2,23,0,3.2777777777777777
2,24,0,3.2777777777777777
2,25,0,3.2
2,26,0,3.2
2,27,0,3.090909090909091
2,28,0,3.090909090909091
2,29,0,3.130434782608696
2,30,0,3.0833333333333335
2,31,0,3.12
2,32,0,3.076923076923077
2,33,0,3.1481481481481484
2,34,0,3.0714285714285716
3,0,0,0
3,1,0,0
3,2,0,2.0
3,3,0,1.5
3,4,1,2.3333333333333335
3,5,0,2.5
3,6,0,2.5
3,7,0,2.8
3,8,1,2.8333333333333335
3,9,0,2.857142857142857
3,10,0,2.75
3,11,0,2.888888888888889
3,12,1,2.8
3,13,1,2.727272727272727
3,14,2,2.727272727272727
3,15,2,2.8333333333333335
3,16,2,2.923076923076923
3,17,1,3.0
3,18,2,3.0
3,19,2,3.125
3,20,0,3.125
3,21,1,3.2941176470588234
3,22,1,3.4210526315789473
3,23,1,3.4210526315789473
3,24,0,3.5652173913043477
3,25,0,3.5
3,26,0,3.5
3,27,0,3.5
3,28,0,3.607142857142857
3,29,0,3.607142857142857
3,30,0,3.607142857142857
3,31,0,3.6333333333333333
3,32,0,3.6333333333333333
3,33,0,3.5806451612903225
3,34,0,3.53125
4,0,0,0
4,1,0,0
4,2,0,0
4,3,0,2.0
4,4,1,2.0
4,5,0,2.0
4,6,1,2.3333333333333335
4,7,0,2.25
4,8,1,2.4
4,9,0,2.5714285714285716
4,10,0,2.625
4,11,1,2.7777777777777777
4,12,0,2.8
4,13,0,2.909090909090909
4,14,0,3.0
4,15,0,3.0
4,16,0,2.923076923076923
4,17,0,2.9285714285714284
4,18,0,2.8666666666666667
4,19,1,2.9375
4,20,0,2.9411764705882355
4,21,0,2.9444444444444446
4,22,0,2.9473684210526314
4,23,0,3.0
4,24,0,3.0
4,25,0,3.0
4,26,0,2.9565217391304346
4,27,0,2.9565217391304346
4,28,0,2.9583333333333335
4,29,0,2.92
4,30,0,2.92
4,31,0,2.925925925925926
4,32,0,2.925925925925926
4,33,0,2.892857142857143
4,34,0,2.892857142857143
5,0,0,0
5,1,0,0
5,2,0,0
5,3,0,0
5,4,0,2.0
5,5,0,2.0
5,6,0,2.0
5,7,0,2.0
5,8,0,3.3333333333333335
5,9,0,3.3333333333333335
5,10,0,3.4
5,11,0,3.1666666666666665
5,12,0,3.375
5,13,0,3.7777777777777777
5,14,0,3.7
5,15,0,4.0
5,16,0,3.8461538461538463
5,17,1,3.8461538461538463
5,18,0,3.6666666666666665
5,19,0,4.0
5,20,0,4.0
5,21,0,4.105263157894737
5,22,0,3.9523809523809526
5,23,0,3.9523809523809526
5,24,0,3.9523809523809526
5,25,0,4.0
5,26,0,4.0
5,27,0,4.0
5,28,0,3.9166666666666665
5,29,0,4.0
5,30,0,4.0
5,31,0,3.925925925925926
5,32,0,4.068965517241379
5,33,0,4.068965517241379
5,34,0,4.068965517241379
6,0,0,0
6,1,0,0
6,2,0,0
6,3,0,0
6,4,0,4.0
6,5,0,4.0
6,6,0,3.0
6,7,0,3.6666666666666665
6,8,0,3.6666666666666665
6,9,0,3.75
6,10,0,3.75
6,11,0,3.4
6,12,0,3.5714285714285716
6,13,0,3.375
6,14,0,3.4444444444444446
6,15,0,3.4444444444444446
6,16,0,3.6
6,17,0,3.3636363636363638
6,18,1,3.4166666666666665
6,19,0,3.3076923076923075
6,20,0,3.5714285714285716
6,21,0,3.6
6,22,0,3.6
6,23,0,3.625
6,24,0,3.764705882352941
6,25,0,3.8333333333333335
6,26,0,3.8333333333333335
6,27,0,4.052631578947368
6,28,0,4.052631578947368
6,29,0,4.25
6,30,0,4.363636363636363
6,31,0,4.363636363636363
6,32,0,4.363636363636363
6,33,0,4.791666666666667
6,34,0,4.68
7,0,0,0
7,1,0,0
7,2,0,2.0
7,3,0,2.0
7,4,0,2.0
7,5,0,2.5
7,6,0,2.5
7,7,0,2.5
7,8,0,2.5
7,9,0,2.4444444444444446
7,10,0,2.3
7,11,0,2.3333333333333335
7,12,0,2.230769230769231
7,13,0,2.142857142857143
7,14,0,2.142857142857143
7,15,0,2.2666666666666666
7,16,0,2.2666666666666666
7,17,1,2.2666666666666666
7,18,0,2.25
7,19,1,2.235294117647059
7,20,0,2.3684210526315788
7,21,2,2.4
7,22,1,2.380952380952381
7,23,1,2.391304347826087
7,24,0,2.52
7,25,0,2.5
7,26,0,2.7142857142857144
7,27,0,2.7142857142857144
7,28,0,2.7333333333333334
7,29,0,2.7333333333333334
7,30,0,2.7333333333333334
7,31,0,2.71875
7,32,0,2.71875
7,33,0,2.757575757575758
7,34,0,2.764705882352941
8,0,0,0
8,1,0,0
8,2,0,2.0
8,3,0,2.0
8,4,0,2.25
8,5,0,2.25
8,6,0,2.2
8,7,0,2.2
8,8,0,2.2
8,9,0,2.0
8,10,0,2.2857142857142856
8,11,0,2.5
8,12,0,2.5
8,13,0,2.6666666666666665
8,14,0,2.6
8,15,0,2.909090909090909
8,16,0,2.909090909090909
8,17,0,3.25
8,18,0,3.5
8,19,0,3.5
8,20,0,3.8125
8,21,0,4.176470588235294
8,22,0,4.176470588235294
8,23,0,4.65
8,24,0,4.65
8,25,0,4.857142857142857
8,26,0,5.045454545454546
8,27,0,5.045454545454546
8,28,0,5.045454545454546
8,29,0,5.416666666666667
8,30,0,5.416666666666667
8,31,0,5.28
8,32,0,5.444444444444445
8,33,0,5.482758620689655
8,34,0,5.482758620689655
9,0,0,0
9,1,0,0
9,2,0,2.0
9,3,0,2.0
9,4,0,2.0
9,5,0,2.0
9,6,0,2.25
9,7,0,2.2
9,8,0,2.2
9,9,0,2.2
9,10,0,2.1666666666666665
9,11,0,2.1666666666666665
9,12,0,2.375
9,13,0,2.375
9,14,0,2.5
9,15,1,2.6363636363636362
9,16,0,2.6666666666666665
9,17,0,2.642857142857143
9,18,1,2.7333333333333334
9,19,1,2.75
9,20,0,2.75
9,21,0,2.823529411764706
9,22,2,2.7777777777777777
9,23,1,2.8947368421052633
9,24,1,2.857142857142857
9,25,0,3.0
9,26,0,2.9565217391304346
9,27,0,3.1666666666666665
9,28,0,3.1666666666666665
9,29,0,3.16
9,30,0,3.1923076923076925
9,31,0,3.1923076923076925
9,32,0,3.1923076923076925
9,33,0,3.259259259259259
9,34,0,3.259259259259259
10,0,0,0
10,1,0,0
10,2,0,2.0
10,3,1,2.0
10,4,0,2.25
10,5,0,2.25
10,6,0,2.6
10,7,0,2.6666666666666665
10,8,0,2.6666666666666665
10,9,0,2.625
10,10,0,2.625
10,11,0,2.6666666666666665
10,12,0,2.7
10,13,0,2.7
10,14,0,2.6363636363636362
10,15,0,2.6363636363636362
10,16,0,2.6153846153846154
10,17,0,2.6153846153846154
10,18,0,2.6
10,19,0,2.6
10,20,0,2.6
10,21,0,2.6
10,22,0,2.6875
10,23,0,2.6470588235294117
10,24,0,2.7777777777777777
10,25,0,2.761904761904762
10,26,0,2.727272727272727
10,27,0,2.652173913043478
10,28,1,2.7916666666666665
10,29,1,2.8
10,30,2,2.8
10,31,1,2.8461538461538463
10,32,2,2.8461538461538463
10,33,1,2.925925925925926
10,34,1,2.925925925925926
11,0,0,0
11,1,0,0
11,2,0,0
11,3,0,3.0
11,4,0,3.0
11,5,0,3.0
11,6,0,2.8
11,7,0,3.3333333333333335
11,8,0,3.3333333333333335
11,9,0,3.5714285714285716
11,10,0,3.5714285714285716
11,11,0,3.5714285714285716
11,12,0,3.6666666666666665
11,13,1,3.7
11,14,2,3.9166666666666665
11,15,3,3.9166666666666665
11,16,3,3.923076923076923
11,17,3,3.857142857142857
11,18,3,3.933333333333333
11,19,4,3.933333333333333
11,20,0,4.125
11,21,0,4.125
11,22,2,4.352941176470588
11,23,1,4.421052631578948
11,24,1,4.421052631578948
11,25,0,4.5
11,26,0,4.5
11,27,0,4.695652173913044
11,28,0,4.695652173913044
11,29,0,4.625
11,30,0,4.625
11,31,0,4.461538461538462
11,32,0,4.461538461538462
11,33,0,4.37037037037037
11,34,0,4.37037037037037
12,0,0,0
12,1,0,0
12,2,0,2.0
12,3,0,1.5
12,4,0,2.0
12,5,0,2.0
12,6,0,2.0
12,7,0,2.5
12,8,0,2.5
12,9,0,2.6
12,10,0,3.1666666666666665
12,11,0,3.2857142857142856
12,12,0,3.2857142857142856
12,13,0,3.875
12,14,0,4.111111111111111
12,15,0,4.111111111111111
12,16,0,3.8
12,17,0,4.666666666666667
12,18,0,4.666666666666667
12,19,0,4.666666666666667
12,20,0,4.666666666666667
12,21,0,5.714285714285714
12,22,0,5.714285714285714
12,23,0,6.0
12,24,0,6.0
12,25,0,6.6875
12,26,0,7.0
12,27,0,7.388888888888889
12,28,0,7.388888888888889
12,29,0,7.4
12,30,0,7.809523809523809
12,31,0,7.809523809523809
12,32,0,8.045454545454545
12,33,0,8.347826086956522
12,34,0,8.347826086956522
13,0,0,0
13,1,0,0
13,2,0,0
13,3,0,2.0
13,4,0,2.0
13,5,0,2.5
13,6,0,2.5
13,7,0,2.6666666666666665
13,8,0,2.5
13,9,0,2.5
13,10,0,2.6
13,11,0,2.6
13,12,0,2.75
13,13,1,2.75
13,14,0,2.7777777777777777
13,15,0,2.9
13,16,0,3.0
13,17,0,3.0
13,18,0,3.0
13,19,0,3.1538461538461537
13,20,0,3.1538461538461537
13,21,0,3.2
13,22,0,3.125
13,23,0,3.111111111111111
13,24,0,3.111111111111111
13,25,0,3.25
13,26,0,3.1904761904761907
13,27,0,3.272727272727273
13,28,0,3.2083333333333335
13,29,0,3.2083333333333335
13,30,0,3.32
13,31,0,3.3846153846153846
13,32,0,3.3846153846153846
13,33,0,3.3846153846153846
13,34,0,3.5357142857142856
14,0,0,0
14,1,0,1.0
14,2,0,1.0
14,3,0,2.0
14,4,0,2.3333333333333335
14,5,0,2.3333333333333335
14,6,0,2.3333333333333335
14,7,0,2.3333333333333335
14,8,0,2.5
14,9,0,2.4
14,10,0,2.6666666666666665
14,11,0,2.7142857142857144
14,12,0,2.7142857142857144
14,13,0,2.7142857142857144
14,14,0,3.25
14,15,0,3.5555555555555554
14,16,0,4.0
14,17,0,4.090909090909091
14,18,0,4.416666666666667
14,19,0,4.416666666666667
14,20,0,4.416666666666667
14,21,0,5.0
14,22,0,5.0
14,23,0,5.5
14,24,0,5.5
14,25,0,5.5
14,26,0,5.823529411764706
14,27,0,6.111111111111111
14,28,0,6.111111111111111
14,29,0,6.111111111111111
14,30,0,6.473684210526316
14,31,0,6.85
14,32,0,6.85
14,33,0,7.095238095238095
14,34,0,7.095238095238095
15,0,0,0
15,1,0,0
15,2,0,0
15,3,0,3.0
15,4,0,3.0
15,5,0,3.5
15,6,0,3.0
15,7,0,3.5
15,8,0,3.5
15,9,0,3.2
15,10,0,3.2
15,11,0,3.3333333333333335
15,12,0,3.2857142857142856
15,13,0,3.2857142857142856
15,14,0,3.5
15,15,0,3.5555555555555554
15,16,0,3.5555555555555554
15,17,0,3.9
15,18,0,4.090909090909091
15,19,0,4.230769230769231
15,20,0,4.357142857142857
15,21,0,4.4375
15,22,0,4.588235294117647
15,23,0,4.588235294117647
15,24,0,4.722222222222222
15,25,0,4.7894736842105265
15,26,0,4.7894736842105265
15,27,0,4.65
15,28,0,4.909090909090909
15,29,0,4.826086956521739
15,30,0,4.826086956521739
15,31,0,5.076923076923077
15,32,0,5.076923076923077
15,33,0,4.962962962962963
15,34,0,4.962962962962963
16,0,0,0
16,1,0,0
16,2,0,0
16,3,0,2.0
16,4,0,2.0
16,5,0,2.0
16,6,0,2.0
16,7,0,2.6666666666666665
16,8,0,2.6666666666666665
16,9,0,2.6
16,10,0,2.6
16,11,0,3.0
16,12,0,3.0
16,13,0,3.0
16,14,0,3.3333333333333335
16,15,0,3.4
16,16,0,3.4
16,17,0,3.727272727272727
16,18,0,3.727272727272727
16,19,0,4.0
16,20,0,4.0
16,21,0,4.142857142857143
16,22,0,4.4
16,23,0,4.6875
16,24,0,4.647058823529412
16,25,0,4.647058823529412
16,26,0,4.947368421052632
16,27,0,4.947368421052632
16,28,0,5.285714285714286
16,29,0,5.285714285714286
16,30,0,5.590909090909091
16,31,0,5.590909090909091
16,32,0,5.739130434782608
16,33,0,6.041666666666667
16,34,0,5.88
17,0,0,0
17,1,0,0
17,2,0,0
17,3,0,3.0
17,4,0,3.0
17,5,0,2.6666666666666665
17,6,0,3.25
17,7,0,3.25
17,8,0,3.8
17,9,0,4.0
17,10,0,4.428571428571429
17,11,0,4.428571428571429
17,12,0,4.375
17,13,0,4.888888888888889
17,14,0,4.888888888888889
17,15,0,5.3
17,16,0,5.2727272727272725
17,17,0,5.2727272727272725
17,18,0,5.75
17,19,0,5.846153846153846
17,20,0,5.846153846153846
17,21,0,6.0
17,22,0,6.533333333333333
17,23,0,6.533333333333333
17,24,0,6.75
17,25,0,7.0
17,26,0,7.0
17,27,0,7.277777777777778
17,28,0,7.277777777777778
17,29,0,7.571428571428571
17,30,0,7.571428571428571
17,31,0,7.863636363636363
17,32,0,7.863636363636363
17,33,0,8.043478260869565
17,34,0,8.043478260869565
18,0,0,0
18,1,0,0
18,2,0,2.0
18,3,0,2.0
18,4,0,2.0
18,5,0,2.3333333333333335
18,6,0,2.3333333333333335
18,7,0,2.5
18,8,0,2.5
18,9,0,3.0
18,10,0,3.3333333333333335
18,11,0,3.142857142857143
18,12,0,3.142857142857143
18,13,0,3.5
18,14,0,3.3333333333333335
18,15,0,3.3333333333333335
18,16,0,3.6363636363636362
18,17,0,3.6363636363636362
18,18,0,4.083333333333333
18,19,0,3.923076923076923
18,20,0,3.923076923076923
18,21,0,4.428571428571429
18,22,0,4.4
18,23,0,4.4
18,24,0,4.764705882352941
18,25,0,4.764705882352941
18,26,0,4.631578947368421
18,27,0,5.0
18,28,0,5.0
18,29,0,5.380952380952381
18,30,0,5.5
18,31,0,5.869565217391305
18,32,0,5.869565217391305
18,33,0,6.208333333333333
18,34,0,6.24
19,0,0,0
19,1,0,0
19,2,0,0
19,3,0,0
19,4,0,4.0
19,5,0,4.0
19,6,0,4.0
19,7,0,4.0
19,8,0,5.5
19,9,0,5.5
19,10,0,5.5
19,11,0,6.0
19,12,0,5.25
19,13,0,5.25
19,14,0,5.0
19,15,0,5.333333333333333
19,16,0,5.142857142857143
19,17,0,5.375
19,18,0,5.375
19,19,0,5.666666666666667
19,20,0,5.8
19,21,0,5.8
19,22,0,5.8
19,23,0,6.333333333333333
19,24,0,6.333333333333333
19,25,0,6.333333333333333
19,26,0,6.333333333333333
19,27,0,7.0
19,28,0,7.0
19,29,0,7.333333333333333
19,30,0,7.333333333333333
19,31,0,7.625
19,32,0,8.0
19,33,0,8.0
19,34,0,8.222222222222221
20,0,0,0
20,1,0,0
20,2,0,0
20,3,0,3.0
20,4,0,3.0
20,5,0,3.5
20,6,0,2.75
20,7,0,2.75
20,8,0,2.6
20,9,0,3.1666666666666665
20,10,0,3.142857142857143
20,11,0,3.142857142857143
20,12,0,3.142857142857143
20,13,0,3.375
20,14,0,3.5555555555555554
20,15,0,3.5555555555555554
20,16,0,3.7
20,17,0,3.7
20,18,0,4.25
20,19,0,4.25
20,20,0,4.25
20,21,0,4.538461538461538
20,22,0,4.785714285714286
20,23,0,4.4375
20,24,0,4.764705882352941
20,25,0,4.764705882352941
20,26,0,5.111111111111111
20,27,0,5.111111111111111
20,28,0,5.85
20,29,0,5.85
20,30,0,5.85
20,31,0,6.238095238095238
20,32,0,6.409090909090909
20,33,0,6.409090909090909
20,34,0,6.409090909090909
21,0,0,0
21,1,0,0
21,2,0,0
21,3,0,2.0
21,4,0,2.0
21,5,0,3.0
21,6,0,3.0
21,7,0,3.3333333333333335
21,8,0,3.3333333333333335
21,9,0,3.3333333333333335
21,10,0,3.25
21,11,0,3.25
21,12,0,3.2
21,13,0,3.2
21,14,0,3.3333333333333335
21,15,0,3.3333333333333335
21,16,0,3.5714285714285716
21,17,0,3.5714285714285716
21,18,0,3.875
21,19,0,3.875
21,20,0,4.3
21,21,0,4.3
21,22,0,4.363636363636363
21,23,0,4.75
21,24,0,4.75
21,25,0,4.846153846153846
21,26,0,4.846153846153846
21,27,0,5.4
21,28,0,5.4
21,29,0,5.4
21,30,0,5.9411764705882355
21,31,0,5.9411764705882355
21,32,0,5.9411764705882355
21,33,0,6.473684210526316
21,34,0,6.473684210526316
22,0,0,0
22,1,0,0
22,2,0,0
22,3,0,3.0
22,4,0,2.5
22,5,0,2.5
22,6,0,3.0
22,7,1,2.8
22,8,0,2.8333333333333335
22,9,0,2.75
22,10,0,3.3
22,11,0,3.3
22,12,0,3.272727272727273
22,13,0,3.272727272727273
22,14,0,3.4615384615384617
22,15,0,3.4615384615384617
22,16,0,3.5714285714285716
22,17,0,3.533333333333333
22,18,0,3.533333333333333
22,19,0,3.75
22,20,0,3.75
22,21,0,3.8823529411764706
22,22,0,3.8823529411764706
22,23,0,4.111111111111111
22,24,0,4.111111111111111
22,25,0,4.368421052631579
22,26,0,4.368421052631579
22,27,0,4.65
22,28,0,4.9523809523809526
22,29,0,4.9523809523809526
22,30,0,4.9523809523809526
22,31,0,5.2727272727272725
22,32,0,5.6521739130434785
22,33,0,5.833333333333333
22,34,0,5.833333333333333
23,0,0,0
23,1,0,0
23,2,0,0
23,3,0,0
23,4,0,0
23,5,0,3.5
23,6,0,3.5
23,7,0,3.5
23,8,0,3.3333333333333335
23,9,0,4.25
23,10,0,4.0
23,11,0,4.0
23,12,0,4.0
23,13,0,4.666666666666667
23,14,0,4.857142857142857
23,15,0,5.375
23,16,0,5.444444444444445
23,17,0,5.444444444444445
23,18,0,6.0
23,19,0,6.181818181818182
23,20,0,6.181818181818182
23,21,0,6.181818181818182
23,22,0,6.583333333333333
23,23,0,6.923076923076923
23,24,0,6.923076923076923
23,25,0,7.466666666666667
23,26,0,7.466666666666667
23,27,0,7.466666666666667
23,28,0,8.117647058823529
23,29,0,8.117647058823529
23,30,0,8.117647058823529
23,31,0,8.555555555555555
23,32,0,8.894736842105264
23,33,0,8.894736842105264
23,34,0,9.523809523809524
24,0,0,0
24,1,0,0
24,2,0,2.0
24,3,0,2.0
24,4,0,2.0
24,5,0,2.0
24,6,0,2.0
24,7,0,2.0
24,8,0,2.0
24,9,0,2.3333333333333335
24,10,0,2.3333333333333335
24,11,0,2.3333333333333335
24,12,0,2.3333333333333335
24,13,0,2.3333333333333335
24,14,0,2.6
24,15,0,2.6
24,16,0,2.6666666666666665
24,17,0,2.857142857142857
24,18,0,2.857142857142857
24,19,0,2.75
24,20,0,2.75
24,21,0,2.75
24,22,0,2.75
24,23,0,2.8
24,24,0,2.8
24,25,0,2.8
24,26,0,2.727272727272727
24,27,0,3.0
24,28,0,3.0
24,29,0,3.076923076923077
24,30,0,3.2
24,31,0,3.2
24,32,0,3.235294117647059
24,33,0,3.235294117647059
24,34,0,3.5555555555555554
25,0,0,0
25,1,0,0
25,2,0,0
25,3,0,0
25,4,0,3.0
25,5,0,2.5
25,6,0,3.0
25,7,0,3.0
25,8,0,3.0
25,9,0,3.0
25,10,0,3.0
25,11,0,3.0
25,12,0,3.0
25,13,0,3.5714285714285716
25,14,0,3.5714285714285716
25,15,0,3.75
25,16,0,3.75
25,17,0,4.222222222222222
25,18,0,4.222222222222222
25,19,0,4.583333333333333
25,20,0,4.583333333333333
25,21,0,4.6923076923076925
25,22,0,5.071428571428571
25,23,0,5.071428571428571
25,24,0,5.071428571428571
25,25,0,5.5
25,26,0,5.5
25,27,0,5.294117647058823
25,28,0,5.111111111111111
25,29,0,5.75
25,30,0,5.75
25,31,0,5.75
25,32,0,5.75
25,33,0,6.2727272727272725
25,34,0,6.2727272727272725
26,0,0,0
26,1,0,0
26,2,0,0
26,3,0,0
26,4,0,4.0
26,5,0,4.0
26,6,0,4.0
26,7,0,4.0
26,8,0,5.5
26,9,0,5.5
26,10,0,5.5
26,11,0,5.5
26,12,0,6.833333333333333
26,13,0,6.833333333333333
26,14,0,6.833333333333333
26,15,0,7.875
26,16,0,7.875
26,17,0,7.666666666666667
26,18,0,8.3
26,19,0,8.090909090909092
26,20,0,8.090909090909092
26,21,0,8.538461538461538
26,22,0,8.0
26,23,0,8.0
26,24,0,8.0
26,25,0,8.4375
26,26,0,8.4375
26,27,0,8.631578947368421
26,28,0,8.631578947368421
26,29,0,8.631578947368421
26,30,0,8.571428571428571
26,31,0,8.818181818181818
26,32,0,8.818181818181818
26,33,0,9.08695652173913
26,34,0,9.333333333333334
27,0,0,0
27,1,0,0
27,2,0,0
27,3,0,2.0
27,4,1,2.0
27,5,0,2.5
27,6,1,2.5
27,7,0,3.0
27,8,0,2.75
27,9,0,3.0
27,10,0,3.0
27,11,0,3.0
27,12,0,3.142857142857143
27,13,0,3.142857142857143
27,14,0,3.125
27,15,0,3.4444444444444446
27,16,0,3.3
27,17,0,3.3
27,18,0,3.6153846153846154
27,19,0,3.6153846153846154
27,20,0,3.7333333333333334
27,21,0,3.875
27,22,0,3.875
27,23,0,4.055555555555555
27,24,0,4.055555555555555
27,25,0,4.2105263157894735
27,26,0,4.25
27,27,0,4.25
27,28,0,4.476190476190476
27,29,0,4.409090909090909
27,30,0,4.608695652173913
27,31,0,4.608695652173913
27,32,0,4.608695652173913
27,33,0,4.666666666666667
27,34,0,4.96
28,0,0,0
28,1,0,0
28,2,0,2.0
28,3,0,2.0
28,4,0,2.0
28,5,0,2.0
28,6,0,2.0
28,7,0,2.25
28,8,0,2.6
28,9,0,2.8333333333333335
28,10,0,2.8333333333333335
28,11,0,3.375
28,12,0,3.375
28,13,0,3.375
28,14,0,3.888888888888889
28,15,0,3.888888888888889
28,16,0,3.8
28,17,0,3.8
28,18,0,4.454545454545454
28,19,0,4.454545454545454
28,20,0,4.583333333333333
28,21,0,4.583333333333333
28,22,0,5.3076923076923075
28,23,0,5.3076923076923075
28,24,0,5.428571428571429
28,25,0,5.2
28,26,0,6.0588235294117645
28,27,0,5.833333333333333
28,28,1,5.833333333333333
28,29,0,6.523809523809524
28,30,0,6.363636363636363
28,31,0,6.363636363636363
28,32,0,6.791666666666667
28,33,0,7.0
28,34,0,7.423076923076923
29,0,0,0
29,1,1,0
29,2,1,2.0
29,3,2,2.0
29,4,3,3.0
29,5,0,3.0
29,6,0,3.5
29,7,1,3.4
29,8,1,3.8333333333333335
29,9,1,3.7142857142857144
29,10,0,4.125
29,11,0,4.333333333333333
29,12,0,4.636363636363637
29,13,0,4.636363636363637
29,14,0,4.636363636363637
29,15,0,4.769230769230769
29,16,0,4.769230769230769
29,17,0,4.769230769230769
29,18,0,5.133333333333334
29,19,0,5.133333333333334
29,20,0,5.117647058823529
29,21,0,5.117647058823529
29,22,0,5.2631578947368425
29,23,0,5.4
29,24,0,5.666666666666667
29,25,0,5.666666666666667
29,26,0,5.7272727272727275
29,27,0,5.913043478260869
29,28,0,6.0
29,29,0,6.2
29,30,0,6.3076923076923075
29,31,0,6.3076923076923075
29,32,0,6.481481481481482
29,33,0,6.642857142857143
29,34,0,6.793103448275862
30,0,0,0
30,1,0,0
30,2,0,2.0
30,3,0,2.0
30,4,0,2.0
30,5,0,2.0
30,6,0,2.25
30,7,0,2.25
30,8,0,2.8333333333333335
30,9,0,2.8333333333333335
30,10,0,3.142857142857143
30,11,0,3.142857142857143
30,12,0,3.625
30,13,0,3.625
30,14,0,3.7777777777777777
30,15,0,3.7777777777777777
30,16,0,4.4
30,17,0,4.4
30,18,0,4.7272727272727275
30,19,0,5.083333333333333
30,20,0,5.083333333333333
30,21,0,5.461538461538462
30,22,0,5.461538461538462
30,23,0,5.928571428571429
30,24,0,6.333333333333333
30,25,0,6.333333333333333
30,26,0,6.333333333333333
30,27,0,6.875
30,28,0,7.055555555555555
30,29,0,7.055555555555555
30,30,0,7.578947368421052
30,31,0,8.05
30,32,0,8.05
30,33,0,8.476190476190476
30,34,0,8.909090909090908
31,0,0,0
31,1,0,0
31,2,0,2.0
31,3,0,2.0
31,4,0,2.6666666666666665
31,5,0,2.6666666666666665
31,6,0,2.6666666666666665
31,7,0,3.25
31,8,0,3.8
31,9,0,3.8
31,10,0,4.166666666666667
31,11,0,4.166666666666667
31,12,0,4.857142857142857
31,13,0,4.777777777777778
31,14,0,4.777777777777778
31,15,0,4.777777777777778
31,16,0,5.5
31,17,0,5.909090909090909
31,18,0,6.5
31,19,0,6.615384615384615
31,20,0,7.142857142857143
31,21,0,7.142857142857143
31,22,0,7.333333333333333
31,23,0,7.875
31,24,0,7.764705882352941
31,25,0,7.764705882352941
31,26,0,8.333333333333334
31,27,0,8.333333333333334
31,28,0,8.31578947368421
31,29,0,8.85
31,30,0,8.85
31,31,0,8.85
31,32,0,9.454545454545455
31,33,0,9.454545454545455
31,34,0,9.454545454545455
32,0,0,0
32,1,0,0
32,2,0,2.0
32,3,0,2.3333333333333335
32,4,0,2.3333333333333335
32,5,0,2.3333333333333335
32,6,0,2.25
32,7,0,2.4
32,8,0,2.4
32,9,0,2.5
32,10,0,2.5714285714285716
32,11,0,2.5714285714285716
32,12,0,2.5714285714285716
32,13,0,3.0
32,14,0,3.3333333333333335
32,15,0,3.3333333333333335
32,16,0,3.3333333333333335
32,17,0,3.3333333333333335
32,18,0,3.8
32,19,0,3.8181818181818183
32,20,0,3.8181818181818183
32,21,0,3.8181818181818183
32,22,0,4.416666666666667
32,23,0,4.615384615384615
32,24,0,4.615384615384615
32,25,0,5.214285714285714
32,26,0,5.214285714285714
32,27,0,5.9375
32,28,0,5.9375
32,29,0,6.176470588235294
32,30,0,6.176470588235294
32,31,0,6.666666666666667
32,32,0,6.947368421052632
32,33,0,6.947368421052632
32,34,0,6.947368421052632
33,0,0,0
33,1,0,0
33,2,0,0
33,3,0,0
33,4,0,4.0
33,5,0,4.0
33,6,0,4.0
33,7,0,4.666666666666667
33,8,0,4.25
33,9,0,4.25
33,10,0,4.25
33,11,0,4.833333333333333
33,12,0,4.833333333333333
33,13,0,4.833333333333333
33,14,0,5.0
33,15,0,5.625
33,16,0,5.625
33,17,0,5.777777777777778
33,18,0,5.777777777777778
33,19,0,6.636363636363637
33,20,0,6.25
33,21,0,6.25
33,22,0,6.538461538461538
33,23,0,7.142857142857143
33,24,0,7.142857142857143
33,25,0,7.142857142857143
33,26,0,7.705882352941177
33,27,0,7.705882352941177
33,28,0,7.705882352941177
33,29,0,8.277777777777779
33,30,0,8.68421052631579
33,31,0,9.2
33,32,0,9.2
33,33,0,10.0
33,34,0,10.0
34,0,0,0
34,1,0,0
34,2,0,2.0
34,3,0,2.0
34,4,0,2.0
34,5,0,3.0
34,6,0,3.0
34,7,0,3.0
34,8,0,3.0
34,9,0,3.75
34,10,0,3.4
34,11,0,3.4
34,12,0,3.4
34,13,0,4.166666666666667
34,14,0,4.0
34,15,0,4.625
34,16,0,4.333333333333333
34,17,0,4.5
34,18,0,4.5
34,19,0,4.363636363636363
34,20,0,4.363636363636363
34,21,0,4.666666666666667
34,22,0,4.666666666666667
34,23,0,4.769230769230769
34,24,0,4.769230769230769
34,25,0,5.142857142857143
34,26,0,5.142857142857143
34,27,0,5.4
34,28,0,5.75
34,29,0,5.75
34,30,0,6.388888888888889
34,31,0,6.388888888888889
34,32,0,6.7368421052631575
34,33,0,6.7368421052631575
34,34,0,7.1
35,0,0,0
35,1,0,0
35,2,0,2.0
35,3,0,2.0
35,4,0,2.3333333333333335
35,5,0,2.3333333333333335
35,6,0,2.75
35,7,0,2.6
35,8,0,2.6
35,9,0,2.857142857142857
35,10,0,2.857142857142857
35,11,0,2.857142857142857
35,12,0,3.25
35,13,0,3.25
35,14,0,3.0
35,15,0,3.5
35,16,0,3.5
35,17,0,3.4545454545454546
35,18,0,3.4545454545454546
35,19,0,3.7142857142857144
35,20,0,3.7142857142857144
35,21,0,3.7142857142857144
35,22,0,4.2
35,23,0,4.1875
35,24,0,4.647058823529412
35,25,0,4.666666666666667
35,26,0,4.666666666666667
35,27,0,4.666666666666667
35,28,0,5.2105263157894735
35,29,0,5.3
35,30,0,5.714285714285714
35,31,0,5.714285714285714
35,32,0,5.7727272727272725
35,33,0,6.0
35,34,0,6.04
36,0,0,0
36,1,1,0
36,2,1,2.0
36,3,1,2.0
36,4,0,3.0
36,5,0,3.0
36,6,0,3.75
36,7,0,3.8
36,8,0,3.8
36,9,0,3.8333333333333335
36,10,0,3.8333333333333335
36,11,0,3.8333333333333335
36,12,0,3.5714285714285716
36,13,0,3.5714285714285716
36,14,0,3.625
36,15,0,3.6666666666666665
36,16,0,3.6666666666666665
36,17,0,3.8
36,18,0,3.909090909090909
36,19,0,4.083333333333333
36,20,0,4.083333333333333
36,21,0,4.083333333333333
36,22,0,4.642857142857143
36,23,0,4.642857142857143
36,24,0,4.642857142857143
36,25,0,5.0
36,26,0,5.0625
36,27,0,5.411764705882353
36,28,0,5.411764705882353
36,29,0,5.411764705882353
36,30,0,5.5
36,31,0,5.947368421052632
36,32,0,5.947368421052632
36,33,0,6.428571428571429
36,34,0,6.428571428571429
37,0,0,0
37,1,0,0
37,2,0,0
37,3,0,0
37,4,0,2.0
37,5,0,2.0
37,6,0,2.0
37,7,0,2.0
37,8,0,2.0
37,9,0,2.5
37,10,0,2.5
37,11,0,2.5
37,12,0,3.0
37,13,0,3.6666666666666665
37,14,0,3.857142857142857
37,15,0,4.375
37,16,0,4.375
37,17,0,4.375
37,18,0,5.0
37,19,0,5.0
37,20,0,5.0
37,21,0,5.545454545454546
37,22,0,5.666666666666667
37,23,0,6.076923076923077
37,24,0,6.142857142857143
37,25,0,6.142857142857143
37,26,0,6.466666666666667
37,27,0,6.466666666666667
37,28,0,6.625
37,29,0,6.625
37,30,0,7.0588235294117645
37,31,0,7.277777777777778
37,32,0,7.277777777777778
37,33,0,7.684210526315789
37,34,0,7.684210526315789
38,0,0,0
38,1,0,0
38,2,0,0
38,3,0,0
38,4,0,4.0
38,5,0,4.0
38,6,0,4.0
38,7,0,4.333333333333333
38,8,0,4.333333333333333
38,9,0,4.0
38,10,0,4.0
38,11,0,4.6
38,12,0,4.6
38,13,0,4.6
38,14,0,4.428571428571429
38,15,0,4.428571428571429
38,16,0,4.375
38,17,0,4.375
38,18,0,4.555555555555555
38,19,0,4.7
38,20,0,4.7
38,21,0,4.7
38,22,0,5.25
38,23,0,5.25
38,24,0,5.25
38,25,0,5.25
38,26,0,6.0
38,27,0,6.0
38,28,0,6.0
38,29,0,6.5
38,30,0,6.5
38,31,0,6.588235294117647
38,32,0,7.111111111111111
38,33,0,7.111111111111111
38,34,0,7.2105263157894735
39,0,0,0
39,1,0,0
39,2,0,0
39,3,0,3.0
39,4,0,3.0
39,5,0,3.0
39,6,0,3.0
39,7,0,4.5
39,8,0,4.5
39,9,0,5.0
39,10,0,5.0
39,11,0,4.666666666666667
39,12,0,4.666666666666667
39,13,0,5.285714285714286
39,14,0,5.25
39,15,0,5.25
39,16,0,5.25
39,17,0,5.888888888888889
39,18,0,6.1
39,19,0,6.1
39,20,0,6.1
39,21,0,6.818181818181818
39,22,0,7.166666666666667
39,23,0,7.166666666666667
39,24,0,7.166666666666667
39,25,0,8.285714285714286
39,26,0,8.285714285714286
39,27,0,8.285714285714286
39,28,0,8.733333333333333
39,29,0,9.4375
39,30,0,9.764705882352942
39,31,0,9.764705882352942
39,32,0,9.764705882352942
39,33,0,10.789473684210526
39,34,0,10.789473684210526
40,0,0,0
40,1,0,0
40,2,0,0
40,3,0,3.0
40,4,0,3.0
40,5,0,2.6666666666666665
40,6,0,2.6666666666666665
40,7,0,2.75
40,8,0,2.8
40,9,0,2.8
40,10,0,3.0
40,11,0,3.142857142857143
40,12,0,3.142857142857143
40,13,0,3.0
40,14,0,3.2222222222222223
40,15,0,3.2222222222222223
40,16,0,3.5
40,17,0,3.5454545454545454
40,18,0,3.5454545454545454
40,19,0,3.5454545454545454
40,20,0,3.75
40,21,0,3.8461538461538463
40,22,0,3.8461538461538463
40,23,0,3.8461538461538463
40,24,0,4.4
40,25,0,4.4
40,26,0,4.5625
40,27,0,4.5625
40,28,0,4.944444444444445
40,29,0,4.944444444444445
40,30,0,4.944444444444445
40,31,0,5.2
40,32,0,5.2
40,33,0,5.409090909090909
40,34,0,5.409090909090909
41,0,0,0
41,1,0,0
41,2,0,0
41,3,0,3.0
41,4,0,3.5
41,5,0,3.5
41,6,0,3.6666666666666665
41,7,0,3.75
41,8,0,3.75
41,9,0,3.75
41,10,0,4.0
41,11,0,4.0
41,12,0,4.0
41,13,0,3.8333333333333335
41,14,0,4.428571428571429
41,15,0,4.428571428571429
41,16,0,4.5
41,17,0,4.5
41,18,0,5.111111111111111
41,19,0,5.111111111111111
41,20,0,5.2
41,21,0,5.7272727272727275
41,22,0,5.7272727272727275
41,23,0,5.916666666666667
41,24,0,6.461538461538462
41,25,0,6.461538461538462
41,26,0,6.461538461538462
41,27,0,7.066666666666666
41,28,0,7.066666666666666
41,29,0,7.25
41,30,0,7.25
41,31,0,7.647058823529412
41,32,0,7.647058823529412
41,33,0,7.944444444444445
41,34,0,8.368421052631579
42,0,0,0
42,1,0,0
42,2,0,2.0
42,3,0,2.0
42,4,0,3.0
42,5,0,3.0
42,6,0,3.3333333333333335
42,7,0,3.3333333333333335
42,8,0,4.0
42,9,0,4.0
42,10,0,4.4
42,11,0,4.833333333333333
42,12,0,4.833333333333333
42,13,0,5.5
42,14,0,5.5
42,15,0,5.5
42,16,0,5.3
42,17,0,5.818181818181818
42,18,0,5.818181818181818
42,19,0,6.230769230769231
42,20,0,6.230769230769231
42,21,0,6.230769230769231
42,22,0,6.5
42,23,0,6.866666666666666
42,24,0,6.9375
42,25,0,6.9375
42,26,0,6.9375
42,27,0,7.444444444444445
42,28,0,7.444444444444445
42,29,0,7.894736842105263
42,30,0,8.0
42,31,0,8.0
42,32,0,8.428571428571429
42,33,0,8.428571428571429
42,34,0,8.636363636363637
43,0,0,0
43,1,0,0
43,2,0,0
43,3,0,0
43,4,0,0
43,5,0,4.0
43,6,0,3.0
43,7,0,3.6666666666666665
43,8,0,3.6666666666666665
43,9,0,3.6666666666666665
43,10,0,3.5
43,11,0,4.0
43,12,0,4.0
43,13,0,4.0
43,14,0,4.714285714285714
43,15,0,4.714285714285714
43,16,0,4.714285714285714
43,17,0,4.714285714285714
43,18,0,5.222222222222222
43,19,0,5.222222222222222
43,20,0,5.545454545454546
43,21,0,5.545454545454546
43,22,0,5.545454545454546
43,23,0,5.583333333333333
43,24,0,6.0
43,25,0,6.0
43,26,0,6.0
43,27,0,6.466666666666667
43,28,0,6.466666666666667
43,29,0,6.625
43,30,0,6.625
43,31,0,7.117647058823529
43,32,0,7.117647058823529
43,33,0,7.333333333333333
43,34,0,7.7894736842105265
44,0,0,0
44,1,0,0
44,2,0,0
44,3,0,0
44,4,0,3.0
44,5,0,3.0
44,6,0,3.0
44,7,0,3.3333333333333335
44,8,0,4.0
44,9,0,3.8
44,10,0,3.8333333333333335
44,11,0,3.7142857142857144
44,12,0,3.7142857142857144
44,13,0,3.7142857142857144
44,14,0,3.75
44,15,0,3.75
44,16,0,3.75
44,17,0,3.5555555555555554
44,18,0,3.4
44,19,0,3.4
44,20,0,3.4
44,21,0,3.3636363636363638
44,22,0,3.3636363636363638
44,23,0,3.25
44,24,0,3.25
44,25,0,3.4615384615384617
44,26,0,3.4615384615384617
44,27,0,3.4285714285714284
44,28,0,3.7333333333333334
44,29,0,3.75
44,30,0,3.75
44,31,0,3.764705882352941
44,32,0,4.055555555555555
44,33,0,4.105263157894737
44,34,0,4.105263157894737
45,0,0,0
45,1,0,0
45,2,0,0
45,3,0,3.0
45,4,0,3.0
45,5,0,3.0
45,6,0,3.0
45,7,0,4.0
45,8,0,4.0
45,9,0,4.0
45,10,0,4.5
45,11,0,4.5
45,12,0,4.5
45,13,0,5.166666666666667
45,14,0,5.166666666666667
45,15,0,5.166666666666667
45,16,0,5.571428571428571
45,17,0,5.875
45,18,0,5.875
45,19,0,6.222222222222222
45,20,0,6.6
45,21,0,6.818181818181818
45,22,0,6.818181818181818
45,23,0,7.461538461538462
45,24,0,7.461538461538462
45,25,0,7.461538461538462
45,26,0,7.461538461538462
45,27,0,8.2
45,28,0,8.2
45,29,0,8.058823529411764
45,30,1,8.058823529411764
45,31,0,8.0
45,32,0,8.25
45,33,0,8.047619047619047
45,34,0,8.478260869565217
46,0,0,0
46,1,0,0
46,2,0,2.0
46,3,0,2.0
46,4,0,2.5
46,5,0,2.6666666666666665
46,6,0,2.75
46,7,0,2.8
46,8,0,2.8
46,9,0,3.3333333333333335
46,10,0,3.3333333333333335
46,11,0,3.3333333333333335
46,12,0,3.3333333333333335
46,13,0,4.0
46,14,0,4.0
46,15,0,4.444444444444445
46,16,0,4.5
46,17,0,4.5
46,18,0,4.454545454545454
46,19,0,4.833333333333333
46,20,0,4.833333333333333
46,21,0,4.923076923076923
46,22,0,5.285714285714286
46,23,0,5.285714285714286
46,24,0,5.285714285714286
46,25,0,5.9375
46,26,0,5.9375
46,27,0,5.9375
46,28,0,6.235294117647059
46,29,0,6.722222222222222
46,30,0,6.722222222222222
46,31,0,7.052631578947368
46,32,0,7.052631578947368
46,33,0,7.6
46,34,0,7.9523809523809526
47,0,0,0
47,1,0,0
47,2,0,2.0
47,3,0,2.0
47,4,0,2.5
47,5,0,3.0
47,6,0,3.0
47,7,0,3.5
47,8,0,4.0
47,9,0,4.0
47,10,0,4.571428571428571
47,11,0,4.571428571428571
47,12,0,4.875
47,13,0,5.111111111111111
47,14,0,5.3
47,15,0,5.3
47,16,0,5.636363636363637
47,17,0,5.666666666666667
47,18,0,5.666666666666667
47,19,0,5.666666666666667
47,20,0,6.142857142857143
47,21,0,6.142857142857143
47,22,0,6.142857142857143
47,23,0,6.533333333333333
47,24,0,6.625
47,25,0,6.625
47,26,0,7.0
47,27,0,7.0
47,28,0,7.368421052631579
47,29,0,7.4
47,30,0,7.714285714285714
47,31,0,7.714285714285714
47,32,0,7.681818181818182
47,33,0,7.681818181818182
47,34,0,8.08695652173913
48,0,0,0
48,1,0,0
48,2,0,0
48,3,0,0
48,4,0,3.0
48,5,0,3.0
48,6,0,3.0
48,7,0,3.3333333333333335
48,8,0,3.5
48,9,0,3.5
48,10,0,3.5
48,11,0,3.8333333333333335
48,12,0,3.8333333333333335
48,13,0,3.8333333333333335
48,14,0,4.0
48,15,0,4.0
48,16,0,4.0
48,17,0,4.3
48,18,0,4.3
48,19,0,4.3
48,20,0,4.583333333333333
48,21,0,4.583333333333333
48,22,0,4.615384615384615
48,23,0,4.857142857142857
48,24,0,4.933333333333334
48,25,0,5.125
48,26,0,5.125
48,27,0,5.125
48,28,0,5.352941176470588
48,29,0,5.611111111111111
48,30,0,5.611111111111111
48,31,0,5.842105263157895
48,32,0,5.842105263157895
48,33,0,6.2
48,34,0,6.2
49,0,0,0
49,1,0,0
49,2,0,0
49,3,0,2.0
49,4,0,2.0
49,5,0,2.3333333333333335
49,6,0,2.3333333333333335
49,7,0,2.25
49,8,0,2.8
49,9,0,2.8
49,10,0,3.0
49,11,0,3.0
49,12,0,3.4285714285714284
49,13,0,3.625
49,14,0,3.888888888888889
49,15,0,3.888888888888889
49,16,0,4.1
49,17,0,3.909090909090909
49,18,0,3.909090909090909
49,19,0,3.909090909090909
49,20,0,4.333333333333333
49,21,0,4.333333333333333
49,22,0,4.3076923076923075
49,23,0,4.714285714285714
49,24,0,4.6
49,25,0,4.6
49,26,0,5.0625
49,27,0,5.0588235294117645
49,28,0,5.444444444444445
49,29,0,5.444444444444445
49,30,0,5.444444444444445
49,31,0,5.526315789473684
49,32,0,5.95
49,33,0,5.95
49,34,0,5.95
50,0,0,0
50,1,0,0
50,2,0,0
50,3,0,0
50,4,0,3.0
50,5,0,3.0
50,6,0,3.0
50,7,0,3.0
50,8,0,4.0
50,9,0,4.25
50,10,0,4.4
50,11,0,4.666666666666667
50,12,0,4.666666666666667
50,13,0,4.666666666666667
50,14,0,5.0
50,15,0,5.5
50,16,0,5.777777777777778
50,17,0,5.8
50,18,0,5.8
50,19,0,6.181818181818182
50,20,0,6.333333333333333
50,21,0,6.333333333333333
50,22,0,6.769230769230769
50,23,0,6.769230769230769
50,24,0,7.071428571428571
50,25,0,7.4
50,26,0,7.4
50,27,0,7.0625
50,28,0,7.833333333333333
50,29,0,7.833333333333333
50,30,0,7.833333333333333
50,31,0,7.833333333333333
50,32,0,8.4
50,33,0,8.4
50,34,0,8.4
51,0,0,0
51,1,0,0
51,2,0,0
51,3,0,0
51,4,0,4.0
51,5,0,3.5
51,6,0,3.5
51,7,0,4.0
51,8,0,4.0
51,9,0,4.6
51,10,0,4.6
51,11,0,4.833333333333333
51,12,0,4.833333333333333
51,13,0,5.285714285714286
51,14,0,5.625
51,15,0,5.625
51,16,0,6.111111111111111
51,17,0,6.4
51,18,0,6.4
51,19,0,7.083333333333333
51,20,0,7.083333333333333
51,21,0,7.083333333333333
51,22,0,7.538461538461538
51,23,0,7.928571428571429
51,24,0,8.266666666666667
51,25,0,8.266666666666667
51,26,0,9.0
51,27,0,9.0
51,28,0,9.11111111111111
51,29,0,9.11111111111111
51,30,0,9.526315789473685
51,31,0,9.526315789473685
51,32,0,9.7
51,33,0,10.142857142857142
51,34,0,10.181818181818182
52,0,0,0
52,1,0,0
52,2,0,0
52,3,0,0
52,4,0,2.0
52,5,0,3.0
52,6,0,3.0
52,7,0,3.0
52,8,0,3.0
52,9,0,4.333333333333333
52,10,0,4.333333333333333
52,11,0,3.75
52,12,0,3.75
52,13,0,4.6
52,14,0,4.6
52,15,0,4.333333333333333
52,16,0,4.333333333333333
52,17,0,5.142857142857143
52,18,0,5.142857142857143
52,19,0,5.25
52,20,0,5.25
52,21,0,6.111111111111111
52,22,0,6.0
52,23,0,6.7272727272727275
52,24,0,6.7272727272727275
52,25,0,6.7272727272727275
52,26,0,6.833333333333333
52,27,0,7.230769230769231
52,28,0,7.357142857142857
52,29,0,7.357142857142857
52,30,0,7.8
52,31,0,7.875
52,32,0,7.875
52,33,0,7.764705882352941
52,34,0,8.222222222222221
53,0,0,0
53,1,0,0
53,2,0,0
53,3,0,0
53,4,0,4.0
53,5,0,3.5
53,6,0,3.5
53,7,0,4.0
53,8,0,3.75
53,9,0,3.75
53,10,0,4.4
53,11,0,4.4
53,12,0,4.333333333333333
53,13,0,4.857142857142857
53,14,0,4.857142857142857
53,15,0,4.857142857142857
53,16,0,5.444444444444445
53,17,0,5.444444444444445
53,18,0,5.444444444444445
53,19,0,6.0
53,20,0,6.2727272727272725
53,21,0,6.2727272727272725
53,22,0,6.833333333333333
53,23,0,6.833333333333333
53,24,0,7.230769230769231
53,25,0,7.230769230769231
53,26,0,7.857142857142857
53,27,0,7.857142857142857
53,28,0,8.333333333333334
53,29,0,8.875
53,30,0,8.875
53,31,0,9.294117647058824
53,32,0,9.722222222222221
53,33,0,9.722222222222221
53,34,0,10.157894736842104
54,0,0,0
54,1,0,0
54,2,0,0
54,3,0,0
54,4,0,4.0
54,5,0,4.0
54,6,0,4.0
54,7,0,4.333333333333333
54,8,0,5.0
54,9,0,5.0
54,10,0,5.5
54,11,0,5.5
54,12,0,5.5
54,13,0,5.142857142857143
54,14,0,5.75
54,15,0,5.444444444444445
54,16,0,5.444444444444445
54,17,0,6.1
54,18,0,6.0
54,19,0,6.0
54,20,0,6.666666666666667
54,21,0,6.461538461538462
54,22,0,6.461538461538462
54,23,0,7.142857142857143
54,24,0,7.0
54,25,0,7.625
54,26,0,7.529411764705882
54,27,0,7.529411764705882
54,28,0,7.529411764705882
54,29,0,8.222222222222221
54,30,0,8.157894736842104
54,31,0,8.75
54,32,0,8.75
54,33,0,8.75
54,34,0,9.272727272727273
55,0,0,0
55,1,0,0
55,2,0,2.0
55,3,0,2.0
55,4,0,2.0
55,5,0,2.5
55,6,0,2.6666666666666665
55,7,0,2.6666666666666665
55,8,0,2.6666666666666665
55,9,0,3.5
55,10,0,3.8
55,11,0,3.8333333333333335
55,12,0,4.0
55,13,0,4.0
55,14,0,4.25
55,15,0,4.25
55,16,0,4.7
55,17,0,4.7
55,18,0,4.7272727272727275
55,19,0,4.7272727272727275
55,20,0,5.25
55,21,0,5.25
55,22,0,5.461538461538462
55,23,0,5.928571428571429
55,24,0,5.928571428571429
55,25,0,5.928571428571429
55,26,0,6.6875
55,27,0,6.6875
55,28,0,6.9411764705882355
55,29,0,6.9411764705882355
55,30,0,7.333333333333333
55,31,0,7.333333333333333
55,32,0,7.684210526315789
55,33,0,8.1
55,34,0,8.1
56,0,0,0
56,1,0,0
56,2,0,0
56,3,0,3.0
56,4,0,3.5
56,5,0,3.5
56,6,0,3.75
56,7,0,3.75
56,8,0,3.4
56,9,0,3.4
56,10,0,4.0
56,11,0,4.0
56,12,0,3.875
56,13,0,4.444444444444445
56,14,0,4.4
56,15,0,4.4
56,16,0,5.0
56,17,0,5.0
56,18,0,5.166666666666667
56,19,0,5.6923076923076925
56,20,0,5.785714285714286
56,21,0,5.785714285714286
56,22,0,6.375
56,23,0,6.375
56,24,0,6.375
56,25,0,6.833333333333333
56,26,0,6.833333333333333
56,27,0,7.0
56,28,0,7.0
56,29,0,7.35
56,30,0,7.571428571428571
56,31,0,7.571428571428571
56,32,0,8.173913043478262
56,33,0,8.173913043478262
56,34,0,8.5
57,0,0,0
57,1,0,0
57,2,0,0
57,3,0,0
57,4,0,2.5
57,5,0,2.5
57,6,0,2.5
57,7,0,3.3333333333333335
57,8,0,3.5
57,9,0,3.4
57,10,0,3.4
57,11,0,3.4
57,12,0,3.857142857142857
57,13,0,3.857142857142857
57,14,0,3.857142857142857
57,15,0,4.555555555555555
57,16,0,4.555555555555555
57,17,0,4.9
57,18,0,4.9
57,19,0,5.333333333333333
57,20,0,5.333333333333333
57,21,0,5.615384615384615
57,22,0,5.785714285714286
57,23,0,5.785714285714286
57,24,0,6.0
57,25,0,6.375
57,26,0,6.588235294117647
57,27,0,6.588235294117647
57,28,0,6.944444444444445
57,29,0,7.2105263157894735
57,30,0,7.55
57,31,0,7.55
57,32,0,7.55
57,33,0,7.857142857142857
57,34,0,8.272727272727273
58,0,0,0
58,1,0,0
58,2,0,0
58,3,0,0
58,4,0,0
58,5,0,3.0
58,6,0,3.5
58,7,0,3.5
58,8,0,3.6666666666666665
58,9,0,3.5
58,10,0,3.5
58,11,0,4.0
58,12,0,4.166666666666667
58,13,0,4.166666666666667
58,14,0,4.166666666666667
58,15,0,5.0
58,16,0,5.0
58,17,0,5.111111111111111
58,18,0,5.3
58,19,0,5.3
58,20,0,5.75
58,21,0,5.75
58,22,0,6.0
58,23,0,6.285714285714286
58,24,0,6.285714285714286
58,25,0,6.533333333333333
58,26,0,6.625
58,27,0,6.882352941176471
58,28,0,6.882352941176471
58,29,0,7.055555555555555
58,30,0,7.368421052631579
58,31,0,7.55
58,32,0,7.55
58,33,0,7.55
58,34,0,8.136363636363637
59,0,0,0
59,1,0,0
59,2,0,0
59,3,0,3.0
59,4,0,3.0
59,5,0,2.6666666666666665
59,6,0,2.6666666666666665
59,7,0,2.6666666666666665
59,8,0,3.0
59,9,0,3.2
59,10,0,3.2
59,11,0,3.3333333333333335
59,12,0,3.3333333333333335
59,13,0,3.5
59,14,0,3.5
59,15,0,3.5
59,16,0,3.5
59,17,0,3.7
59,18,0,3.7
59,19,0,3.7
59,20,0,3.8181818181818183
59,21,0,4.0
59,22,0,4.0
59,23,0,4.153846153846154
59,24,0,4.153846153846154
59,25,0,4.533333333333333
59,26,0,4.533333333333333
59,27,0,4.533333333333333
59,28,0,4.6875
59,29,0,5.0
59,30,0,5.055555555555555
59,31,0,5.055555555555555
59,32,0,5.055555555555555
59,33,0,5.421052631578948
59,34,0,5.6
60,0,0,0
60,1,0,0
60,2,0,0
60,3,0,3.0
60,4,0,3.0
60,5,0,3.0
60,6,0,3.0
60,7,0,4.0
60,8,0,4.0
60,9,0,4.0
60,10,0,4.0
60,11,0,4.0
60,12,0,3.8333333333333335
60,13,0,3.8333333333333335
60,14,0,3.7142857142857144
60,15,0,3.625
60,16,0,3.625
60,17,0,3.4444444444444446
60,18,0,3.4444444444444446
60,19,0,3.6363636363636362
60,20,0,3.6363636363636362
60,21,0,3.6363636363636362
60,22,0,3.75
60,23,0,4.153846153846154
60,24,0,4.153846153846154
60,25,0,4.153846153846154
60,26,0,4.6
60,27,0,4.6
60,28,0,4.6875
60,29,0,4.882352941176471
60,30,0,5.0
60,31,0,5.0
60,32,0,5.105263157894737
60,33,0,5.3
60,34,0,5.428571428571429
61,0,0,0
61,1,0,0
61,2,0,0
61,3,0,0
61,4,0,4.0
61,5,0,4.0
61,6,0,4.0
61,7,0,4.0
61,8,0,5.25
61,9,0,5.25
61,10,0,5.25
61,11,0,6.0
61,12,0,6.5
61,13,0,6.857142857142857
61,14,0,7.125
61,15,0,7.125
61,16,0,7.444444444444445
61,17,0,7.9
61,18,0,7.9
61,19,0,7.9
61,20,0,8.833333333333334
61,21,0,8.833333333333334
61,22,0,8.833333333333334
61,23,0,9.642857142857142
61,24,0,9.642857142857142
61,25,0,9.642857142857142
61,26,0,10.133333333333333
61,27,0,10.375
61,28,0,10.375
61,29,0,10.375
61,30,0,10.588235294117647
61,31,0,10.944444444444445
61,32,0,10.944444444444445
61,33,0,11.210526315789474
61,34,0,11.210526315789474
62,0,0,0
62,1,0,0
62,2,0,2.0
62,3,0,2.0
62,4,0,2.5
62,5,0,2.6666666666666665
62,6,0,2.6666666666666665
62,7,0,3.0
62,8,0,3.0
62,9,0,3.2
62,10,0,3.5
62,11,0,3.5714285714285716
62,12,0,3.5714285714285716
62,13,0,3.875
62,14,0,4.111111111111111
62,15,0,4.111111111111111
62,16,0,4.4
62,17,0,4.636363636363637
62,18,0,4.636363636363637
62,19,0,5.0
62,20,0,5.3076923076923075
62,21,0,5.3076923076923075
62,22,0,5.866666666666666
62,23,0,5.866666666666666
62,24,0,5.866666666666666
62,25,0,6.470588235294118
62,26,0,6.470588235294118
62,27,0,6.833333333333333
62,28,0,6.833333333333333
62,29,0,7.105263157894737
62,30,0,7.45
62,31,0,7.714285714285714
62,32,0,7.714285714285714
62,33,0,7.714285714285714
62,34,0,8.26086956521739
63,0,0,0
63,1,0,0
63,2,0,0
63,3,0,3.0
63,4,0,3.0
63,5,0,3.0
63,6,0,3.0
63,7,0,3.0
63,8,0,3.0
63,9,0,2.8
63,10,0,2.8
63,11,0,3.0
63,12,0,3.142857142857143
63,13,0,3.375
63,14,0,3.3333333333333335
63,15,0,3.3333333333333335
63,16,0,3.3333333333333335
63,17,0,3.8181818181818183
63,18,0,3.8181818181818183
63,19,0,3.8181818181818183
63,20,0,4.0
63,21,0,4.538461538461538
63,22,0,4.538461538461538
63,23,0,4.538461538461538
63,24,0,4.785714285714286
63,25,0,5.266666666666667
63,26,0,5.4375
63,27,0,5.4375
63,28,0,5.882352941176471
63,29,0,6.0
63,30,0,6.0
63,31,0,6.473684210526316
63,32,0,6.65
63,33,0,6.65
63,34,0,6.65
64,0,0,0
64,1,0,0
64,2,0,0
64,3,0,0
64,4,0,3.0
64,5,0,3.0
64,6,0,3.0
64,7,0,4.0
64,8,0,4.0
64,9,0,4.0
64,10,0,4.6
64,11,0,4.6
64,12,0,4.6
64,13,0,4.666666666666667
64,14,0,5.285714285714286
64,15,0,5.285714285714286
64,16,0,5.285714285714286
64,17,0,5.625
64,18,0,6.333333333333333
64,19,0,6.333333333333333
64,20,0,6.333333333333333
64,21,0,7.363636363636363
64,22,0,7.363636363636363
64,23,0,7.363636363636363
64,24,0,8.0
64,25,0,8.461538461538462
64,26,0,8.461538461538462
64,27,0,8.461538461538462
64,28,0,9.4
64,29,0,9.4
64,30,0,9.875
64,31,0,10.294117647058824
64,32,0,10.294117647058824
64,33,0,10.294117647058824
64,34,0,10.833333333333334
65,0,0,0
65,1,0,0
65,2,0,2.0
65,3,0,2.0
65,4,0,2.0
65,5,0,2.6666666666666665
65,6,0,2.6666666666666665
65,7,0,3.2
65,8,0,3.2
65,9,0,3.6666666666666665
65,10,0,3.4285714285714284
65,11,0,3.4285714285714284
65,12,0,3.875
65,13,0,3.888888888888889
65,14,0,3.888888888888889
65,15,0,3.888888888888889
65,16,0,4.363636363636363
65,17,0,4.363636363636363
65,18,0,4.363636363636363
65,19,0,4.583333333333333
65,20,0,5.0
65,21,0,5.0
65,22,0,5.142857142857143
65,23,0,5.142857142857143
65,24,0,5.5
65,25,0,5.5
65,26,0,5.5
65,27,0,5.764705882352941
65,28,0,6.0
65,29,0,6.2105263157894735
65,30,0,6.45
65,31,0,6.45
65,32,0,6.666666666666667
65,33,0,6.666666666666667
65,34,0,6.954545454545454
66,0,0,0
66,1,0,0
66,2,0,0
66,3,0,0
66,4,0,3.0
66,5,0,3.0
66,6,0,3.3333333333333335
66,7,0,3.25
66,8,0,3.25
66,9,0,3.8
66,10,0,3.8
66,11,0,4.166666666666667
66,12,0,4.166666666666667
66,13,0,4.857142857142857
66,14,0,5.25
66,15,0,5.25
66,16,0,5.777777777777778
66,17,0,5.777777777777778
66,18,0,6.3
66,19,0,6.7272727272727275
66,20,0,6.7272727272727275
66,21,0,6.7272727272727275
66,22,0,7.6923076923076925
66,23,0,7.6923076923076925
66,24,0,8.142857142857142
66,25,0,8.142857142857142
66,26,0,8.6
66,27,0,8.6
66,28,0,9.0
66,29,0,9.470588235294118
66,30,0,9.470588235294118
66,31,0,9.470588235294118
66,32,0,10.31578947368421
66,33,0,10.31578947368421
66,34,0,10.31578947368421
67,0,0,0
67,1,0,0
67,2,0,0
67,3,0,3.0
67,4,0,3.0
67,5,0,3.0
67,6,0,3.0
67,7,0,3.0
67,8,0,3.75
67,9,0,3.75
67,10,0,4.166666666666667
67,11,0,4.166666666666667
67,12,0,4.285714285714286
67,13,0,4.5
67,14,0,4.5
67,15,0,4.5
67,16,0,4.666666666666667
67,17,0,5.0
67,18,0,5.0
67,19,0,5.363636363636363
67,20,0,5.666666666666667
67,21,0,5.666666666666667
67,22,0,6.0
67,23,0,6.285714285714286
67,24,0,6.285714285714286
67,25,0,6.666666666666667
67,26,0,6.666666666666667
67,27,0,7.0
67,28,0,7.0
67,29,0,7.411764705882353
67,30,0,7.411764705882353
67,31,0,8.157894736842104
67,32,0,8.157894736842104
67,33,0,8.45
67,34,0,8.45
68,0,0,0
68,1,0,0
68,2,0,2.0
68,3,0,2.0
68,4,0,2.0
68,5,0,2.0
68,6,0,2.0
68,7,0,2.0
68,8,0,2.0
68,9,0,2.0
68,10,0,3.0
68,11,0,3.0
68,12,0,3.0
68,13,0,3.4
68,14,0,3.4
68,15,0,3.8333333333333335
68,16,0,3.8333333333333335
68,17,0,4.0
68,18,0,4.0
68,19,0,4.625
68,20,0,4.777777777777778
68,21,0,5.2
68,22,0,5.363636363636363
68,23,0,5.363636363636363
68,24,0,5.363636363636363
68,25,0,6.153846153846154
68,26,0,6.153846153846154
68,27,0,6.153846153846154
68,28,0,7.0
68,29,0,6.6875
68,30,0,7.117647058823529
68,31,0,7.117647058823529
68,32,0,7.578947368421052
68,33,0,7.578947368421052
68,34,0,7.578947368421052
69,0,0,0
69,1,0,0
69,2,0,0
69,3,0,2.0
69,4,0,2.0
69,5,0,2.0
69,6,0,2.0
69,7,0,2.0
69,8,0,2.0
69,9,0,2.0
69,10,0,2.6
69,11,0,2.5
69,12,0,2.5
69,13,0,2.857142857142857
69,14,0,3.25
69,15,0,3.25
69,16,0,3.6
69,17,0,3.6
69,18,0,3.6
69,19,0,3.727272727272727
69,20,0,4.083333333333333
69,21,0,4.083333333333333
69,22,0,4.153846153846154
69,23,0,4.214285714285714
69,24,0,4.214285714285714
69,25,0,4.4
69,26,0,4.4
69,27,0,4.764705882352941
69,28,0,4.764705882352941
69,29,0,4.764705882352941
69,30,0,4.944444444444445
69,31,0,5.157894736842105
69,32,0,5.157894736842105
69,33,0,5.35
69,34,0,5.619047619047619
70,0,0,0
70,1,0,0
70,2,0,2.0
70,3,0,2.0
70,4,0,2.5
70,5,0,3.0
70,6,0,3.0
70,7,0,3.0
70,8,0,3.5
70,9,0,3.5
70,10,0,3.6
70,11,0,3.6666666666666665
70,12,0,3.6666666666666665
70,13,0,3.7142857142857144
70,14,0,4.125
70,15,0,4.125
70,16,0,4.222222222222222
70,17,0,4.3
70,18,0,4.363636363636363
70,19,0,4.363636363636363
70,20,0,4.583333333333333
70,21,0,4.583333333333333
70,22,0,4.846153846153846
70,23,0,5.142857142857143
70,24,0,5.142857142857143
70,25,0,5.466666666666667
70,26,0,5.8125
70,27,0,5.8125
70,28,0,5.8125
70,29,0,6.388888888888889
70,30,0,6.388888888888889
70,31,0,6.388888888888889
70,32,0,6.842105263157895
70,33,0,7.1
70,34,0,7.190476190476191
71,0,0,0
71,1,0,0
71,2,0,2.0
71,3,0,2.0
71,4,0,2.0
71,5,0,3.3333333333333335
71,6,0,3.3333333333333335
71,7,0,3.3333333333333335
71,8,0,3.75
71,9,0,3.75
71,10,0,3.8
71,11,0,4.333333333333333
71,12,0,4.333333333333333
71,13,0,4.428571428571429
71,14,0,4.428571428571429
71,15,0,5.125
71,16,0,5.125
71,17,0,5.8
71,18,0,5.8
71,19,0,5.8
71,20,0,6.0
71,21,0,6.0
71,22,0,6.230769230769231
71,23,0,6.230769230769231
71,24,0,6.428571428571429
71,25,0,6.428571428571429
71,26,0,6.875
71,27,0,6.875
71,28,0,7.176470588235294
71,29,0,7.388888888888889
71,30,0,7.388888888888889
71,31,0,7.684210526315789
71,32,0,7.95
71,33,0,7.95
71,34,0,8.19047619047619
72,0,0,0
72,1,0,0
72,2,0,2.0
72,3,0,2.0
72,4,0,2.0
72,5,0,2.6666666666666665
72,6,0,2.75
72,7,0,3.0
72,8,0,3.1666666666666665
72,9,0,3.1666666666666665
72,10,0,3.5714285714285716
72,11,0,3.875
72,12,0,3.875
72,13,0,4.6
72,14,0,4.6
72,15,0,4.6
72,16,0,5.0
72,17,0,5.0
72,18,0,5.3076923076923075
72,19,0,5.5
72,20,0,5.733333333333333
72,21,0,5.733333333333333
72,22,0,5.733333333333333
72,23,0,6.0625
72,24,0,6.411764705882353
72,25,0,6.611111111111111
72,26,0,6.894736842105263
72,27,0,6.894736842105263
72,28,0,7.285714285714286
72,29,0,7.285714285714286
72,30,0,7.285714285714286
72,31,0,7.636363636363637
72,32,0,7.739130434782608
72,33,0,7.739130434782608
72,34,0,8.083333333333334
73,0,0,0
73,1,0,0
73,2,0,2.0
73,3,0,2.0
73,4,0,3.0
73,5,0,3.0
73,6,0,3.6666666666666665
73,7,0,4.25
73,8,0,4.2
73,9,0,4.5
73,10,0,4.5
73,11,0,4.571428571428571
73,12,0,4.875
73,13,0,4.875
73,14,0,5.111111111111111
73,15,0,5.1
73,16,0,5.1
73,17,0,5.333333333333333
73,18,0,5.333333333333333
73,19,0,5.333333333333333
73,20,0,5.333333333333333
73,21,0,5.714285714285714
73,22,0,5.714285714285714
73,23,0,5.714285714285714
73,24,0,5.714285714285714
73,25,0,6.375
73,26,0,6.375
73,27,0,6.764705882352941
73,28,0,6.944444444444445
73,29,0,6.944444444444445
73,30,0,7.368421052631579
73,31,0,7.55
73,32,0,7.55
73,33,0,7.55
73,34,0,8.047619047619047
74,0,0,0
74,1,0,0
74,2,0,0
74,3,0,3.0
74,4,0,3.0
74,5,0,3.0
74,6,0,4.0
74,7,0,4.0
74,8,0,4.0
74,9,0,4.0
74,10,0,4.0
74,11,0,4.0
74,12,0,4.333333333333333
74,13,0,4.333333333333333
74,14,0,4.571428571428571
74,15,0,4.571428571428571
74,16,0,5.0
74,17,0,5.0
74,18,0,5.222222222222222
74,19,0,5.222222222222222
74,20,0,5.8
74,21,0,5.8
74,22,0,5.909090909090909
74,23,0,5.909090909090909
74,24,0,6.416666666666667
74,25,0,6.416666666666667
74,26,0,6.615384615384615
74,27,0,7.142857142857143
74,28,0,7.142857142857143
74,29,0,7.75
74,30,0,7.75
74,31,0,8.166666666666666
74,32,0,8.166666666666666
74,33,0,8.166666666666666
74,34,0,8.7
75,0,0,0
75,1,0,0
75,2,0,0
75,3,0,0
75,4,0,0
75,5,0,4.0
75,6,0,4.0
75,7,0,3.3333333333333335
75,8,0,3.75
75,9,0,3.6
75,10,0,3.6
75,11,0,3.6666666666666665
75,12,0,4.285714285714286
75,13,0,4.285714285714286
75,14,0,4.5
75,15,0,5.111111111111111
75,16,0,5.111111111111111
75,17,0,5.3
75,18,0,5.7272727272727275
75,19,0,5.7272727272727275
75,20,0,6.0
75,21,0,6.461538461538462
75,22,0,6.461538461538462
75,23,0,6.642857142857143
75,24,0,6.933333333333334
75,25,0,6.933333333333334
75,26,0,7.470588235294118
75,27,0,7.470588235294118
75,28,0,7.470588235294118
75,29,0,7.777777777777778
75,30,0,8.0
75,31,0,8.0
75,32,0,8.35
75,33,0,8.35
75,34,0,8.619047619047619
76,0,0,0
76,1,0,0
76,2,0,2.0
76,3,0,2.0
76,4,0,2.0
76,5,0,3.0
76,6,0,3.3333333333333335
76,7,0,3.5
76,8,0,3.5
76,9,0,4.0
76,10,0,4.0
76,11,0,4.166666666666667
76,12,0,4.428571428571429
76,13,0,4.625
76,14,0,4.666666666666667
76,15,0,4.666666666666667
76,16,0,4.909090909090909
76,17,0,4.909090909090909
76,18,0,5.076923076923077
76,19,0,5.076923076923077
76,20,0,5.076923076923077
76,21,0,5.333333333333333
76,22,0,5.333333333333333
76,23,0,5.333333333333333
76,24,0,5.764705882352941
76,25,0,5.764705882352941
76,26,0,5.764705882352941
76,27,0,5.777777777777778
76,28,0,6.105263157894737
76,29,0,6.105263157894737
76,30,0,6.105263157894737
76,31,0,6.25
76,32,0,6.666666666666667
76,33,0,6.818181818181818
76,34,0,7.130434782608695
77,0,0,0
77,1,0,0
77,2,0,2.0
77,3,0,2.0
77,4,0,3.0
77,5,0,3.0
77,6,0,3.6666666666666665
77,7,0,4.25
77,8,0,4.6
77,9,0,5.0
77,10,0,5.285714285714286
77,11,0,5.285714285714286
77,12,0,5.666666666666667
77,13,0,5.666666666666667
77,14,0,5.666666666666667
77,15,0,6.1
77,16,0,6.363636363636363
77,17,0,6.363636363636363
77,18,0,6.363636363636363
77,19,0,6.916666666666667
77,20,0,7.153846153846154
77,21,0,7.153846153846154
77,22,0,7.153846153846154
77,23,0,7.714285714285714
77,24,0,8.066666666666666
77,25,0,8.066666666666666
77,26,0,8.066666666666666
77,27,0,8.5
77,28,0,8.941176470588236
77,29,0,9.222222222222221
77,30,0,9.222222222222221
77,31,0,9.222222222222221
77,32,0,10.0
77,33,0,10.0
77,34,0,10.238095238095237
78,0,0,0
78,1,0,0
78,2,0,0
78,3,0,0
78,4,0,4.0
78,5,0,4.0
78,6,0,4.0
78,7,0,4.0
78,8,0,4.0
78,9,0,4.5
78,10,0,4.8
78,11,0,4.8
78,12,0,4.8
78,13,0,5.5
78,14,0,6.0
78,15,0,6.375
78,16,0,6.375
78,17,0,6.555555555555555
78,18,0,7.0
78,19,0,7.0
78,20,0,7.181818181818182
78,21,0,7.416666666666667
78,22,0,7.416666666666667
78,23,0,7.538461538461538
78,24,0,7.785714285714286
78,25,0,7.733333333333333
78,26,0,7.733333333333333
78,27,0,8.058823529411764
78,28,0,8.058823529411764
78,29,0,8.058823529411764
78,30,0,8.058823529411764
78,31,0,8.631578947368421
78,32,0,8.631578947368421
78,33,0,8.8
78,34,0,8.8
79,0,0,0
79,1,0,0
79,2,0,0
79,3,0,0
79,4,0,4.0
79,5,0,4.0
79,6,0,4.0
79,7,0,4.0
79,8,0,5.5
79,9,0,4.333333333333333
79,10,0,4.333333333333333
79,11,0,5.25
79,12,0,5.25
79,13,0,5.833333333333333
79,14,0,5.833333333333333
79,15,0,5.833333333333333
79,16,0,6.0
79,17,0,6.75
79,18,0,6.555555555555555
79,19,0,6.555555555555555
79,20,0,7.2
79,21,0,7.2
79,22,0,7.75
79,23,0,7.75
79,24,0,7.75
79,25,0,8.384615384615385
79,26,0,8.357142857142858
79,27,0,8.357142857142858
79,28,0,8.933333333333334
79,29,0,8.933333333333334
79,30,0,9.0625
79,31,0,9.0625
79,32,0,9.777777777777779
79,33,0,9.777777777777779
79,34,0,10.105263157894736
80,0,0,0
80,1,0,0
80,2,0,0
80,3,0,3.0
80,4,0,2.6666666666666665
80,5,0,2.6666666666666665
80,6,0,3.0
80,7,0,3.0
80,8,0,3.0
80,9,0,3.2
80,10,0,3.8333333333333335
80,11,0,3.8333333333333335
80,12,0,4.428571428571429
80,13,0,4.428571428571429
80,14,0,4.428571428571429
80,15,0,4.428571428571429
80,16,0,4.777777777777778
80,17,0,4.777777777777778
80,18,0,5.1
80,19,0,5.0
80,20,0,5.25
80,21,0,5.25
80,22,0,5.461538461538462
80,23,0,5.285714285714286
80,24,0,5.285714285714286
80,25,0,5.6
80,26,0,5.6
80,27,0,5.9411764705882355
80,28,0,5.9411764705882355
80,29,0,6.277777777777778
80,30,0,6.277777777777778
80,31,0,6.65
80,32,0,6.65
80,33,0,6.65
80,34,0,7.0
81,0,0,0
81,1,0,0
81,2,0,2.0
81,3,0,2.0
81,4,0,2.5
81,5,0,2.5
81,6,0,2.6666666666666665
81,7,0,2.6666666666666665
81,8,0,2.8
81,9,0,2.8
81,10,0,2.8
81,11,0,2.8
81,12,0,2.8333333333333335
81,13,0,2.8333333333333335
81,14,0,2.8333333333333335
81,15,0,2.8333333333333335
81,16,0,3.125
81,17,0,3.125
81,18,0,3.5555555555555554
81,19,0,3.6
81,20,0,3.8181818181818183
81,21,0,3.8181818181818183
81,22,0,3.8333333333333335
81,23,0,3.8333333333333335
81,24,0,4.230769230769231
81,25,0,4.230769230769231
81,26,0,4.357142857142857
81,27,0,4.8
81,28,0,4.8
81,29,0,5.0
81,30,0,5.0
81,31,0,5.529411764705882
81,32,0,5.777777777777778
81,33,0,5.777777777777778
81,34,0,6.0
82,0,0,0
82,1,0,0
82,2,0,0
82,3,0,0
82,4,0,0
82,5,0,0
82,6,0,4.0
82,7,0,4.0
82,8,0,4.0
82,9,0,4.0
82,10,0,4.0
82,11,0,3.6666666666666665
82,12,0,4.5
82,13,0,4.5
82,14,0,4.5
82,15,0,4.833333333333333
82,16,0,4.833333333333333
82,17,0,4.833333333333333
82,18,0,4.857142857142857
82,19,0,5.375
82,20,0,5.444444444444445
82,21,0,5.1
82,22,0,5.75
82,23,0,5.75
82,24,0,6.076923076923077
82,25,0,6.076923076923077
82,26,0,6.6
82,27,0,6.6
82,28,0,6.875
82,29,0,7.176470588235294
82,30,0,7.176470588235294
82,31,0,7.7894736842105265
82,32,0,7.7894736842105265
82,33,0,7.95
82,34,0,7.95
83,0,0,0
83,1,0,0
83,2,0,0
83,3,0,0
83,4,0,3.5
83,5,0,3.5
83,6,0,3.5
83,7,0,3.5
83,8,0,4.25
83,9,0,4.25
83,10,0,4.25
83,11,0,4.8
83,12,0,5.166666666666667
83,13,0,5.166666666666667
83,14,0,5.571428571428571
83,15,0,6.125
83,16,0,6.125
83,17,0,6.125
83,18,0,6.666666666666667
83,19,0,7.3
83,20,0,7.3
83,21,0,7.818181818181818
83,22,0,7.818181818181818
83,23,0,8.416666666666666
83,24,0,8.923076923076923
83,25,0,8.923076923076923
83,26,0,9.428571428571429
83,27,0,9.428571428571429
83,28,0,10.0
83,29,0,10.0
83,30,0,10.5625
83,31,0,10.5625
83,32,0,11.176470588235293
83,33,0,11.61111111111111
83,34,0,11.61111111111111
84,0,0,0
84,1,0,0
84,2,0,0
84,3,0,2.0
84,4,0,2.0
84,5,0,2.0
84,6,0,2.0
84,7,0,3.5
84,8,0,3.5
84,9,0,3.5
84,10,0,4.666666666666667
84,11,0,4.666666666666667
84,12,0,4.666666666666667
84,13,0,5.75
84,14,0,5.4
84,15,0,6.166666666666667
84,16,0,6.166666666666667
84,17,0,6.142857142857143
84,18,0,6.142857142857143
84,19,0,6.75
84,20,0,6.777777777777778
84,21,0,6.777777777777778
84,22,0,7.2
84,23,0,7.181818181818182
84,24,0,7.181818181818182
84,25,0,7.181818181818182
84,26,0,7.6923076923076925
84,27,0,7.6923076923076925
84,28,0,8.0
84,29,0,7.933333333333334
84,30,0,7.933333333333334
84,31,0,8.294117647058824
84,32,0,8.294117647058824
84,33,0,8.277777777777779
84,34,0,8.277777777777779
85,0,0,0
85,1,0,0
85,2,0,2.0
85,3,0,2.5
85,4,0,2.5
85,5,0,2.5
85,6,0,2.6666666666666665
85,7,0,3.25
85,8,0,3.25
85,9,0,3.25
85,10,0,3.8
85,11,0,3.8
85,12,0,3.8333333333333335
85,13,0,3.8333333333333335
85,14,0,4.285714285714286
85,15,0,4.285714285714286
85,16,0,4.625
85,17,0,4.625
85,18,0,4.777777777777778
85,19,0,4.9
85,20,0,4.9
85,21,0,4.9
85,22,0,5.2727272727272725
85,23,0,5.583333333333333
85,24,0,5.583333333333333
85,25,0,5.846153846153846
85,26,0,6.285714285714286
85,27,0,6.285714285714286
85,28,0,7.0
85,29,0,7.0
85,30,0,7.0
85,31,0,7.722222222222222
85,32,0,7.722222222222222
85,33,0,8.157894736842104
85,34,0,8.157894736842104
86,0,0,0
86,1,0,0
86,2,0,2.0
86,3,0,2.0
86,4,0,2.0
86,5,0,3.0
86,6,0,3.0
86,7,0,3.0
86,8,0,3.0
86,9,0,2.6666666666666665
86,10,0,2.5
86,11,0,2.5
86,12,0,2.5
86,13,0,2.6
86,14,0,2.8333333333333335
86,15,0,2.8333333333333335
86,16,0,2.8333333333333335
86,17,0,2.857142857142857
86,18,0,3.375
86,19,0,3.4444444444444446
86,20,0,3.4444444444444446
86,21,0,3.4444444444444446
86,22,0,3.8
86,23,0,3.909090909090909
86,24,0,3.909090909090909
86,25,0,4.153846153846154
86,26,0,4.153846153846154
86,27,0,4.214285714285714
86,28,0,4.333333333333333
86,29,0,4.333333333333333
86,30,0,4.375
86,31,0,4.375
86,32,0,4.529411764705882
86,33,0,4.529411764705882
86,34,0,4.684210526315789
87,0,0,0
87,1,0,0
87,2,0,0
87,3,0,0
87,4,0,4.0
87,5,0,3.0
87,6,0,3.0
87,7,0,4.0
87,8,0,4.0
87,9,0,4.0
87,10,0,4.0
87,11,0,5.0
87,12,0,5.0
87,13,0,5.0
87,14,0,5.0
87,15,0,5.428571428571429
87,16,0,5.25
87,17,0,5.25
87,18,0,5.222222222222222
87,19,0,5.6
87,20,0,5.6
87,21,0,5.6
87,22,0,5.909090909090909
87,23,0,5.666666666666667
87,24,0,5.666666666666667
87,25,0,6.0
87,26,0,6.0
87,27,0,5.785714285714286
87,28,0,6.2
87,29,0,6.2
87,30,0,6.125
87,31,0,6.588235294117647
87,32,0,6.588235294117647
87,33,0,6.588235294117647
87,34,0,7.0
88,0,0,0
88,1,0,0
88,2,0,0
88,3,0,3.0
88,4,0,3.0
88,5,0,3.0
88,6,0,3.0
88,7,0,3.0
88,8,0,3.0
88,9,0,3.2
88,10,0,3.1666666666666665
88,11,0,3.1666666666666665
88,12,0,3.2857142857142856
88,13,0,3.5
88,14,0,3.5
88,15,0,3.4444444444444446
88,16,0,3.4444444444444446
88,17,0,3.727272727272727
88,18,0,3.727272727272727
88,19,0,3.8333333333333335
88,20,0,4.0
88,21,0,4.0
88,22,0,4.0
88,23,0,4.266666666666667
88,24,0,4.266666666666667
88,25,0,4.266666666666667
88,26,0,4.375
88,27,0,4.411764705882353
88,28,0,4.411764705882353
88,29,0,4.411764705882353
88,30,0,4.666666666666667
88,31,0,4.7368421052631575
88,32,0,4.7368421052631575
88,33,0,4.7368421052631575
88,34,0,4.9
89,0,0,0
89,1,0,0
89,2,0,0
89,3,0,0
89,4,0,3.0
89,5,0,3.0
89,6,0,2.75
89,7,0,2.75
89,8,0,2.6
89,9,0,2.8333333333333335
89,10,0,2.8333333333333335
89,11,0,2.857142857142857
89,12,0,3.125
89,13,0,3.111111111111111
89,14,0,3.111111111111111
89,15,0,3.4
89,16,0,3.4
89,17,0,3.5454545454545454
89,18,0,3.8333333333333335
89,19,0,3.8333333333333335
89,20,0,4.0
89,21,0,4.0
89,22,0,4.142857142857143
89,23,0,4.4
89,24,0,4.4
89,25,0,4.625
89,26,0,4.625
89,27,0,4.9411764705882355
89,28,0,5.111111111111111
89,29,0,5.111111111111111
89,30,0,5.421052631578948
89,31,0,5.45
89,32,0,5.45
89,33,0,5.863636363636363
89,34,0,5.863636363636363
90,0,0,0
90,1,0,0
90,2,0,2.0
90,3,0,2.0
90,4,0,2.0
90,5,0,2.3333333333333335
90,6,0,2.3333333333333335
90,7,0,2.5
90,8,0,2.6
90,9,0,2.6
90,10,0,2.5
90,11,0,2.7142857142857144
90,12,0,2.7142857142857144
90,13,0,2.7142857142857144
90,14,0,3.3333333333333335
90,15,0,3.3333333333333335
90,16,0,3.3333333333333335
90,17,0,3.4
90,18,0,3.6363636363636362
90,19,0,3.6363636363636362
90,20,0,3.6363636363636362
90,21,0,4.0
90,22,0,4.0
90,23,0,3.9285714285714284
90,24,0,4.266666666666667
90,25,0,4.25
90,26,0,4.25
90,27,0,4.647058823529412
90,28,0,4.647058823529412
90,29,0,4.647058823529412
90,30,0,5.052631578947368
90,31,0,5.052631578947368
90,32,0,4.95
90,33,0,5.428571428571429
90,34,0,5.428571428571429
91,0,0,0
91,1,0,0
91,2,0,0
91,3,0,3.0
91,4,0,3.0
91,5,0,3.0
91,6,0,3.0
91,7,0,3.6666666666666665
91,8,0,3.5
91,9,0,3.5
91,10,0,4.2
91,11,0,4.166666666666667
91,12,0,4.166666666666667
91,13,0,4.285714285714286
91,14,0,5.0
91,15,0,5.0
91,16,0,5.111111111111111
91,17,0,5.8
91,18,0,5.909090909090909
91,19,0,5.909090909090909
91,20,0,6.615384615384615
91,21,0,6.615384615384615
91,22,0,7.142857142857143
91,23,0,7.266666666666667
91,24,0,7.75
91,25,0,7.882352941176471
91,26,0,8.222222222222221
91,27,0,8.222222222222221
91,28,0,8.368421052631579
91,29,0,8.75
91,30,0,8.75
91,31,0,8.80952380952381
91,32,0,8.80952380952381
91,33,0,9.304347826086957
91,34,0,9.304347826086957
92,0,0,0
92,1,0,0
92,2,0,0
92,3,0,0
92,4,0,3.5
92,5,0,3.5
92,6,0,3.3333333333333335
92,7,0,3.75
92,8,0,3.75
92,9,0,3.75
92,10,0,4.5
92,11,0,4.5
92,12,0,4.571428571428571
92,13,0,4.571428571428571
92,14,0,5.0
92,15,0,5.0
92,16,0,5.333333333333333
92,17,0,5.333333333333333
92,18,0,5.8
92,19,0,6.181818181818182
92,20,0,6.181818181818182
92,21,0,6.181818181818182
92,22,0,7.076923076923077
92,23,0,7.076923076923077
92,24,0,7.428571428571429
92,25,0,7.428571428571429
92,26,0,7.8
92,27,0,8.1875
92,28,0,8.529411764705882
92,29,0,8.833333333333334
92,30,0,9.105263157894736
92,31,0,9.105263157894736
92,32,0,9.35
92,33,0,9.714285714285714
92,34,0,9.714285714285714
93,0,0,0
93,1,0,0
93,2,0,2.0
93,3,0,2.0
93,4,0,2.0
93,5,0,3.3333333333333335
93,6,0,3.3333333333333335
93,7,0,3.5
93,8,0,3.5
93,9,0,3.8
93,10,0,3.8
93,11,0,3.6666666666666665
93,12,0,3.6666666666666665
93,13,0,4.285714285714286
93,14,0,4.285714285714286
93,15,0,4.5
93,16,0,5.0
93,17,0,5.0
93,18,0,5.1
93,19,0,5.363636363636363
93,20,0,5.363636363636363
93,21,0,5.583333333333333
93,22,0,5.923076923076923
93,23,0,5.923076923076923
93,24,0,6.533333333333333
93,25,0,6.533333333333333
93,26,0,6.8125
93,27,0,6.8125
93,28,0,7.0588235294117645
93,29,0,7.0588235294117645
93,30,0,7.444444444444445
93,31,0,7.7368421052631575
93,32,0,7.7368421052631575
93,33,0,7.7368421052631575
93,34,0,8.1
94,0,0,0
94,1,0,0
94,2,0,0
94,3,0,0
94,4,0,4.0
94,5,0,4.0
94,6,0,3.75
94,7,0,3.75
94,8,0,4.0
94,9,0,4.0
94,10,0,4.0
94,11,0,3.7142857142857144
94,12,0,4.375
94,13,0,4.375
94,14,0,4.375
94,15,0,4.444444444444445
94,16,0,5.2
94,17,0,5.2
94,18,0,5.818181818181818
94,19,0,6.0
94,20,0,6.0
94,21,0,6.615384615384615
94,22,0,6.615384615384615
94,23,0,6.928571428571429
94,24,0,6.928571428571429
94,25,0,7.875
94,26,0,7.875
94,27,0,7.875
94,28,0,8.777777777777779
94,29,0,8.777777777777779
94,30,0,9.052631578947368
94,31,0,9.6
94,32,0,9.6
94,33,0,9.904761904761905
94,34,0,9.904761904761905
95,0,0,0
95,1,0,0
95,2,0,2.0
95,3,0,2.5
95,4,0,2.5
95,5,0,3.0
95,6,0,3.0
95,7,0,3.0
95,8,0,3.0
95,9,0,3.25
95,10,0,3.25
95,11,0,3.25
95,12,0,3.6666666666666665
95,13,0,3.6666666666666665
95,14,0,3.6666666666666665
95,15,0,4.25
95,16,0,4.25
95,17,0,4.25
95,18,0,4.25
95,19,0,5.1
95,20,0,5.1
95,21,0,5.1
95,22,0,5.666666666666667
95,23,0,5.666666666666667
95,24,0,5.928571428571429
95,25,0,5.928571428571429
95,26,0,6.4
95,27,0,6.3125
95,28,0,6.764705882352941
95,29,0,6.764705882352941
95,30,0,7.222222222222222
95,31,0,7.2631578947368425
95,32,0,7.2631578947368425
95,33,0,7.2631578947368425
95,34,0,7.7
96,0,0,0
96,1,0,0
96,2,0,0
96,3,0,1.0
96,4,0,2.0
96,5,0,2.0
96,6,0,2.0
96,7,0,2.0
96,8,0,2.0
96,9,0,2.0
96,10,0,2.25
96,11,0,2.25
96,12,0,2.25
96,13,0,3.0
96,14,0,3.0
96,15,0,3.5
96,16,0,3.5
96,17,0,3.5
96,18,0,3.7777777777777777
96,19,0,4.2
96,20,0,4.2
96,21,0,4.545454545454546
96,22,0,4.545454545454546
96,23,0,5.083333333333333
96,24,0,5.384615384615385
96,25,0,5.142857142857143
96,26,0,5.6
96,27,0,5.6
96,28,0,6.0
96,29,0,6.470588235294118
96,30,0,6.777777777777778
96,31,0,6.777777777777778
96,32,0,6.777777777777778
96,33,0,7.157894736842105
96,34,0,7.45
97,0,0,0
97,1,0,0
97,2,0,2.0
97,3,0,2.0
97,4,0,2.0
97,5,0,2.6666666666666665
97,6,0,2.6666666666666665
97,7,0,2.6666666666666665
97,8,0,2.75
97,9,0,3.6
97,10,0,3.6
97,11,0,3.6
97,12,0,4.714285714285714
97,13,0,4.714285714285714
97,14,0,4.714285714285714
97,15,0,4.714285714285714
97,16,0,6.0
97,17,0,6.0
97,18,0,6.6
97,19,0,6.909090909090909
97,20,0,6.909090909090909
97,21,0,7.769230769230769
97,22,0,7.769230769230769
97,23,0,8.285714285714286
97,24,0,8.6
97,25,0,8.9375
97,26,0,8.9375
97,27,0,8.9375
97,28,0,9.333333333333334
97,29,0,9.333333333333334
97,30,0,9.333333333333334
97,31,0,9.631578947368421
97,32,0,9.85
97,33,0,9.85
97,34,0,10.095238095238095
98,0,0,0
98,1,0,0
98,2,0,0
98,3,0,0
98,4,0,0
98,5,0,4.0
98,6,0,4.0
98,7,0,4.0
98,8,0,4.0
98,9,0,4.0
98,10,0,4.4
98,11,0,4.4
98,12,0,4.4
98,13,0,4.833333333333333
98,14,0,5.428571428571429
98,15,0,5.75
98,16,0,5.75
98,17,0,5.75
98,18,0,6.7
98,19,0,6.7
98,20,0,7.2727272727272725
98,21,0,7.2727272727272725
98,22,0,7.583333333333333
98,23,0,8.153846153846153
98,24,0,8.153846153846153
98,25,0,8.8
98,26,0,8.8
98,27,0,8.8
98,28,0,9.375
98,29,0,9.411764705882353
98,30,0,9.61111111111111
98,31,0,9.61111111111111
98,32,0,9.61111111111111
98,33,0,9.68421052631579
98,34,0,10.0
99,0,0,0
99,1,0,0
99,2,0,0
99,3,0,2.0
99,4,0,3.0
99,5,0,3.0
99,6,0,3.25
99,7,0,3.25
99,8,0,3.25
99,9,0,3.4
99,10,0,3.8333333333333335
99,11,0,4.0
99,12,0,4.375
99,13,0,4.375
99,14,0,4.555555555555555
99,15,0,4.555555555555555
99,16,0,5.1
99,17,0,5.363636363636363
99,18,0,5.363636363636363
99,19,0,5.916666666666667
99,20,0,5.916666666666667
99,21,0,6.076923076923077
99,22,0,6.076923076923077
99,23,0,6.714285714285714
99,24,0,6.933333333333334
99,25,0,7.5
99,26,0,7.5
99,27,0,8.0
99,28,0,8.222222222222221
99,29,0,8.222222222222221
99,30,0,8.95
99,31,0,8.95
99,32,0,8.95
99,33,0,9.636363636363637
99,34,0,9.636363636363637
100,0,0,0
100,1,0,0
100,2,0,0
100,3,0,3.0
100,4,0,3.0
100,5,0,2.5
100,6,0,2.6666666666666665
100,7,0,2.6666666666666665
100,8,0,2.5
100,9,0,2.4
100,10,0,2.4
100,11,0,2.4
100,12,0,2.6666666666666665
100,13,0,2.6666666666666665
100,14,0,2.75
100,15,0,2.75
100,16,0,2.75
100,17,0,2.75
100,18,0,3.4
100,19,0,3.4
100,20,0,3.727272727272727
100,21,0,3.727272727272727
100,22,0,4.083333333333333
100,23,0,4.076923076923077
100,24,0,4.214285714285714
100,25,0,4.214285714285714
100,26,0,4.4375
100,27,0,4.4375
100,28,0,4.4375
100,29,0,4.705882352941177
100,30,0,4.888888888888889
100,31,0,5.105263157894737
100,32,0,5.105263157894737
100,33,0,5.3
100,34,0,5.476190476190476
101,0,0,0
101,1,0,0
101,2,0,0
101,3,0,3.0
101,4,0,3.5
101,5,0,3.5
101,6,0,3.5
101,7,0,3.6666666666666665
101,8,0,4.5
101,9,0,4.0
101,10,0,4.0
101,11,0,4.166666666666667
101,12,0,4.166666666666667
101,13,0,4.166666666666667
101,14,0,4.25
101,15,0,4.25
101,16,0,4.25
101,17,0,4.333333333333333
101,18,0,4.5
101,19,0,4.5
101,20,0,4.5
101,21,0,4.833333333333333
101,22,0,4.833333333333333
101,23,0,4.846153846153846
101,24,0,5.214285714285714
101,25,0,5.2
101,26,0,5.2
101,27,0,5.2
101,28,0,5.625
101,29,0,5.470588235294118
101,30,0,5.470588235294118
101,31,0,5.470588235294118
101,32,0,6.0
101,33,0,6.0
101,34,0,6.0
102,0,0,0
102,1,0,0
102,2,0,0
102,3,0,3.0
102,4,0,3.0
102,5,0,2.6666666666666665
102,6,0,2.6666666666666665
102,7,0,2.75
102,8,0,2.75
102,9,0,2.75
102,10,0,2.75
102,11,0,3.2
102,12,0,3.2
102,13,0,3.3333333333333335
102,14,0,3.857142857142857
102,15,0,3.857142857142857
102,16,0,3.857142857142857
102,17,0,4.25
102,18,0,4.888888888888889
102,19,0,4.888888888888889
102,20,0,5.3
102,21,0,5.3
102,22,0,5.818181818181818
102,23,0,6.25
102,24,0,6.25
102,25,0,7.0
102,26,0,7.0
102,27,0,7.6875
102,28,0,7.6875
102,29,0,8.0
102,30,0,8.0
102,31,0,8.38888888888889
102,32,0,8.736842105263158
102,33,0,8.736842105263158
102,34,0,8.736842105263158
103,0,0,0
103,1,0,0
103,2,0,0
103,3,0,2.5
103,4,0,2.5
103,5,0,3.0
103,6,0,3.0
103,7,0,3.25
103,8,0,3.25
103,9,0,3.8
103,10,0,3.8
103,11,0,4.166666666666667
103,12,0,4.428571428571429
103,13,0,4.428571428571429
103,14,0,4.875
103,15,0,4.875
103,16,0,5.2
103,17,0,5.2
103,18,0,5.545454545454546
103,19,0,5.666666666666667
103,20,0,5.666666666666667
103,21,0,5.666666666666667
103,22,0,6.153846153846154
103,23,0,6.428571428571429
103,24,0,6.428571428571429
103,25,0,6.8
103,26,0,6.8
103,27,0,7.1875
103,28,0,7.1875
103,29,0,7.647058823529412
103,30,0,8.055555555555555
103,31,0,8.368421052631579
103,32,0,8.368421052631579
103,33,0,8.8
103,34,0,8.952380952380953
104,0,0,0
104,1,0,0
104,2,0,0
104,3,0,3.0
104,4,0,3.0
104,5,0,3.0
104,6,0,3.0
104,7,0,4.5
104,8,0,4.333333333333333
104,9,0,5.0
104,10,0,5.0
104,11,0,5.2
104,12,0,5.2
104,13,0,5.833333333333333
104,14,0,5.857142857142857
104,15,0,5.857142857142857
104,16,0,6.125
104,17,0,6.0
104,18,0,6.0
104,19,0,5.909090909090909
104,20,0,5.909090909090909
104,21,0,5.916666666666667
104,22,0,6.076923076923077
104,23,0,6.071428571428571
104,24,0,6.071428571428571
104,25,0,6.333333333333333
104,26,0,6.4375
104,27,0,6.4375
104,28,0,6.529411764705882
104,29,0,6.722222222222222
104,30,0,6.722222222222222
104,31,0,6.894736842105263
104,32,0,7.15
104,33,0,7.333333333333333
104,34,0,7.333333333333333
105,0,0,0
105,1,0,0
105,2,0,0
105,3,0,3.0
105,4,0,3.0
105,5,0,3.0
105,6,0,3.0
105,7,0,3.0
105,8,0,3.0
105,9,0,3.25
105,10,0,3.25
105,11,0,3.25
105,12,0,3.2
105,13,0,3.3333333333333335
105,14,0,3.3333333333333335
105,15,0,3.5714285714285716
105,16,0,3.875
105,17,0,3.875
105,18,0,4.111111111111111
105,19,0,4.3
105,20,0,4.3
105,21,0,4.3
105,22,0,4.916666666666667
105,23,0,4.916666666666667
105,24,0,4.916666666666667
105,25,0,5.285714285714286
105,26,0,5.285714285714286
105,27,0,5.285714285714286
105,28,0,5.285714285714286
105,29,0,5.875
105,30,0,5.875
105,31,0,5.875
105,32,0,6.352941176470588
105,33,0,6.5
105,34,0,6.5
106,0,0,0
106,1,0,0
106,2,0,0
106,3,0,3.0
106,4,0,3.0
106,5,0,3.0
106,6,0,3.3333333333333335
106,7,0,3.3333333333333335
106,8,0,4.0
106,9,0,4.4
106,10,0,4.4
106,11,0,5.285714285714286
106,12,0,5.285714285714286
106,13,0,5.75
106,14,0,5.75
106,15,0,6.222222222222222
106,16,0,6.6
106,17,0,7.0
106,18,0,7.0
106,19,0,7.083333333333333
106,20,0,7.083333333333333
106,21,0,7.571428571428571
106,22,0,7.571428571428571
106,23,0,7.933333333333334
106,24,0,7.9375
106,25,0,7.9375
106,26,0,8.352941176470589
106,27,0,8.352941176470589
106,28,0,8.38888888888889
106,29,0,8.789473684210526
106,30,0,8.789473684210526
106,31,0,9.238095238095237
106,32,0,9.238095238095237
106,33,0,9.318181818181818
106,34,0,9.695652173913043
107,0,0,0
107,1,0,0
107,2,0,0
107,3,0,3.0
107,4,0,3.0
107,5,0,3.0
107,6,0,3.0
107,7,0,4.0
107,8,0,4.0
107,9,0,4.0
107,10,0,4.0
107,11,0,4.6
107,12,0,4.5
107,13,0,4.857142857142857
107,14,0,4.857142857142857
107,15,0,4.888888888888889
107,16,0,4.888888888888889
107,17,0,5.1
107,18,0,5.181818181818182
107,19,0,5.416666666666667
107,20,0,5.416666666666667
107,21,0,5.857142857142857
107,22,0,5.857142857142857
107,23,0,5.857142857142857
107,24,0,6.375
107,25,0,6.375
107,26,0,6.588235294117647
107,27,0,6.888888888888889
107,28,0,6.888888888888889
107,29,0,7.4
107,30,0,7.4
107,31,0,7.619047619047619
107,32,0,7.619047619047619
107,33,0,8.08695652173913
107,34,0,8.08695652173913
108,0,0,0
108,1,0,0
108,2,0,0
108,3,0,0
108,4,0,4.0
108,5,0,4.0
108,6,0,4.333333333333333
108,7,0,4.333333333333333
108,8,0,4.0
108,9,0,4.0
108,10,0,4.8
108,11,0,4.833333333333333
108,12,0,4.833333333333333
108,13,0,5.571428571428571
108,14,0,5.375
108,15,0,5.375
108,16,0,5.333333333333333
108,17,0,6.0
108,18,0,6.0
108,19,0,6.583333333333333
108,20,0,6.583333333333333
108,21,0,6.923076923076923
108,22,0,6.923076923076923
108,23,0,6.8
108,24,0,6.8
108,25,0,7.25
108,26,0,7.25
108,27,0,7.529411764705882
108,28,0,7.529411764705882
108,29,0,8.055555555555555
108,30,0,8.210526315789474
108,31,0,8.210526315789474
108,32,0,8.210526315789474
108,33,0,8.666666666666666
108,34,0,8.666666666666666
109,0,0,0
109,1,0,0
109,2,0,0
109,3,0,3.0
109,4,0,3.5
109,5,0,3.5
109,6,0,4.0
109,7,0,4.0
109,8,0,4.75
109,9,0,4.75
109,10,0,5.833333333333333
109,11,0,5.833333333333333
109,12,0,6.285714285714286
109,13,0,6.285714285714286
109,14,0,6.5
109,15,0,7.0
109,16,0,7.0
109,17,0,7.0
109,18,0,7.818181818181818
109,19,0,7.818181818181818
109,20,0,7.818181818181818
109,21,0,8.25
109,22,0,8.76923076923077
109,23,0,9.071428571428571
109,24,0,9.071428571428571
109,25,0,9.75
109,26,0,9.75
109,27,0,9.75
109,28,0,10.058823529411764
109,29,0,10.5
109,30,0,10.736842105263158
109,31,0,10.736842105263158
109,32,0,11.15
109,33,0,11.428571428571429
109,34,0,11.681818181818182
110,0,0,0
110,1,0,0
110,2,0,0
110,3,0,3.0
110,4,0,3.0
110,5,0,3.0
110,6,0,3.5
110,7,0,3.5
110,8,0,3.5
110,9,0,3.6
110,10,0,4.333333333333333
110,11,0,4.428571428571429
110,12,0,4.875
110,13,0,4.875
110,14,0,4.888888888888889
110,15,0,5.3
110,16,0,5.3
110,17,0,5.454545454545454
110,18,0,5.916666666666667
110,19,0,5.916666666666667
110,20,0,6.153846153846154
110,21,0,6.153846153846154
110,22,0,6.714285714285714
110,23,0,6.714285714285714
110,24,0,7.066666666666666
110,25,0,7.066666666666666
110,26,0,7.6875
110,27,0,8.058823529411764
110,28,0,8.058823529411764
110,29,0,8.058823529411764
110,30,0,8.947368421052632
110,31,0,8.947368421052632
110,32,0,9.35
110,33,0,9.35
110,34,0,9.761904761904763
111,0,0,0
111,1,0,0
111,2,0,0
111,3,0,0
111,4,0,0
111,5,0,4.0
111,6,0,4.0
111,7,0,4.0
111,8,0,4.0
111,9,0,4.0
111,10,0,4.0
111,11,0,4.166666666666667
111,12,0,4.166666666666667
111,13,0,4.571428571428571
111,14,0,4.571428571428571
111,15,0,5.0
111,16,0,5.0
111,17,0,5.444444444444445
111,18,0,5.444444444444445
111,19,0,6.0
111,20,0,6.0
111,21,0,6.666666666666667
111,22,0,6.666666666666667
111,23,0,6.846153846153846
111,24,0,6.846153846153846
111,25,0,7.357142857142857
111,26,0,7.357142857142857
111,27,0,7.666666666666667
111,28,0,8.1875
111,29,0,8.1875
111,30,0,8.529411764705882
111,31,0,8.529411764705882
111,32,0,9.11111111111111
111,33,0,9.11111111111111
111,34,0,9.526315789473685
112,0,0,0
112,1,0,0
112,2,0,0
112,3,0,0
112,4,0,4.0
112,5,0,4.0
112,6,0,4.0
112,7,0,4.0
112,8,0,5.0
112,9,0,5.0
112,10,0,5.0
112,11,0,5.0
112,12,0,5.75
112,13,0,5.4
112,14,0,5.4
112,15,0,5.833333333333333
112,16,0,5.833333333333333
112,17,0,5.833333333333333
112,18,0,6.428571428571429
112,19,0,6.428571428571429
112,20,0,6.25
112,21,0,6.25
112,22,0,6.25
112,23,0,6.1
112,24,0,6.1
112,25,0,6.0
112,26,0,5.916666666666667
112,27,0,5.923076923076923
112,28,0,5.928571428571429
112,29,0,5.933333333333334
112,30,0,5.933333333333334
112,31,0,6.0
112,32,0,6.0
112,33,0,6.117647058823529
112,34,0,6.277777777777778
113,0,0,0
113,1,0,0
113,2,0,0
113,3,0,0
113,4,0,4.0
113,5,0,4.0
113,6,0,4.0
113,7,0,4.0
113,8,0,4.25
113,9,0,4.0
113,10,0,4.333333333333333
113,11,0,4.333333333333333
113,12,0,4.333333333333333
113,13,0,4.428571428571429
113,14,0,4.875
113,15,0,4.875
113,16,0,4.875
113,17,0,5.222222222222222
113,18,0,5.8
113,19,0,5.8
113,20,0,5.8
113,21,0,6.666666666666667
113,22,0,6.666666666666667
113,23,0,7.0
113,24,0,7.0
113,25,0,7.5
113,26,0,7.5
113,27,0,7.933333333333334
113,28,0,8.3125
113,29,0,8.705882352941176
113,30,0,8.705882352941176
113,31,0,8.944444444444445
113,32,0,9.31578947368421
113,33,0,9.31578947368421
113,34,0,9.7
114,0,0,0
114,1,0,0
114,2,0,0
114,3,0,3.0
114,4,0,3.0
114,5,0,3.0
114,6,0,4.0
114,7,0,4.0
114,8,0,4.0
114,9,0,4.5
114,10,0,5.2
114,11,0,5.2
114,12,0,5.5
114,13,0,5.857142857142857
114,14,0,6.0
114,15,0,6.333333333333333
114,16,0,6.333333333333333
114,17,0,6.333333333333333
114,18,0,6.909090909090909
114,19,0,6.909090909090909
114,20,0,6.909090909090909
114,21,0,6.909090909090909
114,22,0,7.615384615384615
114,23,0,7.615384615384615
114,24,0,7.785714285714286
114,25,0,8.2
114,26,0,8.2
114,27,0,8.764705882352942
114,28,0,8.764705882352942
114,29,0,9.0
114,30,0,9.0
114,31,0,9.263157894736842
114,32,0,9.55
114,33,0,9.55
114,34,0,9.80952380952381
115,0,0,0
115,1,0,0
115,2,0,0
115,3,0,0
115,4,0,4.0
115,5,0,4.0
115,6,0,4.0
115,7,0,4.0
115,8,0,4.5
115,9,0,4.8
115,10,0,4.8
115,11,0,4.8
115,12,0,5.142857142857143
115,13,0,5.142857142857143
115,14,0,5.142857142857143
115,15,0,5.375
115,16,0,5.333333333333333
115,17,0,5.333333333333333
115,18,0,5.333333333333333
115,19,0,5.818181818181818
115,20,0,5.818181818181818
115,21,0,5.818181818181818
115,22,0,6.333333333333333
115,23,0,6.538461538461538
115,24,0,6.538461538461538
115,25,0,7.071428571428571
115,26,0,7.071428571428571
115,27,0,7.6875
115,28,0,7.6875
115,29,0,7.6875
115,30,0,8.38888888888889
115,31,0,8.38888888888889
115,32,0,8.68421052631579
115,33,0,9.0
115,34,0,9.285714285714286
116,0,0,0
116,1,0,0
116,2,0,0
116,3,0,3.0
116,4,0,3.0
116,5,0,3.3333333333333335
116,6,0,3.3333333333333335
116,7,0,3.3333333333333335
116,8,0,4.0
116,9,0,3.8
116,10,0,4.166666666666667
116,11,0,4.166666666666667
116,12,0,4.285714285714286
116,13,0,4.625
116,14,0,4.625
116,15,0,4.625
116,16,0,4.7
116,17,0,4.7
116,18,0,4.7272727272727275
116,19,0,4.7272727272727275
116,20,0,5.083333333333333
116,21,0,5.083333333333333
116,22,0,5.230769230769231
116,23,0,5.571428571428571
116,24,0,5.571428571428571
116,25,0,5.8
116,26,0,6.0
116,27,0,6.0
116,28,0,6.176470588235294
116,29,0,6.5
116,30,0,6.5
116,31,0,6.842105263157895
116,32,0,6.95
116,33,0,6.95
116,34,0,6.95
117,0,0,0
117,1,0,0
117,2,0,0
117,3,0,3.0
117,4,0,3.0
117,5,0,3.0
117,6,0,3.0
117,7,0,4.25
117,8,0,4.25
117,9,0,4.8
117,10,0,4.8
117,11,0,5.333333333333333
117,12,0,5.333333333333333
117,13,0,6.25
117,14,0,6.25
117,15,0,6.25
117,16,0,6.25
117,17,0,7.4
117,18,0,7.4
117,19,0,7.818181818181818
117,20,0,8.416666666666666
117,21,0,8.416666666666666
117,22,0,8.416666666666666
117,23,0,9.357142857142858
117,24,0,9.357142857142858
117,25,0,9.357142857142858
117,26,0,10.1875
117,27,0,10.1875
117,28,0,10.1875
117,29,0,10.470588235294118
117,30,0,11.11111111111111
117,31,0,11.11111111111111
117,32,0,11.368421052631579
117,33,0,11.368421052631579
117,34,0,12.238095238095237
118,0,0,0
118,1,0,0
118,2,0,0
118,3,0,0
118,4,0,0
118,5,0,3.0
118,6,0,3.0
118,7,0,3.3333333333333335
118,8,0,3.3333333333333335
118,9,0,3.3333333333333335
118,10,0,4.2
118,11,0,4.2
118,12,0,4.5
118,13,0,4.857142857142857
118,14,0,4.857142857142857
118,15,0,5.125
118,16,0,5.555555555555555
118,17,0,5.7
118,18,0,5.7
118,19,0,6.090909090909091
118,20,0,6.0
118,21,0,6.0
118,22,0,6.0
118,23,0,6.538461538461538
118,24,0,6.642857142857143
118,25,0,7.133333333333334
118,26,0,7.133333333333334
118,27,0,7.125
118,28,0,7.125
118,29,0,7.555555555555555
118,30,0,7.555555555555555
118,31,0,7.9
118,32,0,7.9
118,33,0,8.238095238095237
118,34,0,8.238095238095237
119,0,0,0
119,1,0,0
119,2,0,0
119,3,0,0
119,4,0,3.0
119,5,0,3.0
119,6,0,3.0
119,7,0,3.3333333333333335
119,8,0,3.3333333333333335
119,9,0,3.3333333333333335
119,10,0,4.2
119,11,0,4.2
119,12,0,4.5
119,13,0,4.714285714285714
119,14,0,4.714285714285714
119,15,0,5.111111111111111
119,16,0,5.111111111111111
119,17,0,5.4
119,18,0,5.545454545454546
119,19,0,5.545454545454546
119,20,0,5.923076923076923
119,21,0,5.923076923076923
119,22,0,6.0
119,23,0,6.2
119,24,0,6.2
119,25,0,6.2
119,26,0,6.4375
119,27,0,6.470588235294118
119,28,0,6.470588235294118
119,29,0,6.777777777777778
119,30,0,6.777777777777778
119,31,0,6.7894736842105265
119,32,0,6.7894736842105265
119,33,0,7.238095238095238
119,34,0,7.238095238095238
120,0,0,0
120,1,0,0
120,2,0,0
120,3,0,0
120,4,0,4.0
120,5,0,4.0
120,6,0,4.0
120,7,0,4.333333333333333
120,8,0,4.333333333333333
120,9,0,4.333333333333333
120,10,0,4.333333333333333
120,11,0,3.8
120,12,0,3.8
120,13,0,3.8333333333333335
120,14,0,3.8333333333333335
120,15,0,4.125
120,16,0,4.125
120,17,0,4.125
120,18,0,4.444444444444445
120,19,0,4.6
120,20,0,4.6
120,21,0,4.818181818181818
120,22,0,4.818181818181818
120,23,0,5.3076923076923075
120,24,0,5.3076923076923075
120,25,0,5.3076923076923075
120,26,0,5.428571428571429
120,27,0,5.866666666666666
120,28,0,5.875
120,29,0,5.875
120,30,0,6.333333333333333
120,31,0,6.333333333333333
120,32,0,6.7894736842105265
120,33,0,6.7894736842105265
120,34,0,6.9
121,0,0,0
121,1,0,0
121,2,0,0
121,3,0,0
121,4,0,3.0
121,5,0,2.5
121,6,0,2.6666666666666665
121,7,0,2.6666666666666665
121,8,0,3.2
121,9,0,3.2
121,10,0,3.1666666666666665
121,11,0,3.5714285714285716
121,12,0,3.5714285714285716
121,13,0,4.0
121,14,0,4.0
121,15,0,4.0
121,16,0,4.555555555555555
121,17,0,4.555555555555555
121,18,0,4.3
121,19,0,4.909090909090909
121,20,0,4.909090909090909
121,21,0,4.909090909090909
121,22,0,4.833333333333333
121,23,0,5.538461538461538
121,24,0,5.538461538461538
121,25,0,6.214285714285714
121,26,0,6.214285714285714
121,27,0,6.066666666666666
121,28,0,6.066666666666666
121,29,0,6.8125
121,30,0,6.8125
121,31,0,7.444444444444445
121,32,0,7.444444444444445
121,33,0,7.444444444444445
121,34,0,7.444444444444445
122,0,0,0
122,1,0,0
122,2,0,0
122,3,0,0
122,4,0,0
122,5,0,4.0
122,6,0,4.0
122,7,0,4.333333333333333
122,8,0,4.75
122,9,0,4.75
122,10,0,4.75
122,11,0,5.833333333333333
122,12,0,5.833333333333333
122,13,0,6.0
122,14,0,6.0
122,15,0,5.777777777777778
122,16,0,5.777777777777778
122,17,0,5.6
122,18,0,5.6
122,19,0,5.583333333333333
122,20,0,5.583333333333333
122,21,0,5.583333333333333
122,22,0,5.5
122,23,0,5.5
122,24,0,5.5
122,25,0,5.6
122,26,0,5.625
122,27,0,5.764705882352941
122,28,0,5.764705882352941
122,29,0,5.833333333333333
122,30,0,5.833333333333333
122,31,0,6.105263157894737
122,32,0,6.105263157894737
122,33,0,6.2
122,34,0,6.2
123,0,0,0
123,1,0,0
123,2,0,0
123,3,0,2.0
123,4,0,2.5
123,5,0,2.5
123,6,0,2.5
123,7,0,3.75
123,8,0,3.75
123,9,0,4.2
123,10,0,4.2
123,11,0,4.333333333333333
123,12,0,4.333333333333333
123,13,0,4.428571428571429
123,14,0,4.375
123,15,0,4.375
123,16,0,4.375
123,17,0,4.777777777777778
123,18,0,4.9
123,19,0,4.9
123,20,0,5.181818181818182
123,21,0,5.416666666666667
123,22,0,5.416666666666667
123,23,0,5.416666666666667
123,24,0,5.846153846153846
123,25,0,6.214285714285714
123,26,0,6.214285714285714
123,27,0,6.214285714285714
123,28,0,6.666666666666667
123,29,0,7.125
123,30,0,7.125
123,31,0,7.125
123,32,0,8.11111111111111
123,33,0,8.11111111111111
123,34,0,8.11111111111111
124,0,0,0
124,1,0,0
124,2,0,0
124,3,0,0
124,4,0,4.0
124,5,0,4.0
124,6,0,4.5
124,7,0,4.5
124,8,0,4.333333333333333
124,9,0,4.75
124,10,0,4.75
124,11,0,5.0
124,12,0,4.833333333333333
124,13,0,4.833333333333333
124,14,0,4.833333333333333
124,15,0,5.142857142857143
124,16,0,5.142857142857143
124,17,0,5.142857142857143
124,18,0,5.444444444444445
124,19,0,5.444444444444445
124,20,0,5.444444444444445
124,21,0,6.0
124,22,0,6.0
124,23,0,5.833333333333333
124,24,0,6.3076923076923075
124,25,0,6.3076923076923075
124,26,0,6.285714285714286
124,27,0,6.285714285714286
124,28,0,6.866666666666666
124,29,0,6.9375
124,30,0,6.9375
124,31,0,6.9375
124,32,0,7.555555555555555
124,33,0,7.555555555555555
124,34,0,7.578947368421052
125,0,0,0
125,1,0,0
125,2,0,2.0
125,3,0,2.0
125,4,0,2.0
125,5,0,2.6666666666666665
125,6,0,2.75
125,7,0,2.75
125,8,0,2.6
125,9,0,2.8333333333333335
125,10,0,2.8333333333333335
125,11,0,2.8333333333333335
125,12,0,3.25
125,13,0,3.25
125,14,0,3.25
125,15,0,3.2222222222222223
125,16,0,3.3
125,17,0,3.3
125,18,0,3.3
125,19,0,3.6666666666666665
125,20,0,3.6666666666666665
125,21,0,3.6666666666666665
125,22,0,3.923076923076923
125,23,0,4.214285714285714
125,24,0,4.214285714285714
125,25,0,4.333333333333333
125,26,0,4.6875
125,27,0,4.6875
125,28,0,5.222222222222222
125,29,0,5.222222222222222
125,30,0,5.222222222222222
125,31,0,5.8
125,32,0,5.8
125,33,0,5.8
125,34,0,6.238095238095238
126,0,0,0
126,1,0,0
126,2,0,0
126,3,0,0
126,4,0,0
126,5,0,4.0
126,6,0,4.0
126,7,0,4.0
126,8,0,4.0
126,9,0,4.0
126,10,0,3.3333333333333335
126,11,0,4.25
126,12,0,3.8
126,13,0,3.8
126,14,0,4.5
126,15,0,4.5
126,16,0,4.428571428571429
126,17,0,4.625
126,18,0,4.666666666666667
126,19,0,4.666666666666667
126,20,0,4.9
126,21,0,4.909090909090909
126,22,0,4.909090909090909
126,23,0,5.166666666666667
126,24,0,5.3076923076923075
126,25,0,5.3076923076923075
126,26,0,5.3076923076923075
126,27,0,5.933333333333334
126,28,0,5.933333333333334
126,29,0,6.3125
126,30,0,6.3125
126,31,0,6.944444444444445
126,32,0,6.944444444444445
126,33,0,7.2631578947368425
126,34,0,7.2631578947368425
127,0,0,0
127,1,0,0
127,2,0,0
127,3,0,2.0
127,4,0,2.0
127,5,0,2.0
127,6,0,3.0
127,7,0,3.0
127,8,0,3.0
127,9,0,3.0
127,10,0,4.0
127,11,0,4.0
127,12,0,4.0
127,13,0,4.0
127,14,0,5.0
127,15,0,5.0
127,16,0,5.285714285714286
127,17,0,5.285714285714286
127,18,0,5.285714285714286
127,19,0,5.625
127,20,0,6.0
127,21,0,6.0
127,22,0,6.545454545454546
127,23,0,6.545454545454546
127,24,0,6.923076923076923
127,25,0,6.923076923076923
127,26,0,6.923076923076923
127,27,0,6.923076923076923
127,28,0,7.066666666666666
127,29,0,7.066666666666666
127,30,0,7.0625
127,31,0,7.0625
127,32,0,7.117647058823529
127,33,0,7.166666666666667
127,34,0,7.166666666666667
128,0,0,0
128,1,0,0
128,2,0,0
128,3,0,0
128,4,0,0
128,5,0,4.0
128,6,0,4.0
128,7,0,3.5
128,8,0,4.333333333333333
128,9,0,4.333333333333333
128,10,0,4.333333333333333
128,11,0,4.5
128,12,0,5.4
128,13,0,5.4
128,14,0,5.4
128,15,0,5.166666666666667
128,16,0,5.857142857142857
128,17,0,5.857142857142857
128,18,0,5.75
128,19,0,5.777777777777778
128,20,0,5.777777777777778
128,21,0,5.8
128,22,0,6.0
128,23,0,6.0
128,24,0,6.166666666666667
128,25,0,6.166666666666667
128,26,0,6.5
128,27,0,6.5
128,28,0,6.666666666666667
128,29,0,6.666666666666667
128,30,0,7.0
128,31,0,7.0
128,32,0,7.294117647058823
128,33,0,7.666666666666667
128,34,0,7.666666666666667
129,0,0,0
129,1,0,0
129,2,0,0
129,3,0,0
129,4,0,4.0
129,5,0,3.5
129,6,0,3.5
129,7,0,4.333333333333333
129,8,0,4.333333333333333
129,9,0,4.0
129,10,0,4.6
129,11,0,4.6
129,12,0,4.6
129,13,0,4.333333333333333
129,14,0,5.142857142857143
129,15,0,5.0
129,16,0,5.0
129,17,0,4.888888888888889
129,18,0,5.7
129,19,0,5.545454545454546
129,20,0,5.545454545454546
129,21,0,6.333333333333333
129,22,0,6.333333333333333
129,23,0,6.384615384615385
129,24,0,6.384615384615385
129,25,0,7.266666666666667
129,26,0,7.266666666666667
129,27,0,7.823529411764706
129,28,0,7.823529411764706
129,29,0,7.823529411764706
129,30,0,7.823529411764706
129,31,0,8.526315789473685
129,32,0,8.526315789473685
129,33,0,8.5
129,34,0,9.095238095238095
130,0,0,0
130,1,0,0
130,2,0,2.0
130,3,0,2.5
130,4,0,2.5
130,5,0,2.5
130,6,0,3.3333333333333335
130,7,0,3.5
130,8,0,3.5
130,9,0,3.5
130,10,0,4.5
130,11,0,4.5
130,12,0,4.5
130,13,0,5.5
130,14,0,5.5
130,15,0,6.0
130,16,0,6.0
130,17,0,6.5
130,18,0,7.0
130,19,0,7.416666666666667
130,20,0,7.769230769230769
130,21,0,7.769230769230769
130,22,0,7.769230769230769
130,23,0,8.2
130,24,0,8.2
130,25,0,8.2
130,26,0,8.3125
130,27,0,8.764705882352942
130,28,0,8.764705882352942
130,29,0,8.764705882352942
130,30,0,8.88888888888889
130,31,0,9.31578947368421
130,32,0,9.31578947368421
130,33,0,9.31578947368421
130,34,0,9.5
131,0,0,0
131,1,0,0
131,2,0,0
131,3,0,3.0
131,4,0,3.0
131,5,0,3.0
131,6,0,3.0
131,7,0,4.0
131,8,0,4.0
131,9,0,4.0
131,10,0,4.0
131,11,0,4.666666666666667
131,12,0,4.666666666666667
131,13,0,5.0
131,14,0,5.0
131,15,0,5.375
131,16,0,5.777777777777778
131,17,0,6.1
131,18,0,6.1
131,19,0,6.2727272727272725
131,20,0,6.25
131,21,0,6.25
131,22,0,6.25
131,23,0,6.615384615384615
131,24,0,6.785714285714286
131,25,0,6.785714285714286
131,26,0,7.375
131,27,0,7.375
131,28,0,7.375
131,29,0,7.764705882352941
131,30,0,8.0
131,31,0,8.0
131,32,0,8.31578947368421
131,33,0,8.31578947368421
131,34,0,8.5
132,0,0,0
132,1,0,0
132,2,0,0
132,3,0,3.0
132,4,0,3.0
132,5,0,3.0
132,6,0,3.6666666666666665
132,7,0,3.6666666666666665
132,8,0,4.25
132,9,0,4.25
132,10,0,4.833333333333333
132,11,0,4.833333333333333
132,12,0,5.285714285714286
132,13,0,5.5
132,14,0,5.5
132,15,0,5.444444444444445
132,16,0,5.444444444444445
132,17,0,5.9
132,18,0,6.0
132,19,0,6.0
132,20,0,6.0
132,21,0,6.583333333333333
132,22,0,6.846153846153846
132,23,0,6.846153846153846
132,24,0,6.846153846153846
132,25,0,7.666666666666667
132,26,0,7.666666666666667
132,27,0,7.666666666666667
132,28,0,7.9375
132,29,0,8.411764705882353
132,30,0,8.411764705882353
132,31,0,8.411764705882353
132,32,0,8.777777777777779
132,33,0,9.31578947368421
132,34,0,9.65
133,0,0,0
133,1,0,0
133,2,0,0
133,3,0,3.0
133,4,0,3.0
133,5,0,3.0
133,6,0,3.0
133,7,0,3.0
133,8,0,3.0
133,9,0,3.0
133,10,0,3.6
133,11,0,3.6
133,12,0,3.6
133,13,0,4.428571428571429
133,14,0,4.428571428571429
133,15,0,4.428571428571429
133,16,0,4.625
133,17,0,5.111111111111111
133,18,0,5.111111111111111
133,19,0,5.111111111111111
133,20,0,5.2
133,21,0,5.818181818181818
133,22,0,5.818181818181818
133,23,0,5.818181818181818
133,24,0,6.615384615384615
133,25,0,6.615384615384615
133,26,0,6.785714285714286
133,27,0,7.4
133,28,0,7.4
133,29,0,8.117647058823529
133,30,0,8.117647058823529
133,31,0,8.61111111111111
133,32,0,8.61111111111111
133,33,0,9.35
133,34,0,9.35
134,0,0,0
134,1,0,0
134,2,0,0
134,3,0,0
134,4,0,0
134,5,0,0
134,6,0,4.0
134,7,0,4.0
134,8,0,4.333333333333333
134,9,0,4.333333333333333
134,10,0,4.5
134,11,0,4.5
134,12,0,5.2
134,13,0,5.5
134,14,0,5.5
134,15,0,6.0
134,16,0,6.375
134,17,0,6.777777777777778
134,18,0,6.777777777777778
134,19,0,7.2
134,20,0,7.636363636363637
134,21,0,7.636363636363637
134,22,0,8.0
134,23,0,8.461538461538462
134,24,0,8.461538461538462
134,25,0,8.461538461538462
134,26,0,9.333333333333334
134,27,0,9.333333333333334
134,28,0,9.333333333333334
134,29,0,9.333333333333334
134,30,0,10.352941176470589
134,31,0,10.352941176470589
134,32,0,10.722222222222221
134,33,0,11.210526315789474
134,34,0,11.5
135,0,0,0
135,1,0,0
135,2,0,0
135,3,0,0
135,4,0,0
135,5,0,3.5
135,6,0,3.5
135,7,0,4.0
135,8,0,4.0
135,9,0,4.0
135,10,0,4.25
135,11,0,4.25
135,12,0,4.2
135,13,0,4.666666666666667
135,14,0,4.666666666666667
135,15,0,5.142857142857143
135,16,0,5.142857142857143
135,17,0,5.444444444444445
135,18,0,5.444444444444445
135,19,0,5.3
135,20,0,5.3
135,21,0,5.909090909090909
135,22,0,5.916666666666667
135,23,0,5.916666666666667
135,24,0,6.538461538461538
135,25,0,6.538461538461538
135,26,0,6.642857142857143
135,27,0,7.2
135,28,0,7.2
135,29,0,7.125
135,30,0,7.411764705882353
135,31,0,7.411764705882353
135,32,0,7.277777777777778
135,33,0,7.277777777777778
135,34,0,7.684210526315789
136,0,0,0
136,1,0,0
136,2,0,0
136,3,0,3.0
136,4,0,3.5
136,5,0,3.5
136,6,0,3.6666666666666665
136,7,0,4.0
136,8,0,4.0
136,9,0,4.0
136,10,0,4.0
136,11,0,4.714285714285714
136,12,0,4.714285714285714
136,13,0,4.75
136,14,0,4.75
136,15,0,5.444444444444445
136,16,0,5.444444444444445
136,17,0,6.181818181818182
136,18,0,6.181818181818182
136,19,0,6.181818181818182
136,20,0,7.0
136,21,0,7.0
136,22,0,7.571428571428571
136,23,0,7.571428571428571
136,24,0,7.866666666666666
136,25,0,7.866666666666666
136,26,0,8.705882352941176
136,27,0,8.705882352941176
136,28,0,9.277777777777779
136,29,0,9.526315789473685
136,30,0,9.526315789473685
136,31,0,10.05
136,32,0,10.05
136,33,0,10.380952380952381
136,34,0,10.863636363636363
137,0,0,0
137,1,0,0
137,2,0,0
137,3,0,3.0
137,4,0,3.0
137,5,0,3.0
137,6,0,3.0
137,7,0,3.3333333333333335
137,8,0,3.25
137,9,0,3.25
137,10,0,3.8
137,11,0,3.8333333333333335
137,12,0,3.8333333333333335
137,13,0,4.428571428571429
137,14,0,4.428571428571429
137,15,0,4.75
137,16,0,4.75
137,17,0,5.444444444444445
137,18,0,5.8
137,19,0,6.2727272727272725
137,20,0,6.583333333333333
137,21,0,6.583333333333333
137,22,0,7.285714285714286
137,23,0,7.285714285714286
137,24,0,7.666666666666667
137,25,0,8.0
137,26,0,8.0
137,27,0,8.0
137,28,0,8.235294117647058
137,29,0,8.61111111111111
137,30,0,8.68421052631579
137,31,0,8.68421052631579
137,32,0,8.95
137,33,0,8.95
137,34,0,9.363636363636363
138,0,0,0
138,1,0,0
138,2,0,0
138,3,0,3.0
138,4,0,3.0
138,5,0,3.0
138,6,0,2.6666666666666665
138,7,0,3.25
138,8,0,3.25
138,9,0,3.25
138,10,0,3.6
138,11,0,4.0
138,12,0,4.142857142857143
138,13,0,4.142857142857143
138,14,0,4.375
138,15,0,4.666666666666667
138,16,0,4.9
138,17,0,4.9
138,18,0,5.2727272727272725
138,19,0,5.2727272727272725
138,20,0,5.583333333333333
138,21,0,6.0
138,22,0,6.071428571428571
138,23,0,6.466666666666667
138,24,0,6.466666666666667
138,25,0,6.466666666666667
138,26,0,6.6875
138,27,0,7.117647058823529
138,28,0,7.117647058823529
138,29,0,7.117647058823529
138,30,0,7.7894736842105265
138,31,0,7.7894736842105265
138,32,0,8.428571428571429
138,33,0,8.428571428571429
138,34,0,8.428571428571429
139,0,0,0
139,1,0,0
139,2,0,0
139,3,0,0
139,4,0,0
139,5,0,0
139,6,0,4.0
139,7,0,4.0
139,8,0,4.0
139,9,0,4.0
139,10,0,4.666666666666667
139,11,0,4.666666666666667
139,12,0,5.5
139,13,0,5.5
139,14,0,5.6
139,15,0,6.333333333333333
139,16,0,6.333333333333333
139,17,0,6.333333333333333
139,18,0,6.571428571428571
139,19,0,7.25
139,20,0,7.333333333333333
139,21,0,7.6
139,22,0,7.7272727272727275
139,23,0,7.916666666666667
139,24,0,8.076923076923077
139,25,0,8.142857142857142
139,26,0,8.142857142857142
139,27,0,8.142857142857142
139,28,0,8.466666666666667
139,29,0,8.3125
139,30,0,8.3125
139,31,0,8.5
139,32,0,8.5
139,33,0,8.368421052631579
139,34,0,8.368421052631579
140,0,0,0
140,1,0,0
140,2,0,2.0
140,3,0,2.5
140,4,0,2.5
140,5,0,3.0
140,6,0,3.5
140,7,0,3.5
140,8,0,4.0
140,9,0,4.0
140,10,0,4.0
140,11,0,4.285714285714286
140,12,0,4.875
140,13,0,5.0
140,14,0,5.5
140,15,0,5.5
140,16,0,5.5
140,17,0,6.166666666666667
140,18,0,6.166666666666667
140,19,0,6.166666666666667
140,20,0,6.928571428571429
140,21,0,6.928571428571429
140,22,0,7.133333333333334
140,23,0,7.625
140,24,0,7.625
140,25,0,7.625
140,26,0,8.444444444444445
140,27,0,8.444444444444445
140,28,0,8.444444444444445
140,29,0,9.0
140,30,0,9.3
140,31,0,9.3
140,32,0,9.909090909090908
140,33,0,9.909090909090908
140,34,0,10.173913043478262
141,0,0,0
141,1,0,0
141,2,0,0
141,3,0,0
141,4,0,3.0
141,5,0,3.5
141,6,0,3.5
141,7,0,4.0
141,8,0,4.5
141,9,0,4.5
141,10,0,4.5
141,11,0,5.2
141,12,0,5.333333333333333
141,13,0,5.333333333333333
141,14,0,5.285714285714286
141,15,0,6.0
141,16,0,5.888888888888889
141,17,0,5.888888888888889
141,18,0,6.6
141,19,0,6.6
141,20,0,6.7272727272727275
141,21,0,7.416666666666667
141,22,0,7.384615384615385
141,23,0,7.384615384615385
141,24,0,7.384615384615385
141,25,0,8.2
141,26,0,8.2
141,27,0,8.2
141,28,0,9.058823529411764
141,29,0,9.058823529411764
141,30,0,9.058823529411764
141,31,0,9.277777777777779
141,32,0,10.0
141,33,0,10.0
141,34,0,10.7
142,0,0,0
142,1,0,0
142,2,0,0
142,3,0,0
142,4,0,0
142,5,0,0
142,6,0,3.0
142,7,0,3.0
142,8,0,3.0
142,9,0,3.3333333333333335
142,10,0,4.25
142,11,0,4.25
142,12,0,4.4
142,13,0,4.4
142,14,0,4.333333333333333
142,15,0,4.333333333333333
142,16,0,4.285714285714286
142,17,0,4.285714285714286
142,18,0,4.555555555555555
142,19,0,4.555555555555555
142,20,0,4.8
142,21,0,4.818181818181818
142,22,0,5.083333333333333
142,23,0,5.083333333333333
142,24,0,5.230769230769231
142,25,0,5.230769230769231
142,26,0,5.642857142857143
142,27,0,5.733333333333333
142,28,0,6.125
142,29,0,6.125
142,30,0,6.125
142,31,0,6.722222222222222
142,32,0,6.722222222222222
142,33,0,6.722222222222222
142,34,0,6.947368421052632
143,0,0,0
143,1,0,0
143,2,0,2.0
143,3,0,2.0
143,4,0,2.5
143,5,0,3.0
143,6,0,3.25
143,7,0,3.4
143,8,0,3.3333333333333335
143,9,0,3.5714285714285716
143,10,0,3.5714285714285716
143,11,0,3.5714285714285716
143,12,0,4.0
143,13,0,4.0
143,14,0,3.8
143,15,0,3.8
143,16,0,4.181818181818182
143,17,0,4.083333333333333
143,18,0,4.083333333333333
143,19,0,4.538461538461538
143,20,0,4.538461538461538
143,21,0,4.538461538461538
143,22,0,4.933333333333334
143,23,0,4.933333333333334
143,24,0,4.8125
143,25,0,4.8125
143,26,0,5.294117647058823
143,27,0,5.277777777777778
143,28,0,5.277777777777778
143,29,0,5.277777777777778
143,30,0,5.842105263157895
143,31,0,5.85
143,32,0,5.85
143,33,0,5.85
143,34,0,6.476190476190476
144,0,0,0
144,1,0,0
144,2,0,0
144,3,0,3.0
144,4,0,3.0
144,5,0,2.5
144,6,0,2.5
144,7,0,2.75
144,8,0,2.75
144,9,0,2.75
144,10,0,3.3333333333333335
144,11,0,3.3333333333333335
144,12,0,3.3333333333333335
144,13,0,3.875
144,14,0,3.6666666666666665
144,15,0,3.909090909090909
144,16,0,3.909090909090909
144,17,0,3.8333333333333335
144,18,0,4.3076923076923075
144,19,0,4.3076923076923075
144,20,0,4.714285714285714
144,21,0,4.714285714285714
144,22,0,4.6
144,23,0,4.6
144,24,0,4.9375
144,25,0,4.9375
144,26,0,5.222222222222222
144,27,0,5.222222222222222
144,28,0,5.222222222222222
144,29,0,5.368421052631579
144,30,0,5.65
144,31,0,5.809523809523809
144,32,0,5.809523809523809
144,33,0,6.136363636363637
144,34,0,6.136363636363637
145,0,0,0
145,1,0,0
145,2,0,0
145,3,0,3.0
145,4,0,3.5
145,5,0,3.5
145,6,0,3.5
145,7,0,4.5
145,8,0,4.5
145,9,0,4.8
145,10,0,5.166666666666667
145,11,0,5.166666666666667
145,12,0,5.571428571428571
145,13,0,5.75
145,14,0,5.75
145,15,0,5.75
145,16,0,6.3
145,17,0,6.3
145,18,0,6.3
145,19,0,6.2727272727272725
145,20,0,6.666666666666667
145,21,0,6.666666666666667
145,22,0,6.769230769230769
145,23,0,6.769230769230769
145,24,0,7.2
145,25,0,7.2
145,26,0,7.2
145,27,0,7.2
145,28,0,7.588235294117647
145,29,0,7.588235294117647
145,30,0,7.444444444444445
145,31,0,7.947368421052632
145,32,0,7.85
145,33,0,7.85
145,34,0,7.85
146,0,0,0
146,1,0,0
146,2,0,0
146,3,0,0
146,4,0,3.0
146,5,0,3.0
146,6,0,3.0
146,7,0,4.0
146,8,0,4.0
146,9,0,3.3333333333333335
146,10,0,3.3333333333333335
146,11,0,3.5
146,12,0,3.4
146,13,0,3.4
146,14,0,3.6666666666666665
146,15,0,3.6666666666666665
146,16,0,4.125
146,17,0,4.125
146,18,0,4.125
146,19,0,4.333333333333333
146,20,0,4.6
146,21,0,4.6
146,22,0,4.6
146,23,0,5.083333333333333
146,24,0,5.083333333333333
146,25,0,5.461538461538462
146,26,0,5.461538461538462
146,27,0,5.571428571428571
146,28,0,5.571428571428571
146,29,0,6.0
146,30,0,6.0
146,31,0,6.647058823529412
146,32,0,6.647058823529412
146,33,0,7.055555555555555
146,34,0,7.315789473684211
147,0,0,0
147,1,0,0
147,2,0,0
147,3,0,3.0
147,4,0,3.0
147,5,0,3.0
147,6,0,4.0
147,7,0,4.0
147,8,0,4.0
147,9,0,4.4
147,10,0,4.4
147,11,0,4.4
147,12,0,4.857142857142857
147,13,0,4.857142857142857
147,14,0,4.875
147,15,0,5.333333333333333
147,16,0,5.3
147,17,0,5.3
147,18,0,5.636363636363637
147,19,0,5.75
147,20,0,5.75
147,21,0,5.75
147,22,0,6.285714285714286
147,23,0,6.285714285714286
147,24,0,6.285714285714286
147,25,0,6.875
147,26,0,6.875
147,27,0,6.875
147,28,0,7.176470588235294
147,29,0,7.5
147,30,0,7.5
147,31,0,7.842105263157895
147,32,0,7.842105263157895
147,33,0,8.25
147,34,0,8.571428571428571
148,0,0,0
148,1,0,0
148,2,0,0
148,3,0,3.0
148,4,0,3.5
148,5,0,3.5
148,6,0,3.5
148,7,0,4.333333333333333
148,8,0,4.5
148,9,0,4.5
148,10,0,4.5
148,11,0,5.4
148,12,0,5.833333333333333
148,13,0,6.285714285714286
148,14,0,6.285714285714286
148,15,0,6.285714285714286
148,16,0,7.222222222222222
148,17,0,7.222222222222222
148,18,0,7.222222222222222
148,19,0,7.818181818181818
148,20,0,7.818181818181818
148,21,0,8.083333333333334
148,22,0,8.23076923076923
148,23,0,8.23076923076923
148,24,0,8.571428571428571
148,25,0,8.6
148,26,0,8.6
148,27,0,8.6875
148,28,0,9.117647058823529
148,29,0,9.117647058823529
148,30,0,9.222222222222221
148,31,0,9.68421052631579
148,32,0,9.65
148,33,0,9.65
148,34,0,9.571428571428571
149,0,0,0
149,1,0,0
149,2,0,0
149,3,0,0
149,4,0,3.0
149,5,0,3.0
149,6,0,3.0
149,7,0,3.0
149,8,0,4.0
149,9,0,4.0
149,10,0,4.0
149,11,0,4.0
149,12,0,4.8
149,13,0,5.166666666666667
149,14,0,5.166666666666667
149,15,0,5.166666666666667
149,16,0,6.0
149,17,0,6.5
149,18,0,6.5
149,19,0,6.777777777777778
149,20,0,7.4
149,21,0,7.4
149,22,0,7.7272727272727275
149,23,0,8.25
149,24,0,8.25
149,25,0,8.25
149,26,0,9.0
149,27,0,9.0
149,28,0,9.0
149,29,0,9.0
149,30,0,9.9375
149,31,0,9.9375
149,32,0,10.352941176470589
149,33,0,10.352941176470589
149,34,0,10.88888888888889
150,0,0,0
150,1,0,0
150,2,0,0
150,3,0,0
150,4,0,0
150,5,0,0
150,6,0,3.5
150,7,0,3.5
150,8,0,3.6666666666666665
150,9,0,4.0
150,10,0,4.0
150,11,0,4.0
150,12,0,4.285714285714286
150,13,0,4.285714285714286
150,14,0,4.285714285714286
150,15,0,4.625
150,16,0,4.888888888888889
150,17,0,4.888888888888889
150,18,0,5.1
150,19,0,5.181818181818182
150,20,0,5.181818181818182
150,21,0,5.25
150,22,0,5.384615384615385
150,23,0,5.384615384615385
150,24,0,5.571428571428571
150,25,0,5.571428571428571
150,26,0,6.0
150,27,0,6.0
150,28,0,6.235294117647059
150,29,0,6.444444444444445
150,30,0,6.444444444444445
150,31,0,6.7368421052631575
150,32,0,6.7368421052631575
150,33,0,6.95
150,34,0,6.95
151,0,0,0
151,1,0,0
151,2,0,2.0
151,3,0,2.0
151,4,0,2.0
151,5,0,3.0
151,6,0,3.3333333333333335
151,7,0,3.3333333333333335
151,8,0,3.3333333333333335
151,9,0,4.25
151,10,0,4.25
151,11,0,4.2
151,12,0,4.2
151,13,0,5.0
151,14,0,5.0
151,15,0,5.125
151,16,0,5.666666666666667
151,17,0,5.7
151,18,0,6.090909090909091
151,19,0,6.083333333333333
151,20,0,6.083333333333333
151,21,0,6.083333333333333
151,22,0,6.538461538461538
151,23,0,6.538461538461538
151,24,0,6.285714285714286
151,25,0,6.733333333333333
151,26,0,6.733333333333333
151,27,0,6.625
151,28,0,6.625
151,29,0,7.176470588235294
151,30,0,7.111111111111111
151,31,0,7.578947368421052
151,32,0,7.578947368421052
151,33,0,7.578947368421052
151,34,0,8.047619047619047
152,0,0,0
152,1,0,0
152,2,0,2.0
152,3,0,2.0
152,4,0,2.3333333333333335
152,5,0,2.3333333333333335
152,6,0,2.6
152,7,0,2.6
152,8,0,2.6
152,9,0,3.0
152,10,0,3.4285714285714284
152,11,0,3.4285714285714284
152,12,0,3.4285714285714284
152,13,0,3.625
152,14,0,3.625
152,15,0,3.625
152,16,0,3.625
152,17,0,4.111111111111111
152,18,0,4.1
152,19,0,4.166666666666667
152,20,0,4.0
152,21,0,4.285714285714286
152,22,0,4.285714285714286
152,23,0,4.533333333333333
152,24,0,4.5625
152,25,0,4.647058823529412
152,26,0,4.647058823529412
152,27,0,4.7894736842105265
152,28,0,4.7894736842105265
152,29,0,4.666666666666667
152,30,0,4.666666666666667
152,31,0,4.666666666666667
152,32,0,4.666666666666667
152,33,0,4.782608695652174
152,34,0,4.782608695652174
153,0,0,0
153,1,0,0
153,2,0,2.0
153,3,0,2.0
153,4,0,2.5
153,5,0,2.3333333333333335
153,6,0,2.3333333333333335
153,7,0,3.0
153,8,0,3.0
153,9,0,3.0
153,10,0,3.0
153,11,0,4.0
153,12,0,4.0
153,13,0,4.428571428571429
153,14,0,4.428571428571429
153,15,0,4.428571428571429
153,16,0,4.5
153,17,0,5.0
153,18,0,5.0
153,19,0,4.9
153,20,0,4.9
153,21,0,5.166666666666667
153,22,0,5.166666666666667
153,23,0,5.615384615384615
153,24,0,5.571428571428571
153,25,0,5.866666666666666
153,26,0,5.866666666666666
153,27,0,6.125
153,28,0,6.176470588235294
153,29,0,6.176470588235294
153,30,0,6.176470588235294
153,31,0,6.5
153,32,0,6.631578947368421
153,33,0,6.631578947368421
153,34,0,6.631578947368421
154,0,0,0
154,1,0,0
154,2,0,0
154,3,0,3.0
154,4,0,2.5
154,5,0,2.5
154,6,0,2.5
154,7,0,3.6666666666666665
154,8,0,3.5
154,9,0,3.5
154,10,0,4.2
154,11,0,4.2
154,12,0,4.2
154,13,0,5.0
154,14,0,5.0
154,15,0,4.5
154,16,0,5.222222222222222
154,17,0,5.222222222222222
154,18,0,5.1
154,19,0,5.7272727272727275
154,20,0,5.666666666666667
154,21,0,6.230769230769231
154,22,0,6.230769230769231
154,23,0,6.285714285714286
154,24,0,6.866666666666666
154,25,0,6.8125
154,26,0,6.8125
154,27,0,6.8125
154,28,0,7.470588235294118
154,29,0,7.5
154,30,0,8.105263157894736
154,31,0,8.105263157894736
154,32,0,8.2
154,33,0,8.761904761904763
154,34,0,8.761904761904763
155,0,0,0
155,1,0,0
155,2,0,2.0
155,3,0,2.0
155,4,0,2.0
155,5,0,3.0
155,6,0,3.0
155,7,0,3.0
155,8,0,3.0
155,9,0,3.4
155,10,0,3.4
155,11,0,3.4
155,12,0,3.3333333333333335
155,13,0,3.7142857142857144
155,14,0,3.7142857142857144
155,15,0,4.125
155,16,0,4.333333333333333
155,17,0,4.333333333333333
155,18,0,4.333333333333333
155,19,0,4.9
155,20,0,5.2727272727272725
155,21,0,5.2727272727272725
155,22,0,5.833333333333333
155,23,0,5.833333333333333
155,24,0,6.230769230769231
155,25,0,6.230769230769231
155,26,0,7.066666666666666
155,27,0,7.066666666666666
155,28,0,7.066666666666666
155,29,0,7.066666666666666
155,30,0,8.0
155,31,0,8.0
155,32,0,8.0
155,33,0,8.0
155,34,0,9.0
156,0,0,0
156,1,0,0
156,2,0,0
156,3,0,3.0
156,4,0,3.5
156,5,0,3.5
156,6,0,3.5
156,7,0,4.0
156,8,0,4.0
156,9,0,4.2
156,10,0,4.2
156,11,0,4.333333333333333
156,12,0,4.714285714285714
156,13,0,4.714285714285714
156,14,0,5.0
156,15,0,5.444444444444445
156,16,0,5.5
156,17,0,5.5
156,18,0,5.5
156,19,0,6.090909090909091
156,20,0,6.166666666666667
156,21,0,6.166666666666667
156,22,0,6.166666666666667
156,23,0,6.846153846153846
156,24,0,7.0
156,25,0,7.0
156,26,0,7.6875
156,27,0,7.6875
156,28,0,7.6875
156,29,0,7.823529411764706
156,30,0,8.222222222222221
156,31,0,8.222222222222221
156,32,0,8.421052631578947
156,33,0,8.85
156,34,0,8.85
157,0,0,0
157,1,0,0
157,2,0,0
157,3,0,0
157,4,0,4.0
157,5,0,4.0
157,6,0,4.0
157,7,0,4.333333333333333
157,8,0,4.333333333333333
157,9,0,4.333333333333333
157,10,0,4.333333333333333
157,11,0,4.75
157,12,0,4.75
157,13,0,5.0
157,14,0,5.0
157,15,0,4.833333333333333
157,16,0,5.285714285714286
157,17,0,5.285714285714286
157,18,0,5.375
157,19,0,5.222222222222222
157,20,0,5.4
157,21,0,5.4
157,22,0,5.363636363636363
157,23,0,5.583333333333333
157,24,0,5.583333333333333
157,25,0,5.583333333333333
157,26,0,5.615384615384615
157,27,0,5.857142857142857
157,28,0,5.866666666666666
157,29,0,6.0625
157,30,0,6.0625
157,31,0,6.176470588235294
157,32,0,6.333333333333333
157,33,0,6.333333333333333
157,34,0,6.333333333333333
158,0,0,0
158,1,0,0
158,2,0,0
158,3,0,2.0
158,4,0,3.0
158,5,0,3.0
158,6,0,3.0
158,7,0,3.5
158,8,0,3.6
158,9,0,3.6
158,10,0,3.5
158,11,0,3.857142857142857
158,12,0,3.857142857142857
158,13,0,3.857142857142857
158,14,0,4.222222222222222
158,15,0,4.222222222222222
158,16,0,4.7
158,17,0,4.7
158,18,0,4.818181818181818
158,19,0,4.818181818181818
158,20,0,5.416666666666667
158,21,0,5.384615384615385
158,22,0,5.384615384615385
158,23,0,5.384615384615385
158,24,0,6.133333333333334
158,25,0,6.133333333333334
158,26,0,6.133333333333334
158,27,0,6.133333333333334
158,28,0,7.0
158,29,0,7.0
158,30,0,7.0
158,31,0,7.7894736842105265
158,32,0,7.7894736842105265
158,33,0,8.380952380952381
158,34,0,8.380952380952381
159,0,0,0
159,1,0,0
159,2,0,0
159,3,0,3.0
159,4,0,3.0
159,5,0,3.0
159,6,0,3.0
159,7,0,3.5
159,8,0,3.5
159,9,0,3.5
159,10,0,3.2
159,11,0,4.0
159,12,0,4.0
159,13,0,4.0
159,14,0,4.0
159,15,0,4.75
159,16,0,4.75
159,17,0,4.777777777777778
159,18,0,5.5
159,19,0,5.545454545454546
159,20,0,5.545454545454546
159,21,0,5.545454545454546
159,22,0,6.076923076923077
159,23,0,6.076923076923077
159,24,0,6.076923076923077
159,25,0,6.076923076923077
159,26,0,6.714285714285714
159,27,0,6.714285714285714
159,28,0,6.4
159,29,0,6.25
159,30,0,6.9411764705882355
159,31,0,6.9411764705882355
159,32,0,6.888888888888889
159,33,0,6.888888888888889
159,34,0,7.631578947368421
160,0,0,0
160,1,0,0
160,2,0,0
160,3,0,2.5
160,4,0,2.5
160,5,0,2.5
160,6,0,3.5
160,7,0,3.5
160,8,0,3.5
160,9,0,4.5
160,10,0,4.5
160,11,0,4.5
160,12,0,4.5
160,13,0,5.75
160,14,0,5.75
160,15,0,5.75
160,16,0,5.75
160,17,0,7.1
160,18,0,7.1
160,19,0,7.7272727272727275
160,20,0,7.7272727272727275
160,21,0,8.333333333333334
160,22,0,8.846153846153847
160,23,0,8.846153846153847
160,24,0,8.846153846153847
160,25,0,9.866666666666667
160,26,0,9.866666666666667
160,27,0,9.866666666666667
160,28,0,10.647058823529411
160,29,0,10.647058823529411
160,30,0,11.368421052631579
160,31,0,11.368421052631579
160,32,0,11.368421052631579
160,33,0,11.75
160,34,0,12.095238095238095
161,0,0,0
161,1,0,0
161,2,0,2.0
161,3,0,2.5
161,4,0,2.3333333333333335
161,5,0,2.75
161,6,0,2.75
161,7,0,2.8
161,8,0,2.8
161,9,0,2.8
161,10,0,2.8
161,11,0,3.1666666666666665
161,12,0,3.1666666666666665
161,13,0,3.1666666666666665
161,14,0,3.142857142857143
161,15,0,3.625
161,16,0,3.625
161,17,0,4.111111111111111
161,18,0,4.111111111111111
161,19,0,4.111111111111111
161,20,0,4.545454545454546
161,21,0,4.545454545454546
161,22,0,5.0
161,23,0,5.0
161,24,0,5.0
161,25,0,5.533333333333333
161,26,0,5.533333333333333
161,27,0,5.533333333333333
161,28,0,5.533333333333333
161,29,0,6.0588235294117645
161,30,0,6.0588235294117645
161,31,0,6.277777777777778
161,32,0,6.277777777777778
161,33,0,6.473684210526316
161,34,0,6.473684210526316
162,0,0,0
162,1,0,0
162,2,0,0
162,3,0,0
162,4,0,0
162,5,0,4.0
162,6,0,4.0
162,7,0,4.0
162,8,0,4.0
162,9,0,4.0
162,10,0,4.0
162,11,0,4.0
162,12,0,4.2
162,13,0,4.2
162,14,0,4.2
162,15,0,4.666666666666667
162,16,0,5.142857142857143
162,17,0,5.142857142857143
162,18,0,5.142857142857143
162,19,0,6.0
162,20,0,6.0
162,21,0,6.0
162,22,0,6.0
162,23,0,6.7
162,24,0,6.363636363636363
162,25,0,6.363636363636363
162,26,0,7.083333333333333
162,27,0,6.846153846153846
162,28,0,6.846153846153846
162,29,0,6.846153846153846
162,30,0,7.571428571428571
162,31,0,7.533333333333333
162,32,0,7.533333333333333
162,33,0,8.125
162,34,0,8.125
163,0,0,0
163,1,0,0
163,2,0,2.0
163,3,0,2.0
163,4,0,2.0
163,5,0,2.6666666666666665
163,6,0,2.6666666666666665
163,7,0,2.6666666666666665
163,8,0,3.25
163,9,0,4.0
163,10,0,4.0
163,11,0,4.0
163,12,0,4.5
163,13,0,4.5
163,14,0,4.5
163,15,0,5.142857142857143
163,16,0,5.0
163,17,0,5.555555555555555
163,18,0,5.555555555555555
163,19,0,5.555555555555555
163,20,0,6.090909090909091
163,21,0,6.090909090909091
163,22,0,6.0
163,23,0,6.0
163,24,0,6.285714285714286
163,25,0,6.285714285714286
163,26,0,6.6
163,27,0,6.6
163,28,0,6.9411764705882355
163,29,0,6.9411764705882355
163,30,0,6.9411764705882355
163,31,0,6.944444444444445
163,32,0,7.368421052631579
163,33,0,7.368421052631579
163,34,0,7.45
164,0,0,0
164,1,0,0
164,2,0,2.0
164,3,0,2.0
164,4,0,2.6666666666666665
164,5,0,2.6666666666666665
164,6,0,2.75
164,7,0,3.2
164,8,0,3.2
164,9,0,3.5
164,10,0,3.5
164,11,0,3.857142857142857
164,12,0,3.857142857142857
164,13,0,3.625
164,14,0,3.625
164,15,0,4.111111111111111
164,16,0,4.111111111111111
164,17,0,4.2727272727272725
164,18,0,4.2727272727272725
164,19,0,4.2727272727272725
164,20,0,4.5
164,21,0,4.615384615384615
164,22,0,4.615384615384615
164,23,0,4.615384615384615
164,24,0,4.866666666666666
164,25,0,4.866666666666666
164,26,0,4.875
164,27,0,4.9411764705882355
164,28,0,4.9411764705882355
164,29,0,4.9411764705882355
164,30,0,5.105263157894737
164,31,0,5.105263157894737
164,32,0,5.0
164,33,0,5.0
164,34,0,5.0
165,0,0,0
165,1,0,0
165,2,0,2.0
165,3,0,2.0
165,4,0,3.0
165,5,0,3.0
165,6,0,3.6666666666666665
165,7,0,3.75
165,8,0,3.75
165,9,0,3.75
165,10,0,4.6
165,11,0,5.0
165,12,0,5.285714285714286
165,13,0,5.285714285714286
165,14,0,5.285714285714286
165,15,0,5.888888888888889
165,16,0,5.888888888888889
165,17,0,6.3
165,18,0,6.3
165,19,0,6.636363636363637
165,20,0,6.636363636363637
165,21,0,7.0
165,22,0,7.3076923076923075
165,23,0,7.642857142857143
165,24,0,7.866666666666666
165,25,0,7.866666666666666
165,26,0,8.25
165,27,0,8.235294117647058
165,28,0,8.5
165,29,0,8.5
165,30,0,8.5
165,31,0,8.95
165,32,0,8.619047619047619
165,33,0,8.772727272727273
165,34,0,9.130434782608695
166,0,0,0
166,1,0,0
166,2,0,0
166,3,0,0
166,4,0,4.0
166,5,0,3.5
166,6,0,4.0
166,7,0,4.0
166,8,0,4.5
166,9,0,4.8
166,10,0,4.8
166,11,0,4.8
166,12,0,5.5
166,13,0,6.0
166,14,0,6.0
166,15,0,6.625
166,16,0,6.888888888888889
166,17,0,6.888888888888889
166,18,0,7.0
166,19,0,7.363636363636363
166,20,0,7.363636363636363
166,21,0,7.363636363636363
166,22,0,7.6923076923076925
166,23,0,7.6923076923076925
166,24,0,7.6923076923076925
166,25,0,8.133333333333333
166,26,0,8.133333333333333
166,27,0,8.133333333333333
166,28,0,8.5
166,29,0,8.588235294117647
166,30,0,8.588235294117647
166,31,0,8.588235294117647
166,32,0,8.947368421052632
166,33,0,8.947368421052632
166,34,0,8.947368421052632
167,0,0,0
167,1,0,0
167,2,0,0
167,3,0,0
167,4,0,4.0
167,5,0,4.0
167,6,0,4.0
167,7,0,5.0
167,8,0,5.0
167,9,0,5.0
167,10,0,5.6
167,11,0,5.666666666666667
167,12,0,5.666666666666667
167,13,0,6.285714285714286
167,14,0,6.285714285714286
167,15,0,6.625
167,16,0,7.111111111111111
167,17,0,7.111111111111111
167,18,0,7.5
167,19,0,7.909090909090909
167,20,0,7.909090909090909
167,21,0,8.333333333333334
167,22,0,8.333333333333334
167,23,0,8.76923076923077
167,24,0,9.214285714285714
167,25,0,9.533333333333333
167,26,0,9.533333333333333
167,27,0,10.176470588235293
167,28,0,10.176470588235293
167,29,0,10.176470588235293
167,30,0,10.444444444444445
167,31,0,10.947368421052632
167,32,0,10.947368421052632
167,33,0,10.947368421052632
167,34,0,11.3
168,0,0,0
168,1,0,0
168,2,0,0
168,3,0,0
168,4,0,3.0
168,5,0,3.0
168,6,0,2.6666666666666665
168,7,0,2.6666666666666665
168,8,0,3.5
168,9,0,3.6
168,10,0,4.166666666666667
168,11,0,4.166666666666667
168,12,0,4.714285714285714
168,13,0,4.875
168,14,0,4.875
168,15,0,4.875
168,16,0,5.333333333333333
168,17,0,5.7
168,18,0,5.7
168,19,0,5.7
168,20,0,6.2727272727272725
168,21,0,6.75
168,22,0,6.75
168,23,0,6.846153846153846
168,24,0,7.428571428571429
168,25,0,7.428571428571429
168,26,0,7.428571428571429
168,27,0,8.1875
168,28,0,8.1875
168,29,0,8.705882352941176
168,30,0,8.705882352941176
168,31,0,8.944444444444445
168,32,0,9.473684210526315
168,33,0,9.473684210526315
168,34,0,9.473684210526315
169,0,0,0
169,1,0,0
169,2,0,2.0
169,3,0,2.5
169,4,0,2.5
169,5,0,2.5
169,6,0,2.5
169,7,0,3.6666666666666665
169,8,0,3.75
169,9,0,3.75
169,10,0,3.75
169,11,0,4.5
169,12,0,4.5
169,13,0,4.5
169,14,0,4.571428571428571
169,15,0,5.125
169,16,0,5.111111111111111
169,17,0,5.111111111111111
169,18,0,5.7
169,19,0,5.545454545454546
169,20,0,5.545454545454546
169,21,0,6.083333333333333
169,22,0,6.083333333333333
169,23,0,6.0
169,24,0,6.5
169,25,0,6.5
169,26,0,6.8
169,27,0,6.8
169,28,0,6.9411764705882355
169,29,0,6.9411764705882355
169,30,0,7.052631578947368
169,31,0,7.052631578947368
169,32,0,6.9
169,33,0,6.9
169,34,0,7.238095238095238
170,0,0,0
170,1,0,0
170,2,0,0
170,3,0,0
170,4,0,4.0
170,5,0,4.0
170,6,0,4.5
170,7,0,4.5
170,8,0,4.5
170,9,0,4.5
170,10,0,5.25
170,11,0,5.25
170,12,0,5.25
170,13,0,5.25
170,14,0,6.166666666666667
170,15,0,6.166666666666667
170,16,0,6.166666666666667
170,17,0,6.75
170,18,0,6.75
170,19,0,6.666666666666667
170,20,0,6.666666666666667
170,21,0,7.5
170,22,0,7.545454545454546
170,23,0,7.545454545454546
170,24,0,7.5
170,25,0,8.307692307692308
170,26,0,8.307692307692308
170,27,0,9.0
170,28,0,8.933333333333334
170,29,0,8.933333333333334
170,30,0,8.933333333333334
170,31,0,9.647058823529411
170,32,0,9.647058823529411
170,33,0,9.647058823529411
170,34,0,10.38888888888889
171,0,0,0
171,1,0,0
171,2,0,2.0
171,3,0,2.0
171,4,0,2.0
171,5,0,2.0
171,6,0,3.0
171,7,0,3.25
171,8,0,3.25
171,9,0,3.8
171,10,0,3.8
171,11,0,4.333333333333333
171,12,0,4.333333333333333
171,13,0,4.428571428571429
171,14,0,4.75
171,15,0,4.75
171,16,0,4.75
171,17,0,5.111111111111111
171,18,0,5.6
171,19,0,5.909090909090909
171,20,0,5.909090909090909
171,21,0,5.909090909090909
171,22,0,6.6923076923076925
171,23,0,6.6923076923076925
171,24,0,6.857142857142857
171,25,0,7.333333333333333
171,26,0,7.333333333333333
171,27,0,7.5
171,28,0,7.5
171,29,0,8.058823529411764
171,30,0,8.222222222222221
171,31,0,8.222222222222221
171,32,0,8.68421052631579
171,33,0,8.68421052631579
171,34,0,8.9
172,0,0,0
172,1,0,0
172,2,0,0
172,3,0,3.0
172,4,0,3.0
172,5,0,3.0
172,6,0,3.0
172,7,0,4.25
172,8,0,4.25
172,9,0,4.4
172,10,0,4.4
172,11,0,4.833333333333333
172,12,0,4.833333333333333
172,13,0,5.142857142857143
172,14,0,5.625
172,15,0,5.625
172,16,0,5.625
172,17,0,6.4
172,18,0,6.4
172,19,0,6.916666666666667
172,20,0,6.916666666666667
172,21,0,6.916666666666667
172,22,0,7.5
172,23,0,7.5
172,24,0,7.5
172,25,0,7.8
172,26,0,7.875
172,27,0,7.875
172,28,0,8.235294117647058
172,29,0,8.38888888888889
172,30,0,8.38888888888889
172,31,0,8.526315789473685
172,32,0,8.6
172,33,0,8.6
172,34,0,8.523809523809524
173,0,0,0
173,1,0,0
173,2,0,0
173,3,0,3.0
173,4,0,3.0
173,5,0,3.0
173,6,0,3.0
173,7,0,3.0
173,8,0,3.0
173,9,0,3.0
173,10,0,3.0
173,11,0,2.75
173,12,0,2.75
173,13,0,2.75
173,14,0,3.0
173,15,0,3.5
173,16,0,3.5
173,17,0,3.5
173,18,0,4.142857142857143
173,19,0,4.0
173,20,0,4.0
173,21,0,4.666666666666667
173,22,0,4.666666666666667
173,23,0,4.7
173,24,0,5.2727272727272725
173,25,0,5.333333333333333
173,26,0,5.769230769230769
173,27,0,5.769230769230769
173,28,0,5.769230769230769
173,29,0,6.0
173,30,0,6.533333333333333
173,31,0,6.533333333333333
173,32,0,6.8125
173,33,0,7.294117647058823
173,34,0,7.294117647058823
174,0,0,0
174,1,0,0
174,2,0,0
174,3,0,0
174,4,0,4.0
174,5,0,4.0
174,6,0,4.0
174,7,0,4.666666666666667
174,8,0,4.666666666666667
174,9,0,5.0
174,10,0,5.2
174,11,0,5.5
174,12,0,5.5
174,13,0,5.714285714285714
174,14,0,6.125
174,15,0,6.125
174,16,0,6.125
174,17,0,6.555555555555555
174,18,0,7.0
174,19,0,7.363636363636363
174,20,0,7.363636363636363
174,21,0,7.363636363636363
174,22,0,7.833333333333333
174,23,0,8.307692307692308
174,24,0,8.642857142857142
174,25,0,8.642857142857142
174,26,0,8.642857142857142
174,27,0,9.5625
174,28,0,9.5625
174,29,0,9.5625
174,30,0,10.0
174,31,0,10.5
174,32,0,10.5
174,33,0,11.35
174,34,0,11.35
175,0,0,0
175,1,0,0
175,2,0,2.0
175,3,0,2.5
175,4,0,2.5
175,5,0,2.5
175,6,0,2.5
175,7,0,3.75
175,8,0,3.75
175,9,0,3.6
175,10,0,4.0
175,11,0,4.0
175,12,0,4.375
175,13,0,4.375
175,14,0,4.444444444444445
175,15,0,4.7
175,16,0,4.7
175,17,0,4.818181818181818
175,18,0,4.818181818181818
175,19,0,4.818181818181818
175,20,0,5.0
175,21,0,5.0
175,22,0,5.0
175,23,0,5.333333333333333
175,24,0,5.333333333333333
175,25,0,5.705882352941177
175,26,0,5.705882352941177
175,27,0,6.105263157894737
175,28,0,6.105263157894737
175,29,0,6.105263157894737
175,30,0,6.476190476190476
175,31,0,6.476190476190476
175,32,0,6.476190476190476
175,33,0,6.7727272727272725
175,34,0,6.956521739130435
176,0,0,0
176,1,0,0
176,2,0,0
176,3,0,3.0
176,4,0,3.0
176,5,0,3.0
176,6,0,3.75
176,7,0,3.75
176,8,0,4.2
176,9,0,4.5
176,10,0,4.714285714285714
176,11,0,5.0
176,12,0,5.222222222222222
176,13,0,5.222222222222222
176,14,0,5.222222222222222
176,15,0,5.454545454545454
176,16,0,5.454545454545454
176,17,0,5.454545454545454
176,18,0,5.916666666666667
176,19,0,5.923076923076923
176,20,0,5.923076923076923
176,21,0,6.285714285714286
176,22,0,6.4
176,23,0,6.4
176,24,0,6.4
176,25,0,6.8125
176,26,0,7.0588235294117645
176,27,0,7.0588235294117645
176,28,0,7.0588235294117645
176,29,0,7.7368421052631575
176,30,0,7.7368421052631575
176,31,0,7.7368421052631575
176,32,0,7.7368421052631575
176,33,0,8.571428571428571
176,34,0,8.571428571428571
177,0,0,0
177,1,0,0
177,2,0,0
177,3,0,0
177,4,0,4.0
177,5,0,4.0
177,6,0,4.0
177,7,0,4.0
177,8,0,4.0
177,9,0,4.0
177,10,0,4.0
177,11,0,4.333333333333333
177,12,0,4.333333333333333
177,13,0,4.428571428571429
177,14,0,4.428571428571429
177,15,0,4.875
177,16,0,5.111111111111111
177,17,0,5.111111111111111
177,18,0,5.5
177,19,0,5.5
177,20,0,6.0
177,21,0,6.0
177,22,0,6.153846153846154
177,23,0,6.153846153846154
177,24,0,6.666666666666667
177,25,0,6.666666666666667
177,26,0,6.666666666666667
177,27,0,6.875
177,28,0,7.0
177,29,0,7.222222222222222
177,30,0,7.222222222222222
177,31,0,7.368421052631579
177,32,0,7.65
177,33,0,7.65
177,34,0,8.136363636363637
178,0,0,0
178,1,0,0
178,2,0,0
178,3,0,0
178,4,0,3.0
178,5,0,3.0
178,6,0,3.25
178,7,0,3.25
178,8,0,3.25
178,9,0,4.0
178,10,0,4.0
178,11,0,4.0
178,12,0,4.5
178,13,0,4.5
178,14,0,4.5
178,15,0,5.0
178,16,0,5.2
178,17,0,5.2727272727272725
178,18,0,5.333333333333333
178,19,0,5.333333333333333
178,20,0,5.538461538461538
178,21,0,5.714285714285714
178,22,0,5.714285714285714
178,23,0,5.733333333333333
178,24,0,5.733333333333333
178,25,0,6.117647058823529
178,26,0,6.117647058823529
178,27,0,6.421052631578948
178,28,0,6.421052631578948
178,29,0,6.55
178,30,0,6.55
178,31,0,6.857142857142857
178,32,0,7.0
178,33,0,7.0
178,34,0,7.5
179,0,0,0
179,1,0,0
179,2,0,2.0
179,3,0,2.0
179,4,0,2.5
179,5,0,2.5
179,6,0,2.75
179,7,0,2.75
179,8,0,2.75
179,9,0,2.75
179,10,0,3.8333333333333335
179,11,0,3.8333333333333335
179,12,0,3.8333333333333335
179,13,0,4.375
179,14,0,4.375
179,15,0,4.777777777777778
179,16,0,4.777777777777778
179,17,0,5.0
179,18,0,5.0
179,19,0,5.454545454545454
179,20,0,5.666666666666667
179,21,0,5.666666666666667
179,22,0,6.214285714285714
179,23,0,6.214285714285714
179,24,0,6.214285714285714
179,25,0,6.733333333333333
179,26,0,6.8125
179,27,0,7.294117647058823
179,28,0,7.294117647058823
179,29,0,7.444444444444445
179,30,0,7.444444444444445
179,31,0,7.947368421052632
179,32,0,7.947368421052632
179,33,0,8.05
179,34,0,8.05
180,0,0,0
180,1,0,0
180,2,0,0
180,3,0,3.0
180,4,0,3.0
180,5,0,3.0
180,6,0,3.0
180,7,0,4.0
180,8,0,4.0
180,9,0,4.0
180,10,0,4.0
180,11,0,4.6
180,12,0,4.6
180,13,0,4.666666666666667
180,14,0,4.666666666666667
180,15,0,5.285714285714286
180,16,0,5.5
180,17,0,6.0
180,18,0,6.0
180,19,0,6.3
180,20,0,6.3
180,21,0,6.909090909090909
180,22,0,6.909090909090909
180,23,0,7.6923076923076925
180,24,0,7.6923076923076925
180,25,0,8.071428571428571
180,26,0,8.071428571428571
180,27,0,8.8125
180,28,0,8.8125
180,29,0,9.117647058823529
180,30,0,9.444444444444445
180,31,0,9.444444444444445
180,32,0,9.55
180,33,0,9.55
180,34,0,9.666666666666666
181,0,0,0
181,1,0,0
181,2,0,2.0
181,3,0,2.5
181,4,0,2.5
181,5,0,2.5
181,6,0,3.0
181,7,0,3.0
181,8,0,3.0
181,9,0,3.25
181,10,0,3.8
181,11,0,4.0
181,12,0,4.0
181,13,0,4.428571428571429
181,14,0,4.75
181,15,0,5.111111111111111
181,16,0,5.2
181,17,0,5.2727272727272725
181,18,0,5.2727272727272725
181,19,0,5.2727272727272725
181,20,0,5.5
181,21,0,5.6923076923076925
181,22,0,5.6923076923076925
181,23,0,5.928571428571429
181,24,0,6.133333333333334
181,25,0,6.133333333333334
181,26,0,6.133333333333334
181,27,0,6.4375
181,28,0,6.705882352941177
181,29,0,6.944444444444445
181,30,0,7.2105263157894735
181,31,0,7.2105263157894735
181,32,0,7.45
181,33,0,7.761904761904762
181,34,0,7.761904761904762
182,0,0,0
182,1,0,0
182,2,0,0
182,3,0,0
182,4,0,0
182,5,0,3.0
182,6,0,3.0
182,7,0,3.0
182,8,0,3.0
182,9,0,4.0
182,10,0,4.0
182,11,0,4.2
182,12,0,4.2
182,13,0,4.833333333333333
182,14,0,4.833333333333333
182,15,0,5.0
182,16,0,5.0
182,17,0,5.666666666666667
182,18,0,5.666666666666667
182,19,0,5.666666666666667
182,20,0,5.8
182,21,0,6.545454545454546
182,22,0,6.545454545454546
182,23,0,7.0
182,24,0,6.923076923076923
182,25,0,6.923076923076923
182,26,0,6.923076923076923
182,27,0,7.5
182,28,0,7.466666666666667
182,29,0,7.466666666666667
182,30,0,7.466666666666667
182,31,0,8.0
182,32,0,8.0
182,33,0,8.0
182,34,0,8.0
183,0,0,0
183,1,0,0
183,2,0,0
183,3,0,0
183,4,0,0
183,5,0,4.0
183,6,0,4.0
183,7,0,4.0
183,8,0,4.333333333333333
183,9,0,4.0
183,10,0,4.0
183,11,0,4.2
183,12,0,4.2
183,13,0,4.5
183,14,0,4.5
183,15,0,5.0
183,16,0,5.0
183,17,0,5.5
183,18,0,6.0
183,19,0,6.0
183,20,0,6.0
183,21,0,6.0
183,22,0,6.75
183,23,0,6.75
183,24,0,7.3076923076923075
183,25,0,7.3076923076923075
183,26,0,7.428571428571429
183,27,0,7.933333333333334
183,28,0,7.933333333333334
183,29,0,8.125
183,30,0,8.647058823529411
183,31,0,8.833333333333334
183,32,0,8.833333333333334
183,33,0,8.833333333333334
183,34,0,9.65
184,0,0,0
184,1,0,0
184,2,0,2.0
184,3,0,2.0
184,4,0,2.0
184,5,0,2.0
184,6,0,3.0
184,7,0,3.0
184,8,0,3.0
184,9,0,3.8
184,10,0,3.8
184,11,0,3.8
184,12,0,4.166666666666667
184,13,0,4.571428571428571
184,14,0,4.25
184,15,0,4.666666666666667
184,16,0,4.666666666666667
184,17,0,4.9
184,18,0,4.909090909090909
184,19,0,4.909090909090909
184,20,0,5.083333333333333
184,21,0,5.230769230769231
184,22,0,5.230769230769231
184,23,0,5.285714285714286
184,24,0,5.6
184,25,0,5.6
184,26,0,5.75
184,27,0,5.75
184,28,0,6.176470588235294
184,29,0,6.176470588235294
184,30,0,6.7894736842105265
184,31,0,6.7894736842105265
184,32,0,6.7894736842105265
184,33,0,7.1
184,34,0,7.523809523809524
185,0,0,0
185,1,0,0
185,2,0,0
185,3,0,2.0
185,4,0,2.0
185,5,0,3.0
185,6,0,3.0
185,7,0,3.6666666666666665
185,8,0,3.6666666666666665
185,9,0,4.5
185,10,0,4.5
185,11,0,5.2
185,12,0,5.2
185,13,0,6.0
185,14,0,6.571428571428571
185,15,0,6.75
185,16,0,6.75
185,17,0,6.75
185,18,0,7.444444444444445
185,19,0,7.7
185,20,0,7.7
185,21,0,8.363636363636363
185,22,0,8.363636363636363
185,23,0,8.583333333333334
185,24,0,9.23076923076923
185,25,0,9.23076923076923
185,26,0,9.5
185,27,0,9.5
185,28,0,10.133333333333333
185,29,0,10.133333333333333
185,30,0,10.4375
185,31,0,10.4375
185,32,0,11.117647058823529
185,33,0,11.117647058823529
185,34,0,11.5
186,0,0,0
186,1,0,0
186,2,0,2.0
186,3,0,2.5
186,4,0,2.5
186,5,0,2.5
186,6,0,2.5
186,7,0,3.0
186,8,0,3.25
186,9,0,3.25
186,10,0,3.25
186,11,0,3.8
186,12,0,3.8
186,13,0,3.8333333333333335
186,14,0,3.8333333333333335
186,15,0,4.571428571428571
186,16,0,4.571428571428571
186,17,0,4.75
186,18,0,4.75
186,19,0,5.555555555555555
186,20,0,5.6
186,21,0,5.6
186,22,0,5.6
186,23,0,6.454545454545454
186,24,0,6.583333333333333
186,25,0,6.583333333333333
186,26,0,7.384615384615385
186,27,0,7.571428571428571
186,28,0,8.266666666666667
186,29,0,8.4375
186,30,0,8.4375
186,31,0,9.222222222222221
186,32,0,9.222222222222221
186,33,0,9.222222222222221
186,34,0,9.631578947368421
187,0,0,0
187,1,0,0
187,2,0,0
187,3,0,3.0
187,4,0,3.5
187,5,0,3.5
187,6,0,3.5
187,7,0,4.5
187,8,0,4.5
187,9,0,4.5
187,10,0,5.0
187,11,0,5.0
187,12,0,5.285714285714286
187,13,0,5.285714285714286
187,14,0,5.625
187,15,0,6.0
187,16,0,6.3
187,17,0,6.3
187,18,0,6.3
187,19,0,7.083333333333333
187,20,0,7.083333333333333
187,21,0,7.083333333333333
187,22,0,7.461538461538462
187,23,0,7.928571428571429
187,24,0,8.266666666666667
187,25,0,8.266666666666667
187,26,0,9.058823529411764
187,27,0,9.058823529411764
187,28,0,9.277777777777779
187,29,0,9.68421052631579
187,30,0,9.68421052631579
187,31,0,10.1
187,32,0,10.285714285714286
187,33,0,10.285714285714286
187,34,0,10.285714285714286
188,0,0,0
188,1,0,0
188,2,0,0
188,3,0,0
188,4,0,0
188,5,0,4.0
188,6,0,4.0
188,7,0,4.0
188,8,0,4.0
188,9,0,4.0
188,10,0,3.75
188,11,0,3.8
188,12,0,3.5
188,13,0,3.5
188,14,0,3.857142857142857
188,15,0,3.857142857142857
188,16,0,3.857142857142857
188,17,0,3.875
188,18,0,4.444444444444445
188,19,0,4.444444444444445
188,20,0,4.444444444444445
188,21,0,4.6
188,22,0,5.2727272727272725
188,23,0,5.416666666666667
188,24,0,5.416666666666667
188,25,0,5.416666666666667
188,26,0,6.0
188,27,0,6.0
188,28,0,6.0
188,29,0,6.666666666666667
188,30,0,6.75
188,31,0,6.75
188,32,0,7.352941176470588
188,33,0,7.444444444444445
188,34,0,7.444444444444445
189,0,0,0
189,1,0,0
189,2,0,0
189,3,0,3.0
189,4,0,3.0
189,5,0,3.0
189,6,0,3.0
189,7,0,4.0
189,8,0,4.0
189,9,0,4.0
189,10,0,4.833333333333333
189,11,0,4.833333333333333
189,12,0,4.833333333333333
189,13,0,4.833333333333333
189,14,0,5.875
189,15,0,5.875
189,16,0,5.875
189,17,0,6.555555555555555
189,18,0,6.8
189,19,0,6.8
189,20,0,6.8
189,21,0,7.666666666666667
189,22,0,7.666666666666667
189,23,0,7.666666666666667
189,24,0,8.307692307692308
189,25,0,8.571428571428571
189,26,0,8.571428571428571
189,27,0,9.2
189,28,0,9.2
189,29,0,9.375
189,30,0,9.823529411764707
189,31,0,9.944444444444445
189,32,0,9.947368421052632
189,33,0,10.1
189,34,0,10.142857142857142
190,0,0,0
190,1,0,0
190,2,0,0
190,3,0,3.0
190,4,0,3.0
190,5,0,3.3333333333333335
190,6,0,3.3333333333333335
190,7,0,3.6
190,8,0,3.6
190,9,0,3.6
190,10,0,3.8333333333333335
190,11,0,4.285714285714286
190,12,0,4.285714285714286
190,13,0,4.625
190,14,0,4.625
190,15,0,5.111111111111111
190,16,0,5.111111111111111
190,17,0,5.1
190,18,0,5.1
190,19,0,5.363636363636363
190,20,0,5.333333333333333
190,21,0,5.538461538461538
190,22,0,5.538461538461538
190,23,0,5.538461538461538
190,24,0,5.933333333333334
190,25,0,5.933333333333334
190,26,0,5.933333333333334
190,27,0,6.294117647058823
190,28,0,6.294117647058823
190,29,0,6.294117647058823
190,30,0,6.444444444444445
190,31,0,6.684210526315789
190,32,0,6.684210526315789
190,33,0,6.684210526315789
190,34,0,7.142857142857143
191,0,0,0
191,1,0,0
191,2,0,0
191,3,0,0
191,4,0,2.0
191,5,0,3.0
191,6,0,3.0
191,7,0,3.0
191,8,0,3.75
191,9,0,3.75
191,10,0,3.75
191,11,0,4.2
191,12,0,4.666666666666667
191,13,0,4.666666666666667
191,14,0,4.571428571428571
191,15,0,4.571428571428571
191,16,0,5.25
191,17,0,5.333333333333333
191,18,0,5.9
191,19,0,5.909090909090909
191,20,0,5.909090909090909
191,21,0,5.909090909090909
191,22,0,6.416666666666667
191,23,0,6.416666666666667
191,24,0,6.923076923076923
191,25,0,6.714285714285714
191,26,0,6.714285714285714
191,27,0,6.714285714285714
191,28,0,7.333333333333333
191,29,0,7.1875
191,30,0,7.1875
191,31,0,7.764705882352941
191,32,0,7.722222222222222
191,33,0,7.722222222222222
191,34,0,8.210526315789474
192,0,0,0
192,1,0,0
192,2,0,0
192,3,0,0
192,4,0,3.5
192,5,0,3.5
192,6,0,3.5
192,7,0,4.0
192,8,0,4.75
192,9,0,4.75
192,10,0,5.2
192,11,0,5.2
192,12,0,5.833333333333333
192,13,0,5.833333333333333
192,14,0,6.428571428571429
192,15,0,7.0
192,16,0,7.0
192,17,0,8.0
192,18,0,8.0
192,19,0,8.0
192,20,0,8.833333333333334
192,21,0,8.833333333333334
192,22,0,9.307692307692308
192,23,0,9.307692307692308
192,24,0,9.642857142857142
192,25,0,9.642857142857142
192,26,0,10.2
192,27,0,10.2
192,28,0,10.625
192,29,0,10.625
192,30,0,11.235294117647058
192,31,0,11.666666666666666
192,32,0,11.666666666666666
192,33,0,12.210526315789474
192,34,0,12.210526315789474
193,0,0,0
193,1,0,0
193,2,0,0
193,3,0,0
193,4,0,4.0
193,5,0,4.0
193,6,0,4.0
193,7,0,5.0
193,8,0,5.0
193,9,0,5.0
193,10,0,5.0
193,11,0,5.6
193,12,0,5.6
193,13,0,5.6
193,14,0,5.333333333333333
193,15,0,6.142857142857143
193,16,0,6.142857142857143
193,17,0,6.75
193,18,0,6.777777777777778
193,19,0,6.777777777777778
193,20,0,7.090909090909091
193,21,0,7.090909090909091
193,22,0,6.666666666666667
193,23,0,7.153846153846154
193,24,0,7.153846153846154
193,25,0,7.153846153846154
193,26,0,6.928571428571429
193,27,0,7.266666666666667
193,28,0,7.266666666666667
193,29,0,7.266666666666667
193,30,0,7.6875
193,31,0,7.6875
193,32,0,8.117647058823529
193,33,0,8.117647058823529
193,34,0,8.117647058823529
194,0,0,0
194,1,0,0
194,2,0,2.0
194,3,0,2.0
194,4,0,2.0
194,5,0,2.0
194,6,0,2.0
194,7,0,2.0
194,8,0,2.5
194,9,0,3.0
194,10,0,3.0
194,11,0,3.0
194,12,0,4.2
194,13,0,4.2
194,14,0,4.2
194,15,0,4.666666666666667
194,16,0,5.285714285714286
194,17,0,5.285714285714286
194,18,0,5.625
194,19,0,6.0
194,20,0,6.2
194,21,0,6.454545454545454
194,22,0,6.454545454545454
194,23,0,6.454545454545454
194,24,0,7.153846153846154
194,25,0,7.153846153846154
194,26,0,7.5
194,27,0,7.866666666666666
194,28,0,7.866666666666666
194,29,0,8.1875
194,30,0,8.1875
194,31,0,8.833333333333334
194,32,0,8.833333333333334
194,33,0,9.45
194,34,0,9.45
195,0,0,0
195,1,0,0
195,2,0,0
195,3,0,3.0
195,4,0,3.0
195,5,0,3.5
195,6,0,3.6666666666666665
195,7,0,3.6666666666666665
195,8,0,3.6666666666666665
195,9,0,4.25
195,10,0,4.6
195,11,0,4.6
195,12,0,4.6
195,13,0,5.166666666666667
195,14,0,5.714285714285714
195,15,0,5.714285714285714
195,16,0,6.555555555555555
195,17,0,6.555555555555555
195,18,0,6.555555555555555
195,19,0,7.0
195,20,0,7.545454545454546
195,21,0,7.545454545454546
195,22,0,8.0
195,23,0,8.461538461538462
195,24,0,8.461538461538462
195,25,0,8.461538461538462
195,26,0,8.928571428571429
195,27,0,9.466666666666667
195,28,0,9.466666666666667
195,29,0,10.0
195,30,0,10.411764705882353
195,31,0,10.411764705882353
195,32,0,10.833333333333334
195,33,0,11.210526315789474
195,34,0,11.210526315789474
196,0,0,0
196,1,0,0
196,2,0,0
196,3,0,0
196,4,0,3.0
196,5,0,3.0
196,6,0,3.0
196,7,0,3.0
196,8,0,4.5
196,9,0,4.5
196,10,0,5.0
196,11,0,5.0
196,12,0,4.75
196,13,0,5.4
196,14,0,5.4
196,15,0,5.4
196,16,0,4.714285714285714
196,17,0,5.5
196,18,0,5.5
196,19,0,6.111111111111111
196,20,0,6.0
196,21,0,6.0
196,22,0,6.0
196,23,0,6.416666666666667
196,24,0,6.416666666666667
196,25,0,6.6923076923076925
196,26,0,6.6923076923076925
196,27,0,6.928571428571429
196,28,0,7.266666666666667
196,29,0,7.266666666666667
196,30,0,7.266666666666667
196,31,0,7.625
196,32,0,8.058823529411764
196,33,0,8.058823529411764
196,34,0,8.058823529411764
197,0,0,0
197,1,0,0
197,2,0,0
197,3,0,3.0
197,4,0,3.0
197,5,0,3.5
197,6,0,3.5
197,7,0,4.333333333333333
197,8,0,4.5
197,9,0,5.0
197,10,0,5.0
197,11,0,5.333333333333333
197,12,0,5.857142857142857
197,13,0,5.857142857142857
197,14,0,6.666666666666667
197,15,0,6.666666666666667
197,16,0,6.666666666666667
197,17,0,7.0
197,18,0,7.545454545454546
197,19,0,7.75
197,20,0,7.75
197,21,0,8.5
197,22,0,8.5
197,23,0,9.0
197,24,0,9.0
197,25,0,9.3125
197,26,0,9.3125
197,27,0,9.882352941176471
197,28,0,10.166666666666666
197,29,0,10.68421052631579
197,30,0,10.68421052631579
197,31,0,10.68421052631579
197,32,0,10.9
197,33,0,11.333333333333334
197,34,0,11.333333333333334
198,0,0,0
198,1,0,0
198,2,0,0
198,3,0,0
198,4,0,2.0
198,5,0,2.0
198,6,0,3.0
198,7,0,3.0
198,8,0,3.0
198,9,0,3.3333333333333335
198,10,0,4.0
198,11,0,4.0
198,12,0,4.4
198,13,0,4.833333333333333
198,14,0,4.833333333333333
198,15,0,4.833333333333333
198,16,0,5.875
198,17,0,5.875
198,18,0,6.111111111111111
198,19,0,6.111111111111111
198,20,0,6.3
198,21,0,6.3
198,22,0,6.636363636363637
198,23,0,6.75
198,24,0,6.75
198,25,0,6.75
198,26,0,7.076923076923077
198,27,0,7.357142857142857
198,28,0,7.666666666666667
198,29,0,7.666666666666667
198,30,0,7.666666666666667
198,31,0,8.235294117647058
198,32,0,8.235294117647058
198,33,0,8.444444444444445
198,34,0,8.842105263157896
199,0,0,0
199,1,0,0
199,2,0,0
199,3,0,0
199,4,0,4.0
199,5,0,4.0
199,6,0,4.333333333333333
199,7,0,4.333333333333333
199,8,0,5.0
199,9,0,5.0
199,10,0,5.0
199,11,0,5.571428571428571
199,12,0,5.571428571428571
199,13,0,5.571428571428571
199,14,0,5.625
199,15,0,5.888888888888889
199,16,0,5.9
199,17,0,5.9
199,18,0,5.9
199,19,0,6.181818181818182
199,20,0,6.416666666666667
199,21,0,6.416666666666667
199,22,0,6.416666666666667
199,23,0,6.857142857142857
199,24,0,6.857142857142857
199,25,0,6.857142857142857
199,26,0,7.066666666666666
199,27,0,7.375
199,28,0,7.294117647058823
199,29,0,7.611111111111111
199,30,0,7.526315789473684
199,31,0,7.526315789473684
199,32,0,7.526315789473684
199,33,0,7.95
199,34,0,8.0
200,0,0,0
200,1,0,0
200,2,0,0
200,3,0,3.0
200,4,0,3.5
200,5,0,3.5
200,6,0,4.0
200,7,0,4.5
200,8,0,4.5
200,9,0,4.8
200,10,0,4.8
200,11,0,5.333333333333333
200,12,0,5.571428571428571
200,13,0,6.0
200,14,0,6.0
200,15,0,6.0
200,16,0,6.8
200,17,0,6.8
200,18,0,6.8
200,19,0,7.666666666666667
200,20,0,7.666666666666667
200,21,0,7.666666666666667
200,22,0,8.153846153846153
200,23,0,8.5
200,24,0,8.5
200,25,0,9.0
200,26,0,9.0
200,27,0,9.4375
200,28,0,9.941176470588236
200,29,0,9.941176470588236
200,30,0,9.941176470588236
200,31,0,10.631578947368421
200,32,0,10.631578947368421
200,33,0,10.631578947368421
200,34,0,10.631578947368421
201,0,0,0
201,1,0,0
201,2,0,0
201,3,0,0
201,4,0,4.0
201,5,0,4.0
201,6,0,4.0
201,7,0,4.0
201,8,0,4.333333333333333
201,9,0,4.333333333333333
201,10,0,4.5
201,11,0,4.8
201,12,0,4.8
201,13,0,5.166666666666667
201,14,0,5.571428571428571
201,15,0,5.571428571428571
201,16,0,6.0
201,17,0,6.444444444444445
201,18,0,6.444444444444445
201,19,0,6.9
201,20,0,6.9
201,21,0,7.75
201,22,0,7.75
201,23,0,8.23076923076923
201,24,0,8.571428571428571
201,25,0,8.571428571428571
201,26,0,8.571428571428571
201,27,0,9.133333333333333
201,28,0,9.5625
201,29,0,9.5625
201,30,0,10.117647058823529
201,31,0,10.555555555555555
201,32,0,10.947368421052632
201,33,0,10.947368421052632
201,34,0,11.35
202,0,0,0
202,1,0,0
202,2,0,0
202,3,0,3.0
202,4,0,3.0
202,5,0,3.0
202,6,0,3.6666666666666665
202,7,0,3.6666666666666665
202,8,0,4.0
202,9,0,4.6
202,10,0,4.6
202,11,0,4.6
202,12,0,5.428571428571429
202,13,0,5.428571428571429
202,14,0,5.428571428571429
202,15,0,6.111111111111111
202,16,0,6.111111111111111
202,17,0,6.111111111111111
202,18,0,6.6
202,19,0,6.636363636363637
202,20,0,6.636363636363637
202,21,0,7.083333333333333
202,22,0,7.083333333333333
202,23,0,6.923076923076923
202,24,0,7.357142857142857
202,25,0,7.357142857142857
202,26,0,7.357142857142857
202,27,0,7.5625
202,28,0,7.5625
202,29,0,7.5625
202,30,0,8.0
202,31,0,7.944444444444445
202,32,0,7.944444444444445
202,33,0,8.35
202,34,0,8.35
203,0,0,0
203,1,0,0
203,2,0,0
203,3,0,3.0
203,4,0,3.0
203,5,0,3.5
203,6,0,3.6666666666666665
203,7,0,3.6666666666666665
203,8,0,3.75
203,9,0,3.4
203,10,0,3.4
203,11,0,3.4
203,12,0,3.8333333333333335
203,13,0,4.0
203,14,0,4.0
203,15,0,4.0
203,16,0,4.333333333333333
203,17,0,4.333333333333333
203,18,0,4.818181818181818
203,19,0,4.818181818181818
203,20,0,4.75
203,21,0,4.846153846153846
203,22,0,4.846153846153846
203,23,0,4.846153846153846
203,24,0,5.0
203,25,0,5.266666666666667
203,26,0,5.375
203,27,0,5.375
203,28,0,5.375
203,29,0,5.944444444444445
203,30,0,5.944444444444445
203,31,0,6.0
203,32,0,6.35
203,33,0,6.428571428571429
203,34,0,6.428571428571429
204,0,0,0
204,1,0,0
204,2,0,0
204,3,0,2.5
204,4,0,2.5
204,5,0,2.5
204,6,0,2.6666666666666665
204,7,0,3.25
204,8,0,3.4
204,9,0,3.4
204,10,0,4.0
204,11,0,4.0
204,12,0,4.428571428571429
204,13,0,4.428571428571429
204,14,0,5.125
204,15,0,5.125
204,16,0,5.5
204,17,0,5.5
204,18,0,5.5
204,19,0,5.545454545454546
204,20,0,6.083333333333333
204,21,0,6.083333333333333
204,22,0,5.923076923076923
204,23,0,6.5
204,24,0,6.5
204,25,0,6.2
204,26,0,6.823529411764706
204,27,0,6.823529411764706
204,28,0,7.388888888888889
204,29,0,7.421052631578948
204,30,0,7.9
204,31,0,7.904761904761905
204,32,0,7.904761904761905
204,33,0,7.904761904761905
204,34,0,8.217391304347826
205,0,0,0
205,1,0,0
205,2,0,0
205,3,0,0
205,4,0,4.0
205,5,0,3.5
205,6,0,3.5
205,7,0,4.0
205,8,0,4.0
205,9,0,4.0
205,10,0,4.0
205,11,0,5.0
205,12,0,5.0
205,13,0,5.4
205,14,0,5.4
205,15,0,5.4
205,16,0,5.5
205,17,0,5.285714285714286
205,18,0,5.285714285714286
205,19,0,5.625
205,20,0,5.625
205,21,0,5.7
205,22,0,5.7
205,23,0,5.7
205,24,0,5.818181818181818
205,25,0,5.666666666666667
205,26,0,5.615384615384615
205,27,0,5.615384615384615
205,28,0,5.428571428571429
205,29,0,5.533333333333333
205,30,0,5.533333333333333
205,31,0,5.533333333333333
205,32,0,5.5
205,33,0,5.705882352941177
205,34,0,5.705882352941177
206,0,0,0
206,1,0,0
206,2,0,0
206,3,0,3.0
206,4,0,3.5
206,5,0,3.3333333333333335
206,6,0,3.3333333333333335
206,7,0,3.3333333333333335
206,8,0,4.0
206,9,0,4.4
206,10,0,4.4
206,11,0,5.0
206,12,0,5.0
206,13,0,5.125
206,14,0,5.125
206,15,0,5.666666666666667
206,16,0,5.666666666666667
206,17,0,6.0
206,18,0,6.545454545454546
206,19,0,6.545454545454546
206,20,0,6.545454545454546
206,21,0,6.75
206,22,0,7.384615384615385
206,23,0,7.384615384615385
206,24,0,7.384615384615385
206,25,0,7.642857142857143
206,26,0,8.266666666666667
206,27,0,8.266666666666667
206,28,0,8.625
206,29,0,8.941176470588236
206,30,0,8.941176470588236
206,31,0,9.333333333333334
206,32,0,9.333333333333334
206,33,0,9.736842105263158
206,34,0,10.05
207,0,0,0
207,1,0,0
207,2,0,0
207,3,0,3.0
207,4,0,3.0
207,5,0,3.3333333333333335
207,6,0,3.3333333333333335
207,7,0,3.3333333333333335
207,8,0,3.25
207,9,0,3.4
207,10,0,3.4
207,11,0,3.6666666666666665
207,12,0,3.6666666666666665
207,13,0,3.6666666666666665
207,14,0,4.142857142857143
207,15,0,4.142857142857143
207,16,0,4.142857142857143
207,17,0,4.625
207,18,0,4.625
207,19,0,4.444444444444445
207,20,0,4.444444444444445
207,21,0,4.9
207,22,0,4.9
207,23,0,4.818181818181818
207,24,0,5.333333333333333
207,25,0,5.230769230769231
207,26,0,5.230769230769231
207,27,0,5.230769230769231
207,28,0,5.8
207,29,0,5.8
207,30,0,5.8125
207,31,0,6.411764705882353
207,32,0,6.411764705882353
207,33,0,6.411764705882353
207,34,0,7.0
208,0,0,0
208,1,0,0
208,2,0,0
208,3,0,0
208,4,0,3.0
208,5,0,3.0
208,6,0,3.0
208,7,0,3.0
208,8,0,4.0
208,9,0,4.0
208,10,0,4.5
208,11,0,5.0
208,12,0,5.333333333333333
208,13,0,5.333333333333333
208,14,0,6.125
208,15,0,6.125
208,16,0,6.125
208,17,0,6.125
208,18,0,6.9
208,19,0,6.9
208,20,0,6.9
208,21,0,7.75
208,22,0,7.75
208,23,0,7.75
208,24,0,8.642857142857142
208,25,0,8.642857142857142
208,26,0,8.933333333333334
208,27,0,8.933333333333334
208,28,0,9.5625
208,29,0,9.5625
208,30,0,10.277777777777779
208,31,0,10.277777777777779
208,32,0,10.277777777777779
208,33,0,10.277777777777779
208,34,0,11.05
209,0,0,0
209,1,0,0
209,2,0,0
209,3,0,0
209,4,0,3.5
209,5,0,3.5
209,6,0,3.5
209,7,0,4.0
209,8,0,4.75
209,9,0,4.75
209,10,0,5.2
209,11,0,5.166666666666667
209,12,0,5.166666666666667
209,13,0,5.0
209,14,0,5.5
209,15,0,5.111111111111111
209,16,0,5.111111111111111
209,17,0,5.6
209,18,0,5.6
209,19,0,5.545454545454546
209,20,0,5.545454545454546
209,21,0,6.166666666666667
209,22,0,6.230769230769231
209,23,0,6.642857142857143
209,24,0,6.642857142857143
209,25,0,6.642857142857143
209,26,0,6.733333333333333
209,27,0,7.25
209,28,0,7.25
209,29,0,7.764705882352941
209,30,0,7.944444444444445
209,31,0,7.944444444444445
209,32,0,8.65
209,33,0,8.65
209,34,0,8.65
210,0,0,0
210,1,0,0
210,2,0,0
210,3,0,0
210,4,0,4.0
210,5,0,4.0
210,6,0,4.0
210,7,0,4.666666666666667
210,8,0,4.666666666666667
210,9,0,4.75
210,10,0,4.75
210,11,0,5.666666666666667
210,12,0,5.666666666666667
210,13,0,5.571428571428571
210,14,0,5.571428571428571
210,15,0,6.0
210,16,0,6.0
210,17,0,6.0
210,18,0,6.0
210,19,0,6.666666666666667
210,20,0,6.4
210,21,0,6.4
210,22,0,6.916666666666667
210,23,0,6.916666666666667
210,24,0,6.916666666666667
210,25,0,7.615384615384615
210,26,0,7.642857142857143
210,27,0,8.266666666666667
210,28,0,8.266666666666667
210,29,0,8.875
210,30,0,9.0
210,31,0,9.0
210,32,0,9.736842105263158
210,33,0,9.736842105263158
210,34,0,10.142857142857142
211,0,0,0
211,1,0,0
211,2,0,2.0
211,3,0,2.0
211,4,0,2.0
211,5,0,3.0
211,6,0,3.3333333333333335
211,7,0,3.5
211,8,0,3.5
211,9,0,3.5
211,10,0,4.333333333333333
211,11,0,4.333333333333333
211,12,0,4.285714285714286
211,13,0,4.625
211,14,0,4.625
211,15,0,4.777777777777778
211,16,0,4.777777777777778
211,17,0,5.2
211,18,0,5.2
211,19,0,5.545454545454546
211,20,0,5.916666666666667
211,21,0,5.916666666666667
211,22,0,5.846153846153846
211,23,0,6.214285714285714
211,24,0,6.214285714285714
211,25,0,6.4375
211,26,0,6.4375
211,27,0,6.4375
211,28,0,6.470588235294118
211,29,0,6.833333333333333
211,30,0,6.894736842105263
211,31,0,6.894736842105263
211,32,0,6.894736842105263
211,33,0,7.428571428571429
211,34,0,7.428571428571429
212,0,0,0
212,1,0,0
212,2,0,2.0
212,3,0,2.0
212,4,0,3.0
212,5,0,3.0
212,6,0,3.0
212,7,0,3.25
212,8,0,3.25
212,9,0,3.4
212,10,0,3.1666666666666665
212,11,0,3.1666666666666665
212,12,0,3.0
212,13,0,3.375
212,14,0,3.3333333333333335
212,15,0,3.3333333333333335
212,16,0,3.8
212,17,0,3.909090909090909
212,18,0,3.909090909090909
212,19,0,3.909090909090909
212,20,0,4.230769230769231
212,21,0,4.230769230769231
212,22,0,4.230769230769231
212,23,0,4.666666666666667
212,24,0,4.666666666666667
212,25,0,4.666666666666667
212,26,0,5.235294117647059
212,27,0,5.235294117647059
212,28,0,5.235294117647059
212,29,0,5.235294117647059
212,30,0,5.894736842105263
212,31,0,5.894736842105263
212,32,0,6.05
212,33,0,6.571428571428571
212,34,0,6.571428571428571
213,0,0,0
213,1,0,0
213,2,0,2.0
213,3,0,2.5
213,4,0,2.6666666666666665
213,5,0,2.6666666666666665
213,6,0,2.6666666666666665
213,7,0,2.6666666666666665
213,8,0,3.0
213,9,0,3.0
213,10,0,3.0
213,11,0,3.0
213,12,0,3.1666666666666665
213,13,0,3.1666666666666665
213,14,0,3.142857142857143
213,15,0,3.142857142857143
213,16,0,3.5
213,17,0,3.5
213,18,0,3.6666666666666665
213,19,0,4.0
213,20,0,4.0
213,21,0,4.0
213,22,0,4.363636363636363
213,23,0,4.75
213,24,0,4.75
213,25,0,4.75
213,26,0,5.357142857142857
213,27,0,5.357142857142857
213,28,0,5.357142857142857
213,29,0,5.8
213,30,0,6.0625
213,31,0,6.294117647058823
213,32,0,6.444444444444445
213,33,0,6.444444444444445
213,34,0,6.444444444444445
214,0,0,0
214,1,0,0
214,2,0,0
214,3,0,0
214,4,0,2.0
214,5,0,2.5
214,6,0,2.5
214,7,0,3.0
214,8,0,3.5
214,9,0,3.5
214,10,0,3.8
214,11,0,3.8
214,12,0,4.333333333333333
214,13,0,4.333333333333333
214,14,0,4.75
214,15,0,4.75
214,16,0,4.75
214,17,0,5.2
214,18,0,5.2
214,19,0,5.2727272727272725
214,20,0,5.2727272727272725
214,21,0,5.583333333333333
214,22,0,5.583333333333333
214,23,0,5.769230769230769
214,24,0,5.769230769230769
214,25,0,6.4
214,26,0,6.4
214,27,0,6.4
214,28,0,6.4
214,29,0,7.117647058823529
214,30,0,7.117647058823529
214,31,0,7.117647058823529
214,32,0,7.117647058823529
214,33,0,7.7894736842105265
214,34,0,7.7894736842105265
215,0,0,0
215,1,0,0
215,2,0,2.0
215,3,0,2.5
215,4,0,2.5
215,5,0,2.5
215,6,0,3.75
215,7,0,3.75
215,8,0,4.333333333333333
215,9,0,4.333333333333333
215,10,0,4.571428571428571
215,11,0,4.571428571428571
215,12,0,4.888888888888889
215,13,0,4.888888888888889
215,14,0,4.636363636363637
215,15,0,4.916666666666667
215,16,0,4.916666666666667
215,17,0,4.916666666666667
215,18,0,5.230769230769231
215,19,0,5.642857142857143
215,20,0,5.866666666666666
215,21,0,5.866666666666666
215,22,0,6.25
215,23,0,6.529411764705882
215,24,0,6.529411764705882
215,25,0,6.222222222222222
215,26,0,6.9
215,27,0,6.9
215,28,0,7.2727272727272725
215,29,0,7.2727272727272725
215,30,0,7.565217391304348
215,31,0,7.565217391304348
215,32,0,7.75
215,33,0,7.75
215,34,0,8.12
216,0,0,0
216,1,0,0
216,2,0,0
216,3,0,3.0
216,4,0,3.5
216,5,0,3.5
216,6,0,4.0
216,7,0,4.0
216,8,0,4.75
216,9,0,5.2
216,10,0,5.5
216,11,0,5.5
216,12,0,5.5
216,13,0,6.142857142857143
216,14,0,6.625
216,15,0,6.625
216,16,0,6.625
216,17,0,7.222222222222222
216,18,0,7.8
216,19,0,7.8
216,20,0,7.8
216,21,0,8.916666666666666
216,22,0,8.916666666666666
216,23,0,8.916666666666666
216,24,0,9.857142857142858
216,25,0,9.857142857142858
216,26,0,9.857142857142858
216,27,0,9.857142857142858
216,28,0,10.75
216,29,0,10.75
216,30,0,11.117647058823529
216,31,0,11.555555555555555
216,32,0,11.555555555555555
216,33,0,11.947368421052632
216,34,0,12.4
217,0,0,0
217,1,0,0
217,2,0,0
217,3,0,2.0
217,4,0,3.0
217,5,0,3.0
217,6,0,3.0
217,7,0,3.0
217,8,0,4.0
217,9,0,4.0
217,10,0,4.333333333333333
217,11,0,4.333333333333333
217,12,0,4.285714285714286
217,13,0,4.285714285714286
217,14,0,4.444444444444445
217,15,0,4.444444444444445
217,16,0,4.3
217,17,0,4.818181818181818
217,18,0,4.818181818181818
217,19,0,4.583333333333333
217,20,0,5.153846153846154
217,21,0,5.153846153846154
217,22,0,5.714285714285714
217,23,0,5.666666666666667
217,24,0,5.666666666666667
217,25,0,6.176470588235294
217,26,0,6.176470588235294
217,27,0,6.176470588235294
217,28,0,6.631578947368421
217,29,0,6.631578947368421
217,30,0,6.631578947368421
217,31,0,7.142857142857143
217,32,0,7.142857142857143
217,33,0,7.142857142857143
217,34,0,7.2727272727272725
218,0,0,0
218,1,0,0
218,2,0,0
218,3,0,0
218,4,0,3.0
218,5,0,3.5
218,6,0,3.5
218,7,0,4.0
218,8,0,4.5
218,9,0,4.5
218,10,0,5.333333333333333
218,11,0,5.333333333333333
218,12,0,5.333333333333333
218,13,0,5.857142857142857
218,14,0,6.25
218,15,0,6.25
218,16,0,6.333333333333333
218,17,0,6.333333333333333
218,18,0,6.545454545454546
218,19,0,6.545454545454546
218,20,0,6.545454545454546
218,21,0,6.75
218,22,0,6.6923076923076925
218,23,0,6.6923076923076925
218,24,0,6.6923076923076925
218,25,0,7.066666666666666
218,26,0,7.066666666666666
218,27,0,7.25
218,28,0,7.352941176470588
218,29,0,7.352941176470588
218,30,0,7.352941176470588
218,31,0,7.684210526315789
218,32,0,7.684210526315789
218,33,0,7.684210526315789
218,34,0,8.095238095238095
219,0,0,0
219,1,0,0
219,2,0,0
219,3,0,0
219,4,0,0
219,5,0,4.0
219,6,0,4.0
219,7,0,3.5
219,8,0,4.333333333333333
219,9,0,4.333333333333333
219,10,0,4.333333333333333
219,11,0,4.333333333333333
219,12,0,5.0
219,13,0,5.0
219,14,0,4.833333333333333
219,15,0,4.833333333333333
219,16,0,5.857142857142857
219,17,0,5.875
219,18,0,5.875
219,19,0,6.222222222222222
219,20,0,6.4
219,21,0,6.4
219,22,0,6.818181818181818
219,23,0,7.083333333333333
219,24,0,7.083333333333333
219,25,0,7.083333333333333
219,26,0,7.615384615384615
219,27,0,7.928571428571429
219,28,0,8.333333333333334
219,29,0,8.333333333333334
219,30,0,8.333333333333334
219,31,0,9.176470588235293
219,32,0,9.176470588235293
219,33,0,9.176470588235293
219,34,0,9.176470588235293
220,0,0,0
220,1,0,0
220,2,0,0
220,3,0,0
220,4,0,2.5
220,5,0,2.5
220,6,0,2.6666666666666665
220,7,0,3.0
220,8,0,3.0
220,9,0,3.4
220,10,0,3.4
220,11,0,3.8333333333333335
220,12,0,4.285714285714286
220,13,0,4.285714285714286
220,14,0,4.285714285714286
220,15,0,5.222222222222222
220,16,0,5.222222222222222
220,17,0,5.222222222222222
220,18,0,6.090909090909091
220,19,0,6.090909090909091
220,20,0,6.5
220,21,0,6.5
220,22,0,6.923076923076923
220,23,0,6.923076923076923
220,24,0,7.428571428571429
220,25,0,7.428571428571429
220,26,0,7.933333333333334
220,27,0,8.3125
220,28,0,8.3125
220,29,0,8.3125
220,30,0,9.11111111111111
220,31,0,9.11111111111111
220,32,0,9.368421052631579
220,33,0,9.368421052631579
220,34,0,9.85
221,0,0,0
221,1,0,0
221,2,0,0
221,3,0,3.0
221,4,0,2.5
221,5,0,3.0
221,6,0,3.0
221,7,0,3.1666666666666665
221,8,0,3.1666666666666665
221,9,0,3.1666666666666665
221,10,0,3.1666666666666665
221,11,0,4.0
221,12,0,4.0
221,13,0,4.0
221,14,0,4.555555555555555
221,15,0,4.8
221,16,0,4.909090909090909
221,17,0,4.909090909090909
221,18,0,4.909090909090909
221,19,0,5.230769230769231
221,20,0,5.230769230769231
221,21,0,5.466666666666667
221,22,0,5.466666666666667
221,23,0,5.4375
221,24,0,5.764705882352941
221,25,0,5.764705882352941
221,26,0,5.764705882352941
221,27,0,5.777777777777778
221,28,0,6.052631578947368
221,29,0,6.1
221,30,0,6.333333333333333
221,31,0,6.333333333333333
221,32,0,6.333333333333333
221,33,0,6.739130434782608
221,34,0,6.739130434782608
222,0,0,0
222,1,0,0
222,2,0,0
222,3,0,3.0
222,4,0,3.5
222,5,0,3.5
222,6,0,4.0
222,7,0,4.0
222,8,0,4.8
222,9,0,4.8
222,10,0,4.666666666666667
222,11,0,5.142857142857143
222,12,0,5.142857142857143
222,13,0,5.142857142857143
222,14,0,5.375
222,15,0,6.0
222,16,0,6.0
222,17,0,6.0
222,18,0,6.7272727272727275
222,19,0,6.7272727272727275
222,20,0,6.7272727272727275
222,21,0,6.7272727272727275
222,22,0,7.615384615384615
222,23,0,7.615384615384615
222,24,0,7.615384615384615
222,25,0,7.857142857142857
222,26,0,8.533333333333333
222,27,0,8.533333333333333
222,28,0,9.117647058823529
222,29,0,9.117647058823529
222,30,0,9.61111111111111
222,31,0,9.61111111111111
222,32,0,9.736842105263158
222,33,0,10.15
222,34,0,10.285714285714286
223,0,0,0
223,1,0,0
223,2,0,0
223,3,0,3.0
223,4,0,3.5
223,5,0,3.5
223,6,0,4.25
223,7,0,4.25
223,8,0,4.333333333333333
223,9,0,4.333333333333333
223,10,0,4.285714285714286
223,11,0,4.285714285714286
223,12,0,4.555555555555555
223,13,0,4.555555555555555
223,14,0,4.555555555555555
223,15,0,4.8
223,16,0,5.0
223,17,0,5.0
223,18,0,5.0
223,19,0,5.538461538461538
223,20,0,5.538461538461538
223,21,0,5.785714285714286
223,22,0,6.0
223,23,0,6.0
223,24,0,6.0
223,25,0,6.588235294117647
223,26,0,6.588235294117647
223,27,0,6.588235294117647
223,28,0,6.944444444444445
223,29,0,7.315789473684211
223,30,0,7.315789473684211
223,31,0,7.3
223,32,0,7.3
223,33,0,7.714285714285714
223,34,0,7.714285714285714
224,0,0,0
224,1,0,0
224,2,0,0
224,3,0,0
224,4,0,4.0
224,5,0,3.0
224,6,0,3.0
224,7,0,3.0
224,8,0,4.25
224,9,0,4.25
224,10,0,4.0
224,11,0,4.833333333333333
224,12,0,4.833333333333333
224,13,0,4.833333333333333
224,14,0,5.75
224,15,0,5.75
224,16,0,5.75
224,17,0,6.444444444444445
224,18,0,6.6
224,19,0,7.181818181818182
224,20,0,7.25
224,21,0,7.25
224,22,0,7.3076923076923075
224,23,0,7.928571428571429
224,24,0,7.928571428571429
224,25,0,7.6
224,26,0,8.25
224,27,0,7.9411764705882355
224,28,0,7.9411764705882355
224,29,0,7.9411764705882355
224,30,0,8.368421052631579
224,31,0,8.368421052631579
224,32,0,8.368421052631579
224,33,0,8.368421052631579
224,34,0,8.904761904761905
225,0,0,0
225,1,0,0
225,2,0,0
225,3,0,0
225,4,0,4.0
225,5,0,4.0
225,6,0,4.0
225,7,0,4.0
225,8,0,5.5
225,9,0,5.5
225,10,0,5.0
225,11,0,5.0
225,12,0,5.2
225,13,0,5.0
225,14,0,5.0
225,15,0,5.428571428571429
225,16,0,5.428571428571429
225,17,0,5.625
225,18,0,5.625
225,19,0,6.222222222222222
225,20,0,6.5
225,21,0,6.7272727272727275
225,22,0,6.7272727272727275
225,23,0,7.0
225,24,0,7.230769230769231
225,25,0,7.230769230769231
225,26,0,7.428571428571429
225,27,0,7.8
225,28,0,7.8
225,29,0,8.1875
225,30,0,8.470588235294118
225,31,0,8.470588235294118
225,32,0,8.833333333333334
225,33,0,8.833333333333334
225,34,0,9.55
226,0,0,0
226,1,0,0
226,2,0,0
226,3,0,3.0
226,4,0,3.5
226,5,0,3.5
226,6,0,3.5
226,7,0,3.6666666666666665
226,8,0,3.25
226,9,0,3.25
226,10,0,3.4
226,11,0,3.4
226,12,0,3.4
226,13,0,3.7142857142857144
226,14,0,3.7142857142857144
226,15,0,4.125
226,16,0,4.222222222222222
226,17,0,4.222222222222222
226,18,0,4.0
226,19,0,4.363636363636363
226,20,0,4.363636363636363
226,21,0,4.75
226,22,0,4.769230769230769
226,23,0,5.142857142857143
226,24,0,5.142857142857143
226,25,0,5.2
226,26,0,5.2
226,27,0,5.6875
226,28,0,5.823529411764706
226,29,0,6.277777777777778
226,30,0,6.277777777777778
226,31,0,6.277777777777778
226,32,0,6.7
226,33,0,6.7
226,34,0,7.0476190476190474
227,0,0,0
227,1,0,0
227,2,0,0
227,3,0,3.0
227,4,0,3.0
227,5,0,3.3333333333333335
227,6,0,3.25
227,7,0,3.6
227,8,0,3.6
227,9,0,3.8333333333333335
227,10,0,3.8333333333333335
227,11,0,4.142857142857143
227,12,0,4.142857142857143
227,13,0,4.888888888888889
227,14,0,4.888888888888889
227,15,0,4.888888888888889
227,16,0,5.090909090909091
227,17,0,5.090909090909091
227,18,0,5.090909090909091
227,19,0,5.090909090909091
227,20,0,5.6923076923076925
227,21,0,5.6923076923076925
227,22,0,5.6923076923076925
227,23,0,5.6923076923076925
227,24,0,6.533333333333333
227,25,0,6.533333333333333
227,26,0,6.533333333333333
227,27,0,7.125
227,28,0,7.411764705882353
227,29,0,7.411764705882353
227,30,0,7.944444444444445
227,31,0,7.944444444444445
227,32,0,8.105263157894736
227,33,0,8.65
227,34,0,8.65
228,0,0,0
228,1,0,0
228,2,0,0
228,3,0,2.0
228,4,0,3.0
228,5,0,3.0
228,6,0,3.3333333333333335
228,7,0,3.3333333333333335
228,8,0,3.3333333333333335
228,9,0,4.0
228,10,0,4.0
228,11,0,4.0
228,12,0,4.0
228,13,0,4.666666666666667
228,14,0,4.857142857142857
228,15,0,4.857142857142857
228,16,0,5.444444444444445
228,17,0,5.444444444444445
228,18,0,5.444444444444445
228,19,0,5.444444444444445
228,20,0,6.181818181818182
228,21,0,6.181818181818182
228,22,0,6.181818181818182
228,23,0,6.666666666666667
228,24,0,7.076923076923077
228,25,0,7.076923076923077
228,26,0,7.5
228,27,0,7.866666666666666
228,28,0,7.866666666666666
228,29,0,7.866666666666666
228,30,0,8.375
228,31,0,8.823529411764707
228,32,0,8.823529411764707
228,33,0,9.277777777777779
228,34,0,9.789473684210526
229,0,0,0
229,1,0,0
229,2,0,0
229,3,0,0
229,4,0,3.0
229,5,0,3.0
229,6,0,3.0
229,7,0,3.5
229,8,0,4.333333333333333
229,9,0,4.333333333333333
229,10,0,4.75
229,11,0,5.4
229,12,0,5.4
229,13,0,5.4
229,14,0,6.428571428571429
229,15,0,6.428571428571429
229,16,0,6.625
229,17,0,6.625
229,18,0,7.111111111111111
229,19,0,7.4
229,20,0,7.818181818181818
229,21,0,7.916666666666667
229,22,0,7.916666666666667
229,23,0,7.916666666666667
229,24,0,8.384615384615385
229,25,0,8.642857142857142
229,26,0,8.2
229,27,0,8.2
229,28,0,8.882352941176471
229,29,0,8.882352941176471
229,30,0,8.882352941176471
229,31,0,8.882352941176471
229,32,0,9.736842105263158
229,33,0,9.736842105263158
229,34,0,9.736842105263158
230,0,0,0
230,1,0,0
230,2,0,0
230,3,0,2.0
230,4,0,2.0
230,5,0,2.5
230,6,0,2.5
230,7,0,3.5
230,8,0,3.5
230,9,0,3.6
230,10,0,3.6
230,11,0,4.166666666666667
230,12,0,4.166666666666667
230,13,0,4.875
230,14,0,4.875
230,15,0,4.875
230,16,0,4.888888888888889
230,17,0,5.2
230,18,0,5.2
230,19,0,5.2
230,20,0,5.454545454545454
230,21,0,5.833333333333333
230,22,0,5.833333333333333
230,23,0,6.214285714285714
230,24,0,6.214285714285714
230,25,0,6.214285714285714
230,26,0,6.5
230,27,0,6.5
230,28,0,6.529411764705882
230,29,0,6.833333333333333
230,30,0,6.833333333333333
230,31,0,7.25
230,32,0,7.25
230,33,0,7.571428571428571
230,34,0,7.571428571428571
231,0,0,0
231,1,0,0
231,2,0,0
231,3,0,3.0
231,4,0,3.0
231,5,0,3.5
231,6,0,3.5
231,7,0,4.333333333333333
231,8,0,4.0
231,9,0,4.0
231,10,0,4.0
231,11,0,4.8
231,12,0,5.0
231,13,0,5.571428571428571
231,14,0,5.571428571428571
231,15,0,5.571428571428571
231,16,0,5.875
231,17,0,6.555555555555555
231,18,0,6.555555555555555
231,19,0,6.9
231,20,0,6.9
231,21,0,7.636363636363637
231,22,0,7.636363636363637
231,23,0,8.384615384615385
231,24,0,8.384615384615385
231,25,0,8.714285714285714
231,26,0,8.8
231,27,0,8.8
231,28,0,8.8
231,29,0,9.25
231,30,0,9.411764705882353
231,31,0,9.411764705882353
231,32,0,9.833333333333334
231,33,0,9.833333333333334
231,34,0,10.105263157894736
232,0,0,0
232,1,0,0
232,2,0,2.0
232,3,0,2.0
232,4,0,3.0
232,5,0,3.0
232,6,0,3.3333333333333335
232,7,0,4.0
232,8,0,4.0
232,9,0,4.4
232,10,0,4.5
232,11,0,4.5
232,12,0,4.5
232,13,0,4.857142857142857
232,14,0,5.0
232,15,0,5.0
232,16,0,5.5
232,17,0,5.5
232,18,0,5.5
232,19,0,5.5
232,20,0,5.5
232,21,0,5.923076923076923
232,22,0,5.857142857142857
232,23,0,5.857142857142857
232,24,0,5.857142857142857
232,25,0,6.25
232,26,0,6.25
232,27,0,6.25
232,28,0,6.176470588235294
232,29,0,6.315789473684211
232,30,0,6.315789473684211
232,31,0,6.35
232,32,0,6.35
232,33,0,6.809523809523809
232,34,0,6.7727272727272725
233,0,0,0
233,1,0,0
233,2,0,0
233,3,0,0
233,4,0,4.0
233,5,0,3.5
233,6,0,4.0
233,7,0,4.0
233,8,0,4.5
233,9,0,4.8
233,10,0,4.8
233,11,0,5.333333333333333
233,12,0,5.333333333333333
233,13,0,5.857142857142857
233,14,0,6.375
233,15,0,6.666666666666667
233,16,0,7.1
233,17,0,7.2727272727272725
233,18,0,7.2727272727272725
233,19,0,7.2727272727272725
233,20,0,8.0
233,21,0,8.0
233,22,0,8.428571428571429
233,23,0,8.428571428571429
233,24,0,9.0
233,25,0,9.0
233,26,0,9.0
233,27,0,9.0
233,28,0,9.722222222222221
233,29,0,9.722222222222221
233,30,0,9.31578947368421
233,31,0,9.65
233,32,0,10.095238095238095
233,33,0,10.095238095238095
233,34,0,10.545454545454545
234,0,0,0
234,1,0,0
234,2,0,0
234,3,0,3.0
234,4,0,3.0
234,5,0,2.6666666666666665
234,6,0,2.6666666666666665
234,7,0,3.25
234,8,0,3.2
234,9,0,3.2
234,10,0,3.5
234,11,0,3.5
234,12,0,3.5714285714285716
234,13,0,3.875
234,14,0,3.888888888888889
234,15,0,3.888888888888889
234,16,0,4.3
234,17,0,4.454545454545454
234,18,0,4.833333333333333
234,19,0,4.833333333333333
234,20,0,4.833333333333333
234,21,0,5.153846153846154
234,22,0,5.571428571428571
234,23,0,5.571428571428571
234,24,0,5.933333333333334
234,25,0,6.3125
234,26,0,6.647058823529412
234,27,0,6.647058823529412
234,28,0,6.647058823529412
234,29,0,7.0
234,30,0,7.421052631578948
234,31,0,7.421052631578948
234,32,0,7.421052631578948
234,33,0,7.85
234,34,0,8.333333333333334
235,0,0,0
235,1,0,0
235,2,0,0
235,3,0,0
235,4,0,3.5
235,5,0,3.5
235,6,0,3.5
235,7,0,4.333333333333333
235,8,0,4.5
235,9,0,4.5
235,10,0,4.5
235,11,0,5.0
235,12,0,5.0
235,13,0,5.0
235,14,0,5.625
235,15,0,5.625
235,16,0,6.222222222222222
235,17,0,6.2
235,18,0,6.2
235,19,0,6.818181818181818
235,20,0,6.818181818181818
235,21,0,7.461538461538462
235,22,0,7.461538461538462
235,23,0,7.461538461538462
235,24,0,7.428571428571429
235,25,0,8.066666666666666
235,26,0,8.0625
235,27,0,8.647058823529411
235,28,0,8.647058823529411
235,29,0,8.722222222222221
235,30,0,9.31578947368421
235,31,0,9.4
235,32,0,9.4
235,33,0,9.952380952380953
235,34,0,9.952380952380953
236,0,0,0
236,1,0,0
236,2,0,0
236,3,0,3.0
236,4,0,3.0
236,5,0,3.3333333333333335
236,6,0,3.3333333333333335
236,7,0,3.0
236,8,0,3.0
236,9,0,3.5
236,10,0,3.5
236,11,0,3.7142857142857144
236,12,0,3.7142857142857144
236,13,0,3.7142857142857144
236,14,0,4.111111111111111
236,15,0,4.111111111111111
236,16,0,4.111111111111111
236,17,0,4.111111111111111
236,18,0,4.818181818181818
236,19,0,4.818181818181818
236,20,0,5.083333333333333
236,21,0,5.083333333333333
236,22,0,5.230769230769231
236,23,0,5.571428571428571
236,24,0,5.733333333333333
236,25,0,5.733333333333333
236,26,0,5.9375
236,27,0,6.117647058823529
236,28,0,6.117647058823529
236,29,0,6.117647058823529
236,30,0,6.684210526315789
236,31,0,6.684210526315789
236,32,0,6.85
236,33,0,7.0476190476190474
236,34,0,7.0
237,0,0,0
237,1,0,0
237,2,0,0
237,3,0,0
237,4,0,4.0
237,5,0,4.0
237,6,0,4.333333333333333
237,7,0,4.75
237,8,0,4.75
237,9,0,5.0
237,10,0,5.0
237,11,0,5.714285714285714
237,12,0,5.714285714285714
237,13,0,5.714285714285714
237,14,0,6.375
237,15,0,6.444444444444445
237,16,0,7.0
237,17,0,7.0
237,18,0,7.0
237,19,0,7.5
237,20,0,7.5
237,21,0,7.5
237,22,0,8.071428571428571
237,23,0,8.071428571428571
237,24,0,8.071428571428571
237,25,0,8.071428571428571
237,26,0,8.8125
237,27,0,8.8125
237,28,0,9.0
237,29,0,9.555555555555555
237,30,0,9.555555555555555
237,31,0,9.789473684210526
237,32,0,9.789473684210526
237,33,0,10.25
237,34,0,10.523809523809524
238,0,0,0
238,1,0,0
238,2,0,0
238,3,0,0
238,4,0,3.0
238,5,0,3.0
238,6,0,3.0
238,7,0,3.5
238,8,0,3.5
238,9,0,3.6666666666666665
238,10,0,4.0
238,11,0,4.0
238,12,0,3.8
238,13,0,4.333333333333333
238,14,0,4.333333333333333
238,15,0,4.857142857142857
238,16,0,4.75
238,17,0,4.888888888888889
238,18,0,4.9
238,19,0,4.9
238,20,0,5.181818181818182
238,21,0,5.181818181818182
238,22,0,5.384615384615385
238,23,0,5.384615384615385
238,24,0,5.571428571428571
238,25,0,5.6
238,26,0,5.6
238,27,0,5.6
238,28,0,5.764705882352941
238,29,0,5.764705882352941
238,30,0,6.0
238,31,0,6.0
238,32,0,6.105263157894737
238,33,0,6.35
238,34,0,6.35
239,0,0,0
239,1,0,0
239,2,0,0
239,3,0,3.0
239,4,0,3.5
239,5,0,3.5
239,6,0,3.5
239,7,0,3.5
239,8,0,3.75
239,9,0,3.75
239,10,0,4.0
239,11,0,4.0
239,12,0,4.5
239,13,0,4.5
239,14,0,5.0
239,15,0,5.375
239,16,0,5.375
239,17,0,5.375
239,18,0,6.2
239,19,0,6.2
239,20,0,6.2
239,21,0,6.2
239,22,0,7.25
239,23,0,7.25
239,24,0,7.25
239,25,0,8.214285714285714
239,26,0,8.214285714285714
239,27,0,8.533333333333333
239,28,0,8.533333333333333
239,29,0,9.0
239,30,0,9.0
239,31,0,9.166666666666666
239,32,0,9.166666666666666
239,33,0,9.526315789473685
239,34,0,9.65
240,0,0,0
240,1,0,0
240,2,0,0
240,3,0,0
240,4,0,0
240,5,0,0
240,6,0,4.0
240,7,0,3.5
240,8,0,3.5
240,9,0,3.5
240,10,0,4.0
240,11,0,4.25
240,12,0,4.25
240,13,0,4.2
240,14,0,4.5
240,15,0,4.5
240,16,0,4.714285714285714
240,17,0,4.875
240,18,0,4.875
240,19,0,5.0
240,20,0,5.3
240,21,0,5.3
240,22,0,5.3
240,23,0,5.0
240,24,0,5.230769230769231
240,25,0,5.285714285714286
240,26,0,5.466666666666667
240,27,0,5.4375
240,28,0,5.4375
240,29,0,5.4375
240,30,0,5.666666666666667
240,31,0,5.666666666666667
240,32,0,5.7894736842105265
240,33,0,5.7894736842105265
240,34,0,6.0
241,0,0,0
241,1,0,0
241,2,0,2.0
241,3,0,2.0
241,4,0,2.0
241,5,0,2.0
241,6,0,3.0
241,7,0,3.3333333333333335
241,8,0,3.3333333333333335
241,9,0,3.5
241,10,0,3.6
241,11,0,3.6
241,12,0,3.6
241,13,0,4.0
241,14,0,4.428571428571429
241,15,0,4.75
241,16,0,5.0
241,17,0,5.2
241,18,0,5.2
241,19,0,5.2727272727272725
241,20,0,5.2727272727272725
241,21,0,5.666666666666667
241,22,0,5.666666666666667
241,23,0,6.285714285714286
241,24,0,6.285714285714286
241,25,0,6.466666666666667
241,26,0,6.466666666666667
241,27,0,6.9375
241,28,0,6.9375
241,29,0,7.555555555555555
241,30,0,7.555555555555555
241,31,0,7.555555555555555
241,32,0,7.555555555555555
241,33,0,8.2
241,34,0,8.2
242,0,0,0
242,1,0,0
242,2,0,0
242,3,0,3.0
242,4,0,3.5
242,5,0,3.5
242,6,0,3.3333333333333335
242,7,0,3.3333333333333335
242,8,0,4.25
242,9,0,4.25
242,10,0,4.6
242,11,0,4.6
242,12,0,5.571428571428571
242,13,0,5.571428571428571
242,14,0,6.0
242,15,0,6.0
242,16,0,6.0
242,17,0,6.0
242,18,0,6.7272727272727275
242,19,0,6.7272727272727275
242,20,0,6.7272727272727275
242,21,0,7.538461538461538
242,22,0,7.538461538461538
242,23,0,7.538461538461538
242,24,0,7.928571428571429
242,25,0,8.333333333333334
242,26,0,8.333333333333334
242,27,0,8.6875
242,28,0,8.6875
242,29,0,9.117647058823529
242,30,0,9.117647058823529
242,31,0,9.894736842105264
242,32,0,9.894736842105264
242,33,0,10.2
242,34,0,10.2
243,0,0,0
243,1,0,0
243,2,0,2.0
243,3,0,2.0
243,4,0,3.0
243,5,0,3.0
243,6,0,3.0
243,7,0,3.3333333333333335
243,8,0,3.3333333333333335
243,9,0,3.5
243,10,0,3.5
243,11,0,3.4
243,12,0,3.8333333333333335
243,13,0,3.857142857142857
243,14,0,3.857142857142857
243,15,0,3.857142857142857
243,16,0,4.333333333333333
243,17,0,4.333333333333333
243,18,0,4.333333333333333
243,19,0,4.5
243,20,0,5.090909090909091
243,21,0,5.090909090909091
243,22,0,5.666666666666667
243,23,0,5.769230769230769
243,24,0,5.769230769230769
243,25,0,5.769230769230769
243,26,0,6.6
243,27,0,6.6
243,28,0,6.6
243,29,0,7.352941176470588
243,30,0,7.352941176470588
243,31,0,7.352941176470588
243,32,0,7.555555555555555
243,33,0,8.210526315789474
243,34,0,8.210526315789474
244,0,0,0
244,1,0,0
244,2,0,0
244,3,0,0
244,4,0,4.0
244,5,0,4.0
244,6,0,4.0
244,7,0,4.666666666666667
244,8,0,4.25
244,9,0,4.25
244,10,0,4.25
244,11,0,4.6
244,12,0,4.833333333333333
244,13,0,4.833333333333333
244,14,0,4.833333333333333
244,15,0,5.0
244,16,0,5.5
244,17,0,5.5
244,18,0,5.555555555555555
244,19,0,5.555555555555555
244,20,0,6.2
244,21,0,6.363636363636363
244,22,0,6.363636363636363
244,23,0,6.5
244,24,0,7.153846153846154
244,25,0,7.0
244,26,0,7.0
244,27,0,7.666666666666667
244,28,0,7.5
244,29,0,8.117647058823529
244,30,0,8.117647058823529
244,31,0,8.055555555555555
244,32,0,8.68421052631579
244,33,0,8.68421052631579
244,34,0,9.238095238095237
245,0,0,0
245,1,0,0
245,2,0,0
245,3,0,0
245,4,0,0
245,5,0,4.0
245,6,0,4.0
245,7,0,4.0
245,8,0,4.0
245,9,0,4.666666666666667
245,10,0,4.5
245,11,0,4.5
245,12,0,5.2
245,13,0,5.2
245,14,0,5.333333333333333
245,15,0,5.333333333333333
245,16,0,6.0
245,17,0,6.25
245,18,0,6.25
245,19,0,7.1
245,20,0,7.1
245,21,0,7.1
245,22,0,7.916666666666667
245,23,0,7.916666666666667
245,24,0,7.615384615384615
245,25,0,7.615384615384615
245,26,0,8.285714285714286
245,27,0,8.285714285714286
245,28,0,8.75
245,29,0,8.75
245,30,0,8.75
245,31,0,8.75
245,32,0,9.444444444444445
245,33,0,9.444444444444445
245,34,0,9.444444444444445
246,0,0,0
246,1,0,0
246,2,0,0
246,3,0,0
246,4,0,0
246,5,0,3.5
246,6,0,3.5
246,7,0,3.75
246,8,0,3.75
246,9,0,3.75
246,10,0,4.0
246,11,0,4.166666666666667
246,12,0,4.166666666666667
246,13,0,4.571428571428571
246,14,0,4.571428571428571
246,15,0,5.0
246,16,0,5.0
246,17,0,5.555555555555555
246,18,0,5.8
246,19,0,5.8
246,20,0,6.416666666666667
246,21,0,6.416666666666667
246,22,0,6.538461538461538
246,23,0,6.538461538461538
246,24,0,7.133333333333334
246,25,0,7.133333333333334
246,26,0,7.5625
246,27,0,7.5625
246,28,0,7.823529411764706
246,29,0,7.823529411764706
246,30,0,8.333333333333334
246,31,0,8.333333333333334
246,32,0,8.578947368421053
246,33,0,9.1
246,34,0,9.1
247,0,0,0
247,1,0,0
247,2,0,0
247,3,0,0
247,4,0,4.0
247,5,0,4.0
247,6,0,4.333333333333333
247,7,0,4.333333333333333
247,8,0,4.333333333333333
247,9,0,4.5
247,10,0,4.6
247,11,0,4.6
247,12,0,5.0
247,13,0,5.0
247,14,0,5.428571428571429
247,15,0,5.428571428571429
247,16,0,6.222222222222222
247,17,0,6.222222222222222
247,18,0,6.5
247,19,0,6.5
247,20,0,7.090909090909091
247,21,0,7.090909090909091
247,22,0,7.5
247,23,0,7.846153846153846
247,24,0,8.142857142857142
247,25,0,8.4
247,26,0,8.25
247,27,0,8.529411764705882
247,28,0,8.529411764705882
247,29,0,8.736842105263158
247,30,0,8.736842105263158
247,31,0,8.736842105263158
247,32,0,9.05
247,33,0,9.142857142857142
247,34,0,9.142857142857142
248,0,0,0
248,1,0,0
248,2,0,0
248,3,0,3.0
248,4,0,3.0
248,5,0,3.0
248,6,0,3.0
248,7,0,4.25
248,8,0,4.25
248,9,0,4.25
248,10,0,5.166666666666667
248,11,0,5.166666666666667
248,12,0,5.166666666666667
248,13,0,5.428571428571429
248,14,0,6.0
248,15,0,6.0
248,16,0,6.555555555555555
248,17,0,6.7
248,18,0,6.7
248,19,0,7.0
248,20,0,7.0
248,21,0,7.25
248,22,0,7.25
248,23,0,7.6923076923076925
248,24,0,7.6923076923076925
248,25,0,7.785714285714286
248,26,0,7.785714285714286
248,27,0,8.4375
248,28,0,8.4375
248,29,0,8.705882352941176
248,30,0,8.705882352941176
248,31,0,8.944444444444445
248,32,0,8.944444444444445
248,33,0,9.3
248,34,0,9.3
249,0,0,0
249,1,0,0
249,2,0,0
249,3,0,3.0
249,4,0,2.5
249,5,0,2.5
249,6,0,2.5
249,7,0,2.6666666666666665
249,8,0,2.6666666666666665
249,9,0,3.2
249,10,0,3.2
249,11,0,3.2
249,12,0,3.6666666666666665
249,13,0,4.0
249,14,0,4.0
249,15,0,4.0
249,16,0,4.0
249,17,0,4.5
249,18,0,4.5
249,19,0,4.333333333333333
249,20,0,4.9
249,21,0,4.9
249,22,0,5.454545454545454
249,23,0,5.333333333333333
249,24,0,5.333333333333333
249,25,0,5.3076923076923075
249,26,0,5.928571428571429
249,27,0,5.928571428571429
249,28,0,5.928571428571429
249,29,0,6.066666666666666
249,30,0,6.6875
249,31,0,6.764705882352941
249,32,0,6.764705882352941
249,33,0,6.764705882352941
249,34,0,7.526315789473684
250,0,0,0
250,1,0,0
250,2,0,0
250,3,0,3.0
250,4,0,3.0
250,5,0,3.0
250,6,0,3.0
250,7,0,3.5
250,8,0,3.5
250,9,0,4.0
250,10,0,4.0
250,11,0,4.666666666666667
250,12,0,4.666666666666667
250,13,0,5.142857142857143
250,14,0,5.142857142857143
250,15,0,5.5
250,16,0,5.5
250,17,0,5.555555555555555
250,18,0,5.555555555555555
250,19,0,5.909090909090909
250,20,0,5.909090909090909
250,21,0,6.3076923076923075
250,22,0,6.3076923076923075
250,23,0,6.3076923076923075
250,24,0,6.5
250,25,0,6.933333333333334
250,26,0,7.125
250,27,0,7.125
250,28,0,7.529411764705882
250,29,0,7.529411764705882
250,30,0,8.210526315789474
250,31,0,8.210526315789474
250,32,0,8.210526315789474
250,33,0,8.210526315789474
250,34,0,8.952380952380953
251,0,0,0
251,1,0,0
251,2,0,2.0
251,3,0,2.0
251,4,0,2.0
251,5,0,2.0
251,6,0,2.3333333333333335
251,7,0,2.25
251,8,0,2.4
251,9,0,2.4
251,10,0,2.4
251,11,0,2.4
251,12,0,2.5
251,13,0,2.4285714285714284
251,14,0,2.4285714285714284
251,15,0,2.4444444444444446
251,16,0,2.4444444444444446
251,17,0,2.4444444444444446
251,18,0,2.6
251,19,0,2.909090909090909
251,20,0,2.909090909090909
251,21,0,2.909090909090909
251,22,0,3.6153846153846154
251,23,0,3.6153846153846154
251,24,0,3.6153846153846154
251,25,0,4.0
251,26,0,4.133333333333334
251,27,0,4.4375
251,28,0,4.4375
251,29,0,4.588235294117647
251,30,0,4.833333333333333
251,31,0,4.833333333333333
251,32,0,4.947368421052632
251,33,0,4.947368421052632
251,34,0,5.3
252,0,0,0
252,1,0,0
252,2,0,2.0
252,3,0,2.0
252,4,0,3.0
252,5,0,3.0
252,6,0,3.6666666666666665
252,7,0,3.6666666666666665
252,8,0,4.5
252,9,0,5.0
252,10,0,5.5
252,11,0,5.5
252,12,0,5.714285714285714
252,13,0,6.125
252,14,0,6.0
252,15,0,6.4
252,16,0,6.4
252,17,0,6.4
252,18,0,6.545454545454546
252,19,0,7.083333333333333
252,20,0,7.230769230769231
252,21,0,7.230769230769231
252,22,0,7.357142857142857
252,23,0,7.933333333333334
252,24,0,7.933333333333334
252,25,0,8.125
252,26,0,8.125
252,27,0,8.777777777777779
252,28,0,8.777777777777779
252,29,0,8.842105263157896
252,30,0,9.3
252,31,0,9.3
252,32,0,9.428571428571429
252,33,0,9.428571428571429
252,34,0,9.954545454545455
253,0,0,0
253,1,0,0
253,2,0,2.0
253,3,0,2.0
253,4,0,2.0
253,5,0,2.0
253,6,0,2.3333333333333335
253,7,0,3.0
253,8,0,3.0
253,9,0,3.2
253,10,0,3.5
253,11,0,3.5
253,12,0,3.5
253,13,0,3.857142857142857
253,14,0,3.857142857142857
253,15,0,3.625
253,16,0,4.0
253,17,0,4.0
253,18,0,4.3
253,19,0,4.2727272727272725
253,20,0,4.2727272727272725
253,21,0,4.2727272727272725
253,22,0,4.416666666666667
253,23,0,4.538461538461538
253,24,0,4.538461538461538
253,25,0,4.538461538461538
253,26,0,4.8
253,27,0,4.8
253,28,0,4.8
253,29,0,4.8
253,30,0,5.176470588235294
253,31,0,5.176470588235294
253,32,0,5.333333333333333
253,33,0,5.333333333333333
253,34,0,5.75
254,0,0,0
254,1,0,0
254,2,0,0
254,3,0,3.0
254,4,0,3.0
254,5,0,2.5
254,6,0,2.5
254,7,0,2.3333333333333335
254,8,0,2.3333333333333335
254,9,0,2.75
254,10,0,2.75
254,11,0,2.75
254,12,0,2.75
254,13,0,3.5
254,14,0,3.5
254,15,0,4.0
254,16,0,4.0
254,17,0,4.666666666666667
254,18,0,4.666666666666667
254,19,0,5.0
254,20,0,4.909090909090909
254,21,0,4.909090909090909
254,22,0,4.909090909090909
254,23,0,5.333333333333333
254,24,0,5.461538461538462
254,25,0,5.461538461538462
254,26,0,5.5
254,27,0,6.0
254,28,0,6.0
254,29,0,6.5
254,30,0,6.647058823529412
254,31,0,6.647058823529412
254,32,0,7.315789473684211
254,33,0,7.315789473684211
254,34,0,7.315789473684211
255,0,0,0
255,1,0,0
255,2,0,0
255,3,0,3.0
255,4,0,3.0
255,5,0,3.0
255,6,0,3.0
255,7,0,2.6666666666666665
255,8,0,3.5
255,9,0,3.5
255,10,0,4.0
255,11,0,4.0
255,12,0,4.0
255,13,0,4.428571428571429
255,14,0,4.375
255,15,0,4.375
255,16,0,4.8
255,17,0,4.8
255,18,0,4.8
255,19,0,5.363636363636363
255,20,0,5.416666666666667
255,21,0,5.769230769230769
255,22,0,5.769230769230769
255,23,0,5.769230769230769
255,24,0,5.928571428571429
255,25,0,6.4
255,26,0,6.4
255,27,0,6.5
255,28,0,6.5
255,29,0,6.9411764705882355
255,30,0,6.9411764705882355
255,31,0,7.111111111111111
255,32,0,7.578947368421052
255,33,0,7.578947368421052
255,34,0,7.8
256,0,0,0
256,1,0,0
256,2,0,0
256,3,0,0
256,4,0,0
256,5,0,0
256,6,0,2.0
256,7,0,2.5
256,8,0,2.5
256,9,0,2.5
256,10,0,3.3333333333333335
256,11,0,3.25
256,12,0,3.25
256,13,0,4.0
256,14,0,4.0
256,15,0,4.0
256,16,0,4.833333333333333
256,17,0,4.833333333333333
256,18,0,4.714285714285714
256,19,0,4.714285714285714
256,20,0,5.444444444444445
256,21,0,5.444444444444445
256,22,0,5.444444444444445
256,23,0,6.181818181818182
256,24,0,6.181818181818182
256,25,0,6.769230769230769
256,26,0,6.769230769230769
256,27,0,6.769230769230769
256,28,0,6.769230769230769
256,29,0,7.6
256,30,0,7.6
256,31,0,7.6
256,32,0,7.6
256,33,0,8.470588235294118
256,34,0,8.470588235294118
257,0,0,0
257,1,0,0
257,2,0,2.0
257,3,0,2.0
257,4,0,2.0
257,5,0,2.6666666666666665
257,6,0,2.6666666666666665
257,7,0,2.6666666666666665
257,8,0,2.6666666666666665
257,9,0,3.6
257,10,0,3.6
257,11,0,3.6
257,12,0,3.6
257,13,0,4.714285714285714
257,14,0,4.714285714285714
257,15,0,5.555555555555555
257,16,0,5.555555555555555
257,17,0,6.1
257,18,0,6.1
257,19,0,6.454545454545454
257,20,0,6.833333333333333
257,21,0,6.833333333333333
257,22,0,7.153846153846154
257,23,0,7.571428571428571
257,24,0,7.571428571428571
257,25,0,8.3125
257,26,0,8.3125
257,27,0,8.3125
257,28,0,8.3125
257,29,0,9.222222222222221
257,30,0,9.222222222222221
257,31,0,9.68421052631579
257,32,0,10.1
257,33,0,10.1
257,34,0,10.571428571428571
258,0,0,0
258,1,0,0
258,2,0,2.0
258,3,0,2.0
258,4,0,2.6666666666666665
258,5,0,2.6666666666666665
258,6,0,2.6666666666666665
258,7,0,2.6666666666666665
258,8,0,4.0
258,9,0,4.0
258,10,0,4.857142857142857
258,11,0,4.857142857142857
258,12,0,5.25
258,13,0,5.555555555555555
258,14,0,5.555555555555555
258,15,0,5.555555555555555
258,16,0,6.363636363636363
258,17,0,6.363636363636363
258,18,0,6.363636363636363
258,19,0,6.833333333333333
258,20,0,7.230769230769231
258,21,0,7.230769230769231
258,22,0,7.230769230769231
258,23,0,7.933333333333334
258,24,0,7.933333333333334
258,25,0,8.25
258,26,0,8.25
258,27,0,8.777777777777779
258,28,0,8.777777777777779
258,29,0,9.25
258,30,0,9.25
258,31,0,9.25
258,32,0,9.25
258,33,0,9.863636363636363
258,34,0,9.863636363636363
259,0,0,0
259,1,0,0
259,2,0,2.0
259,3,0,2.0
259,4,0,2.0
259,5,0,2.0
259,6,0,3.5
259,7,0,3.6666666666666665
259,8,0,3.6666666666666665
259,9,0,4.5
259,10,0,4.6
259,11,0,4.6
259,12,0,5.333333333333333
259,13,0,5.571428571428571
259,14,0,5.875
259,15,0,6.111111111111111
259,16,0,6.111111111111111
259,17,0,6.5
259,18,0,6.818181818181818
259,19,0,6.818181818181818
259,20,0,6.818181818181818
259,21,0,7.615384615384615
259,22,0,7.615384615384615
259,23,0,7.615384615384615
259,24,0,7.857142857142857
259,25,0,8.333333333333334
259,26,0,8.333333333333334
259,27,0,8.333333333333334
259,28,0,8.6875
259,29,0,9.0
259,30,0,9.0
259,31,0,9.277777777777779
259,32,0,9.277777777777779
259,33,0,9.68421052631579
259,34,0,9.68421052631579
260,0,0,0
260,1,0,0
260,2,0,0
260,3,0,3.0
260,4,0,3.5
260,5,0,3.5
260,6,0,3.5
260,7,0,4.0
260,8,0,4.75
260,9,0,4.75
260,10,0,5.0
260,11,0,5.0
260,12,0,5.833333333333333
260,13,0,6.0
260,14,0,6.0
260,15,0,6.75
260,16,0,6.75
260,17,0,6.888888888888889
260,18,0,6.888888888888889
260,19,0,7.6
260,20,0,7.6
260,21,0,7.909090909090909
260,22,0,8.583333333333334
260,23,0,8.583333333333334
260,24,0,8.583333333333334
260,25,0,9.642857142857142
260,26,0,9.642857142857142
260,27,0,9.642857142857142
260,28,0,10.266666666666667
260,29,0,10.3125
260,30,0,10.3125
260,31,0,10.3125
260,32,0,11.0
260,33,0,11.166666666666666
260,34,0,11.166666666666666
261,0,0,0
261,1,0,0
261,2,0,0
261,3,0,2.0
261,4,0,3.0
261,5,0,2.6666666666666665
261,6,0,2.6666666666666665
261,7,0,2.75
261,8,0,3.2
261,9,0,3.2
261,10,0,3.5
261,11,0,3.5
261,12,0,4.0
261,13,0,4.0
261,14,0,4.5
261,15,0,4.888888888888889
261,16,0,4.888888888888889
261,17,0,4.888888888888889
261,18,0,5.4
261,19,0,5.818181818181818
261,20,0,5.818181818181818
261,21,0,6.25
261,22,0,6.769230769230769
261,23,0,7.071428571428571
261,24,0,7.533333333333333
261,25,0,7.533333333333333
261,26,0,7.533333333333333
261,27,0,7.9375
261,28,0,8.470588235294118
261,29,0,8.470588235294118
261,30,0,8.944444444444445
261,31,0,9.210526315789474
261,32,0,9.210526315789474
261,33,0,9.952380952380953
261,34,0,9.952380952380953
262,0,0,0
262,1,0,0
262,2,0,2.0
262,3,0,2.0
262,4,0,2.5
262,5,0,2.5
262,6,0,3.0
262,7,0,3.25
262,8,0,3.6
262,9,0,3.6
262,10,0,3.6
262,11,0,4.428571428571429
262,12,0,4.428571428571429
262,13,0,4.75
262,14,0,5.0
262,15,0,5.0
262,16,0,5.0
262,17,0,5.545454545454546
262,18,0,5.545454545454546
262,19,0,5.153846153846154
262,20,0,5.5
262,21,0,5.5
262,22,0,5.5
262,23,0,5.4
262,24,0,5.6875
262,25,0,5.6875
262,26,0,5.6875
262,27,0,6.055555555555555
262,28,0,6.055555555555555
262,29,0,6.368421052631579
262,30,0,6.25
262,31,0,6.571428571428571
262,32,0,6.5
262,33,0,6.5
262,34,0,6.869565217391305
263,0,0,0
263,1,0,0
263,2,0,0
263,3,0,0
263,4,0,3.0
263,5,0,3.5
263,6,0,3.5
263,7,0,3.5
263,8,0,4.75
263,9,0,4.75
263,10,0,4.75
263,11,0,5.4
263,12,0,6.0
263,13,0,6.142857142857143
263,14,0,6.142857142857143
263,15,0,6.75
263,16,0,7.0
263,17,0,7.0
263,18,0,7.6
263,19,0,7.6
263,20,0,8.0
263,21,0,8.583333333333334
263,22,0,8.846153846153847
263,23,0,8.846153846153847
263,24,0,9.214285714285714
263,25,0,9.4
263,26,0,9.4
263,27,0,9.941176470588236
263,28,0,9.941176470588236
263,29,0,9.941176470588236
263,30,0,10.38888888888889
263,31,0,10.473684210526315
263,32,0,10.9
263,33,0,10.9
263,34,0,11.409090909090908
264,0,0,0
264,1,0,0
264,2,0,0
264,3,0,3.0
264,4,0,3.5
264,5,0,3.6666666666666665
264,6,0,3.6666666666666665
264,7,0,3.6666666666666665
264,8,0,4.5
264,9,0,5.0
264,10,0,5.0
264,11,0,5.0
264,12,0,5.0
264,13,0,5.571428571428571
264,14,0,5.75
264,15,0,5.75
264,16,0,5.555555555555555
264,17,0,6.1
264,18,0,6.1
264,19,0,6.1
264,20,0,6.090909090909091
264,21,0,6.583333333333333
264,22,0,6.583333333333333
264,23,0,6.583333333333333
264,24,0,7.142857142857143
264,25,0,7.142857142857143
264,26,0,7.142857142857143
264,27,0,7.533333333333333
264,28,0,7.8125
264,29,0,7.8125
264,30,0,8.235294117647058
264,31,0,8.5
264,32,0,8.5
264,33,0,8.5
264,34,0,8.894736842105264
265,0,0,0
265,1,0,0
265,2,0,0
265,3,0,2.0
265,4,0,2.0
265,5,0,3.0
265,6,0,2.6666666666666665
265,7,0,2.6666666666666665
265,8,0,2.6666666666666665
265,9,0,3.75
265,10,0,4.0
265,11,0,4.0
265,12,0,4.833333333333333
265,13,0,4.833333333333333
265,14,0,5.875
265,15,0,5.875
265,16,0,5.875
265,17,0,6.444444444444445
265,18,0,6.9
265,19,0,6.9
265,20,0,7.2727272727272725
265,21,0,7.2727272727272725
265,22,0,7.666666666666667
265,23,0,7.666666666666667
265,24,0,8.153846153846153
265,25,0,8.357142857142858
265,26,0,8.357142857142858
265,27,0,8.6
265,28,0,8.875
265,29,0,8.875
265,30,0,9.117647058823529
265,31,0,9.222222222222221
265,32,0,9.222222222222221
265,33,0,9.473684210526315
265,34,0,9.6
266,0,0,0
266,1,0,0
266,2,0,0
266,3,0,2.5
266,4,0,2.5
266,5,0,2.5
266,6,0,3.0
266,7,0,2.75
266,8,0,3.2
266,9,0,3.2
266,10,0,3.2
266,11,0,3.3333333333333335
266,12,0,4.0
266,13,0,4.0
266,14,0,4.125
266,15,0,4.777777777777778
266,16,0,4.777777777777778
266,17,0,5.181818181818182
266,18,0,5.181818181818182
266,19,0,5.181818181818182
266,20,0,5.25
266,21,0,5.846153846153846
266,22,0,5.846153846153846
266,23,0,6.4
266,24,0,6.4
266,25,0,6.4
266,26,0,6.625
266,27,0,6.588235294117647
266,28,0,6.588235294117647
266,29,0,6.588235294117647
266,30,0,7.0
266,31,0,7.0
266,32,0,7.0
266,33,0,7.4
266,34,0,7.571428571428571
267,0,0,0
267,1,0,0
267,2,0,2.0
267,3,0,2.0
267,4,0,2.6666666666666665
267,5,0,2.6666666666666665
267,6,0,2.6666666666666665
267,7,0,3.6
267,8,0,3.6
267,9,0,4.0
267,10,0,4.285714285714286
267,11,0,4.285714285714286
267,12,0,4.285714285714286
267,13,0,4.888888888888889
267,14,0,4.888888888888889
267,15,0,4.888888888888889
267,16,0,5.636363636363637
267,17,0,5.636363636363637
267,18,0,5.833333333333333
267,19,0,6.230769230769231
267,20,0,6.230769230769231
267,21,0,6.230769230769231
267,22,0,6.933333333333334
267,23,0,6.933333333333334
267,24,0,6.933333333333334
267,25,0,7.25
267,26,0,7.705882352941177
267,27,0,7.705882352941177
267,28,0,8.166666666666666
267,29,0,8.473684210526315
267,30,0,8.473684210526315
267,31,0,8.9
267,32,0,8.9
267,33,0,8.909090909090908
267,34,0,9.347826086956522
268,0,0,0
268,1,0,0
268,2,0,1.0
268,3,0,2.0
268,4,0,2.0
268,5,0,2.5
268,6,0,2.5
268,7,0,2.8
268,8,0,3.1666666666666665
268,9,0,3.1666666666666665
268,10,0,3.5714285714285716
268,11,0,3.5714285714285716
268,12,0,3.875
268,13,0,3.875
268,14,0,4.333333333333333
268,15,0,4.333333333333333
268,16,0,4.333333333333333
268,17,0,4.7
268,18,0,4.7
268,19,0,4.833333333333333
268,20,0,4.833333333333333
268,21,0,4.615384615384615
268,22,0,4.615384615384615
268,23,0,4.928571428571429
268,24,0,4.928571428571429
268,25,0,4.933333333333334
268,26,0,4.933333333333334
268,27,0,5.375
268,28,0,5.470588235294118
268,29,0,5.470588235294118
268,30,0,5.944444444444445
268,31,0,6.052631578947368
268,32,0,6.052631578947368
268,33,0,6.2
268,34,0,6.714285714285714
269,0,0,0
269,1,0,0
269,2,0,2.0
269,3,0,2.0
269,4,0,2.0
269,5,0,2.0
269,6,0,3.3333333333333335
269,7,0,3.3333333333333335
269,8,0,3.3333333333333335
269,9,0,3.75
269,10,0,4.6
269,11,0,4.6
269,12,0,4.6
269,13,0,5.166666666666667
269,14,0,6.0
269,15,0,6.375
269,16,0,6.375
269,17,0,6.375
269,18,0,7.222222222222222
269,19,0,7.6
269,20,0,7.090909090909091
269,21,0,7.833333333333333
269,22,0,8.23076923076923
269,23,0,8.23076923076923
269,24,0,8.928571428571429
269,25,0,9.133333333333333
269,26,0,9.133333333333333
269,27,0,9.133333333333333
269,28,0,10.058823529411764
269,29,0,10.058823529411764
269,30,0,10.058823529411764
269,31,0,10.894736842105264
269,32,0,10.894736842105264
269,33,0,10.894736842105264
269,34,0,11.15
270,0,0,0
270,1,0,0
270,2,0,0
270,3,0,2.0
270,4,0,2.0
270,5,0,3.0
270,6,0,3.0
270,7,0,3.6666666666666665
270,8,0,4.25
270,9,0,4.25
270,10,0,4.25
270,11,0,4.25
270,12,0,5.2
270,13,0,5.2
270,14,0,5.2
270,15,0,5.2
270,16,0,6.333333333333333
270,17,0,5.857142857142857
270,18,0,5.857142857142857
270,19,0,5.857142857142857
270,20,0,6.625
270,21,0,6.555555555555555
270,22,0,6.555555555555555
270,23,0,7.3
270,24,0,7.363636363636363
270,25,0,7.363636363636363
270,26,0,7.5
270,27,0,8.23076923076923
270,28,0,8.23076923076923
270,29,0,8.933333333333334
270,30,0,8.933333333333334
270,31,0,8.933333333333334
270,32,0,8.933333333333334
270,33,0,9.823529411764707
270,34,0,9.823529411764707
271,0,0,0
271,1,0,0
271,2,0,0
271,3,0,0
271,4,0,4.0
271,5,0,4.0
271,6,0,3.5
271,7,0,3.6666666666666665
271,8,0,3.6666666666666665
271,9,0,4.0
271,10,0,4.4
271,11,0,4.5
271,12,0,4.857142857142857
271,13,0,4.875
271,14,0,5.111111111111111
271,15,0,5.111111111111111
271,16,0,5.111111111111111
271,17,0,5.7272727272727275
271,18,0,5.7272727272727275
271,19,0,5.7272727272727275
271,20,0,6.230769230769231
271,21,0,6.230769230769231
271,22,0,6.357142857142857
271,23,0,6.733333333333333
271,24,0,6.294117647058823
271,25,0,6.294117647058823
271,26,0,6.526315789473684
271,27,0,6.526315789473684
271,28,0,6.526315789473684
271,29,0,6.857142857142857
271,30,0,6.857142857142857
271,31,0,6.954545454545454
271,32,0,6.954545454545454
271,33,0,7.375
271,34,0,7.375
272,0,0,0
272,1,0,0
272,2,0,0
272,3,0,3.0
272,4,0,3.5
272,5,0,3.5
272,6,0,4.0
272,7,0,4.0
272,8,0,4.6
272,9,0,4.6
272,10,0,4.6
272,11,0,4.833333333333333
272,12,0,4.857142857142857
272,13,0,5.125
272,14,0,5.125
272,15,0,5.125
272,16,0,5.7
272,17,0,5.7
272,18,0,5.7
272,19,0,5.7
272,20,0,6.583333333333333
272,21,0,6.583333333333333
272,22,0,6.583333333333333
272,23,0,6.583333333333333
272,24,0,7.428571428571429
272,25,0,7.428571428571429
272,26,0,7.428571428571429
272,27,0,7.428571428571429
272,28,0,8.375
272,29,0,8.375
272,30,0,8.375
272,31,0,8.375
272,32,0,9.222222222222221
272,33,0,9.222222222222221
272,34,0,9.222222222222221
273,0,0,0
273,1,0,0
273,2,0,0
273,3,0,2.0
273,4,0,2.5
273,5,0,2.6666666666666665
273,6,0,2.75
273,7,0,2.75
273,8,0,2.6
273,9,0,3.1666666666666665
273,10,0,3.1666666666666665
273,11,0,3.1666666666666665
273,12,0,3.1666666666666665
273,13,0,3.75
273,14,0,3.75
273,15,0,4.2
273,16,0,4.2
273,17,0,4.454545454545454
273,18,0,4.416666666666667
273,19,0,4.416666666666667
273,20,0,4.785714285714286
273,21,0,4.785714285714286
273,22,0,4.785714285714286
273,23,0,4.785714285714286
273,24,0,5.3125
273,25,0,5.3125
273,26,0,5.611111111111111
273,27,0,5.611111111111111
273,28,0,5.611111111111111
273,29,0,5.95
273,30,0,5.95
273,31,0,5.95
273,32,0,6.0476190476190474
273,33,0,6.363636363636363
273,34,0,6.363636363636363
274,0,0,0
274,1,0,0
274,2,0,0
274,3,0,0
274,4,0,4.0
274,5,0,3.0
274,6,0,2.6666666666666665
274,7,0,2.6666666666666665
274,8,0,3.0
274,9,0,3.0
274,10,0,3.4
274,11,0,3.6666666666666665
274,12,0,3.6666666666666665
274,13,0,4.0
274,14,0,4.375
274,15,0,4.555555555555555
274,16,0,4.555555555555555
274,17,0,4.8
274,18,0,5.090909090909091
274,19,0,5.333333333333333
274,20,0,5.333333333333333
274,21,0,5.538461538461538
274,22,0,5.928571428571429
274,23,0,5.928571428571429
274,24,0,6.2
274,25,0,6.2
274,26,0,6.6875
274,27,0,6.6875
274,28,0,7.5
274,29,0,7.5
274,30,0,7.5
274,31,0,8.35
274,32,0,8.35
274,33,0,8.35
274,34,0,9.0
275,0,0,0
275,1,0,0
275,2,0,2.0
275,3,0,2.5
275,4,0,2.5
275,5,0,2.5
275,6,0,3.3333333333333335
275,7,0,3.75
275,8,0,4.2
275,9,0,4.2
275,10,0,5.0
275,11,0,5.0
275,12,0,5.0
275,13,0,5.125
275,14,0,5.666666666666667
275,15,0,5.666666666666667
275,16,0,5.6
275,17,0,6.090909090909091
275,18,0,6.090909090909091
275,19,0,6.166666666666667
275,20,0,6.166666666666667
275,21,0,6.769230769230769
275,22,0,6.769230769230769
275,23,0,6.928571428571429
275,24,0,6.928571428571429
275,25,0,7.6
275,26,0,7.6
275,27,0,7.875
275,28,0,8.055555555555555
275,29,0,8.31578947368421
275,30,0,8.75
275,31,0,9.0
275,32,0,9.0
275,33,0,9.0
275,34,0,9.5
276,0,0,0
276,1,0,0
276,2,0,0
276,3,0,0
276,4,0,4.0
276,5,0,4.0
276,6,0,4.333333333333333
276,7,0,4.333333333333333
276,8,0,3.75
276,9,0,3.75
276,10,0,4.166666666666667
276,11,0,4.166666666666667
276,12,0,4.857142857142857
276,13,0,4.857142857142857
276,14,0,5.375
276,15,0,5.375
276,16,0,5.222222222222222
276,17,0,5.5
276,18,0,5.5
276,19,0,5.2727272727272725
276,20,0,5.2727272727272725
276,21,0,5.75
276,22,0,5.75
276,23,0,5.75
276,24,0,5.75
276,25,0,6.384615384615385
276,26,0,6.071428571428571
276,27,0,6.666666666666667
276,28,0,6.666666666666667
276,29,0,6.4375
276,30,0,6.4375
276,31,0,7.117647058823529
276,32,0,7.117647058823529
276,33,0,7.0
276,34,0,7.684210526315789
277,0,0,0
277,1,0,0
277,2,0,2.0
277,3,0,2.0
277,4,0,3.0
277,5,0,3.0
277,6,0,4.0
277,7,0,4.0
277,8,0,4.2
277,9,0,4.666666666666667
277,10,0,4.666666666666667
277,11,0,4.857142857142857
277,12,0,5.375
277,13,0,5.375
277,14,0,5.666666666666667
277,15,0,6.1
277,16,0,6.1
277,17,0,6.1
277,18,0,6.666666666666667
277,19,0,6.666666666666667
277,20,0,6.769230769230769
277,21,0,6.769230769230769
277,22,0,7.214285714285714
277,23,0,7.4
277,24,0,7.8125
277,25,0,7.8125
277,26,0,8.0
277,27,0,8.0
277,28,0,8.38888888888889
277,29,0,8.38888888888889
277,30,0,9.0
277,31,0,9.0
277,32,0,9.0
277,33,0,9.333333333333334
277,34,0,9.727272727272727
278,0,0,0
278,1,0,0
278,2,0,0
278,3,0,2.0
278,4,0,2.0
278,5,0,2.5
278,6,0,2.6666666666666665
278,7,0,2.6666666666666665
278,8,0,2.6666666666666665
278,9,0,3.6
278,10,0,3.6
278,11,0,4.0
278,12,0,4.0
278,13,0,4.75
278,14,0,4.75
278,15,0,5.222222222222222
278,16,0,5.5
278,17,0,5.5
278,18,0,5.5
278,19,0,6.25
278,20,0,6.25
278,21,0,6.25
278,22,0,6.3076923076923075
278,23,0,6.857142857142857
278,24,0,6.857142857142857
278,25,0,7.0
278,26,0,7.0
278,27,0,7.5625
278,28,0,7.294117647058823
278,29,0,7.833333333333333
278,30,0,7.631578947368421
278,31,0,7.631578947368421
278,32,0,7.45
278,33,0,8.0
278,34,0,8.0
279,0,0,0
279,1,0,0
279,2,0,0
279,3,0,3.0
279,4,0,3.5
279,5,0,3.5
279,6,0,3.5
279,7,0,4.333333333333333
279,8,0,4.0
279,9,0,4.0
279,10,0,4.6
279,11,0,4.6
279,12,0,5.285714285714286
279,13,0,5.285714285714286
279,14,0,5.285714285714286
279,15,0,5.5
279,16,0,6.111111111111111
279,17,0,6.111111111111111
279,18,0,6.3
279,19,0,6.909090909090909
279,20,0,6.909090909090909
279,21,0,7.333333333333333
279,22,0,7.461538461538462
279,23,0,7.642857142857143
279,24,0,7.642857142857143
279,25,0,7.642857142857143
279,26,0,7.933333333333334
279,27,0,8.25
279,28,0,8.25
279,29,0,8.25
279,30,0,8.944444444444445
279,31,0,8.944444444444445
279,32,0,8.944444444444445
279,33,0,8.944444444444445
279,34,0,9.7
280,0,0,0
280,1,0,0
280,2,0,0
280,3,0,0
280,4,0,0
280,5,0,2.0
280,6,0,2.0
280,7,0,2.0
280,8,0,3.0
280,9,0,3.6666666666666665
280,10,0,3.6666666666666665
280,11,0,3.6666666666666665
280,12,0,4.8
280,13,0,4.8
280,14,0,4.8
280,15,0,4.8
280,16,0,5.714285714285714
280,17,0,5.714285714285714
280,18,0,5.714285714285714
280,19,0,5.875
280,20,0,6.333333333333333
280,21,0,6.333333333333333
280,22,0,6.7
280,23,0,6.909090909090909
280,24,0,6.909090909090909
280,25,0,7.333333333333333
280,26,0,7.333333333333333
280,27,0,7.461538461538462
280,28,0,7.928571428571429
280,29,0,7.928571428571429
280,30,0,7.928571428571429
280,31,0,8.2
280,32,0,8.6875
280,33,0,8.6875
280,34,0,9.0
281,0,0,0
281,1,0,0
281,2,0,2.0
281,3,0,2.0
281,4,0,2.0
281,5,0,2.25
281,6,0,2.25
281,7,0,2.3333333333333335
281,8,0,2.3333333333333335
281,9,0,2.4285714285714284
281,10,0,2.4285714285714284
281,11,0,2.4285714285714284
281,12,0,2.375
281,13,0,2.375
281,14,0,2.3333333333333335
281,15,0,2.3333333333333335
281,16,0,2.5
281,17,0,2.6363636363636362
281,18,0,2.6363636363636362
281,19,0,2.6666666666666665
281,20,0,2.6666666666666665
281,21,0,2.923076923076923
281,22,0,2.923076923076923
281,23,0,2.857142857142857
281,24,0,3.2
281,25,0,3.2
281,26,0,3.2
281,27,0,3.25
281,28,0,3.6470588235294117
281,29,0,3.6470588235294117
281,30,0,4.055555555555555
281,31,0,4.157894736842105
281,32,0,4.157894736842105
281,33,0,4.6
281,34,0,4.523809523809524
282,0,0,0
282,1,0,0
282,2,0,0
282,3,0,0
282,4,0,4.0
282,5,0,4.0
282,6,0,4.0
282,7,0,4.0
282,8,0,5.0
282,9,0,5.0
282,10,0,5.0
282,11,0,5.25
282,12,0,6.2
282,13,0,6.166666666666667
282,14,0,6.166666666666667
282,15,0,6.166666666666667
282,16,0,6.75
282,17,0,6.75
282,18,0,7.111111111111111
282,19,0,7.111111111111111
282,20,0,7.4
282,21,0,7.7272727272727275
282,22,0,7.7272727272727275
282,23,0,8.083333333333334
282,24,0,8.384615384615385
282,25,0,8.384615384615385
282,26,0,9.066666666666666
282,27,0,9.066666666666666
282,28,0,9.375
282,29,0,9.375
282,30,0,9.529411764705882
282,31,0,9.529411764705882
282,32,0,9.944444444444445
282,33,0,10.157894736842104
282,34,0,10.157894736842104
283,0,0,0
283,1,0,0
283,2,0,0
283,3,0,3.0
283,4,0,3.0
283,5,0,3.0
283,6,0,3.0
283,7,0,4.0
283,8,0,4.0
283,9,0,4.0
283,10,0,4.0
283,11,0,4.4
283,12,0,4.4
283,13,0,4.5
283,14,0,5.0
283,15,0,5.0
283,16,0,5.666666666666667
283,17,0,5.666666666666667
283,18,0,5.666666666666667
283,19,0,6.0
283,20,0,6.545454545454546
283,21,0,6.545454545454546
283,22,0,6.545454545454546
283,23,0,6.916666666666667
283,24,0,7.384615384615385
283,25,0,7.714285714285714
283,26,0,8.066666666666666
283,27,0,8.3125
283,28,0,8.411764705882353
283,29,0,8.411764705882353
283,30,0,8.666666666666666
283,31,0,8.666666666666666
283,32,0,9.1
283,33,0,9.1
283,34,0,9.333333333333334
284,0,0,0
284,1,0,0
284,2,0,2.0
284,3,0,2.0
284,4,0,2.0
284,5,0,2.5
284,6,0,2.5
284,7,0,2.5
284,8,0,2.3333333333333335
284,9,0,2.5
284,10,0,2.4
284,11,0,2.5
284,12,0,2.5
284,13,0,2.5714285714285716
284,14,0,2.875
284,15,0,2.875
284,16,0,3.2
284,17,0,3.2
284,18,0,3.3636363636363638
284,19,0,3.5833333333333335
284,20,0,3.5833333333333335
284,21,0,3.5384615384615383
284,22,0,3.5384615384615383
284,23,0,3.8
284,24,0,3.8
284,25,0,3.8
284,26,0,3.8
284,27,0,4.352941176470588
284,28,0,4.352941176470588
284,29,0,4.352941176470588
284,30,0,4.352941176470588
284,31,0,4.7894736842105265
284,32,0,4.7894736842105265
284,33,0,5.0
284,34,0,5.0
285,0,0,0
285,1,0,0
285,2,0,0
285,3,0,0
285,4,0,4.0
285,5,0,4.0
285,6,0,4.0
285,7,0,4.0
285,8,0,4.75
285,9,0,4.75
285,10,0,4.75
285,11,0,5.4
285,12,0,5.0
285,13,0,5.0
285,14,0,5.0
285,15,0,5.5
285,16,0,5.5
285,17,0,5.5
285,18,0,5.555555555555555
285,19,0,6.3
285,20,0,6.3
285,21,0,6.363636363636363
285,22,0,6.75
285,23,0,6.75
285,24,0,6.75
285,25,0,7.0
285,26,0,7.5
285,27,0,7.5
285,28,0,7.733333333333333
285,29,0,7.8125
285,30,0,7.8125
285,31,0,7.882352941176471
285,32,0,8.11111111111111
285,33,0,8.11111111111111
285,34,0,8.11111111111111
286,0,0,0
286,1,0,0
286,2,0,2.0
286,3,0,2.5
286,4,0,2.5
286,5,0,2.5
286,6,0,3.0
286,7,0,3.0
286,8,0,3.0
286,9,0,3.0
286,10,0,3.6666666666666665
286,11,0,3.6666666666666665
286,12,0,4.0
286,13,0,4.0
286,14,0,4.375
286,15,0,4.375
286,16,0,4.777777777777778
286,17,0,4.9
286,18,0,4.9
286,19,0,4.9
286,20,0,5.454545454545454
286,21,0,5.75
286,22,0,6.230769230769231
286,23,0,6.230769230769231
286,24,0,6.933333333333334
286,25,0,6.933333333333334
286,26,0,6.933333333333334
286,27,0,6.933333333333334
286,28,0,7.764705882352941
286,29,0,7.764705882352941
286,30,0,7.764705882352941
286,31,0,7.764705882352941
286,32,0,8.68421052631579
286,33,0,8.68421052631579
286,34,0,8.68421052631579
287,0,0,0
287,1,0,0
287,2,0,0
287,3,0,0
287,4,0,3.5
287,5,0,3.5
287,6,0,4.0
287,7,0,4.0
287,8,0,4.0
287,9,0,4.333333333333333
287,10,0,4.333333333333333
287,11,0,4.75
287,12,0,4.75
287,13,0,4.75
287,14,0,4.888888888888889
287,15,0,5.4
287,16,0,5.545454545454546
287,17,0,6.0
287,18,0,6.0
287,19,0,6.0
287,20,0,6.785714285714286
287,21,0,6.785714285714286
287,22,0,7.0
287,23,0,7.5
287,24,0,7.5
287,25,0,7.9411764705882355
287,26,0,8.222222222222221
287,27,0,7.842105263157895
287,28,0,8.25
287,29,0,8.25
287,30,0,8.571428571428571
287,31,0,9.0
287,32,0,9.217391304347826
287,33,0,9.541666666666666
287,34,0,9.541666666666666
288,0,0,0
288,1,0,0
288,2,0,0
288,3,0,0
288,4,0,4.0
288,5,0,4.0
288,6,0,4.0
288,7,0,3.5
288,8,0,3.3333333333333335
288,9,0,3.3333333333333335
288,10,0,3.3333333333333335
288,11,0,4.0
288,12,0,4.0
288,13,0,4.166666666666667
288,14,0,4.166666666666667
288,15,0,4.571428571428571
288,16,0,4.571428571428571
288,17,0,4.875
288,18,0,4.875
288,19,0,5.333333333333333
288,20,0,5.333333333333333
288,21,0,5.7
288,22,0,5.7
288,23,0,6.181818181818182
288,24,0,6.181818181818182
288,25,0,6.666666666666667
288,26,0,6.666666666666667
288,27,0,7.153846153846154
288,28,0,7.153846153846154
288,29,0,7.642857142857143
288,30,0,8.133333333333333
288,31,0,8.133333333333333
288,32,0,9.058823529411764
288,33,0,9.058823529411764
288,34,0,9.5
289,0,0,0
289,1,0,0
289,2,0,2.0
289,3,0,2.5
289,4,0,2.5
289,5,0,2.3333333333333335
289,6,0,2.3333333333333335
289,7,0,2.3333333333333335
289,8,0,2.5
289,9,0,3.0
289,10,0,3.0
289,11,0,3.3333333333333335
289,12,0,3.3333333333333335
289,13,0,3.3333333333333335
289,14,0,3.3333333333333335
289,15,0,3.625
289,16,0,3.625
289,17,0,3.625
289,18,0,3.9
289,19,0,3.9
289,20,0,3.9
289,21,0,4.090909090909091
289,22,0,4.333333333333333
289,23,0,4.333333333333333
289,24,0,4.615384615384615
289,25,0,4.928571428571429
289,26,0,4.928571428571429
289,27,0,4.928571428571429
289,28,0,5.4375
289,29,0,5.4375
289,30,0,5.764705882352941
289,31,0,5.666666666666667
289,32,0,6.0
289,33,0,6.0
289,34,0,6.0
290,0,0,0
290,1,0,0
290,2,0,0
290,3,0,0
290,4,0,4.0
290,5,0,3.5
290,6,0,3.5
290,7,0,3.75
290,8,0,3.75
290,9,0,4.2
290,10,0,4.833333333333333
290,11,0,4.833333333333333
290,12,0,5.0
290,13,0,5.0
290,14,0,5.75
290,15,0,6.0
290,16,0,6.4
290,17,0,6.545454545454546
290,18,0,6.916666666666667
290,19,0,7.076923076923077
290,20,0,7.076923076923077
290,21,0,7.076923076923077
290,22,0,7.571428571428571
290,23,0,7.8
290,24,0,7.8
290,25,0,8.25
290,26,0,8.529411764705882
290,27,0,8.529411764705882
290,28,0,9.0
290,29,0,9.210526315789474
290,30,0,9.210526315789474
290,31,0,9.45
290,32,0,9.857142857142858
290,33,0,9.857142857142858
290,34,0,10.521739130434783
291,0,0,0
291,1,0,0
291,2,0,2.0
291,3,0,2.0
291,4,0,2.5
291,5,0,2.5
291,6,0,2.6666666666666665
291,7,0,3.0
291,8,0,3.0
291,9,0,3.4
291,10,0,3.4
291,11,0,4.0
291,12,0,4.0
291,13,0,4.285714285714286
291,14,0,4.285714285714286
291,15,0,4.666666666666667
291,16,0,4.666666666666667
291,17,0,4.666666666666667
291,18,0,4.6
291,19,0,5.090909090909091
291,20,0,5.090909090909091
291,21,0,5.5
291,22,0,5.5
291,23,0,5.230769230769231
291,24,0,5.285714285714286
291,25,0,5.066666666666666
291,26,0,5.1875
291,27,0,5.1875
291,28,0,5.0588235294117645
291,29,0,5.166666666666667
291,30,0,5.105263157894737
291,31,0,5.25
291,32,0,5.238095238095238
291,33,0,5.409090909090909
291,34,0,5.409090909090909
292,0,0,0
292,1,0,0
292,2,0,0
292,3,0,0
292,4,0,3.0
292,5,0,3.0
292,6,0,2.6666666666666665
292,7,0,2.6666666666666665
292,8,0,3.2
292,9,0,3.2
292,10,0,3.4285714285714284
292,11,0,3.4285714285714284
292,12,0,3.4285714285714284
292,13,0,3.875
292,14,0,3.875
292,15,0,3.875
292,16,0,3.875
292,17,0,4.333333333333333
292,18,0,4.3
292,19,0,4.3
292,20,0,4.818181818181818
292,21,0,4.818181818181818
292,22,0,5.461538461538462
292,23,0,5.461538461538462
292,24,0,5.642857142857143
292,25,0,5.642857142857143
292,26,0,6.2
292,27,0,6.4375
292,28,0,6.9411764705882355
292,29,0,7.055555555555555
292,30,0,7.526315789473684
292,31,0,7.65
292,32,0,7.65
292,33,0,7.761904761904762
292,34,0,8.272727272727273
293,0,0,0
293,1,0,0
293,2,0,2.0
293,3,0,2.0
293,4,0,2.5
293,5,0,3.0
293,6,0,3.0
293,7,0,3.0
293,8,0,3.75
293,9,0,4.0
293,10,0,4.0
293,11,0,4.333333333333333
293,12,0,5.0
293,13,0,5.0
293,14,0,5.375
293,15,0,5.375
293,16,0,5.888888888888889
293,17,0,5.888888888888889
293,18,0,6.3
293,19,0,6.3
293,20,0,6.909090909090909
293,21,0,7.333333333333333
293,22,0,7.333333333333333
293,23,0,8.214285714285714
293,24,0,8.214285714285714
293,25,0,8.214285714285714
293,26,0,9.0
293,27,0,9.0
293,28,0,9.0
293,29,0,9.0
293,30,0,9.88888888888889
293,31,0,9.88888888888889
293,32,0,10.7
293,33,0,10.7
293,34,0,10.7
294,0,0,0
294,1,0,0
294,2,0,0
294,3,0,3.0
294,4,0,3.0
294,5,0,3.5
294,6,0,4.0
294,7,0,4.0
294,8,0,3.5
294,9,0,4.5
294,10,0,4.5
294,11,0,4.5
294,12,0,5.5
294,13,0,5.5
294,14,0,6.0
294,15,0,6.0
294,16,0,6.0
294,17,0,6.363636363636363
294,18,0,6.666666666666667
294,19,0,6.666666666666667
294,20,0,7.076923076923077
294,21,0,7.428571428571429
294,22,0,7.428571428571429
294,23,0,7.8
294,24,0,8.125
294,25,0,8.470588235294118
294,26,0,8.470588235294118
294,27,0,9.105263157894736
294,28,0,9.105263157894736
294,29,0,9.105263157894736
294,30,0,9.105263157894736
294,31,0,9.761904761904763
294,32,0,9.761904761904763
294,33,0,9.761904761904763
294,34,0,10.045454545454545
295,0,0,0
295,1,0,0
295,2,0,0
295,3,0,0
295,4,0,4.0
295,5,0,4.0
295,6,0,4.333333333333333
295,7,0,4.333333333333333
295,8,0,4.75
295,9,0,4.6
295,10,0,5.0
295,11,0,5.0
295,12,0,5.142857142857143
295,13,0,5.142857142857143
295,14,0,5.625
295,15,0,5.625
295,16,0,6.0
295,17,0,6.0
295,18,0,6.6
295,19,0,7.0
295,20,0,7.0
295,21,0,7.0
295,22,0,8.076923076923077
295,23,0,8.076923076923077
295,24,0,8.933333333333334
295,25,0,8.933333333333334
295,26,0,9.375
295,27,0,9.375
295,28,0,10.166666666666666
295,29,0,10.166666666666666
295,30,0,10.166666666666666
295,31,0,10.578947368421053
295,32,0,10.95
295,33,0,10.95
295,34,0,11.681818181818182
296,0,0,0
296,1,0,0
296,2,0,0
296,3,0,0
296,4,0,0
296,5,0,3.0
296,6,0,3.0
296,7,0,3.0
296,8,0,3.5
296,9,0,3.5
296,10,0,3.5
296,11,0,3.5
296,12,0,4.0
296,13,0,4.0
296,14,0,4.0
296,15,0,4.571428571428571
296,16,0,4.75
296,17,0,4.75
296,18,0,5.333333333333333
296,19,0,5.333333333333333
296,20,0,6.181818181818182
296,21,0,6.181818181818182
296,22,0,6.615384615384615
296,23,0,6.615384615384615
296,24,0,6.642857142857143
296,25,0,7.0
296,26,0,7.0
296,27,0,7.0
296,28,0,7.0
296,29,0,7.555555555555555
296,30,0,7.555555555555555
296,31,0,7.555555555555555
296,32,0,7.555555555555555
296,33,0,8.05
296,34,0,8.05
297,0,0,0
297,1,0,0
297,2,0,0
297,3,0,3.0
297,4,0,3.0
297,5,0,3.5
297,6,0,3.5
297,7,0,4.0
297,8,0,4.0
297,9,0,4.2
297,10,0,4.166666666666667
297,11,0,4.142857142857143
297,12,0,4.25
297,13,0,4.25
297,14,0,4.25
297,15,0,4.333333333333333
297,16,0,4.6
297,17,0,4.6
297,18,0,4.7272727272727275
297,19,0,5.083333333333333
297,20,0,5.0
297,21,0,5.357142857142857
297,22,0,5.357142857142857
297,23,0,5.333333333333333
297,24,0,5.625
297,25,0,5.625
297,26,0,5.9411764705882355
297,27,0,5.944444444444445
297,28,0,5.944444444444445
297,29,0,5.947368421052632
297,30,0,6.3
297,31,0,6.3
297,32,0,6.3
297,33,0,6.818181818181818
297,34,0,6.818181818181818
298,0,0,0
298,1,0,0
298,2,0,0
298,3,0,0
298,4,0,4.0
298,5,0,4.0
298,6,0,4.0
298,7,0,4.666666666666667
298,8,0,4.666666666666667
298,9,0,5.2
298,10,0,5.2
298,11,0,5.2
298,12,0,5.125
298,13,0,5.125
298,14,0,5.125
298,15,0,5.125
298,16,0,6.0
298,17,0,6.0
298,18,0,6.0
298,19,0,6.363636363636363
298,20,0,6.75
298,21,0,6.923076923076923
298,22,0,6.923076923076923
298,23,0,7.4
298,24,0,7.4
298,25,0,7.4
298,26,0,7.75
298,27,0,8.0
298,28,0,8.333333333333334
298,29,0,8.526315789473685
298,30,0,8.526315789473685
298,31,0,8.75
298,32,0,9.142857142857142
298,33,0,9.272727272727273
298,34,0,9.272727272727273
299,0,0,0
299,1,0,0
299,2,0,0
299,3,0,3.0
299,4,0,3.5
299,5,0,3.5
299,6,0,3.6666666666666665
299,7,0,3.6666666666666665
299,8,0,4.25
299,9,0,4.25
299,10,0,5.166666666666667
299,11,0,5.166666666666667
299,12,0,5.428571428571429
299,13,0,5.428571428571429
299,14,0,5.625
299,15,0,5.777777777777778
299,16,0,5.777777777777778
299,17,0,5.7
299,18,0,5.7
299,19,0,5.916666666666667
299,20,0,5.916666666666667
299,21,0,6.230769230769231
299,22,0,6.230769230769231
299,23,0,6.357142857142857
299,24,0,6.357142857142857
299,25,0,6.8
299,26,0,6.8
299,27,0,7.0
299,28,0,7.0
299,29,0,7.529411764705882
299,30,0,7.529411764705882
299,31,0,8.105263157894736
299,32,0,8.105263157894736
299,33,0,8.619047619047619
299,34,0,8.619047619047619
300,0,0,0
300,1,0,0
300,2,0,0
300,3,0,3.0
300,4,0,3.0
300,5,0,3.0
300,6,0,3.5
300,7,0,3.5
300,8,0,3.3333333333333335
300,9,0,4.0
300,10,0,4.0
300,11,0,4.4
300,12,0,4.666666666666667
300,13,0,4.857142857142857
300,14,0,4.857142857142857
300,15,0,4.857142857142857
300,16,0,5.555555555555555
300,17,0,5.555555555555555
300,18,0,5.555555555555555
300,19,0,5.8
300,20,0,6.363636363636363
300,21,0,6.583333333333333
300,22,0,7.0
300,23,0,7.071428571428571
300,24,0,7.071428571428571
300,25,0,7.466666666666667
300,26,0,7.466666666666667
300,27,0,7.6875
300,28,0,7.6875
300,29,0,8.058823529411764
300,30,0,8.058823529411764
300,31,0,8.277777777777779
300,32,0,8.68421052631579
300,33,0,8.68421052631579
300,34,0,9.1
301,0,0,0
301,1,0,0
301,2,0,0
301,3,0,0
301,4,0,3.0
301,5,0,3.0
301,6,0,3.5
301,7,0,3.5
301,8,0,4.333333333333333
301,9,0,4.75
301,10,0,4.75
301,11,0,5.4
301,12,0,5.5
301,13,0,5.714285714285714
301,14,0,5.714285714285714
301,15,0,5.777777777777778
301,16,0,5.777777777777778
301,17,0,6.1
301,18,0,6.1
301,19,0,6.5
301,20,0,6.5
301,21,0,6.5
301,22,0,6.923076923076923
301,23,0,7.071428571428571
301,24,0,7.071428571428571
301,25,0,7.071428571428571
301,26,0,7.8125
301,27,0,7.8125
301,28,0,8.235294117647058
301,29,0,8.235294117647058
301,30,0,8.555555555555555
301,31,0,9.0
301,32,0,9.0
301,33,0,9.25
301,34,0,9.619047619047619
302,0,0,0
302,1,0,0
302,2,0,2.0
302,3,0,2.5
302,4,0,2.5
302,5,0,3.0
302,6,0,3.0
302,7,0,3.5
302,8,0,3.5
302,9,0,3.4
302,10,0,3.8333333333333335
302,11,0,3.8333333333333335
302,12,0,3.8333333333333335
302,13,0,4.625
302,14,0,4.625
302,15,0,4.625
302,16,0,5.4
302,17,0,5.4
302,18,0,5.416666666666667
302,19,0,5.416666666666667
302,20,0,5.416666666666667
302,21,0,5.416666666666667
302,22,0,5.857142857142857
302,23,0,5.857142857142857
302,24,0,5.857142857142857
302,25,0,5.933333333333334
302,26,0,6.4375
302,27,0,6.4375
302,28,0,7.0
302,29,0,7.0
302,30,0,7.0
302,31,0,7.157894736842105
302,32,0,7.6
302,33,0,7.6
302,34,0,8.047619047619047
303,0,0,0
303,1,0,0
303,2,0,0
303,3,0,2.0
303,4,0,2.0
303,5,0,2.0
303,6,0,2.0
303,7,0,3.5
303,8,0,3.5
303,9,0,3.75
303,10,0,3.75
303,11,0,3.75
303,12,0,4.0
303,13,0,4.5
303,14,0,4.5
303,15,0,5.25
303,16,0,5.25
303,17,0,5.25
303,18,0,5.333333333333333
303,19,0,5.6
303,20,0,5.6
303,21,0,6.0
303,22,0,6.0
303,23,0,6.0
303,24,0,6.428571428571429
303,25,0,6.428571428571429
303,26,0,6.666666666666667
303,27,0,6.9375
303,28,0,7.117647058823529
303,29,0,7.117647058823529
303,30,0,7.117647058823529
303,31,0,7.684210526315789
303,32,0,7.684210526315789
303,33,0,7.9
303,34,0,8.285714285714286
304,0,0,0
304,1,0,0
304,2,0,0
304,3,0,0
304,4,0,4.0
304,5,0,4.0
304,6,0,4.0
304,7,0,4.0
304,8,0,5.0
304,9,0,5.0
304,10,0,5.25
304,11,0,5.0
304,12,0,5.333333333333333
304,13,0,5.285714285714286
304,14,0,5.285714285714286
304,15,0,5.555555555555555
304,16,0,5.555555555555555
304,17,0,5.555555555555555
304,18,0,5.555555555555555
304,19,0,6.2727272727272725
304,20,0,6.2727272727272725
304,21,0,6.666666666666667
304,22,0,6.846153846153846
304,23,0,6.846153846153846
304,24,0,7.4
304,25,0,7.4
304,26,0,7.882352941176471
304,27,0,7.882352941176471
304,28,0,8.31578947368421
304,29,0,8.31578947368421
304,30,0,8.4
304,31,0,8.4
304,32,0,8.666666666666666
304,33,0,8.727272727272727
304,34,0,8.956521739130435
305,0,0,0
305,1,0,0
305,2,0,0
305,3,0,0
305,4,0,3.0
305,5,0,3.5
305,6,0,3.6666666666666665
305,7,0,3.6666666666666665
305,8,0,3.6666666666666665
305,9,0,4.8
305,10,0,4.8
305,11,0,4.833333333333333
305,12,0,5.428571428571429
305,13,0,5.428571428571429
305,14,0,5.5
305,15,0,6.111111111111111
305,16,0,6.111111111111111
305,17,0,6.111111111111111
305,18,0,6.4
305,19,0,7.090909090909091
305,20,0,7.333333333333333
305,21,0,7.333333333333333
305,22,0,8.0
305,23,0,8.0
305,24,0,8.357142857142858
305,25,0,8.866666666666667
305,26,0,8.866666666666667
305,27,0,9.588235294117647
305,28,0,9.588235294117647
305,29,0,9.588235294117647
305,30,0,10.210526315789474
305,31,0,10.210526315789474
305,32,0,10.210526315789474
305,33,0,10.904761904761905
305,34,0,10.904761904761905
306,0,0,0
306,1,0,0
306,2,0,0
306,3,0,0
306,4,0,0
306,5,0,4.0
306,6,0,4.0
306,7,0,4.0
306,8,0,4.0
306,9,0,5.0
306,10,0,4.75
306,11,0,4.75
306,12,0,5.4
306,13,0,5.4
306,14,0,5.428571428571429
306,15,0,5.428571428571429
306,16,0,5.5
306,17,0,5.5
306,18,0,5.888888888888889
306,19,0,5.888888888888889
306,20,0,5.8
306,21,0,6.090909090909091
306,22,0,6.090909090909091
306,23,0,6.461538461538462
306,24,0,6.461538461538462
306,25,0,6.571428571428571
306,26,0,6.666666666666667
306,27,0,6.75
306,28,0,6.75
306,29,0,6.9411764705882355
306,30,0,6.9411764705882355
306,31,0,7.0
306,32,0,7.0
306,33,0,7.315789473684211
306,34,0,7.315789473684211
307,0,0,0
307,1,0,0
307,2,0,2.0
307,3,0,2.0
307,4,0,2.0
307,5,0,2.0
307,6,0,2.5
307,7,0,2.3333333333333335
307,8,0,2.3333333333333335
307,9,0,2.3333333333333335
307,10,0,2.5
307,11,0,2.8
307,12,0,2.8
307,13,0,3.1666666666666665
307,14,0,3.1666666666666665
307,15,0,3.4285714285714284
307,16,0,3.4285714285714284
307,17,0,4.0
307,18,0,3.888888888888889
307,19,0,3.888888888888889
307,20,0,3.888888888888889
307,21,0,4.363636363636363
307,22,0,4.363636363636363
307,23,0,4.363636363636363
307,24,0,4.923076923076923
307,25,0,4.923076923076923
307,26,0,5.0
307,27,0,5.0
307,28,0,5.6
307,29,0,5.75
307,30,0,6.294117647058823
307,31,0,6.444444444444445
307,32,0,6.444444444444445
307,33,0,6.894736842105263
307,34,0,6.894736842105263
308,0,0,0
308,1,0,0
308,2,0,0
308,3,0,0
308,4,0,4.0
308,5,0,4.0
308,6,0,4.0
308,7,0,4.0
308,8,0,5.0
308,9,0,5.0
308,10,0,5.75
308,11,0,5.6
308,12,0,5.6
308,13,0,5.6
308,14,0,6.5
308,15,0,6.571428571428571
308,16,0,6.571428571428571
308,17,0,7.375
308,18,0,7.555555555555555
308,19,0,7.555555555555555
308,20,0,7.8
308,21,0,8.454545454545455
308,22,0,8.454545454545455
308,23,0,8.75
308,24,0,8.75
308,25,0,9.307692307692308
308,26,0,9.642857142857142
308,27,0,9.642857142857142
308,28,0,10.2
308,29,0,10.2
308,30,0,10.5625
308,31,0,11.117647058823529
308,32,0,11.117647058823529
308,33,0,11.5
308,34,0,11.947368421052632
309,0,0,0
309,1,0,0
309,2,0,0
309,3,0,3.0
309,4,0,3.0
309,5,0,3.0
309,6,0,3.0
309,7,0,3.0
309,8,0,3.25
309,9,0,3.6
309,10,0,3.5
309,11,0,3.5
309,12,0,3.5714285714285716
309,13,0,3.5714285714285716
309,14,0,3.625
309,15,0,3.888888888888889
309,16,0,3.888888888888889
309,17,0,3.888888888888889
309,18,0,4.0
309,19,0,4.166666666666667
309,20,0,4.166666666666667
309,21,0,4.428571428571429
309,22,0,4.428571428571429
309,23,0,4.333333333333333
309,24,0,4.333333333333333
309,25,0,4.6875
309,26,0,4.647058823529412
309,27,0,4.647058823529412
309,28,0,4.647058823529412
309,29,0,5.157894736842105
309,30,0,5.157894736842105
309,31,0,5.157894736842105
309,32,0,5.157894736842105
309,33,0,5.761904761904762
309,34,0,5.761904761904762
310,0,0,0
310,1,0,0
310,2,0,2.0
310,3,0,2.0
310,4,0,3.0
310,5,0,3.3333333333333335
310,6,0,3.25
310,7,0,3.25
310,8,0,3.25
310,9,0,3.8
310,10,0,3.8
310,11,0,3.8
310,12,0,4.285714285714286
310,13,0,4.285714285714286
310,14,0,4.285714285714286
310,15,0,4.285714285714286
310,16,0,4.888888888888889
310,17,0,4.888888888888889
310,18,0,4.888888888888889
310,19,0,5.1
310,20,0,5.636363636363637
310,21,0,5.636363636363637
310,22,0,5.636363636363637
310,23,0,6.384615384615385
310,24,0,6.384615384615385
310,25,0,6.571428571428571
310,26,0,6.571428571428571
310,27,0,7.2
310,28,0,7.2
310,29,0,7.5
310,30,0,8.117647058823529
310,31,0,8.117647058823529
310,32,0,8.444444444444445
310,33,0,8.444444444444445
310,34,0,9.105263157894736
311,0,0,0
311,1,0,0
311,2,0,2.0
311,3,0,2.0
311,4,0,3.0
311,5,0,3.0
311,6,0,3.0
311,7,0,3.0
311,8,0,3.75
311,9,0,3.6
311,10,0,3.6
311,11,0,3.6
311,12,0,4.142857142857143
311,13,0,4.142857142857143
311,14,0,4.25
311,15,0,4.25
311,16,0,4.666666666666667
311,17,0,4.8
311,18,0,4.8
311,19,0,4.8
311,20,0,5.416666666666667
311,21,0,5.416666666666667
311,22,0,5.538461538461538
311,23,0,6.071428571428571
311,24,0,6.2
311,25,0,6.2
311,26,0,6.3125
311,27,0,6.882352941176471
311,28,0,6.882352941176471
311,29,0,7.055555555555555
311,30,0,7.055555555555555
311,31,0,7.684210526315789
311,32,0,7.8
311,33,0,7.8
311,34,0,7.8
312,0,0,0
312,1,0,0
312,2,0,0
312,3,0,0
312,4,0,3.5
312,5,0,3.5
312,6,0,3.5
312,7,0,3.6666666666666665
312,8,0,3.6666666666666665
312,9,0,3.6666666666666665
312,10,0,3.75
312,11,0,3.75
312,12,0,3.75
312,13,0,3.75
312,14,0,4.0
312,15,0,3.6666666666666665
312,16,0,3.6666666666666665
312,17,0,4.0
312,18,0,4.0
312,19,0,4.2
312,20,0,4.2
312,21,0,4.181818181818182
312,22,0,4.5
312,23,0,4.5
312,24,0,4.615384615384615
312,25,0,4.857142857142857
312,26,0,4.857142857142857
312,27,0,4.857142857142857
312,28,0,5.125
312,29,0,5.125
312,30,0,5.125
312,31,0,5.444444444444445
312,32,0,5.444444444444445
312,33,0,5.444444444444445
312,34,0,5.444444444444445
313,0,0,0
313,1,0,0
313,2,0,2.0
313,3,0,2.0
313,4,0,2.0
313,5,0,3.0
313,6,0,3.6666666666666665
313,7,0,3.6666666666666665
313,8,0,3.4
313,9,0,3.4
313,10,0,3.8333333333333335
313,11,0,4.142857142857143
313,12,0,4.142857142857143
313,13,0,4.142857142857143
313,14,0,5.111111111111111
313,15,0,5.111111111111111
313,16,0,5.111111111111111
313,17,0,5.7272727272727275
313,18,0,5.7272727272727275
313,19,0,5.7272727272727275
313,20,0,5.7272727272727275
313,21,0,6.461538461538462
313,22,0,6.461538461538462
313,23,0,6.928571428571429
313,24,0,6.928571428571429
313,25,0,7.5
313,26,0,7.5
313,27,0,7.5
313,28,0,8.0
313,29,0,8.0
313,30,0,8.45
313,31,0,8.45
313,32,0,8.45
313,33,0,8.863636363636363
313,34,0,8.863636363636363
314,0,0,0
314,1,0,0
314,2,0,2.0
314,3,0,2.0
314,4,0,3.0
314,5,0,3.0
314,6,0,3.25
314,7,0,3.25
314,8,0,3.6
314,9,0,3.6
314,10,0,3.6
314,11,0,3.857142857142857
314,12,0,3.857142857142857
314,13,0,3.857142857142857
314,14,0,3.857142857142857
314,15,0,4.5
314,16,0,4.5
314,17,0,5.0
314,18,0,5.0
314,19,0,5.5
314,20,0,5.5
314,21,0,5.5
314,22,0,5.785714285714286
314,23,0,5.785714285714286
314,24,0,5.6
314,25,0,5.6
314,26,0,5.9411764705882355
314,27,0,5.9411764705882355
314,28,0,5.9411764705882355
314,29,0,5.9411764705882355
314,30,0,6.421052631578948
314,31,0,6.421052631578948
314,32,0,6.421052631578948
314,33,0,6.55
314,34,0,7.0476190476190474
315,0,0,0
315,1,0,0
315,2,0,0
315,3,0,2.5
315,4,0,2.5
315,5,0,2.5
315,6,0,3.25
315,7,0,3.25
315,8,0,3.25
315,9,0,3.8
315,10,0,4.333333333333333
315,11,0,4.333333333333333
315,12,0,4.857142857142857
315,13,0,5.375
315,14,0,5.375
315,15,0,5.888888888888889
315,16,0,6.4
315,17,0,6.818181818181818
315,18,0,6.818181818181818
315,19,0,6.916666666666667
315,20,0,7.153846153846154
315,21,0,7.153846153846154
315,22,0,6.857142857142857
315,23,0,6.857142857142857
315,24,0,7.266666666666667
315,25,0,7.125
315,26,0,7.125
315,27,0,7.352941176470588
315,28,0,7.277777777777778
315,29,0,7.277777777777778
315,30,0,7.277777777777778
315,31,0,7.631578947368421
315,32,0,7.65
315,33,0,7.65
315,34,0,8.0
316,0,0,0
316,1,0,0
316,2,0,2.0
316,3,0,2.0
316,4,0,2.0
316,5,0,3.0
316,6,0,3.6666666666666665
316,7,0,3.6666666666666665
316,8,0,4.4
316,9,0,4.4
316,10,0,4.666666666666667
316,11,0,4.666666666666667
316,12,0,5.0
316,13,0,5.0
316,14,0,5.5
316,15,0,5.5
316,16,0,5.909090909090909
316,17,0,5.909090909090909
316,18,0,5.909090909090909
316,19,0,6.769230769230769
316,20,0,6.769230769230769
316,21,0,7.071428571428571
316,22,0,7.333333333333333
316,23,0,7.333333333333333
316,24,0,7.333333333333333
316,25,0,8.0
316,26,0,8.0
316,27,0,8.0
316,28,0,8.736842105263158
316,29,0,8.736842105263158
316,30,0,8.736842105263158
316,31,0,9.476190476190476
316,32,0,9.476190476190476
316,33,0,9.863636363636363
316,34,0,9.521739130434783
317,0,0,0
317,1,0,0
317,2,0,0
317,3,0,3.0
317,4,0,3.5
317,5,0,3.5
317,6,0,4.0
317,7,0,4.0
317,8,0,4.4
317,9,0,4.5
317,10,0,4.5
317,11,0,4.857142857142857
317,12,0,4.857142857142857
317,13,0,5.25
317,14,0,5.666666666666667
317,15,0,5.666666666666667
317,16,0,5.666666666666667
317,17,0,5.7
317,18,0,6.090909090909091
317,19,0,6.090909090909091
317,20,0,6.333333333333333
317,21,0,6.538461538461538
317,22,0,6.538461538461538
317,23,0,6.538461538461538
317,24,0,6.928571428571429
317,25,0,6.933333333333334
317,26,0,6.933333333333334
317,27,0,7.375
317,28,0,7.375
317,29,0,7.294117647058823
317,30,0,7.294117647058823
317,31,0,7.833333333333333
317,32,0,7.684210526315789
317,33,0,7.684210526315789
317,34,0,8.2
318,0,0,0
318,1,0,0
318,2,0,0
318,3,0,2.0
318,4,0,2.5
318,5,0,2.5
318,6,0,2.5
318,7,0,3.0
318,8,0,3.5
318,9,0,3.6
318,10,0,3.6
318,11,0,3.6
318,12,0,4.142857142857143
318,13,0,4.142857142857143
318,14,0,4.142857142857143
318,15,0,4.142857142857143
318,16,0,5.0
318,17,0,5.0
318,18,0,5.2
318,19,0,5.7272727272727275
318,20,0,5.7272727272727275
318,21,0,5.916666666666667
318,22,0,5.916666666666667
318,23,0,6.5
318,24,0,6.5
318,25,0,6.5
318,26,0,7.1875
318,27,0,7.1875
318,28,0,7.1875
318,29,0,7.5
318,30,0,7.684210526315789
318,31,0,7.4
318,32,0,8.181818181818182
318,33,0,8.181818181818182
318,34,0,8.304347826086957
319,0,0,0
319,1,0,0
319,2,0,0
319,3,0,3.0
319,4,0,3.0
319,5,0,2.6666666666666665
319,6,0,2.6666666666666665
319,7,0,3.8
319,8,0,3.8
319,9,0,4.333333333333333
319,10,0,4.571428571428571
319,11,0,4.571428571428571
319,12,0,4.875
319,13,0,5.333333333333333
319,14,0,5.333333333333333
319,15,0,5.333333333333333
319,16,0,5.454545454545454
319,17,0,6.0
319,18,0,6.0
319,19,0,6.785714285714286
319,20,0,6.785714285714286
319,21,0,6.785714285714286
319,22,0,6.375
319,23,0,6.882352941176471
319,24,0,6.882352941176471
319,25,0,6.777777777777778
319,26,0,7.2631578947368425
319,27,0,7.2631578947368425
319,28,0,7.25
319,29,0,7.761904761904762
319,30,0,7.761904761904762
319,31,0,7.7727272727272725
319,32,0,8.26086956521739
319,33,0,8.26086956521739
319,34,0,8.26086956521739
320,0,0,0
320,1,0,0
320,2,0,0
320,3,0,3.0
320,4,0,3.0
320,5,0,3.0
320,6,0,2.6666666666666665
320,7,0,2.6666666666666665
320,8,0,2.6666666666666665
320,9,0,2.6666666666666665
320,10,0,3.0
320,11,0,3.0
320,12,0,3.0
320,13,0,3.0
320,14,0,4.0
320,15,0,4.0
320,16,0,4.0
320,17,0,4.777777777777778
320,18,0,4.5
320,19,0,4.636363636363637
320,20,0,4.636363636363637
320,21,0,5.0
320,22,0,5.0
320,23,0,4.928571428571429
320,24,0,5.266666666666667
320,25,0,5.25
320,26,0,5.25
320,27,0,5.647058823529412
320,28,0,5.611111111111111
320,29,0,5.611111111111111
320,30,0,6.052631578947368
320,31,0,6.05
320,32,0,6.05
320,33,0,6.5
320,34,0,6.5
321,0,0,0
321,1,0,0
321,2,0,0
321,3,0,0
321,4,0,2.0
321,5,0,3.0
321,6,0,3.0
321,7,0,3.3333333333333335
321,8,0,3.25
321,9,0,3.25
321,10,0,3.4
321,11,0,3.4
321,12,0,3.6666666666666665
321,13,0,4.0
321,14,0,4.0
321,15,0,4.375
321,16,0,4.375
321,17,0,4.9
321,18,0,4.9
321,19,0,5.0
321,20,0,5.416666666666667
321,21,0,5.416666666666667
321,22,0,6.0
321,23,0,6.0
321,24,0,6.133333333333334
321,25,0,6.133333333333334
321,26,0,6.625
321,27,0,6.625
321,28,0,7.333333333333333
321,29,0,7.333333333333333
321,30,0,7.333333333333333
321,31,0,7.9
321,32,0,7.9
321,33,0,7.9
321,34,0,8.5
322,0,0,0
322,1,0,0
322,2,0,0
322,3,0,2.5
322,4,0,2.5
322,5,0,2.5
322,6,0,3.0
322,7,0,3.0
322,8,0,3.5
322,9,0,3.5
322,10,0,3.5
322,11,0,3.4285714285714284
322,12,0,3.875
322,13,0,3.7777777777777777
322,14,0,3.7777777777777777
322,15,0,3.7777777777777777
322,16,0,4.4
322,17,0,4.545454545454546
322,18,0,4.545454545454546
322,19,0,4.916666666666667
322,20,0,4.916666666666667
322,21,0,5.076923076923077
322,22,0,5.076923076923077
322,23,0,5.733333333333333
322,24,0,5.733333333333333
322,25,0,5.733333333333333
322,26,0,6.0
322,27,0,6.470588235294118
322,28,0,6.611111111111111
322,29,0,6.894736842105263
322,30,0,6.894736842105263
322,31,0,7.0
322,32,0,7.0
322,33,0,7.333333333333333
322,34,0,7.333333333333333
323,0,0,0
323,1,0,0
323,2,0,2.0
323,3,0,2.0
323,4,0,3.0
323,5,0,3.0
323,6,0,3.25
323,7,0,3.25
323,8,0,4.0
323,9,0,4.0
323,10,0,4.166666666666667
323,11,0,4.857142857142857
323,12,0,4.75
323,13,0,5.333333333333333
323,14,0,5.333333333333333
323,15,0,5.7272727272727275
323,16,0,5.7272727272727275
323,17,0,6.083333333333333
323,18,0,6.153846153846154
323,19,0,6.153846153846154
323,20,0,6.153846153846154
323,21,0,6.642857142857143
323,22,0,6.8
323,23,0,6.8
323,24,0,6.875
323,25,0,7.294117647058823
323,26,0,7.294117647058823
323,27,0,7.444444444444445
323,28,0,7.157894736842105
323,29,0,7.6
323,30,0,7.809523809523809
323,31,0,7.809523809523809
323,32,0,8.272727272727273
323,33,0,8.272727272727273
323,34,0,8.565217391304348
324,0,0,0
324,1,0,0
324,2,0,0
324,3,0,0
324,4,0,4.0
324,5,0,4.0
324,6,0,4.0
324,7,0,4.333333333333333
324,8,0,5.0
324,9,0,5.0
324,10,0,5.0
324,11,0,5.0
324,12,0,5.5
324,13,0,5.714285714285714
324,14,0,5.714285714285714
324,15,0,5.714285714285714
324,16,0,6.222222222222222
324,17,0,6.222222222222222
324,18,0,6.222222222222222
324,19,0,6.3
324,20,0,6.909090909090909
324,21,0,6.909090909090909
324,22,0,6.916666666666667
324,23,0,7.538461538461538
324,24,0,7.538461538461538
324,25,0,8.2
324,26,0,8.2
324,27,0,8.2
324,28,0,8.2
324,29,0,9.0
324,30,0,9.0
324,31,0,9.0
324,32,0,9.736842105263158
324,33,0,9.736842105263158
324,34,0,9.736842105263158
325,0,0,0
325,1,0,0
325,2,0,2.0
325,3,0,2.0
325,4,0,2.0
325,5,0,2.0
325,6,0,2.0
325,7,0,2.25
325,8,0,2.25
325,9,0,2.2
325,10,0,2.5
325,11,0,2.5
325,12,0,2.5
325,13,0,2.7777777777777777
325,14,0,2.7777777777777777
325,15,0,2.7777777777777777
325,16,0,2.7777777777777777
325,17,0,3.272727272727273
325,18,0,3.272727272727273
325,19,0,3.272727272727273
325,20,0,3.3846153846153846
325,21,0,3.3846153846153846
325,22,0,3.3846153846153846
325,23,0,3.3846153846153846
325,24,0,3.6
325,25,0,3.6
325,26,0,3.6
325,27,0,3.75
325,28,0,4.0588235294117645
325,29,0,4.0588235294117645
325,30,0,4.0588235294117645
325,31,0,4.631578947368421
325,32,0,4.631578947368421
325,33,0,4.631578947368421
325,34,0,4.75
326,0,0,0
326,1,0,0
326,2,0,0
326,3,0,3.0
326,4,0,3.0
326,5,0,3.5
326,6,0,3.5
326,7,0,4.0
326,8,0,4.0
326,9,0,4.0
326,10,0,4.6
326,11,0,4.6
326,12,0,4.6
326,13,0,4.833333333333333
326,14,0,5.571428571428571
326,15,0,5.625
326,16,0,5.625
326,17,0,5.625
326,18,0,6.3
326,19,0,6.3
326,20,0,6.545454545454546
326,21,0,6.545454545454546
326,22,0,6.75
326,23,0,7.076923076923077
326,24,0,7.076923076923077
326,25,0,7.428571428571429
326,26,0,7.733333333333333
326,27,0,7.733333333333333
326,28,0,7.733333333333333
326,29,0,8.470588235294118
326,30,0,8.470588235294118
326,31,0,8.88888888888889
326,32,0,9.210526315789474
326,33,0,9.210526315789474
326,34,0,9.65
327,0,0,0
327,1,0,0
327,2,0,0
327,3,0,0
327,4,0,0
327,5,0,3.5
327,6,0,3.5
327,7,0,4.0
327,8,0,3.75
327,9,0,3.75
327,10,0,4.0
327,11,0,4.166666666666667
327,12,0,4.166666666666667
327,13,0,4.428571428571429
327,14,0,4.5
327,15,0,4.5
327,16,0,4.5
327,17,0,4.9
327,18,0,4.9
327,19,0,5.0
327,20,0,5.25
327,21,0,5.25
327,22,0,5.25
327,23,0,5.857142857142857
327,24,0,5.857142857142857
327,25,0,5.857142857142857
327,26,0,5.857142857142857
327,27,0,6.176470588235294
327,28,0,6.176470588235294
327,29,0,6.388888888888889
327,30,0,6.578947368421052
327,31,0,6.578947368421052
327,32,0,6.8
327,33,0,6.8
327,34,0,7.2272727272727275
328,0,0,0
328,1,0,0
328,2,0,0
328,3,0,0
328,4,0,4.0
328,5,0,4.0
328,6,0,4.0
328,7,0,4.0
328,8,0,4.0
328,9,0,4.0
328,10,0,4.0
328,11,0,4.75
328,12,0,5.0
328,13,0,5.333333333333333
328,14,0,5.333333333333333
328,15,0,5.714285714285714
328,16,0,5.714285714285714
328,17,0,6.125
328,18,0,6.555555555555555
328,19,0,6.555555555555555
328,20,0,7.090909090909091
328,21,0,7.090909090909091
328,22,0,7.25
328,23,0,7.461538461538462
328,24,0,7.642857142857143
328,25,0,7.866666666666666
328,26,0,7.866666666666666
328,27,0,8.0625
328,28,0,8.0625
328,29,0,8.5
328,30,0,8.5
328,31,0,8.736842105263158
328,32,0,8.9
328,33,0,8.9
328,34,0,9.19047619047619
329,0,0,0
329,1,0,0
329,2,0,0
329,3,0,3.0
329,4,0,3.5
329,5,0,3.5
329,6,0,3.5
329,7,0,4.333333333333333
329,8,0,4.0
329,9,0,4.0
329,10,0,4.0
329,11,0,4.0
329,12,0,4.25
329,13,0,4.25
329,14,0,4.444444444444445
329,15,0,4.6
329,16,0,4.6
329,17,0,4.909090909090909
329,18,0,4.916666666666667
329,19,0,4.916666666666667
329,20,0,5.0
329,21,0,5.285714285714286
329,22,0,5.285714285714286
329,23,0,5.466666666666667
329,24,0,5.466666666666667
329,25,0,5.875
329,26,0,5.875
329,27,0,6.0588235294117645
329,28,0,6.0588235294117645
329,29,0,6.555555555555555
329,30,0,6.555555555555555
329,31,0,6.7368421052631575
329,32,0,7.25
329,33,0,7.0
329,34,0,7.0
330,0,0,0
330,1,0,0
330,2,0,0
330,3,0,2.5
330,4,0,2.5
330,5,0,2.5
330,6,0,2.5
330,7,0,3.6666666666666665
330,8,0,3.6666666666666665
330,9,0,4.4
330,10,0,4.4
330,11,0,4.666666666666667
330,12,0,4.666666666666667
330,13,0,4.285714285714286
330,14,0,4.75
330,15,0,4.75
330,16,0,4.8
330,17,0,4.818181818181818
330,18,0,5.0
330,19,0,5.0
330,20,0,5.0
330,21,0,5.428571428571429
330,22,0,5.428571428571429
330,23,0,5.428571428571429
330,24,0,5.666666666666667
330,25,0,5.666666666666667
330,26,0,5.5625
330,27,0,5.5625
330,28,0,5.9411764705882355
330,29,0,5.944444444444445
330,30,0,5.944444444444445
330,31,0,5.944444444444445
330,32,0,6.3
330,33,0,6.3
330,34,0,6.761904761904762
331,0,0,0
331,1,0,0
331,2,0,0
331,3,0,0
331,4,0,4.0
331,5,0,4.0
331,6,0,4.0
331,7,0,5.0
331,8,0,4.333333333333333
331,9,0,4.333333333333333
331,10,0,5.0
331,11,0,5.0
331,12,0,5.0
331,13,0,5.0
331,14,0,5.833333333333333
331,15,0,6.142857142857143
331,16,0,6.375
331,17,0,6.375
331,18,0,6.444444444444445
331,19,0,6.6
331,20,0,6.6
331,21,0,7.0
331,22,0,7.0
331,23,0,7.153846153846154
331,24,0,7.153846153846154
331,25,0,7.6
331,26,0,7.6
331,27,0,8.058823529411764
331,28,0,8.058823529411764
331,29,0,8.277777777777779
331,30,0,8.263157894736842
331,31,0,8.263157894736842
331,32,0,8.5
331,33,0,8.571428571428571
331,34,0,8.571428571428571
332,0,0,0
332,1,0,0
332,2,0,0
332,3,0,0
332,4,0,3.0
332,5,0,3.0
332,6,0,3.0
332,7,0,3.3333333333333335
332,8,0,3.0
332,9,0,3.0
332,10,0,3.0
332,11,0,3.0
332,12,0,3.0
332,13,0,3.1666666666666665
332,14,0,3.1666666666666665
332,15,0,3.142857142857143
332,16,0,3.5
332,17,0,3.5
332,18,0,3.5
332,19,0,3.6666666666666665
332,20,0,4.2
332,21,0,4.2727272727272725
332,22,0,4.2727272727272725
332,23,0,4.583333333333333
332,24,0,4.769230769230769
332,25,0,4.769230769230769
332,26,0,5.2
332,27,0,5.2
332,28,0,5.294117647058823
332,29,0,5.294117647058823
332,30,0,5.5
332,31,0,5.842105263157895
332,32,0,5.842105263157895
332,33,0,5.842105263157895
332,34,0,6.428571428571429
333,0,0,0
333,1,0,0
333,2,0,2.0
333,3,0,2.5
333,4,0,2.6666666666666665
333,5,0,2.6666666666666665
333,6,0,3.0
333,7,0,3.0
333,8,0,3.6666666666666665
333,9,0,3.6666666666666665
333,10,0,4.0
333,11,0,4.375
333,12,0,4.375
333,13,0,5.0
333,14,0,5.0
333,15,0,5.416666666666667
333,16,0,5.416666666666667
333,17,0,5.6923076923076925
333,18,0,5.6923076923076925
333,19,0,6.2
333,20,0,6.2
333,21,0,6.2
333,22,0,6.4375
333,23,0,6.823529411764706
333,24,0,6.823529411764706
333,25,0,6.823529411764706
333,26,0,7.2105263157894735
333,27,0,7.2105263157894735
333,28,0,7.2105263157894735
333,29,0,7.2105263157894735
333,30,0,7.714285714285714
333,31,0,7.714285714285714
333,32,0,8.08695652173913
333,33,0,8.08695652173913
333,34,0,8.48
334,0,0,0
334,1,0,0
334,2,0,0
334,3,0,3.0
334,4,0,2.5
334,5,0,2.5
334,6,0,2.6666666666666665
334,7,0,2.6666666666666665
334,8,0,2.75
334,9,0,2.75
334,10,0,3.4
334,11,0,3.4
334,12,0,3.5
334,13,0,4.0
334,14,0,4.125
334,15,0,4.125
334,16,0,4.666666666666667
334,17,0,4.666666666666667
334,18,0,5.454545454545454
334,19,0,5.454545454545454
334,20,0,5.454545454545454
334,21,0,5.833333333333333
334,22,0,6.384615384615385
334,23,0,6.384615384615385
334,24,0,6.384615384615385
334,25,0,7.4
334,26,0,7.4
334,27,0,7.4
334,28,0,7.9375
334,29,0,8.352941176470589
334,30,0,8.352941176470589
334,31,0,8.352941176470589
334,32,0,8.944444444444445
334,33,0,9.421052631578947
334,34,0,9.421052631578947
335,0,0,0
335,1,0,0
335,2,0,2.0
335,3,0,2.0
335,4,0,2.5
335,5,0,2.5
335,6,0,2.5
335,7,0,2.5
335,8,0,3.0
335,9,0,3.0
335,10,0,3.0
335,11,0,3.1666666666666665
335,12,0,3.857142857142857
335,13,0,3.857142857142857
335,14,0,4.125
335,15,0,4.125
335,16,0,4.888888888888889
335,17,0,4.888888888888889
335,18,0,5.3
335,19,0,5.3
335,20,0,6.090909090909091
335,21,0,6.333333333333333
335,22,0,6.333333333333333
335,23,0,6.333333333333333
335,24,0,7.285714285714286
335,25,0,7.285714285714286
335,26,1,7.285714285714286
335,27,1,6.933333333333334
335,28,1,7.823529411764706
335,29,0,7.611111111111111
335,30,0,7.611111111111111
335,31,0,8.2
335,32,0,8.095238095238095
335,33,0,8.095238095238095
335,34,0,8.045454545454545
336,0,0,0
336,1,0,0
336,2,0,0
336,3,0,2.0
336,4,0,3.0
336,5,0,3.0
336,6,0,3.0
336,7,0,4.0
336,8,0,4.0
336,9,0,4.6
336,10,0,4.666666666666667
336,11,0,4.666666666666667
336,12,0,4.571428571428571
336,13,0,4.625
336,14,0,4.625
336,15,0,4.7
336,16,0,4.7
336,17,0,4.7
336,18,0,5.0
336,19,0,5.0
336,20,0,4.916666666666667
336,21,0,4.916666666666667
336,22,0,5.384615384615385
336,23,0,5.428571428571429
336,24,0,5.733333333333333
336,25,0,5.733333333333333
336,26,0,5.733333333333333
336,27,0,5.75
336,28,0,6.0
336,29,0,6.0
336,30,0,6.0
336,31,0,6.0
336,32,0,6.157894736842105
336,33,0,6.157894736842105
336,34,0,6.157894736842105
337,0,0,0
337,1,0,0
337,2,0,0
337,3,0,0
337,4,0,4.0
337,5,0,3.0
337,6,0,3.0
337,7,0,3.0
337,8,0,3.6
337,9,0,3.6
337,10,0,3.6
337,11,0,4.0
337,12,0,3.857142857142857
337,13,0,3.857142857142857
337,14,0,3.857142857142857
337,15,0,4.25
337,16,0,4.333333333333333
337,17,0,4.7
337,18,0,4.7
337,19,0,4.909090909090909
337,20,0,4.909090909090909
337,21,0,5.0
337,22,0,5.0
337,23,0,5.230769230769231
337,24,0,5.230769230769231
337,25,0,5.5
337,26,0,5.5
337,27,0,5.8
337,28,0,6.125
337,29,0,6.352941176470588
337,30,0,6.352941176470588
337,31,0,6.722222222222222
337,32,0,6.722222222222222
337,33,0,7.052631578947368
337,34,0,7.052631578947368
338,0,0,0
338,1,0,0
338,2,0,0
338,3,0,3.0
338,4,0,3.0
338,5,0,3.5
338,6,0,3.6666666666666665
338,7,0,3.6666666666666665
338,8,0,4.25
338,9,0,4.6
338,10,0,4.6
338,11,0,4.6
338,12,0,5.333333333333333
338,13,0,5.714285714285714
338,14,0,5.714285714285714
338,15,0,5.714285714285714
338,16,0,6.777777777777778
338,17,0,6.777777777777778
338,18,0,7.181818181818182
338,19,0,7.181818181818182
338,20,0,7.25
338,21,0,7.230769230769231
338,22,0,7.230769230769231
338,23,0,7.230769230769231
338,24,0,7.2
338,25,0,7.2
338,26,0,7.1875
338,27,0,7.294117647058823
338,28,0,7.294117647058823
338,29,0,7.294117647058823
338,30,0,7.294117647058823
338,31,0,7.315789473684211
338,32,0,7.315789473684211
338,33,0,7.315789473684211
338,34,0,7.15
339,0,0,0
339,1,0,0
339,2,0,2.0
339,3,0,2.5
339,4,0,2.5
339,5,0,3.0
339,6,0,3.5
339,7,0,3.8
339,8,0,3.8
339,9,0,3.8
339,10,0,4.333333333333333
339,11,0,4.857142857142857
339,12,0,4.857142857142857
339,13,0,5.25
339,14,0,5.777777777777778
339,15,0,5.777777777777778
339,16,0,5.777777777777778
339,17,0,6.636363636363637
339,18,0,6.636363636363637
339,19,0,6.636363636363637
339,20,0,7.0
339,21,0,7.538461538461538
339,22,0,7.538461538461538
339,23,0,8.333333333333334
339,24,0,8.333333333333334
339,25,0,8.333333333333334
339,26,0,9.176470588235293
339,27,0,9.176470588235293
339,28,0,9.947368421052632
339,29,0,9.947368421052632
339,30,0,9.947368421052632
339,31,0,10.25
339,32,0,10.714285714285714
339,33,0,10.714285714285714
339,34,0,11.347826086956522
340,0,0,0
340,1,0,0
340,2,0,2.0
340,3,0,2.0
340,4,0,2.0
340,5,0,2.5
340,6,0,2.6
340,7,0,2.6
340,8,0,3.2857142857142856
340,9,0,3.2857142857142856
340,10,0,3.625
340,11,0,3.625
340,12,0,3.7777777777777777
340,13,0,3.7777777777777777
340,14,0,4.3
340,15,0,4.3
340,16,0,4.363636363636363
340,17,0,4.916666666666667
340,18,0,4.916666666666667
340,19,0,4.916666666666667
340,20,0,5.153846153846154
340,21,0,5.785714285714286
340,22,0,5.785714285714286
340,23,0,6.375
340,24,0,6.375
340,25,0,6.375
340,26,0,6.375
340,27,0,7.111111111111111
340,28,0,7.111111111111111
340,29,0,7.578947368421052
340,30,0,7.578947368421052
340,31,0,7.9
340,32,0,7.9
340,33,0,8.428571428571429
340,34,0,8.727272727272727
341,0,0,0
341,1,0,0
341,2,0,0
341,3,0,3.0
341,4,0,3.5
341,5,0,3.5
341,6,0,3.5
341,7,0,4.333333333333333
341,8,0,4.5
341,9,0,4.5
341,10,0,5.166666666666667
341,11,0,5.166666666666667
341,12,0,5.0
341,13,0,5.0
341,14,0,5.333333333333333
341,15,0,5.333333333333333
341,16,0,5.333333333333333
341,17,0,5.333333333333333
341,18,0,5.545454545454546
341,19,0,5.545454545454546
341,20,0,5.583333333333333
341,21,0,5.583333333333333
341,22,0,5.923076923076923
341,23,0,5.923076923076923
341,24,0,6.142857142857143
341,25,0,6.466666666666667
341,26,0,6.466666666666667
341,27,0,6.6875
341,28,0,6.6875
341,29,0,7.111111111111111
341,30,0,7.111111111111111
341,31,0,7.2105263157894735
341,32,0,7.2105263157894735
341,33,0,7.714285714285714
341,34,0,7.714285714285714
342,0,0,0
342,1,0,0
342,2,0,2.0
342,3,0,2.0
342,4,0,3.0
342,5,0,3.0
342,6,0,3.5
342,7,0,3.8
342,8,0,3.8
342,9,0,4.0
342,10,0,4.0
342,11,0,4.571428571428571
342,12,0,4.571428571428571
342,13,0,5.0
342,14,0,5.555555555555555
342,15,0,5.555555555555555
342,16,0,6.0
342,17,0,6.545454545454546
342,18,0,6.545454545454546
342,19,0,7.0
342,20,0,7.0
342,21,0,7.538461538461538
342,22,0,7.538461538461538
342,23,0,8.0
342,24,0,8.533333333333333
342,25,0,8.533333333333333
342,26,0,9.0625
342,27,0,9.529411764705882
342,28,0,9.529411764705882
342,29,0,9.11111111111111
342,30,0,10.1
342,31,0,9.714285714285714
342,32,0,9.714285714285714
342,33,0,10.0
342,34,0,10.521739130434783
343,0,0,0
343,1,0,0
343,2,0,0
343,3,0,0
343,4,0,4.0
343,5,0,4.0
343,6,0,4.0
343,7,0,4.333333333333333
343,8,0,4.25
343,9,0,4.6
343,10,0,4.5
343,11,0,4.857142857142857
343,12,0,4.875
343,13,0,4.875
343,14,0,4.875
343,15,0,5.4
343,16,0,5.4
343,17,0,5.545454545454546
343,18,0,5.545454545454546
343,19,0,6.083333333333333
343,20,0,6.083333333333333
343,21,0,6.0
343,22,0,6.0
343,23,0,6.642857142857143
343,24,0,6.642857142857143
343,25,0,6.666666666666667
343,26,0,6.875
343,27,0,6.875
343,28,0,6.875
343,29,0,7.277777777777778
343,30,0,7.277777777777778
343,31,0,7.277777777777778
343,32,0,7.421052631578948
343,33,0,7.65
343,34,0,7.65
344,0,0,0
344,1,0,0
344,2,0,0
344,3,0,0
344,4,0,3.5
344,5,0,3.5
344,6,0,3.6666666666666665
344,7,0,4.0
344,8,0,4.0
344,9,0,4.0
344,10,0,4.333333333333333
344,11,0,4.333333333333333
344,12,0,4.333333333333333
344,13,0,4.333333333333333
344,14,0,5.25
344,15,0,5.25
344,16,0,5.777777777777778
344,17,0,5.7
344,18,0,6.181818181818182
344,19,0,6.181818181818182
344,20,0,6.6923076923076925
344,21,0,6.6923076923076925
344,22,0,6.785714285714286
344,23,0,7.266666666666667
344,24,0,7.266666666666667
344,25,0,7.4375
344,26,0,7.4375
344,27,0,7.9411764705882355
344,28,0,7.944444444444445
344,29,0,7.944444444444445
344,30,0,7.944444444444445
344,31,0,8.55
344,32,0,8.55
344,33,0,8.55
344,34,0,9.045454545454545
345,0,0,0
345,1,0,0
345,2,0,0
345,3,0,0
345,4,0,0
345,5,0,2.0
345,6,0,2.0
345,7,0,3.0
345,8,0,3.0
345,9,0,3.3333333333333335
345,10,0,3.5
345,11,0,3.6
345,12,0,3.6
345,13,0,3.6666666666666665
345,14,0,3.857142857142857
345,15,0,3.857142857142857
345,16,0,4.125
345,17,0,4.333333333333333
345,18,0,4.333333333333333
345,19,0,4.333333333333333
345,20,0,4.7
345,21,0,5.090909090909091
345,22,0,5.090909090909091
345,23,0,5.090909090909091
345,24,0,5.846153846153846
345,25,0,5.846153846153846
345,26,0,5.846153846153846
345,27,0,6.466666666666667
345,28,0,6.466666666666667
345,29,0,6.466666666666667
345,30,0,6.75
345,31,0,7.235294117647059
345,32,0,7.235294117647059
345,33,0,7.5
345,34,0,8.0
346,0,0,0
346,1,0,0
346,2,0,0
346,3,0,0
346,4,0,0
346,5,0,3.5
346,6,0,3.5
346,7,0,3.5
346,8,0,4.0
346,9,0,4.5
346,10,0,4.4
346,11,0,4.4
346,12,0,4.4
346,13,0,5.0
346,14,0,5.0
346,15,0,5.0
346,16,0,5.0
346,17,0,5.555555555555555
346,18,0,5.555555555555555
346,19,0,6.1
346,20,0,5.909090909090909
346,21,0,5.909090909090909
346,22,0,6.3076923076923075
346,23,0,6.3076923076923075
346,24,0,6.3076923076923075
346,25,0,6.8
346,26,0,6.8
346,27,0,6.8
346,28,0,6.8
346,29,0,7.117647058823529
346,30,0,7.117647058823529
346,31,0,7.117647058823529
346,32,0,7.473684210526316
346,33,0,7.473684210526316
346,34,0,7.473684210526316
347,0,0,0
347,1,0,0
347,2,0,0
347,3,0,3.0
347,4,0,3.0
347,5,0,2.5
347,6,0,3.0
347,7,0,3.0
347,8,0,3.0
347,9,0,3.0
347,10,0,3.0
347,11,0,3.0
347,12,0,3.0
347,13,0,3.5714285714285716
347,14,0,3.5714285714285716
347,15,0,3.75
347,16,0,3.75
347,17,0,4.5
347,18,0,4.5
347,19,0,4.5
347,20,0,4.5
347,21,0,5.333333333333333
347,22,0,5.333333333333333
347,23,0,5.333333333333333
347,24,0,6.0
347,25,0,6.0
347,26,0,6.4
347,27,0,6.625
347,28,0,6.625
347,29,0,7.0588235294117645
347,30,0,7.277777777777778
347,31,0,7.277777777777778
347,32,0,7.684210526315789
347,33,0,7.85
347,34,0,7.85
348,0,0,0
348,1,0,0
348,2,0,2.0
348,3,0,2.0
348,4,0,2.5
348,5,0,2.5
348,6,0,2.5
348,7,0,3.0
348,8,0,3.75
348,9,0,3.75
348,10,0,4.4
348,11,0,4.5
348,12,0,4.5
348,13,0,4.714285714285714
348,14,0,5.25
348,15,0,5.444444444444445
348,16,0,5.444444444444445
348,17,0,5.444444444444445
348,18,0,6.2727272727272725
348,19,0,6.2727272727272725
348,20,0,6.2727272727272725
348,21,0,6.583333333333333
348,22,0,7.0
348,23,0,7.285714285714286
348,24,0,7.285714285714286
348,25,0,8.0
348,26,0,7.647058823529412
348,27,0,7.647058823529412
348,28,0,7.647058823529412
348,29,0,8.157894736842104
348,30,0,8.157894736842104
348,31,0,8.157894736842104
348,32,0,8.2
348,33,0,8.476190476190476
348,34,0,8.476190476190476
349,0,0,0
349,1,0,0
349,2,0,0
349,3,0,2.0
349,4,0,2.0
349,5,0,2.0
349,6,0,2.6666666666666665
349,7,0,2.75
349,8,0,2.75
349,9,0,2.75
349,10,0,3.8333333333333335
349,11,0,3.8333333333333335
349,12,0,3.8333333333333335
349,13,0,4.428571428571429
349,14,0,4.75
349,15,0,5.111111111111111
349,16,0,5.3
349,17,0,5.3
349,18,0,5.7272727272727275
349,19,0,5.7272727272727275
349,20,0,6.0
349,21,0,6.0
349,22,0,6.214285714285714
349,23,0,6.214285714285714
349,24,0,6.266666666666667
349,25,0,6.5625
349,26,0,6.5625
349,27,0,6.5625
349,28,0,7.055555555555555
349,29,0,7.055555555555555
349,30,0,7.055555555555555
349,31,0,7.055555555555555
349,32,0,7.75
349,33,0,7.75
349,34,0,7.75
350,0,0,0
350,1,0,0
350,2,0,0
350,3,0,3.0
350,4,0,2.5
350,5,0,2.6666666666666665
350,6,0,2.6666666666666665
350,7,0,2.6666666666666665
350,8,0,3.0
350,9,0,3.2
350,10,0,3.2
350,11,0,3.2
350,12,0,3.8333333333333335
350,13,0,3.8333333333333335
350,14,0,3.7142857142857144
350,15,0,3.7142857142857144
350,16,0,4.333333333333333
350,17,0,4.333333333333333
350,18,0,4.8
350,19,0,4.8
350,20,0,4.909090909090909
350,21,0,4.909090909090909
350,22,0,5.5
350,23,0,5.6923076923076925
350,24,0,5.6923076923076925
350,25,0,6.333333333333333
350,26,0,6.333333333333333
350,27,0,6.333333333333333
350,28,0,6.9375
350,29,0,7.0
350,30,0,7.0
350,31,0,7.0
350,32,0,7.7894736842105265
350,33,0,7.7894736842105265
350,34,0,7.7894736842105265
351,0,0,0
351,1,0,0
351,2,0,0
351,3,0,0
351,4,0,3.0
351,5,0,3.0
351,6,0,3.0
351,7,0,3.0
351,8,0,3.0
351,9,0,3.5
351,10,0,3.5
351,11,0,3.8
351,12,0,4.333333333333333
351,13,0,4.333333333333333
351,14,0,4.333333333333333
351,15,0,5.25
351,16,0,5.25
351,17,0,4.888888888888889
351,18,0,5.4
351,19,0,5.7272727272727275
351,20,0,5.7272727272727275
351,21,0,6.0
351,22,0,6.538461538461538
351,23,0,6.538461538461538
351,24,0,6.538461538461538
351,25,0,7.466666666666667
351,26,0,7.466666666666667
351,27,0,7.466666666666667
351,28,0,7.875
351,29,0,8.470588235294118
351,30,0,8.470588235294118
351,31,0,8.833333333333334
351,32,0,8.833333333333334
351,33,0,9.421052631578947
351,34,0,9.7
352,0,0,0
352,1,0,0
352,2,0,0
352,3,0,3.0
352,4,0,3.5
352,5,0,3.3333333333333335
352,6,0,3.3333333333333335
352,7,0,3.25
352,8,0,4.0
352,9,0,4.0
352,10,0,4.0
352,11,0,5.0
352,12,0,5.0
352,13,0,5.0
352,14,0,5.0
352,15,0,6.222222222222222
352,16,0,6.222222222222222
352,17,0,6.9
352,18,0,7.181818181818182
352,19,0,7.181818181818182
352,20,0,7.833333333333333
352,21,0,7.833333333333333
352,22,0,8.785714285714286
352,23,0,8.785714285714286
352,24,0,9.133333333333333
352,25,0,9.133333333333333
352,26,0,9.75
352,27,0,10.117647058823529
352,28,0,10.117647058823529
352,29,0,11.0
352,30,0,11.0
352,31,0,11.0
352,32,0,11.55
352,33,0,11.904761904761905
352,34,0,11.904761904761905
353,0,0,0
353,1,0,0
353,2,0,0
353,3,0,0
353,4,0,0
353,5,0,2.0
353,6,0,2.0
353,7,0,2.5
353,8,0,2.5
353,9,0,2.5
353,10,0,3.0
353,11,0,3.5
353,12,0,3.5
353,13,0,4.0
353,14,0,4.5
353,15,0,4.5
353,16,0,4.857142857142857
353,17,0,4.857142857142857
353,18,0,5.25
353,19,0,5.666666666666667
353,20,0,5.666666666666667
353,21,0,5.666666666666667
353,22,0,6.2
353,23,0,6.7272727272727275
353,24,0,7.166666666666667
353,25,0,7.166666666666667
353,26,0,7.6923076923076925
353,27,0,7.785714285714286
353,28,0,7.785714285714286
353,29,0,7.785714285714286
353,30,0,8.375
353,31,0,8.375
353,32,0,8.647058823529411
353,33,0,8.647058823529411
353,34,0,8.833333333333334
354,0,0,0
354,1,0,0
354,2,0,0
354,3,0,3.0
354,4,0,3.0
354,5,0,3.5
354,6,0,3.5
354,7,0,4.0
354,8,0,4.0
354,9,0,4.0
354,10,0,4.2
354,11,0,4.5
354,12,0,4.428571428571429
354,13,0,4.428571428571429
354,14,0,4.428571428571429
354,15,0,4.625
354,16,0,4.888888888888889
354,17,0,4.888888888888889
354,18,0,4.888888888888889
354,19,0,5.3
354,20,0,5.636363636363637
354,21,0,5.636363636363637
354,22,0,6.0
354,23,0,6.3076923076923075
354,24,0,6.3076923076923075
354,25,0,6.642857142857143
354,26,0,6.642857142857143
354,27,0,7.066666666666666
354,28,0,7.4375
354,29,0,7.4375
354,30,0,7.4375
354,31,0,7.823529411764706
354,32,0,8.055555555555555
354,33,0,8.055555555555555
354,34,0,8.4
355,0,0,0
355,1,0,0
355,2,0,0
355,3,0,3.0
355,4,0,3.0
355,5,0,3.0
355,6,0,3.5
355,7,0,4.333333333333333
355,8,0,4.333333333333333
355,9,0,4.333333333333333
355,10,0,5.4
355,11,0,5.4
355,12,0,5.4
355,13,0,5.4
355,14,0,6.428571428571429
355,15,0,6.428571428571429
355,16,0,6.75
355,17,0,7.333333333333333
355,18,0,7.333333333333333
355,19,0,7.8
355,20,0,8.181818181818182
355,21,0,8.181818181818182
355,22,0,8.181818181818182
355,23,0,9.153846153846153
355,24,0,9.153846153846153
355,25,0,9.153846153846153
355,26,0,10.0
355,27,0,10.0
355,28,0,10.4375
355,29,0,10.4375
355,30,0,10.944444444444445
355,31,0,10.944444444444445
355,32,0,10.944444444444445
355,33,0,11.55
355,34,0,11.55
356,0,0,0
356,1,0,0
356,2,0,0
356,3,0,2.0
356,4,0,3.0
356,5,0,3.0
356,6,0,2.6666666666666665
356,7,0,3.5
356,8,0,3.4
356,9,0,4.0
356,10,0,4.0
356,11,0,4.142857142857143
356,12,0,4.142857142857143
356,13,0,4.875
356,14,0,4.888888888888889
356,15,0,4.888888888888889
356,16,0,5.5
356,17,0,5.5
356,18,0,5.636363636363637
356,19,0,6.083333333333333
356,20,0,6.230769230769231
356,21,0,6.428571428571429
356,22,0,6.6
356,23,0,6.6
356,24,0,6.875
356,25,0,6.875
356,26,0,7.176470588235294
356,27,0,7.176470588235294
356,28,0,7.555555555555555
356,29,0,7.555555555555555
356,30,0,7.894736842105263
356,31,0,7.894736842105263
356,32,0,8.25
356,33,0,8.571428571428571
356,34,0,8.571428571428571
357,0,0,0
357,1,0,0
357,2,0,0
357,3,0,0
357,4,0,3.0
357,5,0,3.0
357,6,0,3.0
357,7,0,3.0
357,8,0,3.6666666666666665
357,9,0,3.6666666666666665
357,10,0,3.75
357,11,0,4.2
357,12,0,4.2
357,13,0,4.5
357,14,0,4.5
357,15,0,5.142857142857143
357,16,0,5.142857142857143
357,17,0,5.375
357,18,0,5.375
357,19,0,5.5
357,20,0,5.818181818181818
357,21,0,5.818181818181818
357,22,0,6.538461538461538
357,23,0,6.538461538461538
357,24,0,7.0
357,25,0,7.0
357,26,0,7.6875
357,27,0,7.6875
357,28,0,8.117647058823529
357,29,0,8.117647058823529
357,30,0,8.333333333333334
357,31,0,8.333333333333334
357,32,0,9.05
357,33,0,9.05
357,34,0,9.428571428571429
358,0,0,0
358,1,0,0
358,2,0,0
358,3,0,2.5
358,4,0,2.5
358,5,0,2.6666666666666665
358,6,0,2.6666666666666665
358,7,0,3.2
358,8,0,3.2
358,9,0,3.6666666666666665
358,10,0,3.6666666666666665
358,11,0,4.0
358,12,0,4.5
358,13,0,4.5
358,14,0,4.888888888888889
358,15,0,4.888888888888889
358,16,0,5.5
358,17,0,5.5
358,18,0,5.583333333333333
358,19,0,5.583333333333333
358,20,0,6.153846153846154
358,21,0,6.153846153846154
358,22,0,6.642857142857143
358,23,0,6.933333333333334
358,24,0,6.933333333333334
358,25,0,7.25
358,26,0,7.470588235294118
358,27,0,7.666666666666667
358,28,0,7.666666666666667
358,29,0,7.85
358,30,0,7.85
358,31,0,7.85
358,32,0,8.136363636363637
358,33,0,8.136363636363637
358,34,0,8.26086956521739
359,0,0,0
359,1,0,0
359,2,0,0
359,3,0,0
359,4,0,0
359,5,0,4.0
359,6,0,4.0
359,7,0,4.0
359,8,0,4.0
359,9,0,5.0
359,10,0,5.25
359,11,0,5.25
359,12,0,5.8
359,13,0,5.8
359,14,0,6.0
359,15,0,6.0
359,16,0,5.875
359,17,0,6.333333333333333
359,18,0,6.333333333333333
359,19,0,6.7
359,20,0,6.818181818181818
359,21,0,6.818181818181818
359,22,0,6.818181818181818
359,23,0,7.230769230769231
359,24,0,7.230769230769231
359,25,0,7.266666666666667
359,26,0,7.266666666666667
359,27,0,7.3125
359,28,0,7.352941176470588
359,29,0,7.352941176470588
359,30,0,7.352941176470588
359,31,0,7.526315789473684
359,32,0,7.526315789473684
359,33,0,7.526315789473684
359,34,0,7.8
360,0,0,0
360,1,0,0
360,2,0,0
360,3,0,0
360,4,0,4.0
360,5,0,4.0
360,6,0,4.333333333333333
360,7,0,4.333333333333333
360,8,0,4.333333333333333
360,9,0,4.0
360,10,0,4.2
360,11,0,3.8333333333333335
360,12,0,4.142857142857143
360,13,0,4.142857142857143
360,14,0,4.5
360,15,0,4.333333333333333
360,16,0,4.3
360,17,0,4.3
360,18,0,4.363636363636363
360,19,0,4.416666666666667
360,20,0,4.538461538461538
360,21,0,4.538461538461538
360,22,0,4.538461538461538
360,23,0,4.785714285714286
360,24,0,5.0
360,25,0,5.0
360,26,0,5.0
360,27,0,5.3125
360,28,0,5.588235294117647
360,29,0,5.888888888888889
360,30,0,5.888888888888889
360,31,0,6.052631578947368
360,32,0,6.052631578947368
360,33,0,6.4
360,34,0,6.523809523809524
361,0,0,0
361,1,0,0
361,2,0,2.0
361,3,0,1.5
361,4,0,1.5
361,5,0,2.3333333333333335
361,6,0,2.3333333333333335
361,7,0,2.3333333333333335
361,8,0,2.3333333333333335
361,9,0,3.5
361,10,0,3.5
361,11,0,3.5
361,12,0,4.4
361,13,0,4.333333333333333
361,14,0,4.333333333333333
361,15,0,4.714285714285714
361,16,0,4.875
361,17,0,4.875
361,18,0,5.111111111111111
361,19,0,5.4
361,20,0,5.636363636363637
361,21,0,5.636363636363637
361,22,0,6.0
361,23,0,6.0
361,24,0,6.714285714285714
361,25,0,6.714285714285714
361,26,0,6.714285714285714
361,27,0,7.133333333333334
361,28,0,7.5
361,29,0,7.882352941176471
361,30,0,7.882352941176471
361,31,0,7.882352941176471
361,32,0,8.333333333333334
361,33,0,8.789473684210526
361,34,0,8.789473684210526
362,0,0,0
362,1,0,0
362,2,0,2.0
362,3,0,2.5
362,4,0,2.6666666666666665
362,5,0,2.6666666666666665
362,6,0,2.6666666666666665
362,7,0,3.4
362,8,0,3.4
362,9,0,3.4
362,10,0,4.285714285714286
362,11,0,4.285714285714286
362,12,0,4.285714285714286
362,13,0,4.875
362,14,0,5.333333333333333
362,15,0,5.333333333333333
362,16,0,5.333333333333333
362,17,0,5.8
362,18,0,6.2727272727272725
362,19,0,6.666666666666667
362,20,0,6.666666666666667
362,21,0,7.153846153846154
362,22,0,7.571428571428571
362,23,0,7.571428571428571
362,24,0,7.571428571428571
362,25,0,8.133333333333333
362,26,0,8.625
362,27,0,8.625
362,28,0,8.625
362,29,0,9.235294117647058
362,30,0,9.722222222222221
362,31,0,9.722222222222221
362,32,0,9.31578947368421
362,33,0,10.428571428571429
362,34,0,10.045454545454545
363,0,0,0
363,1,0,0
363,2,0,2.0
363,3,0,2.5
363,4,0,2.5
363,5,0,2.6666666666666665
363,6,0,2.6666666666666665
363,7,0,3.5
363,8,0,3.5
363,9,0,3.5
363,10,0,4.166666666666667
363,11,0,4.166666666666667
363,12,0,4.5
363,13,0,4.5
363,14,0,4.888888888888889
363,15,0,4.9
363,16,0,4.9
363,17,0,5.363636363636363
363,18,0,5.363636363636363
363,19,0,5.846153846153846
363,20,0,5.846153846153846
363,21,0,6.071428571428571
363,22,0,6.066666666666666
363,23,0,6.066666666666666
363,24,0,6.375
363,25,0,6.375
363,26,0,6.529411764705882
363,27,0,6.529411764705882
363,28,0,6.888888888888889
363,29,0,6.888888888888889
363,30,0,7.052631578947368
363,31,0,7.35
363,32,0,7.35
363,33,0,7.35
363,34,0,7.523809523809524
364,0,0,0
364,1,0,0
364,2,0,0
364,3,0,3.0
364,4,0,3.0
364,5,0,2.5
364,6,0,2.5
364,7,0,3.3333333333333335
364,8,0,3.5
364,9,0,3.5
364,10,0,3.8
364,11,0,4.333333333333333
364,12,0,4.333333333333333
364,13,0,4.875
364,14,0,4.875
364,15,0,4.875
364,16,0,5.111111111111111
364,17,0,5.7
364,18,0,5.7
364,19,0,5.7
364,20,0,6.666666666666667
364,21,0,6.666666666666667
364,22,0,6.666666666666667
364,23,0,7.076923076923077
364,24,0,7.714285714285714
364,25,0,7.333333333333333
364,26,0,7.625
364,27,0,7.625
364,28,0,8.052631578947368
364,29,0,8.052631578947368
364,30,0,8.052631578947368
364,31,0,8.333333333333334
364,32,0,8.545454545454545
364,33,0,9.0
364,34,0,9.0
365,0,0,0
365,1,0,0
365,2,0,0
365,3,0,3.0
365,4,0,3.0
365,5,0,3.0
365,6,0,3.0
365,7,0,4.25
365,8,0,4.25
365,9,0,4.6
365,10,0,5.0
365,11,0,5.0
365,12,0,5.5
365,13,0,5.5
365,14,0,5.5
365,15,0,5.666666666666667
365,16,0,6.0
365,17,0,6.181818181818182
365,18,0,6.181818181818182
365,19,0,6.583333333333333
365,20,0,6.6923076923076925
365,21,0,6.6923076923076925
365,22,0,7.133333333333334
365,23,0,7.133333333333334
365,24,0,7.1875
365,25,0,7.1875
365,26,0,7.666666666666667
365,27,0,7.666666666666667
365,28,0,7.666666666666667
365,29,0,8.105263157894736
365,30,0,8.2
365,31,0,8.2
365,32,0,8.666666666666666
365,33,0,8.666666666666666
365,34,0,9.304347826086957
366,0,0,0
366,1,0,0
366,2,0,0
366,3,0,0
366,4,0,4.0
366,5,0,3.5
366,6,0,3.5
366,7,0,3.3333333333333335
366,8,0,3.3333333333333335
366,9,0,3.25
366,10,0,3.4
366,11,0,3.4
366,12,0,3.6666666666666665
366,13,0,4.0
366,14,0,4.25
366,15,0,4.444444444444445
366,16,0,4.444444444444445
366,17,0,4.8
366,18,0,4.8
366,19,0,5.0
366,20,0,5.0
366,21,0,5.25
366,22,0,5.25
366,23,0,5.615384615384615
366,24,0,5.615384615384615
366,25,0,6.333333333333333
366,26,0,6.333333333333333
366,27,0,6.9411764705882355
366,28,0,6.9411764705882355
366,29,0,6.9411764705882355
366,30,0,7.631578947368421
366,31,0,7.631578947368421
366,32,0,7.95
366,33,0,8.333333333333334
366,34,0,8.333333333333334
367,0,0,0
367,1,0,0
367,2,0,0
367,3,0,3.0
367,4,0,2.5
367,5,0,2.5
367,6,0,2.5
367,7,0,3.3333333333333335
367,8,0,3.75
367,9,0,3.75
367,10,0,4.0
367,11,0,4.0
367,12,0,4.333333333333333
367,13,0,4.333333333333333
367,14,0,5.0
367,15,0,5.0
367,16,0,5.0
367,17,0,5.333333333333333
367,18,0,5.9
367,19,0,5.9
367,20,0,5.9
367,21,0,6.181818181818182
367,22,0,6.833333333333333
367,23,0,6.6923076923076925
367,24,0,7.214285714285714
367,25,0,7.214285714285714
367,26,0,7.214285714285714
367,27,0,7.5625
367,28,0,7.5625
367,29,0,7.5625
367,30,0,7.9411764705882355
367,31,0,8.0
367,32,0,8.0
367,33,0,8.421052631578947
367,34,0,8.421052631578947
368,0,0,0
368,1,0,0
368,2,0,0
368,3,0,0
368,4,0,3.0
368,5,0,3.0
368,6,0,3.0
368,7,0,4.0
368,8,0,4.0
368,9,0,4.0
368,10,0,4.0
368,11,0,4.75
368,12,0,4.4
368,13,0,5.0
368,14,0,5.0
368,15,0,4.571428571428571
368,16,0,4.571428571428571
368,17,0,5.375
368,18,0,5.375
368,19,0,5.111111111111111
368,20,0,5.9
368,21,0,5.9
368,22,0,6.25
368,23,0,6.25
368,24,0,6.25
368,25,0,6.642857142857143
368,26,0,6.642857142857143
368,27,0,6.6
368,28,0,6.764705882352941
368,29,0,6.764705882352941
368,30,0,6.764705882352941
368,31,0,7.315789473684211
368,32,0,7.315789473684211
368,33,0,7.75
368,34,0,7.75
369,0,0,0
369,1,0,0
369,2,0,0
369,3,0,0
369,4,0,3.0
369,5,0,3.0
369,6,0,3.0
369,7,0,3.0
369,8,0,3.75
369,9,0,3.8
369,10,0,3.8
369,11,0,4.0
369,12,0,4.0
369,13,0,4.0
369,14,0,4.7
369,15,0,4.7
369,16,0,4.7
369,17,0,4.7
369,18,0,5.166666666666667
369,19,0,5.166666666666667
369,20,0,5.166666666666667
369,21,0,5.461538461538462
369,22,0,5.857142857142857
369,23,0,6.133333333333334
369,24,0,6.133333333333334
369,25,0,6.1875
369,26,0,6.529411764705882
369,27,0,6.529411764705882
369,28,0,6.842105263157895
369,29,0,6.842105263157895
369,30,0,6.95
369,31,0,6.95
369,32,0,7.318181818181818
369,33,0,7.318181818181818
369,34,0,7.541666666666667
370,0,0,0
370,1,0,0
370,2,0,0
370,3,0,0
370,4,0,4.0
370,5,0,4.0
370,6,0,4.333333333333333
370,7,0,4.333333333333333
370,8,0,5.0
370,9,0,5.0
370,10,0,5.4
370,11,0,6.0
370,12,0,6.0
370,13,0,6.571428571428571
370,14,0,6.875
370,15,0,6.875
370,16,0,6.875
370,17,0,7.444444444444445
370,18,0,7.5
370,19,0,7.5
370,20,0,7.636363636363637
370,21,0,8.25
370,22,0,8.076923076923077
370,23,0,8.076923076923077
370,24,0,8.714285714285714
370,25,0,8.714285714285714
370,26,0,9.25
370,27,0,9.25
370,28,0,9.25
370,29,0,9.647058823529411
370,30,0,9.722222222222221
370,31,0,9.722222222222221
370,32,0,10.105263157894736
370,33,0,10.05
370,34,0,10.05
371,0,0,0
371,1,0,0
371,2,0,0
371,3,0,2.0
371,4,0,3.0
371,5,0,3.0
371,6,0,3.5
371,7,0,3.5
371,8,0,3.2
371,9,0,3.5
371,10,0,3.5
371,11,0,3.5
371,12,0,4.0
371,13,0,4.0
371,14,0,4.222222222222222
371,15,0,4.222222222222222
371,16,0,4.5
371,17,0,4.5
371,18,0,4.909090909090909
371,19,0,5.25
371,20,0,5.25
371,21,0,5.461538461538462
371,22,0,5.857142857142857
371,23,0,6.066666666666666
371,24,0,6.066666666666666
371,25,0,6.5
371,26,0,6.705882352941177
371,27,0,7.0
371,28,0,7.0
371,29,0,7.0
371,30,0,7.35
371,31,0,7.35
371,32,0,7.476190476190476
371,33,0,7.476190476190476
371,34,0,7.7727272727272725
372,0,0,0
372,1,0,0
372,2,0,0
372,3,0,3.0
372,4,0,3.0
372,5,0,3.0
372,6,0,3.0
372,7,0,3.25
372,8,0,3.25
372,9,0,3.25
372,10,0,3.25
372,11,0,3.6666666666666665
372,12,0,3.6666666666666665
372,13,0,3.857142857142857
372,14,0,3.857142857142857
372,15,0,4.444444444444445
372,16,0,4.444444444444445
372,17,0,4.8
372,18,0,5.0
372,19,0,5.0
372,20,0,5.0
372,21,0,5.416666666666667
372,22,0,5.769230769230769
372,23,0,5.769230769230769
372,24,0,5.714285714285714
372,25,0,6.066666666666666
372,26,0,6.066666666666666
372,27,0,6.0
372,28,0,6.176470588235294
372,29,0,6.176470588235294
372,30,0,6.176470588235294
372,31,0,6.277777777777778
372,32,0,6.473684210526316
372,33,0,6.473684210526316
372,34,0,6.65
373,0,0,0
373,1,0,0
373,2,0,0
373,3,0,3.0
373,4,0,3.0
373,5,0,3.0
373,6,0,3.0
373,7,0,3.6666666666666665
373,8,0,4.0
373,9,0,4.0
373,10,0,4.2
373,11,0,4.333333333333333
373,12,0,4.571428571428571
373,13,0,4.571428571428571
373,14,0,4.75
373,15,0,4.75
373,16,0,5.1
373,17,0,5.1
373,18,0,5.1
373,19,0,5.363636363636363
373,20,0,5.75
373,21,0,6.0
373,22,0,6.0
373,23,0,6.266666666666667
373,24,0,6.266666666666667
373,25,0,6.5625
373,26,0,6.411764705882353
373,27,0,6.666666666666667
373,28,0,6.666666666666667
373,29,0,6.666666666666667
373,30,0,6.95
373,31,0,6.95
373,32,0,7.142857142857143
373,33,0,7.181818181818182
373,34,0,7.181818181818182
374,0,0,0
374,1,0,0
374,2,0,0
374,3,0,2.0
374,4,0,2.0
374,5,0,2.0
374,6,0,3.0
374,7,0,3.0
374,8,0,3.0
374,9,0,3.75
374,10,0,4.2
374,11,0,4.2
374,12,0,4.833333333333333
374,13,0,4.833333333333333
374,14,0,5.285714285714286
374,15,0,5.285714285714286
374,16,0,5.875
374,17,0,6.222222222222222
374,18,0,6.222222222222222
374,19,0,6.8
374,20,0,7.090909090909091
374,21,0,7.090909090909091
374,22,0,7.666666666666667
374,23,0,7.846153846153846
374,24,0,8.357142857142858
374,25,0,8.357142857142858
374,26,0,8.357142857142858
374,27,0,9.0
374,28,0,9.0
374,29,0,9.0
374,30,0,9.411764705882353
374,31,0,9.666666666666666
374,32,0,9.666666666666666
374,33,0,10.052631578947368
374,34,0,10.052631578947368
375,0,0,0
375,1,0,0
375,2,0,0
375,3,0,0
375,4,0,0
375,5,0,2.0
375,6,0,2.5
375,7,0,2.5
375,8,0,3.0
375,9,0,3.0
375,10,0,3.0
375,11,0,3.0
375,12,0,3.0
375,13,0,3.0
375,14,0,3.0
375,15,0,3.7142857142857144
375,16,0,3.7142857142857144
375,17,0,3.7142857142857144
375,18,0,3.888888888888889
375,19,0,3.888888888888889
375,20,0,3.888888888888889
375,21,0,3.727272727272727
375,22,0,3.8333333333333335
375,23,0,3.6923076923076925
375,24,0,3.857142857142857
375,25,0,3.857142857142857
375,26,0,3.857142857142857
375,27,0,3.8666666666666667
375,28,0,3.8666666666666667
375,29,0,3.8125
375,30,0,3.8125
375,31,0,4.0
375,32,0,4.0
375,33,0,4.111111111111111
375,34,0,4.111111111111111
376,0,0,0
376,1,0,0
376,2,0,0
376,3,0,0
376,4,0,4.0
376,5,0,4.0
376,6,0,3.3333333333333335
376,7,0,3.3333333333333335
376,8,0,3.3333333333333335
376,9,0,3.5
376,10,0,3.6
376,11,0,3.6
376,12,0,4.0
376,13,0,4.0
376,14,0,4.0
376,15,0,4.555555555555555
376,16,0,4.555555555555555
376,17,0,4.7
376,18,0,5.181818181818182
376,19,0,5.181818181818182
376,20,0,5.666666666666667
376,21,0,5.846153846153846
376,22,0,5.846153846153846
376,23,0,6.071428571428571
376,24,0,6.266666666666667
376,25,0,6.266666666666667
376,26,0,6.5
376,27,0,6.764705882352941
376,28,0,7.0
376,29,0,7.0
376,30,0,7.0
376,31,0,7.368421052631579
376,32,0,7.7
376,33,0,7.7
376,34,0,8.047619047619047
377,0,0,0
377,1,0,0
377,2,0,0
377,3,0,0
377,4,0,2.5
377,5,0,2.5
377,6,0,2.3333333333333335
377,7,0,3.0
377,8,0,3.0
377,9,0,3.1666666666666665
377,10,0,3.1666666666666665
377,11,0,3.4285714285714284
377,12,0,3.4285714285714284
377,13,0,3.875
377,14,0,3.875
377,15,0,3.8
377,16,0,4.2727272727272725
377,17,0,4.2727272727272725
377,18,0,4.25
377,19,0,4.25
377,20,0,4.538461538461538
377,21,0,4.538461538461538
377,22,0,4.642857142857143
377,23,0,4.866666666666666
377,24,0,4.866666666666666
377,25,0,4.866666666666666
377,26,0,5.411764705882353
377,27,0,5.411764705882353
377,28,0,5.611111111111111
377,29,0,5.611111111111111
377,30,0,6.2
377,31,0,6.2
377,32,0,6.523809523809524
377,33,0,6.681818181818182
377,34,0,6.681818181818182
378,0,0,0
378,1,0,0
378,2,0,2.0
378,3,0,2.0
378,4,0,3.0
378,5,0,3.0
378,6,0,3.6666666666666665
378,7,0,3.6666666666666665
378,8,0,4.0
378,9,0,4.6
378,10,0,4.166666666666667
378,11,0,4.428571428571429
378,12,0,4.428571428571429
378,13,0,4.125
378,14,0,4.555555555555555
378,15,0,4.555555555555555
378,16,0,4.5
378,17,0,4.5
378,18,0,5.090909090909091
378,19,0,5.0
378,20,0,5.0
378,21,0,5.538461538461538
378,22,0,5.571428571428571
378,23,0,6.066666666666666
378,24,0,6.125
378,25,0,6.125
378,26,0,6.235294117647059
378,27,0,6.666666666666667
378,28,0,6.666666666666667
378,29,0,6.842105263157895
378,30,0,6.842105263157895
378,31,0,7.3
378,32,0,7.3
378,33,0,7.571428571428571
378,34,0,7.571428571428571
379,0,0,0
379,1,0,0
379,2,0,0
379,3,0,3.0
379,4,0,3.0
379,5,0,3.0
379,6,0,3.5
379,7,0,3.5
379,8,0,3.3333333333333335
379,9,0,3.75
379,10,0,3.4
379,11,0,3.4
379,12,0,3.3333333333333335
379,13,0,3.3333333333333335
379,14,0,3.2857142857142856
379,15,0,3.2857142857142856
379,16,0,3.5555555555555554
379,17,0,3.5555555555555554
379,18,0,3.6
379,19,0,3.6
379,20,0,4.090909090909091
379,21,0,4.090909090909091
379,22,0,4.769230769230769
379,23,0,4.769230769230769
379,24,0,5.214285714285714
379,25,0,5.266666666666667
379,26,0,5.266666666666667
379,27,0,5.266666666666667
379,28,0,5.8125
379,29,0,6.0
379,30,0,6.0
379,31,0,6.684210526315789
379,32,0,6.684210526315789
379,33,0,6.684210526315789
379,34,0,7.2
380,0,0,0
380,1,0,0
380,2,0,0
380,3,0,3.0
380,4,0,3.0
380,5,0,3.0
380,6,0,3.3333333333333335
380,7,0,3.75
380,8,0,3.75
380,9,0,4.0
380,10,0,4.0
380,11,0,4.0
380,12,0,4.428571428571429
380,13,0,4.428571428571429
380,14,0,4.428571428571429
380,15,0,4.428571428571429
380,16,0,4.666666666666667
380,17,0,4.666666666666667
380,18,0,4.6
380,19,0,4.6
380,20,0,5.181818181818182
380,21,0,5.25
380,22,0,5.25
380,23,0,5.25
380,24,0,5.538461538461538
380,25,0,5.714285714285714
380,26,0,6.0
380,27,0,6.0
380,28,0,6.0
380,29,0,6.3125
380,30,0,6.588235294117647
380,31,0,6.588235294117647
380,32,0,6.833333333333333
380,33,0,6.833333333333333
380,34,0,7.45
381,0,0,0
381,1,0,0
381,2,0,0
381,3,0,0
381,4,0,3.0
381,5,0,3.5
381,6,0,3.5
381,7,0,4.25
381,8,0,4.25
381,9,0,4.25
381,10,0,4.6
381,11,0,5.166666666666667
381,12,0,5.166666666666667
381,13,0,5.571428571428571
381,14,0,6.125
381,15,0,6.333333333333333
381,16,0,6.333333333333333
381,17,0,6.333333333333333
381,18,0,7.181818181818182
381,19,0,7.181818181818182
381,20,0,7.333333333333333
381,21,0,7.333333333333333
381,22,0,8.0
381,23,0,8.0
381,24,0,8.0
381,25,0,8.5625
381,26,0,8.5625
381,27,0,8.5625
381,28,0,8.941176470588236
381,29,0,9.055555555555555
381,30,0,9.368421052631579
381,31,0,9.368421052631579
381,32,0,9.368421052631579
381,33,0,9.857142857142858
381,34,0,9.857142857142858
382,0,0,0
382,1,0,0
382,2,0,0
382,3,0,3.0
382,4,0,3.0
382,5,0,3.0
382,6,0,3.0
382,7,0,2.75
382,8,0,2.75
382,9,0,2.8333333333333335
382,10,0,2.8333333333333335
382,11,0,2.857142857142857
382,12,0,2.857142857142857
382,13,0,2.888888888888889
382,14,0,2.888888888888889
382,15,0,3.0
382,16,0,3.0
382,17,0,2.923076923076923
382,18,0,2.857142857142857
382,19,0,2.875
382,20,0,2.875
382,21,0,2.875
382,22,0,2.8823529411764706
382,23,0,3.111111111111111
382,24,0,3.1052631578947367
382,25,0,3.1052631578947367
382,26,0,3.1052631578947367
382,27,0,3.45
382,28,0,3.4761904761904763
382,29,0,3.4761904761904763
382,30,0,3.4761904761904763
382,31,0,3.9130434782608696
382,32,0,3.9130434782608696
382,33,0,3.9583333333333335
382,34,0,4.4
383,0,0,0
383,1,0,0
383,2,0,2.0
383,3,0,2.0
383,4,0,2.0
383,5,0,2.25
383,6,0,2.25
383,7,0,2.3333333333333335
383,8,0,2.3333333333333335
383,9,0,2.4285714285714284
383,10,0,2.375
383,11,0,2.375
383,12,0,2.6
383,13,0,2.6
383,14,0,2.727272727272727
383,15,0,2.727272727272727
383,16,0,3.0833333333333335
383,17,0,3.0833333333333335
383,18,0,3.3846153846153846
383,19,0,3.3846153846153846
383,20,0,3.5714285714285716
383,21,0,3.5714285714285716
383,22,0,3.933333333333333
383,23,0,4.125
383,24,0,4.125
383,25,0,4.411764705882353
383,26,0,4.411764705882353
383,27,0,4.722222222222222
383,28,0,4.722222222222222
383,29,0,5.105263157894737
383,30,0,5.4
383,31,0,5.4
383,32,0,6.090909090909091
383,33,0,6.090909090909091
383,34,0,6.090909090909091
384,0,0,0
384,1,0,0
384,2,0,2.0
384,3,0,2.5
384,4,0,2.3333333333333335
384,5,0,2.3333333333333335
384,6,0,2.25
384,7,0,2.6
384,8,0,2.6
384,9,0,2.6
384,10,0,3.142857142857143
384,11,0,3.142857142857143
384,12,0,3.125
384,13,0,3.125
384,14,0,3.4444444444444446
384,15,0,3.4444444444444446
384,16,0,3.7
384,17,0,3.7
384,18,0,4.181818181818182
384,19,0,4.416666666666667
384,20,0,4.416666666666667
384,21,0,4.416666666666667
384,22,0,4.923076923076923
384,23,0,5.285714285714286
384,24,0,5.285714285714286
384,25,0,5.285714285714286
384,26,0,6.1875
384,27,0,6.1875
384,28,0,6.833333333333333
384,29,0,6.833333333333333
384,30,0,6.947368421052632
384,31,0,7.25
384,32,0,7.25
384,33,0,7.25
384,34,0,7.818181818181818
385,0,0,0
385,1,0,0
385,2,0,2.0
385,3,0,2.0
385,4,0,2.0
385,5,0,2.0
385,6,0,2.0
385,7,0,2.3333333333333335
385,8,0,2.3333333333333335
385,9,0,2.75
385,10,0,2.75
385,11,0,3.0
385,12,0,3.5
385,13,0,3.5714285714285716
385,14,0,3.5714285714285716
385,15,0,3.5714285714285716
385,16,0,4.125
385,17,0,4.0
385,18,0,4.0
385,19,0,4.3
385,20,0,4.166666666666667
385,21,0,4.166666666666667
385,22,0,4.166666666666667
385,23,0,4.615384615384615
385,24,0,4.642857142857143
385,25,0,4.642857142857143
385,26,0,4.733333333333333
385,27,0,5.125
385,28,0,5.125
385,29,0,5.529411764705882
385,30,0,5.722222222222222
385,31,0,5.722222222222222
385,32,0,5.722222222222222
385,33,0,6.4
385,34,0,6.4
386,0,0,0
386,1,0,0
386,2,0,0
386,3,0,0
386,4,0,3.0
386,5,0,3.5
386,6,0,3.5
386,7,0,3.6666666666666665
386,8,0,3.6666666666666665
386,9,0,3.6666666666666665
386,10,0,4.0
386,11,0,4.0
386,12,0,3.8
386,13,0,4.166666666666667
386,14,0,4.166666666666667
386,15,0,4.285714285714286
386,16,0,4.285714285714286
386,17,0,4.75
386,18,0,4.75
386,19,0,4.777777777777778
386,20,0,4.777777777777778
386,21,0,5.181818181818182
386,22,0,5.181818181818182
386,23,0,5.181818181818182
386,24,0,5.583333333333333
386,25,0,5.846153846153846
386,26,0,5.846153846153846
386,27,0,6.142857142857143
386,28,0,6.533333333333333
386,29,0,6.533333333333333
386,30,0,6.533333333333333
386,31,0,6.875
386,32,0,7.352941176470588
386,33,0,7.352941176470588
386,34,0,7.352941176470588
387,0,0,0
387,1,0,0
387,2,0,2.0
387,3,0,2.0
387,4,0,2.5
387,5,0,2.5
387,6,0,3.0
387,7,0,3.0
387,8,0,3.75
387,9,0,3.75
387,10,0,4.4
387,11,0,5.0
387,12,0,5.0
387,13,0,5.875
387,14,0,5.875
387,15,0,5.875
387,16,0,6.6
387,17,0,6.6
387,18,0,6.6
387,19,0,6.909090909090909
387,20,0,7.5
387,21,0,7.769230769230769
387,22,0,7.769230769230769
387,23,0,8.214285714285714
387,24,0,8.2
387,25,0,8.2
387,26,0,8.625
387,27,0,8.647058823529411
387,28,0,8.944444444444445
387,29,0,8.944444444444445
387,30,0,8.944444444444445
387,31,0,9.45
387,32,0,9.45
387,33,0,9.619047619047619
387,34,0,10.0
388,0,0,0
388,1,0,0
388,2,0,2.0
388,3,0,2.0
388,4,0,2.0
388,5,0,2.0
388,6,0,2.0
388,7,0,2.6666666666666665
388,8,0,2.6666666666666665
388,9,0,2.6666666666666665
388,10,0,3.6
388,11,0,3.6
388,12,0,4.0
388,13,0,4.285714285714286
388,14,0,4.285714285714286
388,15,0,4.5
388,16,0,4.888888888888889
388,17,0,5.1
388,18,0,5.454545454545454
388,19,0,5.454545454545454
388,20,0,5.454545454545454
388,21,0,5.75
388,22,0,6.230769230769231
388,23,0,6.428571428571429
388,24,0,6.428571428571429
388,25,0,6.466666666666667
388,26,0,7.0
388,27,0,7.0
388,28,0,7.0
388,29,0,7.555555555555555
388,30,0,7.555555555555555
388,31,0,7.631578947368421
388,32,0,8.15
388,33,0,8.238095238095237
388,34,0,8.238095238095237
389,0,0,0
389,1,0,0
389,2,0,0
389,3,0,3.0
389,4,0,3.0
389,5,0,3.0
389,6,0,3.0
389,7,0,4.0
389,8,0,4.0
389,9,0,4.5
389,10,0,5.0
389,11,0,5.0
389,12,0,5.0
389,13,0,5.857142857142857
389,14,0,5.857142857142857
389,15,0,5.857142857142857
389,16,0,6.25
389,17,0,6.666666666666667
389,18,0,6.666666666666667
389,19,0,6.666666666666667
389,20,0,7.1
389,21,0,7.636363636363637
389,22,0,7.636363636363637
389,23,0,7.75
389,24,0,7.75
389,25,0,8.307692307692308
389,26,0,8.307692307692308
389,27,0,8.571428571428571
389,28,0,8.571428571428571
389,29,0,9.2
389,30,0,9.2
389,31,0,9.5625
389,32,0,10.176470588235293
389,33,0,10.176470588235293
389,34,0,10.5
390,0,0,0
390,1,0,0
390,2,0,0
390,3,0,0
390,4,0,4.0
390,5,0,3.5
390,6,0,3.5
390,7,0,4.333333333333333
390,8,0,4.5
390,9,0,4.5
390,10,0,5.333333333333333
390,11,0,5.333333333333333
390,12,0,5.714285714285714
390,13,0,5.714285714285714
390,14,0,5.875
390,15,0,6.111111111111111
390,16,0,6.111111111111111
390,17,0,6.4
390,18,0,6.7272727272727275
390,19,0,6.7272727272727275
390,20,0,7.083333333333333
390,21,0,7.461538461538462
390,22,0,7.714285714285714
390,23,0,7.714285714285714
390,24,0,8.133333333333333
390,25,0,8.4375
390,26,0,8.4375
390,27,0,8.4375
390,28,0,9.166666666666666
390,29,0,9.166666666666666
390,30,0,9.526315789473685
390,31,0,9.85
390,32,0,9.85
390,33,0,10.238095238095237
390,34,0,10.238095238095237
391,0,0,0
391,1,0,0
391,2,0,0
391,3,0,3.0
391,4,0,3.0
391,5,0,3.0
391,6,0,3.0
391,7,0,4.0
391,8,0,4.0
391,9,0,4.5
391,10,0,4.5
391,11,0,5.4
391,12,0,5.4
391,13,0,6.428571428571429
391,14,0,6.428571428571429
391,15,0,6.428571428571429
391,16,0,6.75
391,17,0,7.333333333333333
391,18,0,7.333333333333333
391,19,0,7.9
391,20,0,8.181818181818182
391,21,0,8.181818181818182
391,22,0,8.75
391,23,0,8.75
391,24,0,9.076923076923077
391,25,0,9.642857142857142
391,26,0,9.642857142857142
391,27,0,9.866666666666667
391,28,0,9.866666666666667
391,29,0,10.222222222222221
391,30,0,10.222222222222221
391,31,0,10.736842105263158
391,32,0,10.736842105263158
391,33,0,11.05
391,34,0,11.05
392,0,0,0
392,1,0,0
392,2,0,0
392,3,0,3.0
392,4,0,3.0
392,5,0,2.5
392,6,0,2.5
392,7,0,2.5
392,8,0,2.6666666666666665
392,9,0,3.25
392,10,0,3.25
392,11,0,3.4
392,12,0,3.4
392,13,0,3.8333333333333335
392,14,0,4.142857142857143
392,15,0,4.5
392,16,0,4.777777777777778
392,17,0,4.777777777777778
392,18,0,5.2
392,19,0,5.2727272727272725
392,20,0,5.2727272727272725
392,21,0,5.2727272727272725
392,22,0,5.769230769230769
392,23,0,5.769230769230769
392,24,0,6.0
392,25,0,6.2
392,26,0,6.4375
392,27,0,6.4375
392,28,0,6.4375
392,29,0,7.055555555555555
392,30,0,7.055555555555555
392,31,0,7.315789473684211
392,32,0,7.6
392,33,0,7.857142857142857
392,34,0,8.136363636363637
393,0,0,0
393,1,0,0
393,2,0,0
393,3,0,0
393,4,0,3.0
393,5,0,3.0
393,6,0,3.0
393,7,0,3.0
393,8,0,3.0
393,9,0,3.0
393,10,0,3.25
393,11,0,3.6
393,12,0,3.6
393,13,0,3.6
393,14,0,4.285714285714286
393,15,0,4.285714285714286
393,16,0,4.5
393,17,0,4.5
393,18,0,5.0
393,19,0,5.0
393,20,0,5.3
393,21,0,5.3
393,22,0,5.636363636363637
393,23,0,5.916666666666667
393,24,0,5.916666666666667
393,25,0,6.3076923076923075
393,26,0,6.642857142857143
393,27,0,6.642857142857143
393,28,0,7.066666666666666
393,29,0,7.375
393,30,0,7.375
393,31,0,7.375
393,32,0,8.222222222222221
393,33,0,8.222222222222221
393,34,0,8.222222222222221
394,0,0,0
394,1,0,0
394,2,0,0
394,3,0,0
394,4,0,4.0
394,5,0,4.0
394,6,0,4.0
394,7,0,4.0
394,8,0,5.0
394,9,0,5.0
394,10,0,4.6
394,11,0,4.6
394,12,0,5.5
394,13,0,5.857142857142857
394,14,0,6.375
394,15,0,6.375
394,16,0,6.444444444444445
394,17,0,6.444444444444445
394,18,0,6.7
394,19,0,6.7
394,20,0,7.166666666666667
394,21,0,7.166666666666667
394,22,0,7.230769230769231
394,23,0,7.357142857142857
394,24,0,7.357142857142857
394,25,0,7.533333333333333
394,26,0,7.6875
394,27,0,7.6875
394,28,0,7.6875
394,29,0,8.222222222222221
394,30,0,8.222222222222221
394,31,0,8.473684210526315
394,32,0,8.75
394,33,0,8.75
394,34,0,8.857142857142858
395,0,0,0
395,1,0,0
395,2,0,0
395,3,0,3.0
395,4,0,3.5
395,5,0,3.5
395,6,0,3.5
395,7,0,3.5
395,8,0,4.666666666666667
395,9,0,4.666666666666667
395,10,0,4.5
395,11,0,5.4
395,12,0,4.833333333333333
395,13,0,5.0
395,14,0,5.25
395,15,0,5.25
395,16,0,5.7
395,17,0,5.7
395,18,0,6.0
395,19,0,6.166666666666667
395,20,0,6.166666666666667
395,21,0,6.714285714285714
395,22,0,6.714285714285714
395,23,0,6.714285714285714
395,24,0,7.0
395,25,0,7.4375
395,26,0,7.4375
395,27,0,7.764705882352941
395,28,0,8.11111111111111
395,29,0,8.11111111111111
395,30,0,8.473684210526315
395,31,0,8.473684210526315
395,32,0,9.238095238095237
395,33,0,9.238095238095237
395,34,0,9.238095238095237
396,0,0,0
396,1,0,0
396,2,0,0
396,3,0,0
396,4,0,3.5
396,5,0,3.0
396,6,0,3.0
396,7,0,3.0
396,8,0,3.6
396,9,0,3.6
396,10,0,3.6666666666666665
396,11,0,4.0
396,12,0,4.0
396,13,0,4.222222222222222
396,14,0,4.222222222222222
396,15,0,4.0
396,16,0,4.0
396,17,0,4.363636363636363
396,18,0,4.363636363636363
396,19,0,4.666666666666667
396,20,0,4.538461538461538
396,21,0,4.538461538461538
396,22,0,4.538461538461538
396,23,0,5.0
396,24,0,5.0
396,25,0,5.0
396,26,0,5.411764705882353
396,27,0,5.411764705882353
396,28,0,5.777777777777778
396,29,0,5.777777777777778
396,30,0,6.2
396,31,0,6.2
396,32,0,6.2
396,33,0,6.619047619047619
396,34,0,6.7727272727272725
397,0,0,0
397,1,0,0
397,2,0,2.0
397,3,0,2.5
397,4,0,2.5
397,5,0,2.5
397,6,0,2.5
397,7,0,2.4
397,8,0,2.6666666666666665
397,9,0,2.6666666666666665
397,10,0,2.6666666666666665
397,11,0,3.142857142857143
397,12,0,3.142857142857143
397,13,0,3.142857142857143
397,14,0,3.6666666666666665
397,15,0,3.6666666666666665
397,16,0,3.8
397,17,0,3.8
397,18,0,4.090909090909091
397,19,0,4.333333333333333
397,20,0,4.615384615384615
397,21,0,4.857142857142857
397,22,0,4.857142857142857
397,23,0,5.066666666666666
397,24,0,5.066666666666666
397,25,0,5.411764705882353
397,26,0,5.411764705882353
397,27,0,5.722222222222222
397,28,0,5.7368421052631575
397,29,0,6.05
397,30,0,6.05
397,31,0,6.05
397,32,0,6.190476190476191
397,33,0,6.545454545454546
397,34,0,6.545454545454546
398,0,0,0
398,1,0,0
398,2,0,0
398,3,0,2.0
398,4,0,2.3333333333333335
398,5,0,2.3333333333333335
398,6,0,2.75
398,7,0,3.0
398,8,0,3.0
398,9,0,3.0
398,10,0,4.0
398,11,0,4.0
398,12,0,4.0
398,13,0,5.0
398,14,0,5.0
398,15,0,4.8
398,16,0,4.8
398,17,0,5.2727272727272725
398,18,0,5.25
398,19,0,5.25
398,20,0,5.769230769230769
398,21,0,5.714285714285714
398,22,0,5.714285714285714
398,23,0,6.266666666666667
398,24,0,6.266666666666667
398,25,0,6.3125
398,26,0,6.3125
398,27,0,7.0
398,28,0,7.0
398,29,0,7.0
398,30,0,7.157894736842105
398,31,0,7.8
398,32,0,7.8
398,33,0,7.8
398,34,0,8.636363636363637
399,0,0,0
399,1,0,0
399,2,0,2.0
399,3,0,2.0
399,4,0,2.6666666666666665
399,5,0,2.6666666666666665
399,6,0,3.0
399,7,0,3.2
399,8,0,3.2
399,9,0,3.2
399,10,0,4.0
399,11,0,4.0
399,12,0,4.0
399,13,0,4.25
399,14,0,4.888888888888889
399,15,0,4.888888888888889
399,16,0,4.888888888888889
399,17,0,5.3
399,18,0,6.0
399,19,0,6.0
399,20,0,6.769230769230769
399,21,0,6.769230769230769
399,22,0,6.5
399,23,0,6.5
399,24,0,6.875
399,25,0,6.875
399,26,0,6.875
399,27,0,7.529411764705882
399,28,0,7.157894736842105
399,29,0,7.157894736842105
399,30,0,7.8
399,31,0,7.809523809523809
399,32,0,8.318181818181818
399,33,0,8.318181818181818
399,34,0,8.318181818181818
400,0,0,0
400,1,0,0
400,2,0,0
400,3,0,3.0
400,4,0,3.0
400,5,0,3.5
400,6,0,3.5
400,7,0,3.5
400,8,0,3.5
400,9,0,4.2
400,10,0,4.2
400,11,0,4.333333333333333
400,12,0,4.333333333333333
400,13,0,4.285714285714286
400,14,0,4.125
400,15,0,4.125
400,16,0,4.1
400,17,0,4.1
400,18,0,4.1
400,19,0,4.363636363636363
400,20,0,4.363636363636363
400,21,0,4.333333333333333
400,22,0,4.333333333333333
400,23,0,4.769230769230769
400,24,0,4.769230769230769
400,25,0,4.769230769230769
400,26,0,5.285714285714286
400,27,0,5.2
400,28,0,5.2
400,29,0,5.6875
400,30,0,5.647058823529412
400,31,0,5.647058823529412
400,32,0,5.647058823529412
400,33,0,6.2105263157894735
400,34,0,6.2105263157894735
401,0,0,0
401,1,0,0
401,2,0,0
401,3,0,0
401,4,0,3.5
401,5,0,3.5
401,6,0,3.5
401,7,0,3.3333333333333335
401,8,0,4.0
401,9,0,3.6
401,10,0,4.0
401,11,0,4.0
401,12,0,4.0
401,13,0,4.125
401,14,0,4.0
401,15,0,4.0
401,16,0,4.181818181818182
401,17,0,4.181818181818182
401,18,0,4.181818181818182
401,19,0,4.181818181818182
401,20,0,4.6923076923076925
401,21,0,4.6923076923076925
401,22,0,4.6923076923076925
401,23,0,5.2
401,24,0,5.2
401,25,0,5.2
401,26,0,5.5625
401,27,0,5.411764705882353
401,28,0,5.411764705882353
401,29,0,5.411764705882353
401,30,0,5.842105263157895
401,31,0,5.842105263157895
401,32,0,5.842105263157895
401,33,0,5.842105263157895
401,34,0,6.476190476190476
402,0,0,0
402,1,0,0
402,2,0,0
402,3,0,0
402,4,0,3.0
402,5,0,3.0
402,6,0,3.0
402,7,0,3.5
402,8,0,3.5
402,9,0,3.6
402,10,0,3.6
402,11,0,4.333333333333333
402,12,0,4.333333333333333
402,13,0,4.714285714285714
402,14,0,5.375
402,15,0,5.375
402,16,0,5.666666666666667
402,17,0,6.3
402,18,0,6.181818181818182
402,19,0,5.833333333333333
402,20,0,5.846153846153846
402,21,0,6.357142857142857
402,22,0,6.357142857142857
402,23,0,6.357142857142857
402,24,0,6.466666666666667
402,25,0,7.0625
402,26,0,7.176470588235294
402,27,0,7.722222222222222
402,28,0,7.7368421052631575
402,29,0,7.7368421052631575
402,30,0,8.3
402,31,0,8.380952380952381
402,32,0,8.380952380952381
402,33,0,8.954545454545455
402,34,0,9.08695652173913
403,0,0,0
403,1,0,0
403,2,0,0
403,3,0,0
403,4,0,3.0
403,5,0,3.0
403,6,0,3.0
403,7,0,3.0
403,8,0,4.25
403,9,0,4.25
403,10,0,4.6
403,11,0,5.0
403,12,0,5.0
403,13,0,5.0
403,14,0,5.375
403,15,0,5.375
403,16,0,5.375
403,17,0,5.777777777777778
403,18,0,6.1
403,19,0,6.1
403,20,0,6.1
403,21,0,7.0
403,22,0,7.0
403,23,0,7.384615384615385
403,24,0,7.384615384615385
403,25,0,7.928571428571429
403,26,0,8.333333333333334
403,27,0,8.333333333333334
403,28,0,8.333333333333334
403,29,0,8.9375
403,30,0,9.235294117647058
403,31,0,9.235294117647058
403,32,0,9.842105263157896
403,33,0,9.842105263157896
403,34,0,9.842105263157896
404,0,0,0
404,1,0,0
404,2,0,0
404,3,0,0
404,4,0,3.0
404,5,0,3.0
404,6,0,3.0
404,7,0,3.0
404,8,0,3.6666666666666665
404,9,0,3.6666666666666665
404,10,0,3.6666666666666665
404,11,0,4.4
404,12,0,4.4
404,13,0,4.4
404,14,0,5.166666666666667
404,15,0,5.285714285714286
404,16,0,5.285714285714286
404,17,0,6.0
404,18,0,6.0
404,19,0,6.111111111111111
404,20,0,6.8
404,21,0,6.8
404,22,0,6.909090909090909
404,23,0,7.583333333333333
404,24,0,7.583333333333333
404,25,0,7.583333333333333
404,26,0,7.846153846153846
404,27,0,8.571428571428571
404,28,0,8.571428571428571
404,29,0,8.866666666666667
404,30,0,9.5625
404,31,0,9.5625
404,32,0,9.5625
404,33,0,10.555555555555555
404,34,0,10.555555555555555
405,0,0,0
405,1,0,0
405,2,0,0
405,3,0,0
405,4,0,0
405,5,0,0
405,6,0,0
405,7,0,4.0
405,8,0,4.0
405,9,0,4.333333333333333
405,10,0,4.333333333333333
405,11,0,4.25
405,12,0,4.8
405,13,0,4.8
405,14,0,4.8
405,15,0,5.0
405,16,0,5.714285714285714
405,17,0,5.75
405,18,0,5.75
405,19,0,5.75
405,20,0,6.333333333333333
405,21,0,6.6
405,22,0,6.6
405,23,0,7.333333333333333
405,24,0,7.333333333333333
405,25,0,7.846153846153846
405,26,0,7.428571428571429
405,27,0,7.466666666666667
405,28,0,7.466666666666667
405,29,0,8.0625
405,30,0,8.117647058823529
405,31,0,8.117647058823529
405,32,0,8.117647058823529
405,33,0,8.789473684210526
405,34,0,8.789473684210526
406,0,0,0
406,1,0,0
406,2,0,0
406,3,0,2.0
406,4,0,2.0
406,5,0,2.3333333333333335
406,6,0,2.5
406,7,0,2.5
406,8,0,3.0
406,9,0,3.0
406,10,0,3.0
406,11,0,3.0
406,12,0,3.5
406,13,0,3.5
406,14,0,3.5
406,15,0,4.0
406,16,0,4.0
406,17,0,4.0
406,18,0,4.0
406,19,0,4.75
406,20,0,4.75
406,21,0,5.230769230769231
406,22,0,5.230769230769231
406,23,0,5.428571428571429
406,24,0,5.428571428571429
406,25,0,6.125
406,26,0,6.125
406,27,0,6.647058823529412
406,28,0,6.647058823529412
406,29,0,6.842105263157895
406,30,0,6.842105263157895
406,31,0,6.95
406,32,0,6.95
406,33,0,7.181818181818182
406,34,0,7.181818181818182
407,0,0,0
407,1,0,0
407,2,0,0
407,3,0,2.0
407,4,0,2.0
407,5,0,2.0
407,6,0,2.0
407,7,0,2.3333333333333335
407,8,0,2.3333333333333335
407,9,0,2.25
407,10,0,2.6
407,11,0,2.6
407,12,0,2.8333333333333335
407,13,0,2.8333333333333335
407,14,0,3.2857142857142856
407,15,0,3.2857142857142856
407,16,0,3.2857142857142856
407,17,0,3.125
407,18,0,3.7777777777777777
407,19,0,3.7
407,20,0,3.7
407,21,0,4.083333333333333
407,22,0,4.083333333333333
407,23,0,4.384615384615385
407,24,0,4.384615384615385
407,25,0,4.571428571428571
407,26,0,4.571428571428571
407,27,0,5.1875
407,28,0,5.1875
407,29,0,5.294117647058823
407,30,0,5.294117647058823
407,31,0,5.444444444444445
407,32,0,5.444444444444445
407,33,0,5.368421052631579
407,34,0,5.5
408,0,0,0
408,1,0,0
408,2,0,0
408,3,0,2.0
408,4,0,2.0
408,5,0,2.3333333333333335
408,6,0,2.25
408,7,0,2.4
408,8,0,2.5
408,9,0,2.5
408,10,0,2.875
408,11,0,2.7777777777777777
408,12,0,2.7777777777777777
408,13,0,2.7
408,14,0,3.0
408,15,0,3.0
408,16,0,3.0
408,17,0,2.9166666666666665
408,18,0,3.3846153846153846
408,19,0,3.3846153846153846
408,20,0,3.3846153846153846
408,21,0,3.8666666666666667
408,22,0,3.8666666666666667
408,23,0,3.8666666666666667
408,24,0,3.8666666666666667
408,25,0,4.470588235294118
408,26,0,4.470588235294118
408,27,0,4.947368421052632
408,28,0,4.947368421052632
408,29,0,4.947368421052632
408,30,0,5.4
408,31,0,5.476190476190476
408,32,0,5.818181818181818
408,33,0,5.818181818181818
408,34,0,5.913043478260869
409,0,0,0
409,1,0,0
409,2,0,0
409,3,0,0
409,4,0,4.0
409,5,0,4.0
409,6,0,4.0
409,7,0,4.0
409,8,0,4.75
409,9,0,4.4
409,10,0,4.4
409,11,0,4.4
409,12,0,4.666666666666667
409,13,0,4.666666666666667
409,14,0,4.666666666666667
409,15,0,5.142857142857143
409,16,0,5.0
409,17,0,5.0
409,18,0,5.0
409,19,0,5.666666666666667
409,20,0,5.5
409,21,0,6.090909090909091
409,22,0,6.0
409,23,0,6.0
409,24,0,6.0
409,25,0,6.6923076923076925
409,26,0,6.571428571428571
409,27,0,7.133333333333334
409,28,0,7.133333333333334
409,29,0,7.133333333333334
409,30,0,7.764705882352941
409,31,0,7.764705882352941
409,32,0,7.764705882352941
409,33,0,7.764705882352941
409,34,0,8.473684210526315
410,0,0,0
410,1,0,0
410,2,0,0
410,3,0,3.0
410,4,0,3.0
410,5,0,3.5
410,6,0,3.5
410,7,0,3.5
410,8,0,3.6666666666666665
410,9,0,4.25
410,10,0,4.25
410,11,0,4.25
410,12,0,4.8
410,13,0,5.333333333333333
410,14,0,5.333333333333333
410,15,0,5.333333333333333
410,16,0,6.375
410,17,0,6.375
410,18,0,6.888888888888889
410,19,0,6.888888888888889
410,20,0,7.7272727272727275
410,21,0,7.7272727272727275
410,22,0,7.7272727272727275
410,23,0,8.083333333333334
410,24,0,8.538461538461538
410,25,0,8.857142857142858
410,26,0,9.2
410,27,0,9.2
410,28,0,9.2
410,29,0,9.625
410,30,0,10.058823529411764
410,31,0,10.058823529411764
410,32,0,10.421052631578947
410,33,0,10.421052631578947
410,34,0,10.421052631578947
411,0,0,0
411,1,0,0
411,2,0,0
411,3,0,2.5
411,4,0,2.5
411,5,0,3.0
411,6,0,3.0
411,7,0,3.4
411,8,0,3.5
411,9,0,3.5
411,10,0,4.0
411,11,0,4.0
411,12,0,4.125
411,13,0,4.333333333333333
411,14,0,4.333333333333333
411,15,0,4.818181818181818
411,16,0,4.818181818181818
411,17,0,4.818181818181818
411,18,0,5.166666666666667
411,19,0,5.538461538461538
411,20,0,5.538461538461538
411,21,0,5.538461538461538
411,22,0,6.2
411,23,0,6.2
411,24,0,6.5
411,25,0,6.882352941176471
411,26,0,6.882352941176471
411,27,0,6.882352941176471
411,28,0,7.578947368421052
411,29,0,7.578947368421052
411,30,0,7.578947368421052
411,31,0,7.95
411,32,0,8.380952380952381
411,33,0,8.380952380952381
411,34,0,8.772727272727273
412,0,0,0
412,1,0,0
412,2,0,0
412,3,0,0
412,4,0,4.0
412,5,0,4.0
412,6,0,4.0
412,7,0,4.0
412,8,0,5.0
412,9,0,4.75
412,10,0,5.0
412,11,0,4.833333333333333
412,12,0,4.833333333333333
412,13,0,5.285714285714286
412,14,0,5.285714285714286
412,15,0,5.666666666666667
412,16,0,5.666666666666667
412,17,0,5.8
412,18,0,6.0
412,19,0,6.0
412,20,0,6.153846153846154
412,21,0,6.153846153846154
412,22,0,6.071428571428571
412,23,0,6.4
412,24,0,6.4
412,25,0,6.25
412,26,0,6.588235294117647
412,27,0,6.5
412,28,0,6.5
412,29,0,6.5
412,30,0,6.947368421052632
412,31,0,6.8
412,32,0,6.8
412,33,0,7.190476190476191
412,34,0,7.190476190476191
413,0,0,0
413,1,0,0
413,2,0,0
413,3,0,0
413,4,0,3.0
413,5,0,3.5
413,6,0,3.5
413,7,0,3.5
413,8,0,3.3333333333333335
413,9,0,4.25
413,10,0,4.25
413,11,0,4.25
413,12,0,5.166666666666667
413,13,0,5.166666666666667
413,14,0,5.285714285714286
413,15,0,5.875
413,16,0,5.875
413,17,0,6.111111111111111
413,18,0,6.6
413,19,0,6.6
413,20,0,6.818181818181818
413,21,0,7.166666666666667
413,22,0,7.230769230769231
413,23,0,7.230769230769231
413,24,0,7.230769230769231
413,25,0,7.5
413,26,0,7.733333333333333
413,27,0,7.733333333333333
413,28,0,7.9375
413,29,0,8.294117647058824
413,30,0,8.294117647058824
413,31,0,8.294117647058824
413,32,0,8.842105263157896
413,33,0,8.842105263157896
413,34,0,8.9
414,0,0,0
414,1,0,0
414,2,0,0
414,3,0,3.0
414,4,0,2.5
414,5,0,2.5
414,6,0,2.3333333333333335
414,7,0,2.3333333333333335
414,8,0,2.3333333333333335
414,9,0,2.75
414,10,0,2.75
414,11,0,3.0
414,12,0,3.5
414,13,0,3.5
414,14,0,3.857142857142857
414,15,0,3.857142857142857
414,16,0,4.5
414,17,0,4.777777777777778
414,18,0,4.777777777777778
414,19,0,5.3
414,20,0,5.636363636363637
414,21,0,5.636363636363637
414,22,0,6.0
414,23,0,6.0
414,24,0,6.153846153846154
414,25,0,6.153846153846154
414,26,0,6.5
414,27,0,6.25
414,28,0,6.588235294117647
414,29,0,6.588235294117647
414,30,0,6.588235294117647
414,31,0,7.2105263157894735
414,32,0,7.2105263157894735
414,33,0,7.2105263157894735
414,34,0,7.809523809523809
415,0,0,0
415,1,0,0
415,2,0,0
415,3,0,2.0
415,4,0,3.0
415,5,0,3.0
415,6,0,3.3333333333333335
415,7,0,3.3333333333333335
415,8,0,4.0
415,9,0,4.2
415,10,0,4.2
415,11,0,4.666666666666667
415,12,0,4.666666666666667
415,13,0,4.571428571428571
415,14,0,4.625
415,15,0,4.666666666666667
415,16,0,4.7
415,17,0,4.7
415,18,0,4.909090909090909
415,19,0,5.083333333333333
415,20,0,5.083333333333333
415,21,0,5.384615384615385
415,22,0,5.384615384615385
415,23,0,5.642857142857143
415,24,0,6.0
415,25,0,6.0
415,26,0,6.3125
415,27,0,6.647058823529412
415,28,0,6.647058823529412
415,29,0,6.647058823529412
415,30,0,7.055555555555555
415,31,0,7.473684210526316
415,32,0,7.473684210526316
415,33,0,8.238095238095237
415,34,0,8.238095238095237
416,0,0,0
416,1,0,0
416,2,0,0
416,3,0,0
416,4,0,3.0
416,5,0,3.0
416,6,0,3.0
416,7,0,3.0
416,8,0,3.0
416,9,0,3.0
416,10,0,3.0
416,11,0,3.0
416,12,0,3.0
416,13,0,3.0
416,14,0,3.0
416,15,0,3.75
416,16,0,3.6
416,17,0,3.6
416,18,0,3.6
416,19,0,4.333333333333333
416,20,0,4.333333333333333
416,21,0,4.142857142857143
416,22,0,4.142857142857143
416,23,0,5.0
416,24,0,5.0
416,25,0,4.888888888888889
416,26,0,5.7
416,27,0,5.7
416,28,0,5.7272727272727275
416,29,0,5.7272727272727275
416,30,0,6.5
416,31,0,6.5
416,32,0,6.6923076923076925
416,33,0,6.6923076923076925
416,34,0,7.357142857142857
417,0,0,0
417,1,0,0
417,2,0,2.0
417,3,0,2.5
417,4,0,2.5
417,5,0,3.0
417,6,0,3.5
417,7,0,3.5
417,8,0,4.0
417,9,0,4.5
417,10,0,4.714285714285714
417,11,0,4.714285714285714
417,12,0,4.714285714285714
417,13,0,4.7
417,14,0,4.7
417,15,0,5.0
417,16,0,5.0
417,17,0,5.166666666666667
417,18,0,5.166666666666667
417,19,0,5.615384615384615
417,20,0,5.785714285714286
417,21,0,6.133333333333334
417,22,0,6.133333333333334
417,23,0,6.3125
417,24,0,6.3125
417,25,0,6.764705882352941
417,26,0,6.944444444444445
417,27,0,7.368421052631579
417,28,0,7.368421052631579
417,29,0,7.368421052631579
417,30,0,7.6
417,31,0,8.095238095238095
417,32,0,8.095238095238095
417,33,0,8.363636363636363
417,34,0,8.826086956521738
418,0,0,0
418,1,0,0
418,2,0,0
418,3,0,0
418,4,0,0
418,5,0,3.0
418,6,0,3.0
418,7,0,3.5
418,8,0,3.3333333333333335
418,9,0,3.3333333333333335
418,10,0,4.0
418,11,0,4.0
418,12,0,4.0
418,13,0,4.666666666666667
418,14,0,5.0
418,15,0,5.0
418,16,0,5.0
418,17,0,5.75
418,18,0,6.222222222222222
418,19,0,6.7
418,20,0,6.7
418,21,0,6.7
418,22,0,7.181818181818182
418,23,0,7.75
418,24,0,7.75
418,25,0,8.23076923076923
418,26,0,8.785714285714286
418,27,0,8.785714285714286
418,28,0,8.785714285714286
418,29,0,8.933333333333334
418,30,0,9.5
418,31,0,9.5
418,32,0,9.647058823529411
418,33,0,10.166666666666666
418,34,0,10.166666666666666
419,0,0,0
419,1,0,0
419,2,0,0
419,3,0,2.0
419,4,0,2.0
419,5,0,2.5
419,6,0,3.0
419,7,0,3.0
419,8,0,3.25
419,9,0,3.25
419,10,0,3.8
419,11,0,4.166666666666667
419,12,0,4.166666666666667
419,13,0,4.714285714285714
419,14,0,5.0
419,15,0,5.444444444444445
419,16,0,5.444444444444445
419,17,0,5.9
419,18,0,6.181818181818182
419,19,0,6.181818181818182
419,20,0,6.5
419,21,0,7.0
419,22,0,7.0
419,23,0,7.214285714285714
419,24,0,7.214285714285714
419,25,0,7.8
419,26,0,8.0625
419,27,0,8.0625
419,28,0,8.647058823529411
419,29,0,8.647058823529411
419,30,0,8.944444444444445
419,31,0,9.368421052631579
419,32,0,9.65
419,33,0,9.952380952380953
419,34,0,10.136363636363637
420,0,0,0
420,1,0,0
420,2,0,0
420,3,0,2.0
420,4,0,2.5
420,5,0,2.5
420,6,0,2.5
420,7,0,2.6666666666666665
420,8,0,3.5
420,9,0,3.5
420,10,0,3.5
420,11,0,4.2
420,12,0,4.2
420,13,0,4.2
420,14,0,5.0
420,15,0,5.0
420,16,0,4.714285714285714
420,17,0,5.375
420,18,0,5.375
420,19,0,5.333333333333333
420,20,0,5.333333333333333
420,21,0,6.1
420,22,0,6.090909090909091
420,23,0,6.090909090909091
420,24,0,6.083333333333333
420,25,0,6.846153846153846
420,26,0,6.846153846153846
420,27,0,6.846153846153846
420,28,0,7.4
420,29,0,7.4
420,30,0,7.4
420,31,0,7.25
420,32,0,8.0
420,33,0,8.0
420,34,0,8.0
421,0,0,0
421,1,0,0
421,2,0,0
421,3,0,0
421,4,0,3.0
421,5,0,3.0
421,6,0,3.0
421,7,0,3.0
421,8,0,4.0
421,9,0,4.5
421,10,0,4.5
421,11,0,5.0
421,12,0,5.333333333333333
421,13,0,5.333333333333333
421,14,0,5.333333333333333
421,15,0,6.0
421,16,0,6.375
421,17,0,6.375
421,18,0,6.777777777777778
421,19,0,6.777777777777778
421,20,0,7.3
421,21,0,7.3
421,22,0,8.166666666666666
421,23,0,8.166666666666666
421,24,0,8.166666666666666
421,25,0,8.166666666666666
421,26,0,9.214285714285714
421,27,0,9.214285714285714
421,28,0,9.214285714285714
421,29,0,9.666666666666666
421,30,0,10.25
421,31,0,10.588235294117647
421,32,0,10.588235294117647
421,33,0,10.588235294117647
421,34,0,11.526315789473685
422,0,0,0
422,1,0,0
422,2,0,0
422,3,0,3.0
422,4,0,3.0
422,5,0,3.0
422,6,0,2.6666666666666665
422,7,0,3.25
422,8,0,3.25
422,9,0,3.6
422,10,0,3.6666666666666665
422,11,0,3.6666666666666665
422,12,0,3.7142857142857144
422,13,0,4.25
422,14,0,4.25
422,15,0,4.444444444444445
422,16,0,4.444444444444445
422,17,0,5.090909090909091
422,18,0,5.090909090909091
422,19,0,5.166666666666667
422,20,0,5.769230769230769
422,21,0,5.769230769230769
422,22,0,5.928571428571429
422,23,0,6.4
422,24,0,6.5625
422,25,0,6.5625
422,26,0,6.5625
422,27,0,7.277777777777778
422,28,0,7.277777777777778
422,29,0,7.277777777777778
422,30,0,7.277777777777778
422,31,0,8.1
422,32,0,8.1
422,33,0,8.619047619047619
422,34,0,8.619047619047619
423,0,0,0
423,1,0,0
423,2,0,0
423,3,0,0
423,4,0,3.0
423,5,0,3.0
423,6,0,3.0
423,7,0,3.5
423,8,0,3.5
423,9,0,3.8
423,10,0,4.0
423,11,0,4.0
423,12,0,4.285714285714286
423,13,0,4.285714285714286
423,14,0,4.555555555555555
423,15,0,4.555555555555555
423,16,0,4.9
423,17,0,4.7272727272727275
423,18,0,4.7272727272727275
423,19,0,4.583333333333333
423,20,0,4.923076923076923
423,21,0,4.714285714285714
423,22,0,4.714285714285714
423,23,0,4.9375
423,24,0,4.9375
423,25,0,5.111111111111111
423,26,0,5.111111111111111
423,27,0,5.111111111111111
423,28,0,5.111111111111111
423,29,0,5.55
423,30,0,5.55
423,31,0,5.55
423,32,0,5.55
423,33,0,6.181818181818182
423,34,0,6.181818181818182
424,0,0,0
424,1,0,0
424,2,0,2.0
424,3,0,2.0
424,4,0,2.5
424,5,0,2.5
424,6,0,2.75
424,7,0,2.75
424,8,0,2.75
424,9,0,2.75
424,10,0,3.8333333333333335
424,11,0,3.8333333333333335
424,12,0,4.428571428571429
424,13,0,4.625
424,14,0,4.625
424,15,0,5.111111111111111
424,16,0,5.4
424,17,0,5.4
424,18,0,5.7272727272727275
424,19,0,6.166666666666667
424,20,0,6.166666666666667
424,21,0,6.538461538461538
424,22,0,6.928571428571429
424,23,0,7.066666666666666
424,24,0,7.066666666666666
424,25,0,7.588235294117647
424,26,0,7.588235294117647
424,27,0,7.666666666666667
424,28,0,8.105263157894736
424,29,0,7.8
424,30,0,7.8
424,31,0,8.0
424,32,0,8.409090909090908
424,33,0,8.478260869565217
424,34,0,8.478260869565217
425,0,0,0
425,1,0,0
425,2,0,2.0
425,3,0,2.0
425,4,0,2.0
425,5,0,2.0
425,6,0,2.6666666666666665
425,7,0,2.6666666666666665
425,8,0,3.0
425,9,0,3.4
425,10,0,3.4
425,11,0,4.0
425,12,0,4.0
425,13,0,4.25
425,14,0,4.25
425,15,0,4.666666666666667
425,16,0,4.666666666666667
425,17,0,5.1
425,18,0,5.454545454545454
425,19,0,5.454545454545454
425,20,0,5.916666666666667
425,21,0,6.230769230769231
425,22,0,6.230769230769231
425,23,0,6.230769230769231
425,24,0,6.933333333333334
425,25,0,6.933333333333334
425,26,0,7.1875
425,27,0,7.1875
425,28,0,7.611111111111111
425,29,0,7.611111111111111
425,30,0,7.611111111111111
425,31,0,7.95
425,32,0,7.95
425,33,0,7.95
425,34,0,8.095238095238095
426,0,0,0
426,1,0,0
426,2,0,0
426,3,0,2.0
426,4,0,2.0
426,5,0,3.0
426,6,0,3.0
426,7,0,3.0
426,8,0,3.8
426,9,0,3.8
426,10,0,4.0
426,11,0,4.428571428571429
426,12,0,4.625
426,13,0,4.625
426,14,0,5.1
426,15,0,5.1
426,16,0,5.181818181818182
426,17,0,5.5
426,18,0,5.5
426,19,0,5.615384615384615
426,20,0,5.615384615384615
426,21,0,6.071428571428571
426,22,0,6.071428571428571
426,23,0,6.333333333333333
426,24,0,6.333333333333333
426,25,0,7.117647058823529
426,26,0,7.117647058823529
426,27,0,7.117647058823529
426,28,0,7.894736842105263
426,29,0,7.894736842105263
426,30,0,8.2
426,31,0,8.666666666666666
426,32,0,8.954545454545455
426,33,0,8.954545454545455
426,34,0,8.954545454545455
427,0,0,0
427,1,0,0
427,2,0,0
427,3,0,2.0
427,4,0,2.0
427,5,0,2.0
427,6,0,2.5
427,7,0,2.6666666666666665
427,8,0,2.6666666666666665
427,9,0,3.0
427,10,0,3.4
427,11,0,3.4
427,12,0,3.4
427,13,0,3.8333333333333335
427,14,0,4.285714285714286
427,15,0,4.285714285714286
427,16,0,4.285714285714286
427,17,0,4.333333333333333
427,18,0,4.333333333333333
427,19,0,4.7
427,20,0,4.7
427,21,0,4.7
427,22,0,5.090909090909091
427,23,0,5.090909090909091
427,24,0,4.916666666666667
427,25,0,4.916666666666667
427,26,0,5.214285714285714
427,27,0,5.214285714285714
427,28,0,5.533333333333333
427,29,0,5.533333333333333
427,30,0,5.625
427,31,0,5.823529411764706
427,32,0,5.944444444444445
427,33,0,5.944444444444445
427,34,0,5.944444444444445
428,0,0,0
428,1,0,0
428,2,0,0
428,3,0,3.0
428,4,0,3.5
428,5,0,3.5
428,6,0,4.0
428,7,0,4.0
428,8,0,4.75
428,9,0,5.0
428,10,0,5.0
428,11,0,5.0
428,12,0,6.0
428,13,0,6.0
428,14,0,6.625
428,15,0,6.625
428,16,0,7.5
428,17,0,7.5
428,18,0,7.5
428,19,0,7.818181818181818
428,20,0,8.25
428,21,0,8.538461538461538
428,22,0,8.538461538461538
428,23,0,8.857142857142858
428,24,0,9.333333333333334
428,25,0,9.333333333333334
428,26,0,9.6875
428,27,0,9.6875
428,28,0,10.176470588235293
428,29,0,10.176470588235293
428,30,0,10.61111111111111
428,31,0,10.65
428,32,0,11.047619047619047
428,33,0,11.047619047619047
428,34,0,11.047619047619047
429,0,0,0
429,1,0,0
429,2,0,0
429,3,0,0
429,4,0,3.0
429,5,0,3.0
429,6,0,3.3333333333333335
429,7,0,3.3333333333333335
429,8,0,3.3333333333333335
429,9,0,3.6
429,10,0,3.6
429,11,0,3.7142857142857144
429,12,0,3.7142857142857144
429,13,0,3.7142857142857144
429,14,0,3.75
429,15,0,4.111111111111111
429,16,0,4.111111111111111
429,17,0,4.3
429,18,0,4.545454545454546
429,19,0,4.545454545454546
429,20,0,4.583333333333333
429,21,0,4.583333333333333
429,22,0,4.857142857142857
429,23,0,4.857142857142857
429,24,0,4.857142857142857
429,25,0,5.066666666666666
429,26,0,5.375
429,27,0,5.375
429,28,0,5.611111111111111
429,29,0,5.611111111111111
429,30,0,5.611111111111111
429,31,0,5.842105263157895
429,32,0,6.0
429,33,0,6.0
429,34,0,6.238095238095238
430,0,0,0
430,1,0,0
430,2,0,0
430,3,0,0
430,4,0,4.0
430,5,0,4.0
430,6,0,4.0
430,7,0,4.333333333333333
430,8,0,4.75
430,9,0,4.75
430,10,0,5.0
430,11,0,5.166666666666667
430,12,0,5.166666666666667
430,13,0,5.166666666666667
430,14,0,5.375
430,15,0,5.375
430,16,0,5.375
430,17,0,5.0
430,18,0,5.6
430,19,0,5.6
430,20,0,5.454545454545454
430,21,0,6.083333333333333
430,22,0,6.083333333333333
430,23,0,6.0
430,24,0,6.642857142857143
430,25,0,6.6
430,26,0,6.6
430,27,0,6.6
430,28,0,7.1875
430,29,0,7.176470588235294
430,30,0,7.176470588235294
430,31,0,7.222222222222222
430,32,0,7.842105263157895
430,33,0,7.842105263157895
430,34,0,7.842105263157895
431,0,0,0
431,1,0,0
431,2,0,2.0
431,3,0,2.0
431,4,0,2.0
431,5,0,2.0
431,6,0,2.0
431,7,0,2.5
431,8,0,2.25
431,9,0,2.25
431,10,0,2.2
431,11,0,2.8333333333333335
431,12,0,2.8333333333333335
431,13,0,2.857142857142857
431,14,0,2.857142857142857
431,15,0,2.857142857142857
431,16,0,2.857142857142857
431,17,0,2.857142857142857
431,18,0,2.888888888888889
431,19,0,2.888888888888889
431,20,0,2.888888888888889
431,21,0,3.090909090909091
431,22,0,3.090909090909091
431,23,0,3.1666666666666665
431,24,0,3.230769230769231
431,25,0,3.2857142857142856
431,26,0,3.3333333333333335
431,27,0,3.3333333333333335
431,28,0,3.4375
431,29,0,3.588235294117647
431,30,0,3.588235294117647
431,31,0,3.588235294117647
431,32,0,3.8333333333333335
431,33,0,4.052631578947368
431,34,0,4.052631578947368
432,0,0,0
432,1,0,0
432,2,0,0
432,3,0,0
432,4,0,4.0
432,5,0,4.0
432,6,0,4.0
432,7,0,4.0
432,8,0,4.5
432,9,0,4.5
432,10,0,5.2
432,11,0,5.2
432,12,0,5.333333333333333
432,13,0,5.333333333333333
432,14,0,5.857142857142857
432,15,0,6.125
432,16,0,6.125
432,17,0,6.9
432,18,0,6.9
432,19,0,7.2727272727272725
432,20,0,7.2727272727272725
432,21,0,7.846153846153846
432,22,0,7.846153846153846
432,23,0,7.846153846153846
432,24,0,7.846153846153846
432,25,0,8.6
432,26,0,8.6
432,27,0,9.235294117647058
432,28,0,9.235294117647058
432,29,0,9.235294117647058
432,30,0,9.894736842105264
432,31,0,9.894736842105264
432,32,0,10.15
432,33,0,10.15
432,34,0,10.523809523809524
433,0,0,0
433,1,0,0
433,2,0,0
433,3,0,0
433,4,0,4.0
433,5,0,4.0
433,6,0,4.0
433,7,0,4.666666666666667
433,8,0,4.666666666666667
433,9,0,4.666666666666667
433,10,0,4.75
433,11,0,5.6
433,12,0,5.6
433,13,0,5.571428571428571
433,14,0,5.571428571428571
433,15,0,5.571428571428571
433,16,0,5.571428571428571
433,17,0,6.222222222222222
433,18,0,6.222222222222222
433,19,0,6.6
433,20,0,6.636363636363637
433,21,0,6.636363636363637
433,22,0,6.583333333333333
433,23,0,7.076923076923077
433,24,0,7.071428571428571
433,25,0,7.071428571428571
433,26,0,7.133333333333334
433,27,0,7.6875
433,28,0,7.6875
433,29,0,7.6875
433,30,0,7.823529411764706
433,31,0,8.444444444444445
433,32,0,8.444444444444445
433,33,0,8.526315789473685
433,34,0,8.526315789473685
434,0,0,0
434,1,0,0
434,2,0,2.0
434,3,0,2.0
434,4,0,2.3333333333333335
434,5,0,2.75
434,6,0,2.75
434,7,0,2.8
434,8,0,2.8
434,9,0,2.8
434,10,0,3.0
434,11,0,3.142857142857143
434,12,0,3.142857142857143
434,13,0,3.142857142857143
434,14,0,3.888888888888889
434,15,0,3.888888888888889
434,16,0,3.888888888888889
434,17,0,3.9
434,18,0,4.2727272727272725
434,19,0,4.2727272727272725
434,20,0,4.666666666666667
434,21,0,4.846153846153846
434,22,0,4.846153846153846
434,23,0,5.4
434,24,0,5.4
434,25,0,5.625
434,26,0,5.625
434,27,0,6.055555555555555
434,28,0,6.055555555555555
434,29,0,6.285714285714286
434,30,0,6.285714285714286
434,31,0,6.285714285714286
434,32,0,6.590909090909091
434,33,0,6.826086956521739
434,34,0,7.125
435,0,0,0
435,1,0,0
435,2,0,2.0
435,3,0,2.0
435,4,0,2.0
435,5,0,2.0
435,6,0,2.75
435,7,0,2.75
435,8,0,2.75
435,9,0,3.2
435,10,0,3.3333333333333335
435,11,0,3.3333333333333335
435,12,0,3.375
435,13,0,3.375
435,14,0,3.6666666666666665
435,15,0,3.6666666666666665
435,16,0,4.1
435,17,0,4.1
435,18,0,4.75
435,19,0,4.75
435,20,0,4.75
435,21,0,5.357142857142857
435,22,0,5.357142857142857
435,23,0,5.357142857142857
435,24,0,5.9375
435,25,0,5.9375
435,26,0,6.0588235294117645
435,27,0,6.555555555555555
435,28,0,6.684210526315789
435,29,0,7.1
435,30,0,7.1
435,31,0,7.238095238095238
435,32,0,7.5
435,33,0,7.521739130434782
435,34,0,7.521739130434782
436,0,0,0
436,1,0,0
436,2,0,2.0
436,3,0,2.0
436,4,0,2.0
436,5,0,2.5
436,6,0,3.3333333333333335
436,7,0,3.3333333333333335
436,8,0,3.3333333333333335
436,9,0,3.75
436,10,0,4.4
436,11,0,4.666666666666667
436,12,0,5.142857142857143
436,13,0,5.142857142857143
436,14,0,5.5
436,15,0,5.666666666666667
436,16,0,5.666666666666667
436,17,0,5.666666666666667
436,18,0,6.1
436,19,0,6.454545454545454
436,20,0,6.454545454545454
436,21,0,7.153846153846154
436,22,0,7.153846153846154
436,23,0,7.153846153846154
436,24,0,7.428571428571429
436,25,0,7.866666666666666
436,26,0,7.866666666666666
436,27,0,8.1875
436,28,0,8.1875
436,29,0,8.647058823529411
436,30,0,8.944444444444445
436,31,0,8.944444444444445
436,32,0,9.65
436,33,0,9.65
436,34,0,9.857142857142858
437,0,0,0
437,1,0,0
437,2,0,0
437,3,0,0
437,4,0,3.0
437,5,0,3.0
437,6,0,2.6666666666666665
437,7,0,2.6666666666666665
437,8,0,2.6666666666666665
437,9,0,2.6666666666666665
437,10,0,3.2
437,11,0,3.2
437,12,0,3.2
437,13,0,3.5
437,14,0,3.7142857142857144
437,15,0,3.7142857142857144
437,16,0,4.0
437,17,0,4.444444444444445
437,18,0,4.444444444444445
437,19,0,4.8
437,20,0,4.8
437,21,0,5.2727272727272725
437,22,0,5.583333333333333
437,23,0,5.583333333333333
437,24,0,5.583333333333333
437,25,0,6.428571428571429
437,26,0,6.428571428571429
437,27,0,6.428571428571429
437,28,0,7.3125
437,29,0,7.3125
437,30,0,7.764705882352941
437,31,0,8.166666666666666
437,32,0,8.166666666666666
437,33,0,8.85
437,34,0,8.85
438,0,0,0
438,1,0,0
438,2,0,0
438,3,0,0
438,4,0,0
438,5,0,2.5
438,6,0,2.5
438,7,0,3.0
438,8,0,3.0
438,9,0,3.0
438,10,0,3.6
438,11,0,3.6
438,12,0,4.0
438,13,0,4.0
438,14,0,4.0
438,15,0,4.571428571428571
438,16,0,4.5
438,17,0,4.5
438,18,0,5.111111111111111
438,19,0,5.111111111111111
438,20,0,5.3
438,21,0,5.3
438,22,0,6.083333333333333
438,23,0,6.083333333333333
438,24,0,6.083333333333333
438,25,0,6.230769230769231
438,26,0,6.857142857142857
438,27,0,6.857142857142857
438,28,0,6.857142857142857
438,29,0,7.133333333333334
438,30,0,7.75
438,31,0,7.75
438,32,0,8.058823529411764
438,33,0,8.058823529411764
438,34,0,8.666666666666666
439,0,0,0
439,1,0,0
439,2,0,0
439,3,0,0
439,4,0,4.0
439,5,0,4.0
439,6,0,4.0
439,7,0,4.333333333333333
439,8,0,4.333333333333333
439,9,0,5.0
439,10,0,5.0
439,11,0,5.0
439,12,0,4.714285714285714
439,13,0,4.714285714285714
439,14,0,4.777777777777778
439,15,0,4.777777777777778
439,16,0,4.777777777777778
439,17,0,5.181818181818182
439,18,0,5.181818181818182
439,19,0,5.0
439,20,0,5.384615384615385
439,21,0,5.384615384615385
439,22,0,5.285714285714286
439,23,0,5.666666666666667
439,24,0,5.625
439,25,0,5.9411764705882355
439,26,0,5.833333333333333
439,27,0,6.157894736842105
439,28,0,6.1
439,29,0,6.380952380952381
439,30,0,6.363636363636363
439,31,0,6.6521739130434785
439,32,0,6.6521739130434785
439,33,0,6.666666666666667
439,34,0,6.666666666666667
440,0,0,0
440,1,0,0
440,2,0,2.0
440,3,0,2.0
440,4,0,2.3333333333333335
440,5,0,2.3333333333333335
440,6,0,2.3333333333333335
440,7,0,3.0
440,8,0,3.0
440,9,0,3.0
440,10,0,3.6666666666666665
440,11,0,3.857142857142857
440,12,0,4.25
440,13,0,4.25
440,14,0,4.25
440,15,0,4.444444444444445
440,16,0,4.9
440,17,0,4.9
440,18,0,5.181818181818182
440,19,0,5.583333333333333
440,20,0,5.6923076923076925
440,21,0,5.6923076923076925
440,22,0,6.071428571428571
440,23,0,6.071428571428571
440,24,0,6.2
440,25,0,6.5
440,26,0,6.5
440,27,0,6.823529411764706
440,28,0,6.777777777777778
440,29,0,6.777777777777778
440,30,0,7.157894736842105
440,31,0,7.2
440,32,0,7.428571428571429
440,33,0,7.428571428571429
440,34,0,7.428571428571429
441,0,0,0
441,1,0,0
441,2,0,2.0
441,3,0,2.5
441,4,0,2.5
441,5,0,3.25
441,6,0,3.25
441,7,0,3.5
441,8,0,3.5
441,9,0,3.5
441,10,0,3.857142857142857
441,11,0,4.25
441,12,0,4.25
441,13,0,4.7
441,14,0,4.7
441,15,0,4.7
441,16,0,5.0
441,17,0,5.25
441,18,0,5.25
441,19,0,5.384615384615385
441,20,0,5.642857142857143
441,21,0,5.642857142857143
441,22,0,5.733333333333333
441,23,0,5.733333333333333
441,24,0,6.125
441,25,0,6.294117647058823
441,26,0,6.294117647058823
441,27,0,6.722222222222222
441,28,0,6.947368421052632
441,29,0,6.947368421052632
441,30,0,7.35
441,31,0,7.35
441,32,0,7.666666666666667
441,33,0,8.090909090909092
441,34,0,8.090909090909092
442,0,0,0
442,1,0,0
442,2,0,0
442,3,0,2.5
442,4,0,2.5
442,5,0,2.5
442,6,0,3.0
442,7,0,3.25
442,8,0,3.25
442,9,0,3.8333333333333335
442,10,0,3.8333333333333335
442,11,0,3.8333333333333335
442,12,0,4.0
442,13,0,4.0
442,14,0,4.0
442,15,0,4.454545454545454
442,16,0,4.454545454545454
442,17,0,4.538461538461538
442,18,0,4.538461538461538
442,19,0,4.466666666666667
442,20,0,4.5
442,21,0,4.5
442,22,0,4.722222222222222
442,23,0,4.722222222222222
442,24,0,4.947368421052632
442,25,0,5.0
442,26,0,5.142857142857143
442,27,0,5.142857142857143
442,28,0,5.434782608695652
442,29,0,5.434782608695652
442,30,0,5.434782608695652
442,31,0,5.625
442,32,0,5.84
442,33,0,5.84
442,34,0,6.0
443,0,0,0
443,1,0,0
443,2,0,0
443,3,0,0
443,4,0,4.0
443,5,0,4.0
443,6,0,4.0
443,7,0,4.0
443,8,0,3.5
443,9,0,3.3333333333333335
443,10,0,3.3333333333333335
443,11,0,3.3333333333333335
443,12,0,3.75
443,13,0,4.0
443,14,0,4.0
443,15,0,4.333333333333333
443,16,0,4.571428571428571
443,17,0,4.875
443,18,0,4.875
443,19,0,5.222222222222222
443,20,0,5.222222222222222
443,21,0,5.181818181818182
443,22,0,5.181818181818182
443,23,0,5.333333333333333
443,24,0,5.333333333333333
443,25,0,5.461538461538462
443,26,0,5.714285714285714
443,27,0,5.714285714285714
443,28,0,6.0
443,29,0,6.0
443,30,0,6.0
443,31,0,6.235294117647059
443,32,0,6.444444444444445
443,33,0,6.444444444444445
443,34,0,6.444444444444445
444,0,0,0
444,1,0,0
444,2,0,0
444,3,0,0
444,4,0,4.0
444,5,0,4.0
444,6,0,3.6666666666666665
444,7,0,3.6666666666666665
444,8,0,3.6666666666666665
444,9,0,4.25
444,10,0,4.25
444,11,0,4.25
444,12,0,4.428571428571429
444,13,0,4.428571428571429
444,14,0,4.428571428571429
444,15,0,4.25
444,16,0,4.888888888888889
444,17,0,4.888888888888889
444,18,0,4.888888888888889
444,19,0,5.2727272727272725
444,20,0,5.2727272727272725
444,21,0,5.0
444,22,0,5.0
444,23,0,5.285714285714286
444,24,0,5.285714285714286
444,25,0,5.8
444,26,0,5.625
444,27,0,5.625
444,28,0,6.0
444,29,0,6.0
444,30,0,6.421052631578948
444,31,0,6.421052631578948
444,32,0,6.857142857142857
444,33,0,6.857142857142857
444,34,0,6.857142857142857
445,0,0,0
445,1,0,0
445,2,0,0
445,3,0,0
445,4,0,2.0
445,5,0,2.0
445,6,0,3.0
445,7,0,3.0
445,8,0,3.6666666666666665
445,9,0,4.25
445,10,0,4.25
445,11,0,4.8
445,12,0,5.0
445,13,0,4.857142857142857
445,14,0,4.857142857142857
445,15,0,4.555555555555555
445,16,0,5.0
445,17,0,5.0
445,18,0,5.090909090909091
445,19,0,5.583333333333333
445,20,0,5.583333333333333
445,21,0,5.538461538461538
445,22,0,6.0
445,23,0,6.0
445,24,0,5.933333333333334
445,25,0,5.933333333333334
445,26,0,6.4375
445,27,0,6.470588235294118
445,28,0,6.944444444444445
445,29,0,6.947368421052632
445,30,0,6.947368421052632
445,31,0,7.333333333333333
445,32,0,7.333333333333333
445,33,0,7.363636363636363
445,34,0,7.363636363636363
446,0,0,0
446,1,0,0
446,2,0,0
446,3,0,0
446,4,0,2.0
446,5,0,2.0
446,6,0,2.3333333333333335
446,7,0,2.3333333333333335
446,8,0,3.0
446,9,0,3.0
446,10,0,3.0
446,11,0,3.857142857142857
446,12,0,3.857142857142857
446,13,0,3.857142857142857
446,14,0,3.857142857142857
446,15,0,4.888888888888889
446,16,0,4.888888888888889
446,17,0,5.3
446,18,0,5.3
446,19,0,5.75
446,20,0,5.75
446,21,0,5.615384615384615
446,22,0,5.615384615384615
446,23,0,6.142857142857143
446,24,0,6.142857142857143
446,25,0,6.2
446,26,0,6.75
446,27,0,6.75
446,28,0,6.75
446,29,0,7.444444444444445
446,30,0,7.444444444444445
446,31,0,7.444444444444445
446,32,0,8.1
446,33,0,8.1
446,34,0,8.285714285714286
447,0,0,0
447,1,0,0
447,2,0,2.0
447,3,0,2.0
447,4,0,2.0
447,5,0,2.0
447,6,0,2.25
447,7,0,2.25
447,8,0,2.4
447,9,0,2.8333333333333335
447,10,0,2.8333333333333335
447,11,0,2.7142857142857144
447,12,0,3.25
447,13,0,3.25
447,14,0,3.25
447,15,0,3.7
447,16,0,3.7
447,17,0,3.7
447,18,0,3.909090909090909
447,19,0,4.416666666666667
447,20,0,4.615384615384615
447,21,0,4.615384615384615
447,22,0,4.615384615384615
447,23,0,5.333333333333333
447,24,0,5.333333333333333
447,25,0,5.333333333333333
447,26,0,5.5625
447,27,0,6.117647058823529
447,28,0,6.117647058823529
447,29,0,6.117647058823529
447,30,0,6.947368421052632
447,31,0,6.947368421052632
447,32,0,6.947368421052632
447,33,0,7.45
447,34,0,7.571428571428571
448,0,0,0
448,1,0,0
448,2,0,0
448,3,0,0
448,4,0,3.0
448,5,0,3.0
448,6,0,3.0
448,7,0,3.3333333333333335
448,8,0,4.25
448,9,0,4.25
448,10,0,5.0
448,11,0,5.0
448,12,0,5.0
448,13,0,5.142857142857143
448,14,0,5.75
448,15,0,5.777777777777778
448,16,0,6.3
448,17,0,6.3
448,18,0,6.363636363636363
448,19,0,6.833333333333333
448,20,0,6.833333333333333
448,21,0,6.833333333333333
448,22,0,7.571428571428571
448,23,0,7.571428571428571
448,24,0,7.571428571428571
448,25,0,7.866666666666666
448,26,0,8.375
448,27,0,8.375
448,28,0,9.166666666666666
448,29,0,9.166666666666666
448,30,0,9.166666666666666
448,31,0,9.526315789473685
448,32,0,10.05
448,33,0,10.05
448,34,0,10.818181818181818
449,0,0,0
449,1,0,0
449,2,0,2.0
449,3,0,2.0
449,4,0,2.5
449,5,0,2.5
449,6,0,2.5
449,7,0,3.5
449,8,0,3.5
449,9,0,3.8
449,10,0,3.8
449,11,0,4.714285714285714
449,12,0,4.714285714285714
449,13,0,4.714285714285714
449,14,0,5.222222222222222
449,15,0,5.222222222222222
449,16,0,5.3
449,17,0,5.3
449,18,0,5.75
449,19,0,5.75
449,20,0,6.153846153846154
449,21,0,6.214285714285714
449,22,0,6.533333333333333
449,23,0,6.4375
449,24,0,6.4375
449,25,0,6.611111111111111
449,26,0,6.611111111111111
449,27,0,6.611111111111111
449,28,0,6.894736842105263
449,29,0,6.95
449,30,0,7.238095238095238
449,31,0,7.238095238095238
449,32,0,7.238095238095238
449,33,0,7.363636363636363
449,34,0,7.739130434782608
450,0,0,0
450,1,0,0
450,2,0,0
450,3,0,3.0
450,4,0,3.0
450,5,0,3.0
450,6,0,3.0
450,7,0,3.5
450,8,0,3.5
450,9,0,3.5
450,10,0,4.2
450,11,0,4.333333333333333
450,12,0,4.714285714285714
450,13,0,4.714285714285714
450,14,0,4.714285714285714
450,15,0,5.444444444444445
450,16,0,5.444444444444445
450,17,0,5.5
450,18,0,5.909090909090909
450,19,0,5.909090909090909
450,20,0,6.083333333333333
450,21,0,6.461538461538462
450,22,0,6.642857142857143
450,23,0,6.642857142857143
450,24,0,7.066666666666666
450,25,0,7.066666666666666
450,26,0,7.375
450,27,0,7.823529411764706
450,28,0,7.823529411764706
450,29,0,7.823529411764706
450,30,0,8.631578947368421
450,31,0,8.631578947368421
450,32,0,8.95
450,33,0,8.95
450,34,0,9.333333333333334
451,0,0,0
451,1,0,0
451,2,0,2.0
451,3,0,2.0
451,4,0,2.0
451,5,0,2.6666666666666665
451,6,0,2.6666666666666665
451,7,0,2.6666666666666665
451,8,0,3.0
451,9,0,3.8
451,10,0,3.8
451,11,0,4.285714285714286
451,12,0,4.285714285714286
451,13,0,4.555555555555555
451,14,0,4.555555555555555
451,15,0,4.555555555555555
451,16,0,4.636363636363637
451,17,0,4.636363636363637
451,18,0,4.636363636363637
451,19,0,5.0
451,20,0,5.076923076923077
451,21,0,5.076923076923077
451,22,0,5.428571428571429
451,23,0,5.428571428571429
451,24,0,5.666666666666667
451,25,0,6.0625
451,26,0,6.0625
451,27,0,6.352941176470588
451,28,0,6.777777777777778
451,29,0,6.777777777777778
451,30,0,7.157894736842105
451,31,0,7.5
451,32,0,7.5
451,33,0,7.809523809523809
451,34,0,8.136363636363637
452,0,0,0
452,1,0,0
452,2,0,2.0
452,3,0,2.0
452,4,0,3.0
452,5,0,3.0
452,6,0,3.0
452,7,0,3.75
452,8,0,3.75
452,9,0,3.75
452,10,0,4.4
452,11,0,4.833333333333333
452,12,0,4.833333333333333
452,13,0,4.625
452,14,0,4.625
452,15,0,5.222222222222222
452,16,0,5.5
452,17,0,5.5
452,18,0,5.666666666666667
452,19,0,5.666666666666667
452,20,0,5.769230769230769
452,21,0,5.928571428571429
452,22,0,5.928571428571429
452,23,0,6.0
452,24,0,6.25
452,25,0,6.352941176470588
452,26,0,6.555555555555555
452,27,0,6.555555555555555
452,28,0,6.7368421052631575
452,29,0,6.7368421052631575
452,30,0,7.05
452,31,0,7.05
452,32,0,7.238095238095238
452,33,0,7.590909090909091
452,34,0,7.590909090909091
453,0,0,0
453,1,0,0
453,2,0,0
453,3,0,0
453,4,0,0
453,5,0,4.0
453,6,0,4.0
453,7,0,3.6666666666666665
453,8,0,3.6666666666666665
453,9,0,3.6666666666666665
453,10,0,3.6666666666666665
453,11,0,4.25
453,12,0,4.25
453,13,0,3.8
453,14,0,4.5
453,15,0,4.5
453,16,0,4.5
453,17,0,4.428571428571429
453,18,0,5.25
453,19,0,5.222222222222222
453,20,0,5.222222222222222
453,21,0,5.222222222222222
453,22,0,6.1
453,23,0,6.2727272727272725
453,24,0,6.916666666666667
453,25,0,6.916666666666667
453,26,0,6.923076923076923
453,27,0,6.923076923076923
453,28,0,7.666666666666667
453,29,0,7.666666666666667
453,30,0,7.666666666666667
453,31,0,7.75
453,32,0,8.411764705882353
453,33,0,8.411764705882353
453,34,0,9.105263157894736
454,0,0,0
454,1,0,0
454,2,0,0
454,3,0,0
454,4,0,4.0
454,5,0,4.0
454,6,0,3.5
454,7,0,4.333333333333333
454,8,0,4.333333333333333
454,9,0,4.333333333333333
454,10,0,5.4
454,11,0,5.4
454,12,0,5.4
454,13,0,5.4
454,14,0,6.285714285714286
454,15,0,6.285714285714286
454,16,0,6.285714285714286
454,17,0,6.625
454,18,0,7.333333333333333
454,19,0,7.333333333333333
454,20,0,7.6
454,21,0,7.2727272727272725
454,22,0,7.2727272727272725
454,23,0,7.583333333333333
454,24,0,7.583333333333333
454,25,0,7.461538461538462
454,26,0,7.857142857142857
454,27,0,7.857142857142857
454,28,0,7.733333333333333
454,29,0,7.733333333333333
454,30,0,8.1875
454,31,0,8.058823529411764
454,32,0,8.058823529411764
454,33,0,8.555555555555555
454,34,0,8.555555555555555
455,0,0,0
455,1,0,0
455,2,0,2.0
455,3,0,2.0
455,4,0,2.0
455,5,0,3.0
455,6,0,3.6666666666666665
455,7,0,3.6666666666666665
455,8,0,3.75
455,9,0,3.75
455,10,0,4.0
455,11,0,4.0
455,12,0,4.0
455,13,0,4.625
455,14,0,4.625
455,15,0,4.625
455,16,0,5.0
455,17,0,5.4
455,18,0,5.4
455,19,0,6.083333333333333
455,20,0,6.083333333333333
455,21,0,6.083333333333333
455,22,0,6.785714285714286
455,23,0,6.785714285714286
455,24,0,7.2
455,25,0,7.2
455,26,0,7.5
455,27,0,7.882352941176471
455,28,0,7.882352941176471
455,29,0,8.055555555555555
455,30,0,8.473684210526315
455,31,0,8.473684210526315
455,32,0,8.473684210526315
455,33,0,8.75
455,34,0,9.238095238095237
456,0,0,0
456,1,0,0
456,2,0,2.0
456,3,0,2.0
456,4,0,2.0
456,5,0,3.0
456,6,0,3.6666666666666665
456,7,0,4.0
456,8,0,4.0
456,9,0,4.4
456,10,0,4.4
456,11,0,4.333333333333333
456,12,0,4.857142857142857
456,13,0,4.857142857142857
456,14,0,4.857142857142857
456,15,0,5.125
456,16,0,5.666666666666667
456,17,0,5.9
456,18,0,5.9
456,19,0,5.7272727272727275
456,20,0,6.333333333333333
456,21,0,6.333333333333333
456,22,0,6.333333333333333
456,23,0,6.230769230769231
456,24,0,6.928571428571429
456,25,0,6.928571428571429
456,26,0,6.928571428571429
456,27,0,7.4375
456,28,0,7.4375
456,29,0,7.4375
456,30,0,7.4375
456,31,0,8.166666666666666
456,32,0,8.166666666666666
456,33,0,8.166666666666666
456,34,0,8.8
457,0,0,0
457,1,0,0
457,2,0,0
457,3,0,3.0
457,4,0,3.0
457,5,0,3.0
457,6,0,3.0
457,7,0,4.0
457,8,0,4.0
457,9,0,4.0
457,10,0,4.6
457,11,0,4.6
457,12,0,5.333333333333333
457,13,0,5.333333333333333
457,14,0,6.0
457,15,0,6.0
457,16,0,6.0
457,17,0,6.6
457,18,0,6.6
457,19,0,6.6
457,20,0,6.818181818181818
457,21,0,6.916666666666667
457,22,0,6.916666666666667
457,23,0,7.076923076923077
457,24,0,7.428571428571429
457,25,0,7.428571428571429
457,26,0,7.666666666666667
457,27,0,8.0
457,28,0,8.0
457,29,0,8.0
457,30,0,8.61111111111111
457,31,0,8.61111111111111
457,32,0,9.05
457,33,0,9.05
457,34,0,9.05
458,0,0,0
458,1,0,0
458,2,0,0
458,3,0,0
458,4,0,0
458,5,0,3.0
458,6,0,3.0
458,7,0,3.0
458,8,0,3.0
458,9,0,4.0
458,10,0,4.0
458,11,0,4.0
458,12,0,4.4
458,13,0,5.166666666666667
458,14,0,5.166666666666667
458,15,0,6.125
458,16,0,6.125
458,17,0,6.125
458,18,0,6.555555555555555
458,19,0,7.0
458,20,0,7.0
458,21,0,7.363636363636363
458,22,0,7.833333333333333
458,23,0,8.153846153846153
458,24,0,8.153846153846153
458,25,0,8.5
458,26,0,8.933333333333334
458,27,0,8.5
458,28,0,8.5
458,29,0,8.941176470588236
458,30,0,9.38888888888889
458,31,0,9.736842105263158
458,32,0,10.1
458,33,0,10.1
458,34,0,10.772727272727273
459,0,0,0
459,1,0,0
459,2,0,2.0
459,3,0,2.5
459,4,0,2.5
459,5,0,2.5
459,6,0,3.0
459,7,0,3.5
459,8,0,3.5
459,9,0,3.2
459,10,0,3.5
459,11,0,3.5
459,12,0,3.857142857142857
459,13,0,3.875
459,14,0,3.875
459,15,0,4.3
459,16,0,4.3
459,17,0,4.3
459,18,0,4.3
459,19,0,5.083333333333333
459,20,0,5.083333333333333
459,21,0,5.083333333333333
459,22,0,5.857142857142857
459,23,0,5.857142857142857
459,24,0,6.133333333333334
459,25,0,6.133333333333334
459,26,0,6.625
459,27,0,6.625
459,28,0,6.882352941176471
459,29,0,6.882352941176471
459,30,0,7.684210526315789
459,31,0,7.684210526315789
459,32,0,8.2
459,33,0,8.380952380952381
459,34,0,8.380952380952381
460,0,0,0
460,1,0,0
460,2,0,2.0
460,3,0,2.5
460,4,0,2.5
460,5,0,2.5
460,6,0,2.5
460,7,0,3.0
460,8,0,3.25
460,9,0,3.25
460,10,0,3.6
460,11,0,4.0
460,12,0,4.0
460,13,0,4.428571428571429
460,14,0,4.5
460,15,0,4.111111111111111
460,16,0,4.6
460,17,0,4.818181818181818
460,18,0,4.818181818181818
460,19,0,4.818181818181818
460,20,0,5.615384615384615
460,21,0,5.615384615384615
460,22,0,5.615384615384615
460,23,0,6.142857142857143
460,24,0,6.533333333333333
460,25,0,6.533333333333333
460,26,0,7.0625
460,27,0,7.470588235294118
460,28,0,7.470588235294118
460,29,0,7.470588235294118
460,30,0,8.055555555555555
460,31,0,8.473684210526315
460,32,0,8.95
460,33,0,8.95
460,34,0,9.380952380952381
461,0,0,0
461,1,0,0
461,2,0,2.0
461,3,0,2.0
461,4,0,2.0
461,5,0,2.0
461,6,0,2.6666666666666665
461,7,0,3.0
461,8,0,3.0
461,9,0,3.0
461,10,0,3.3333333333333335
461,11,0,3.3333333333333335
461,12,0,3.3333333333333335
461,13,0,3.857142857142857
461,14,0,3.875
461,15,0,3.875
461,16,0,3.875
461,17,0,4.6
461,18,0,4.6
461,19,0,4.6
461,20,0,5.083333333333333
461,21,0,5.083333333333333
461,22,0,5.083333333333333
461,23,0,4.846153846153846
461,24,0,5.357142857142857
461,25,0,5.357142857142857
461,26,0,5.733333333333333
461,27,0,5.733333333333333
461,28,0,6.125
461,29,0,6.125
461,30,0,6.125
461,31,0,6.125
461,32,0,6.588235294117647
461,33,0,6.333333333333333
461,34,0,6.333333333333333
462,0,0,0
462,1,0,0
462,2,0,0
462,3,0,3.0
462,4,0,3.0
462,5,0,3.0
462,6,0,3.6666666666666665
462,7,0,3.6666666666666665
462,8,0,3.6
462,9,0,4.166666666666667
462,10,0,4.166666666666667
462,11,0,4.166666666666667
462,12,0,4.75
462,13,0,4.75
462,14,0,4.75
462,15,0,5.333333333333333
462,16,0,5.5
462,17,0,5.5
462,18,0,5.5
462,19,0,5.25
462,20,0,5.25
462,21,0,5.25
462,22,0,5.230769230769231
462,23,0,5.428571428571429
462,24,0,5.428571428571429
462,25,0,5.75
462,26,0,5.75
462,27,0,5.75
462,28,0,5.888888888888889
462,29,0,5.888888888888889
462,30,0,5.888888888888889
462,31,0,5.888888888888889
462,32,0,6.3
462,33,0,6.3
462,34,0,6.3
463,0,0,0
463,1,0,0
463,2,0,0
463,3,0,3.0
463,4,0,3.0
463,5,0,3.0
463,6,0,3.0
463,7,0,3.6666666666666665
463,8,0,3.75
463,9,0,3.75
463,10,0,3.75
463,11,0,4.666666666666667
463,12,0,4.666666666666667
463,13,0,4.666666666666667
463,14,0,5.0
463,15,0,5.375
463,16,0,5.375
463,17,0,5.777777777777778
463,18,0,5.777777777777778
463,19,0,6.3
463,20,0,6.3
463,21,0,7.083333333333333
463,22,0,7.083333333333333
463,23,0,7.538461538461538
463,24,0,7.538461538461538
463,25,0,7.928571428571429
463,26,0,8.4
463,27,0,8.75
463,28,0,8.75
463,29,0,9.176470588235293
463,30,0,9.277777777777779
463,31,0,9.277777777777779
463,32,0,9.421052631578947
463,33,0,9.9
463,34,0,10.0
464,0,0,0
464,1,0,0
464,2,0,2.0
464,3,0,2.0
464,4,0,3.0
464,5,0,3.3333333333333335
464,6,0,3.0
464,7,0,3.0
464,8,0,3.6
464,9,0,3.6666666666666665
464,10,0,3.6666666666666665
464,11,0,4.285714285714286
464,12,0,4.5
464,13,0,5.0
464,14,0,5.0
464,15,0,5.2
464,16,0,5.2
464,17,0,5.7272727272727275
464,18,0,6.0
464,19,0,6.0
464,20,0,6.0
464,21,0,6.538461538461538
464,22,0,6.857142857142857
464,23,0,6.857142857142857
464,24,0,6.857142857142857
464,25,0,7.6875
464,26,0,7.6875
464,27,0,7.6875
464,28,0,8.38888888888889
464,29,0,8.38888888888889
464,30,0,8.631578947368421
464,31,0,8.631578947368421
464,32,0,9.15
464,33,0,9.15
464,34,0,9.285714285714286
465,0,0,0
465,1,0,0
465,2,0,0
465,3,0,0
465,4,0,3.0
465,5,0,3.0
465,6,0,3.0
465,7,0,3.0
465,8,0,3.0
465,9,0,3.0
465,10,0,3.0
465,11,0,3.0
465,12,0,3.6666666666666665
465,13,0,3.6666666666666665
465,14,0,3.6666666666666665
465,15,0,3.6666666666666665
465,16,0,4.5
465,17,0,4.5
465,18,0,5.1
465,19,0,5.1
465,20,0,5.666666666666667
465,21,0,5.666666666666667
465,22,0,5.666666666666667
465,23,0,5.666666666666667
465,24,0,6.5
465,25,0,6.5
465,26,0,6.5
465,27,0,6.5
465,28,0,7.25
465,29,0,7.25
465,30,0,7.25
465,31,0,8.055555555555555
465,32,0,8.055555555555555
465,33,0,8.75
465,34,0,8.75
466,0,0,0
466,1,0,0
466,2,0,0
466,3,0,3.0
466,4,0,3.0
466,5,0,3.0
466,6,0,3.6666666666666665
466,7,0,4.0
466,8,0,4.0
466,9,0,4.4
466,10,0,4.4
466,11,0,4.833333333333333
466,12,0,4.833333333333333
466,13,0,5.5
466,14,0,5.5
466,15,0,6.1
466,16,0,6.1
466,17,0,6.363636363636363
466,18,0,6.75
466,19,0,6.75
466,20,0,6.923076923076923
466,21,0,7.357142857142857
466,22,0,7.357142857142857
466,23,0,7.357142857142857
466,24,0,7.6875
466,25,0,7.6875
466,26,0,7.6875
466,27,0,7.6875
466,28,0,8.277777777777779
466,29,0,8.277777777777779
466,30,0,8.736842105263158
466,31,0,8.736842105263158
466,32,0,8.85
466,33,0,8.85
466,34,0,9.454545454545455
467,0,0,0
467,1,0,0
467,2,0,2.0
467,3,0,2.0
467,4,0,3.0
467,5,0,3.0
467,6,0,3.6666666666666665
467,7,0,3.6666666666666665
467,8,0,4.5
467,9,0,4.8
467,10,0,5.333333333333333
467,11,0,5.333333333333333
467,12,0,5.0
467,13,0,5.125
467,14,0,4.888888888888889
467,15,0,4.888888888888889
467,16,0,5.0
467,17,0,5.0
467,18,0,5.333333333333333
467,19,0,5.333333333333333
467,20,0,5.571428571428571
467,21,0,5.571428571428571
467,22,0,5.8
467,23,0,5.8
467,24,0,5.9375
467,25,0,5.9411764705882355
467,26,0,5.9411764705882355
467,27,0,6.052631578947368
467,28,0,6.052631578947368
467,29,0,6.142857142857143
467,30,0,6.142857142857143
467,31,0,6.2272727272727275
467,32,0,6.2272727272727275
467,33,0,6.391304347826087
467,34,0,6.391304347826087
468,0,0,0
468,1,0,0
468,2,0,0
468,3,0,0
468,4,0,4.0
468,5,0,3.5
468,6,0,3.5
468,7,0,3.0
468,8,0,3.5
468,9,0,3.5
468,10,0,3.5
468,11,0,4.166666666666667
468,12,0,4.166666666666667
468,13,0,4.166666666666667
468,14,0,4.285714285714286
468,15,0,5.0
468,16,0,5.111111111111111
468,17,0,5.111111111111111
468,18,0,5.7
468,19,0,5.636363636363637
468,20,0,5.636363636363637
468,21,0,6.25
468,22,0,6.230769230769231
468,23,0,6.230769230769231
468,24,0,6.142857142857143
468,25,0,6.8
468,26,0,6.8
468,27,0,7.375
468,28,0,7.411764705882353
468,29,0,7.411764705882353
468,30,0,7.842105263157895
468,31,0,7.842105263157895
468,32,0,7.842105263157895
468,33,0,7.85
468,34,0,8.428571428571429
469,0,0,0
469,1,0,0
469,2,0,0
469,3,0,3.0
469,4,0,3.5
469,5,0,3.5
469,6,0,3.75
469,7,0,3.75
469,8,0,3.75
469,9,0,3.75
469,10,0,4.833333333333333
469,11,0,4.833333333333333
469,12,0,4.833333333333333
469,13,0,5.285714285714286
469,14,0,5.875
469,15,0,5.875
469,16,0,5.875
469,17,0,6.444444444444445
469,18,0,7.0
469,19,0,7.0
469,20,0,7.545454545454546
469,21,0,8.083333333333334
469,22,0,8.083333333333334
469,23,0,8.538461538461538
469,24,0,9.071428571428571
469,25,0,9.071428571428571
469,26,0,9.533333333333333
469,27,0,10.0
469,28,0,10.0
469,29,0,9.529411764705882
469,30,0,10.526315789473685
469,31,0,10.526315789473685
469,32,0,10.526315789473685
469,33,0,11.476190476190476
469,34,0,11.476190476190476
470,0,0,0
470,1,0,0
470,2,0,0
470,3,0,0
470,4,0,3.5
470,5,0,3.5
470,6,0,3.75
470,7,0,3.75
470,8,0,3.75
470,9,0,3.8
470,10,0,3.8
470,11,0,3.8333333333333335
470,12,0,4.0
470,13,0,4.125
470,14,0,4.125
470,15,0,4.125
470,16,0,4.444444444444445
470,17,0,4.8
470,18,0,5.090909090909091
470,19,0,5.090909090909091
470,20,0,5.090909090909091
470,21,0,5.6923076923076925
470,22,0,5.6923076923076925
470,23,0,5.6923076923076925
470,24,0,5.785714285714286
470,25,0,6.133333333333334
470,26,0,6.25
470,27,0,6.25
470,28,0,6.25
470,29,0,6.833333333333333
470,30,0,6.833333333333333
470,31,0,6.833333333333333
470,32,0,7.0
470,33,0,7.5
470,34,0,7.5
471,0,0,0
471,1,0,0
471,2,0,0
471,3,0,3.0
471,4,0,3.0
471,5,0,3.0
471,6,0,3.0
471,7,0,4.0
471,8,0,4.0
471,9,0,4.0
471,10,0,3.75
471,11,0,4.8
471,12,0,4.8
471,13,0,4.833333333333333
471,14,0,5.142857142857143
471,15,0,5.142857142857143
471,16,0,5.142857142857143
471,17,0,5.888888888888889
471,18,0,5.888888888888889
471,19,0,5.888888888888889
471,20,0,6.4
471,21,0,6.818181818181818
471,22,0,6.818181818181818
471,23,0,7.6923076923076925
471,24,0,7.6923076923076925
471,25,0,8.142857142857142
471,26,0,8.142857142857142
471,27,0,8.6
471,28,0,8.6
471,29,0,9.0625
471,30,0,9.529411764705882
471,31,0,9.529411764705882
471,32,0,9.777777777777779
471,33,0,10.263157894736842
471,34,0,10.263157894736842
472,0,0,0
472,1,0,0
472,2,0,2.0
472,3,0,2.5
472,4,0,2.5
472,5,0,2.5
472,6,0,3.3333333333333335
472,7,0,3.3333333333333335
472,8,0,3.3333333333333335
472,9,0,3.3333333333333335
472,10,0,3.6
472,11,0,3.6
472,12,0,4.0
472,13,0,4.0
472,14,0,4.0
472,15,0,4.625
472,16,0,4.555555555555555
472,17,0,4.555555555555555
472,18,0,4.555555555555555
472,19,0,5.363636363636363
472,20,0,5.363636363636363
472,21,0,5.363636363636363
472,22,0,5.363636363636363
472,23,0,6.153846153846154
472,24,0,6.153846153846154
472,25,0,6.785714285714286
472,26,0,6.785714285714286
472,27,0,7.0
472,28,0,7.0
472,29,0,7.6875
472,30,0,7.6875
472,31,0,8.0
472,32,0,8.666666666666666
472,33,0,8.666666666666666
472,34,0,8.666666666666666
473,0,0,0
473,1,0,0
473,2,0,2.0
473,3,0,2.0
473,4,0,3.0
473,5,0,3.0
473,6,0,3.5
473,7,0,3.5
473,8,0,3.6666666666666665
473,9,0,3.6666666666666665
473,10,0,3.875
473,11,0,3.875
473,12,0,3.875
473,13,0,4.222222222222222
473,14,0,4.5
473,15,0,4.5
473,16,0,5.083333333333333
473,17,0,5.083333333333333
473,18,0,5.384615384615385
473,19,0,5.142857142857143
473,20,0,5.75
473,21,0,5.75
473,22,0,5.75
473,23,0,6.117647058823529
473,24,0,6.5
473,25,0,6.842105263157895
473,26,0,6.842105263157895
473,27,0,7.523809523809524
473,28,0,7.523809523809524
473,29,0,7.523809523809524
473,30,0,7.863636363636363
473,31,0,8.217391304347826
473,32,0,8.217391304347826
473,33,0,8.583333333333334
473,34,0,8.64
474,0,0,0
474,1,0,0
474,2,0,0
474,3,0,0
474,4,0,4.0
474,5,0,4.0
474,6,0,3.0
474,7,0,3.0
474,8,0,3.3333333333333335
474,9,0,3.3333333333333335
474,10,0,3.75
474,11,0,3.75
474,12,0,3.4
474,13,0,3.8333333333333335
474,14,0,3.5714285714285716
474,15,0,3.5
474,16,0,3.5
474,17,0,3.4444444444444446
474,18,0,3.4
474,19,0,3.272727272727273
474,20,0,3.272727272727273
474,21,0,3.272727272727273
474,22,0,3.4166666666666665
474,23,0,3.4166666666666665
474,24,0,3.4166666666666665
474,25,0,3.6923076923076925
474,26,0,3.7142857142857144
474,27,0,3.7142857142857144
474,28,0,3.7142857142857144
474,29,0,4.133333333333334
474,30,0,4.3125
474,31,0,4.3125
474,32,0,4.722222222222222
474,33,0,4.722222222222222
474,34,0,4.947368421052632
475,0,0,0
475,1,0,0
475,2,0,2.0
475,3,0,2.0
475,4,0,2.5
475,5,0,3.0
475,6,0,3.0
475,7,0,2.8
475,8,0,2.8
475,9,0,2.8
475,10,0,2.6666666666666665
475,11,0,2.6666666666666665
475,12,0,2.5714285714285716
475,13,0,2.5714285714285716
475,14,0,2.75
475,15,0,2.7777777777777777
475,16,0,2.7777777777777777
475,17,0,3.1
475,18,0,3.1
475,19,0,3.272727272727273
475,20,0,3.272727272727273
475,21,0,3.5833333333333335
475,22,0,3.769230769230769
475,23,0,3.769230769230769
475,24,0,4.133333333333334
475,25,0,4.133333333333334
475,26,0,4.375
475,27,0,4.411764705882353
475,28,0,4.411764705882353
475,29,0,4.411764705882353
475,30,0,4.4
475,31,0,4.4
475,32,0,4.4
475,33,0,4.380952380952381
475,34,0,4.454545454545454
476,0,0,0
476,1,0,0
476,2,0,2.0
476,3,0,2.5
476,4,0,2.3333333333333335
476,5,0,2.3333333333333335
476,6,0,2.3333333333333335
476,7,0,3.25
476,8,0,3.25
476,9,0,3.8333333333333335
476,10,0,3.8333333333333335
476,11,0,3.8333333333333335
476,12,0,4.0
476,13,0,4.375
476,14,0,4.375
476,15,0,4.375
476,16,0,4.444444444444445
476,17,0,4.6
476,18,0,4.545454545454546
476,19,0,4.666666666666667
476,20,0,4.6923076923076925
476,21,0,4.6923076923076925
476,22,0,4.928571428571429
476,23,0,4.928571428571429
476,24,0,5.133333333333334
476,25,0,5.125
476,26,0,5.125
476,27,0,5.125
476,28,0,5.444444444444445
476,29,0,5.444444444444445
476,30,0,5.684210526315789
476,31,0,5.75
476,32,0,5.75
476,33,0,5.9523809523809526
476,34,0,5.9523809523809526
477,0,0,0
477,1,0,0
477,2,0,0
477,3,0,2.0
477,4,0,2.0
477,5,0,2.0
477,6,0,2.5
477,7,0,3.3333333333333335
477,8,0,3.3333333333333335
477,9,0,3.3333333333333335
477,10,0,4.6
477,11,0,4.6
477,12,0,4.6
477,13,0,5.428571428571429
477,14,0,5.428571428571429
477,15,0,5.428571428571429
477,16,0,6.333333333333333
477,17,0,6.333333333333333
477,18,0,6.4
477,19,0,6.4
477,20,0,7.0
477,21,0,7.0
477,22,0,7.25
477,23,0,7.25
477,24,0,7.923076923076923
477,25,0,7.923076923076923
477,26,0,8.285714285714286
477,27,0,8.285714285714286
477,28,0,8.933333333333334
477,29,0,9.3125
477,30,0,9.3125
477,31,0,9.647058823529411
477,32,0,10.222222222222221
477,33,0,10.222222222222221
477,34,0,10.31578947368421
478,0,0,0
478,1,0,0
478,2,0,2.0
478,3,0,2.0
478,4,0,2.0
478,5,0,3.0
478,6,0,3.0
478,7,0,2.6666666666666665
478,8,0,2.6666666666666665
478,9,0,3.25
478,10,0,3.25
478,11,0,3.25
478,12,0,3.8333333333333335
478,13,0,3.8333333333333335
478,14,0,4.428571428571429
478,15,0,4.428571428571429
478,16,0,4.428571428571429
478,17,0,4.428571428571429
478,18,0,4.625
478,19,0,4.625
478,20,0,4.444444444444445
478,21,0,4.8
478,22,0,4.8
478,23,0,5.181818181818182
478,24,0,5.181818181818182
478,25,0,4.916666666666667
478,26,0,5.3076923076923075
478,27,0,5.3076923076923075
478,28,0,5.3076923076923075
478,29,0,5.3076923076923075
478,30,0,5.857142857142857
478,31,0,5.857142857142857
478,32,0,6.25
478,33,0,6.25
478,34,0,6.647058823529412
479,0,0,0
479,1,0,0
479,2,0,0
479,3,0,3.0
479,4,0,3.0
479,5,0,3.3333333333333335
479,6,0,3.75
479,7,0,3.8
479,8,0,3.8
479,9,0,4.333333333333333
479,10,0,4.333333333333333
479,11,0,4.428571428571429
479,12,0,5.0
479,13,0,5.0
479,14,0,5.5
479,15,0,5.5
479,16,0,5.545454545454546
479,17,0,6.083333333333333
479,18,0,6.083333333333333
479,19,0,6.714285714285714
479,20,0,6.714285714285714
479,21,0,6.714285714285714
479,22,0,7.133333333333334
479,23,0,7.375
479,24,0,7.375
479,25,0,7.375
479,26,0,7.882352941176471
479,27,0,8.166666666666666
479,28,0,8.166666666666666
479,29,0,8.68421052631579
479,30,0,8.68421052631579
479,31,0,9.0
479,32,0,9.0
479,33,0,9.571428571428571
479,34,0,9.909090909090908
480,0,0,0
480,1,0,0
480,2,0,0
480,3,0,0
480,4,0,4.0
480,5,0,4.0
480,6,0,4.0
480,7,0,4.666666666666667
480,8,0,4.666666666666667
480,9,0,5.25
480,10,0,5.2
480,11,0,5.2
480,12,0,5.2
480,13,0,5.666666666666667
480,14,0,5.714285714285714
480,15,0,5.714285714285714
480,16,0,5.714285714285714
480,17,0,6.444444444444445
480,18,0,6.444444444444445
480,19,0,7.0
480,20,0,7.0
480,21,0,7.333333333333333
480,22,0,7.615384615384615
480,23,0,7.615384615384615
480,24,0,7.866666666666666
480,25,0,7.866666666666666
480,26,0,7.866666666666666
480,27,0,8.3125
480,28,0,8.294117647058824
480,29,0,8.294117647058824
480,30,0,8.61111111111111
480,31,0,8.68421052631579
480,32,0,8.68421052631579
480,33,0,8.68421052631579
480,34,0,9.19047619047619
481,0,0,0
481,1,0,0
481,2,0,0
481,3,0,0
481,4,0,3.0
481,5,0,3.0
481,6,0,3.6666666666666665
481,7,0,3.6666666666666665
481,8,0,4.0
481,9,0,3.8
481,10,0,4.166666666666667
481,11,0,3.857142857142857
481,12,0,3.857142857142857
481,13,0,3.857142857142857
481,14,0,4.444444444444445
481,15,0,4.444444444444445
481,16,0,4.3
481,17,0,4.818181818181818
481,18,0,4.818181818181818
481,19,0,4.818181818181818
481,20,0,5.416666666666667
481,21,0,5.416666666666667
481,22,0,5.416666666666667
481,23,0,5.785714285714286
481,24,0,5.785714285714286
481,25,0,5.6
481,26,0,6.1875
481,27,0,6.0588235294117645
481,28,0,6.5
481,29,0,6.5
481,30,0,6.5
481,31,0,6.526315789473684
481,32,0,7.05
481,33,0,7.05
481,34,0,7.05
482,0,0,0
482,1,0,0
482,2,0,2.0
482,3,0,2.0
482,4,0,2.5
482,5,0,3.0
482,6,0,3.0
482,7,0,3.0
482,8,0,4.0
482,9,0,4.0
482,10,0,3.7142857142857144
482,11,0,3.7142857142857144
482,12,0,3.625
482,13,0,3.7777777777777777
482,14,0,3.7777777777777777
482,15,0,3.8
482,16,0,3.8
482,17,0,4.181818181818182
482,18,0,4.181818181818182
482,19,0,4.181818181818182
482,20,0,4.083333333333333
482,21,0,4.615384615384615
482,22,0,4.615384615384615
482,23,0,4.615384615384615
482,24,0,5.066666666666666
482,25,0,5.066666666666666
482,26,0,5.066666666666666
482,27,0,5.25
482,28,0,5.647058823529412
482,29,0,5.833333333333333
482,30,0,5.833333333333333
482,31,0,6.2631578947368425
482,32,0,6.4
482,33,0,6.809523809523809
482,34,0,6.809523809523809
483,0,0,0
483,1,0,0
483,2,0,0
483,3,0,3.0
483,4,0,3.0
483,5,0,3.0
483,6,0,3.0
483,7,0,4.0
483,8,0,4.0
483,9,0,4.0
483,10,0,4.6
483,11,0,5.0
483,12,0,5.142857142857143
483,13,0,5.142857142857143
483,14,0,5.25
483,15,0,5.777777777777778
483,16,0,5.777777777777778
483,17,0,5.777777777777778
483,18,0,6.363636363636363
483,19,0,6.363636363636363
483,20,0,6.769230769230769
483,21,0,6.769230769230769
483,22,0,6.769230769230769
483,23,0,6.769230769230769
483,24,0,7.466666666666667
483,25,0,7.466666666666667
483,26,0,7.466666666666667
483,27,0,7.466666666666667
483,28,0,8.176470588235293
483,29,0,8.176470588235293
483,30,0,8.176470588235293
483,31,0,8.222222222222221
483,32,0,8.789473684210526
483,33,0,8.789473684210526
483,34,0,9.35
484,0,0,0
484,1,0,0
484,2,0,0
484,3,0,3.0
484,4,0,2.5
484,5,0,2.5
484,6,0,3.3333333333333335
484,7,0,3.25
484,8,0,3.25
484,9,0,3.25
484,10,0,3.8333333333333335
484,11,0,3.8333333333333335
484,12,0,3.875
484,13,0,3.875
484,14,0,4.111111111111111
484,15,0,3.9
484,16,0,3.9
484,17,0,4.2727272727272725
484,18,0,4.2727272727272725
484,19,0,4.25
484,20,0,4.615384615384615
484,21,0,4.571428571428571
484,22,0,4.866666666666666
484,23,0,4.866666666666666
484,24,0,4.866666666666666
484,25,0,5.25
484,26,0,5.117647058823529
484,27,0,5.117647058823529
484,28,0,5.555555555555555
484,29,0,5.526315789473684
484,30,0,5.526315789473684
484,31,0,5.95
484,32,0,5.95
484,33,0,6.318181818181818
484,34,0,6.318181818181818
485,0,0,0
485,1,0,0
485,2,0,0
485,3,0,2.0
485,4,0,2.5
485,5,0,2.5
485,6,0,2.5
485,7,0,3.0
485,8,0,3.75
485,9,0,3.8
485,10,0,4.333333333333333
485,11,0,4.333333333333333
485,12,0,5.0
485,13,0,5.0
485,14,0,5.0
485,15,0,5.0
485,16,0,5.7
485,17,0,5.7
485,18,0,6.181818181818182
485,19,0,6.333333333333333
485,20,0,6.333333333333333
485,21,0,6.769230769230769
485,22,0,6.785714285714286
485,23,0,6.785714285714286
485,24,0,7.2
485,25,0,7.2
485,26,0,7.375
485,27,0,7.375
485,28,0,7.823529411764706
485,29,0,7.888888888888889
485,30,0,8.31578947368421
485,31,0,8.4
485,32,0,8.4
485,33,0,8.4
485,34,0,8.904761904761905
486,0,0,0
486,1,0,0
486,2,0,2.0
486,3,0,2.0
486,4,0,3.0
486,5,0,3.0
486,6,0,3.5
486,7,0,3.5
486,8,0,3.6
486,9,0,3.6
486,10,0,4.333333333333333
486,11,0,4.333333333333333
486,12,0,4.714285714285714
486,13,0,5.375
486,14,0,5.375
486,15,0,6.0
486,16,0,6.4
486,17,0,6.4
486,18,0,6.909090909090909
486,19,0,6.909090909090909
486,20,0,7.416666666666667
486,21,0,7.769230769230769
486,22,0,7.769230769230769
486,23,0,8.6
486,24,0,8.6
486,25,0,8.875
486,26,0,9.352941176470589
486,27,0,9.352941176470589
486,28,0,9.352941176470589
486,29,0,10.210526315789474
486,30,0,10.210526315789474
486,31,0,10.35
486,32,0,10.80952380952381
486,33,0,10.818181818181818
486,34,0,10.818181818181818
487,0,0,0
487,1,0,0
487,2,0,2.0
487,3,0,2.0
487,4,0,2.0
487,5,0,3.0
487,6,0,3.0
487,7,0,3.2
487,8,0,3.3333333333333335
487,9,0,3.3333333333333335
487,10,0,3.3333333333333335
487,11,0,3.875
487,12,0,3.875
487,13,0,3.875
487,14,0,4.0
487,15,0,4.4
487,16,0,4.545454545454546
487,17,0,4.545454545454546
487,18,0,4.545454545454546
487,19,0,5.083333333333333
487,20,0,5.384615384615385
487,21,0,5.384615384615385
487,22,0,5.785714285714286
487,23,0,5.785714285714286
487,24,0,6.2
487,25,0,6.4375
487,26,0,6.4375
487,27,0,6.764705882352941
487,28,0,7.055555555555555
487,29,0,7.055555555555555
487,30,0,7.055555555555555
487,31,0,7.421052631578948
487,32,0,7.7
487,33,0,7.9523809523809526
487,34,0,7.9523809523809526
488,0,0,0
488,1,0,0
488,2,0,2.0
488,3,0,2.5
488,4,0,2.5
488,5,0,2.3333333333333335
488,6,0,2.3333333333333335
488,7,0,2.3333333333333335
488,8,0,2.3333333333333335
488,9,0,2.25
488,10,0,2.25
488,11,0,2.4
488,12,0,2.4
488,13,0,2.6666666666666665
488,14,0,2.6666666666666665
488,15,0,3.142857142857143
488,16,0,3.125
488,17,0,3.5555555555555554
488,18,0,3.5555555555555554
488,19,0,4.0
488,20,0,4.181818181818182
488,21,0,4.181818181818182
488,22,0,4.333333333333333
488,23,0,4.769230769230769
488,24,0,4.714285714285714
488,25,0,4.714285714285714
488,26,0,4.714285714285714
488,27,0,5.266666666666667
488,28,0,5.1875
488,29,0,5.588235294117647
488,30,0,5.588235294117647
488,31,0,5.611111111111111
488,32,0,5.947368421052632
488,33,0,5.947368421052632
488,34,0,5.947368421052632
489,0,0,0
489,1,0,0
489,2,0,0
489,3,0,0
489,4,0,0
489,5,0,4.0
489,6,0,4.0
489,7,0,4.0
489,8,0,4.0
489,9,0,4.75
489,10,0,4.75
489,11,0,4.75
489,12,0,4.75
489,13,0,6.0
489,14,0,6.0
489,15,0,6.875
489,16,0,6.875
489,17,0,6.875
489,18,0,7.555555555555555
489,19,0,7.9
489,20,0,8.454545454545455
489,21,0,8.75
489,22,0,9.0
489,23,0,9.285714285714286
489,24,0,9.285714285714286
489,25,0,9.533333333333333
489,26,0,9.75
489,27,0,9.75
489,28,0,9.75
489,29,0,10.333333333333334
489,30,0,10.333333333333334
489,31,0,10.68421052631579
489,32,0,10.95
489,33,0,11.285714285714286
489,34,0,11.545454545454545
490,0,0,0
490,1,0,0
490,2,0,0
490,3,0,0
490,4,0,4.0
490,5,0,4.0
490,6,0,3.0
490,7,0,3.0
490,8,0,3.75
490,9,0,3.75
490,10,0,3.75
490,11,0,4.5
490,12,0,4.5
490,13,0,4.5
490,14,0,4.857142857142857
490,15,0,5.375
490,16,0,5.375
490,17,0,5.555555555555555
490,18,0,5.7
490,19,0,5.7272727272727275
490,20,0,5.7272727272727275
490,21,0,6.0
490,22,0,6.0
490,23,0,6.428571428571429
490,24,0,6.428571428571429
490,25,0,6.625
490,26,0,6.625
490,27,0,6.529411764705882
490,28,0,6.777777777777778
490,29,0,6.777777777777778
490,30,0,6.7894736842105265
490,31,0,7.1
490,32,0,7.1
490,33,0,7.095238095238095
490,34,0,7.095238095238095
491,0,0,0
491,1,0,0
491,2,0,0
491,3,0,0
491,4,0,4.0
491,5,0,4.0
491,6,0,4.0
491,7,0,4.0
491,8,0,5.0
491,9,0,5.0
491,10,0,4.666666666666667
491,11,0,4.666666666666667
491,12,0,5.0
491,13,0,5.0
491,14,0,5.428571428571429
491,15,0,5.428571428571429
491,16,0,5.875
491,17,0,5.875
491,18,0,6.111111111111111
491,19,0,6.6
491,20,0,6.6
491,21,0,6.6
491,22,0,7.25
491,23,0,7.25
491,24,0,7.769230769230769
491,25,0,7.857142857142857
491,26,0,7.857142857142857
491,27,0,7.857142857142857
491,28,0,8.4
491,29,0,8.625
491,30,0,8.625
491,31,0,8.625
491,32,0,9.235294117647058
491,33,0,9.157894736842104
491,34,0,9.157894736842104
492,0,0,0
492,1,0,0
492,2,0,0
492,3,0,0
492,4,0,3.5
492,5,0,3.5
492,6,0,3.6666666666666665
492,7,0,3.75
492,8,0,3.75
492,9,0,3.8
492,10,0,3.857142857142857
492,11,0,3.857142857142857
492,12,0,4.125
492,13,0,4.666666666666667
492,14,0,4.666666666666667
492,15,0,4.666666666666667
492,16,0,4.9
492,17,0,5.545454545454546
492,18,0,5.545454545454546
492,19,0,5.833333333333333
492,20,0,5.833333333333333
492,21,0,6.714285714285714
492,22,0,6.714285714285714
492,23,0,6.714285714285714
492,24,0,7.5625
492,25,0,7.5625
492,26,0,8.058823529411764
492,27,0,8.058823529411764
492,28,0,8.333333333333334
492,29,0,8.68421052631579
492,30,0,8.68421052631579
492,31,0,8.68421052631579
492,32,0,9.285714285714286
492,33,0,9.285714285714286
492,34,0,9.695652173913043
493,0,0,0
493,1,0,0
493,2,0,2.0
493,3,0,2.0
493,4,0,2.0
493,5,0,2.0
493,6,0,2.75
493,7,0,2.75
493,8,0,3.4
493,9,0,3.3333333333333335
493,10,0,3.857142857142857
493,11,0,3.857142857142857
493,12,0,3.857142857142857
493,13,0,3.6666666666666665
493,14,0,3.6666666666666665
493,15,0,3.6666666666666665
493,16,0,3.8
493,17,0,3.8
493,18,0,3.8181818181818183
493,19,0,4.083333333333333
493,20,0,4.083333333333333
493,21,0,4.384615384615385
493,22,0,4.428571428571429
493,23,0,4.428571428571429
493,24,0,4.533333333333333
493,25,0,4.625
493,26,0,4.625
493,27,0,4.833333333333333
493,28,0,4.833333333333333
493,29,0,5.05
493,30,0,5.05
493,31,0,5.095238095238095
493,32,0,5.095238095238095
493,33,0,5.391304347826087
493,34,0,5.391304347826087
494,0,0,0
494,1,0,0
494,2,0,0
494,3,0,3.0
494,4,0,3.0
494,5,0,2.5
494,6,0,3.0
494,7,0,3.0
494,8,0,3.0
494,9,0,3.0
494,10,0,3.8
494,11,0,4.166666666666667
494,12,0,4.166666666666667
494,13,0,4.857142857142857
494,14,0,4.857142857142857
494,15,0,5.25
494,16,0,5.25
494,17,0,6.0
494,18,0,6.3
494,19,0,6.909090909090909
494,20,0,7.083333333333333
494,21,0,7.461538461538462
494,22,0,7.5
494,23,0,7.5
494,24,0,7.933333333333334
494,25,0,7.9375
494,26,0,7.9375
494,27,0,8.294117647058824
494,28,0,8.38888888888889
494,29,0,8.38888888888889
494,30,0,8.85
494,31,0,8.85
494,32,0,9.095238095238095
494,33,0,9.095238095238095
494,34,0,9.318181818181818
495,0,0,0
495,1,0,0
495,2,0,2.0
495,3,0,2.0
495,4,0,2.0
495,5,0,3.3333333333333335
495,6,0,3.3333333333333335
495,7,0,4.0
495,8,0,4.0
495,9,0,4.166666666666667
495,10,0,4.428571428571429
495,11,0,4.428571428571429
495,12,0,4.888888888888889
495,13,0,4.888888888888889
495,14,0,4.888888888888889
495,15,0,4.888888888888889
495,16,0,5.7272727272727275
495,17,0,5.7272727272727275
495,18,0,6.3076923076923075
495,19,0,6.3076923076923075
495,20,0,6.5
495,21,0,6.733333333333333
495,22,0,6.875
495,23,0,6.875
495,24,0,7.117647058823529
495,25,0,7.117647058823529
495,26,0,7.388888888888889
495,27,0,7.631578947368421
495,28,0,7.631578947368421
495,29,0,7.9
495,30,0,7.9
495,31,0,8.454545454545455
495,32,0,8.454545454545455
495,33,0,8.458333333333334
495,34,0,8.76
496,0,0,0
496,1,0,0
496,2,0,0
496,3,0,0
496,4,0,2.5
496,5,0,2.5
496,6,0,2.0
496,7,0,3.0
496,8,0,3.0
496,9,0,3.3333333333333335
496,10,0,3.857142857142857
496,11,0,4.0
496,12,0,3.7777777777777777
496,13,0,3.7777777777777777
496,14,0,4.4
496,15,0,4.7272727272727275
496,16,0,5.166666666666667
496,17,0,5.230769230769231
496,18,0,5.0
496,19,0,5.5625
496,20,0,5.5625
496,21,0,5.5625
496,22,0,6.0
496,23,0,6.222222222222222
496,24,0,6.222222222222222
496,25,0,6.75
496,26,0,6.75
496,27,0,6.761904761904762
496,28,0,6.956521739130435
496,29,0,6.956521739130435
496,30,0,6.956521739130435
496,31,0,6.958333333333333
496,32,0,7.16
496,33,0,6.961538461538462
496,34,0,7.0
497,0,0,0
497,1,0,0
497,2,0,2.0
497,3,0,2.0
497,4,0,2.0
497,5,0,2.0
497,6,0,2.0
497,7,0,2.0
497,8,0,2.0
497,9,0,2.6666666666666665
497,10,0,2.6666666666666665
497,11,0,2.7142857142857144
497,12,0,2.7142857142857144
497,13,0,2.6666666666666665
497,14,0,2.9
497,15,0,3.0
497,16,0,3.1538461538461537
497,17,0,3.1538461538461537
497,18,0,3.2857142857142856
497,19,0,3.533333333333333
497,20,0,3.5625
497,21,0,3.5625
497,22,0,3.764705882352941
497,23,0,3.764705882352941
497,24,0,4.157894736842105
497,25,0,4.05
497,26,0,4.05
497,27,0,4.363636363636363
497,28,0,4.363636363636363
497,29,0,4.363636363636363
497,30,0,4.6521739130434785
497,31,0,4.541666666666667
497,32,0,4.541666666666667
497,33,0,4.541666666666667
497,34,0,4.92
498,0,0,0
498,1,0,0
498,2,0,2.0
498,3,0,2.0
498,4,0,2.3333333333333335
498,5,0,2.25
498,6,0,2.25
498,7,0,2.8
498,8,0,2.6666666666666665
498,9,0,2.6666666666666665
498,10,0,3.2857142857142856
498,11,0,3.2857142857142856
498,12,0,3.5
498,13,0,3.5
498,14,0,3.5
498,15,0,3.9
498,16,0,3.727272727272727
498,17,0,3.6666666666666665
498,18,0,3.8461538461538463
498,19,0,3.7142857142857144
498,20,0,3.7142857142857144
498,21,0,3.588235294117647
498,22,0,3.588235294117647
498,23,0,3.6842105263157894
498,24,0,3.6842105263157894
498,25,0,3.65
498,26,0,3.65
498,27,0,3.8095238095238093
498,28,0,3.8095238095238093
498,29,0,4.086956521739131
498,30,0,4.086956521739131
498,31,0,4.086956521739131
498,32,0,4.333333333333333
498,33,0,4.52
498,34,0,4.52
499,0,0,0
499,1,0,0
499,2,0,0
499,3,0,0
499,4,0,2.5
499,5,0,2.5
499,6,0,2.3333333333333335
499,7,0,2.3333333333333335
499,8,0,3.0
499,9,0,3.0
499,10,0,3.3333333333333335
499,11,0,3.4285714285714284
499,12,0,3.25
499,13,0,3.25
499,14,0,3.6
499,15,0,3.6
499,16,0,4.0
499,17,0,4.083333333333333
499,18,0,4.083333333333333
499,19,0,4.357142857142857
499,20,0,4.357142857142857
499,21,0,4.357142857142857
499,22,0,4.6875
499,23,0,4.6875
499,24,0,4.6875
499,25,0,5.176470588235294
499,26,0,5.222222222222222
499,27,0,5.222222222222222
499,28,0,5.368421052631579
499,29,0,5.368421052631579
499,30,0,5.45
499,31,0,5.571428571428571
499,32,0,5.681818181818182
499,33,0,5.739130434782608
499,34,0,5.875
500,0,0,0
500,1,0,0
500,2,0,0
500,3,0,3.0
500,4,0,3.5
500,5,0,3.6666666666666665
500,6,0,4.0
500,7,0,4.0
500,8,0,4.0
500,9,0,4.333333333333333
500,10,0,4.333333333333333
500,11,0,4.0
500,12,0,4.0
500,13,0,4.625
500,14,0,4.333333333333333
500,15,0,4.8
500,16,0,4.636363636363637
500,17,0,4.5
500,18,0,4.5
500,19,0,5.0
500,20,0,5.0
500,21,0,4.866666666666666
500,22,0,4.866666666666666
500,23,0,5.4375
500,24,0,5.588235294117647
500,25,0,5.588235294117647
500,26,0,5.588235294117647
500,27,0,6.2105263157894735
500,28,0,6.2105263157894735
500,29,0,6.75
500,30,0,6.75
500,31,0,6.857142857142857
500,32,0,7.409090909090909
500,33,0,7.409090909090909
500,34,0,7.409090909090909
501,0,0,0
501,1,0,0
501,2,0,2.0
501,3,0,2.0
501,4,0,2.0
501,5,0,2.25
501,6,0,2.25
501,7,0,2.25
501,8,0,2.25
501,9,0,3.0
501,10,0,3.0
501,11,0,3.0
501,12,0,3.5714285714285716
501,13,0,3.75
501,14,0,3.75
501,15,0,3.75
501,16,0,4.6
501,17,0,4.363636363636363
501,18,0,4.75
501,19,0,4.769230769230769
501,20,0,4.785714285714286
501,21,0,4.733333333333333
501,22,0,4.733333333333333
501,23,0,4.75
501,24,0,4.75
501,25,0,4.75
501,26,0,4.833333333333333
501,27,0,4.684210526315789
501,28,0,4.85
501,29,0,4.7727272727272725
501,30,0,4.7727272727272725
501,31,0,4.833333333333333
501,32,0,4.833333333333333
501,33,0,5.0
501,34,0,5.1923076923076925
502,0,0,0
502,1,0,0
502,2,0,0
502,3,0,3.0
502,4,0,3.5
502,5,0,3.0
502,6,0,3.0
502,7,0,3.0
502,8,0,3.0
502,9,0,2.8333333333333335
502,10,0,2.8333333333333335
502,11,0,2.8333333333333335
502,12,0,3.2857142857142856
502,13,0,3.5
502,14,0,3.5
502,15,0,3.7
502,16,0,3.8181818181818183
502,17,0,4.166666666666667
502,18,0,4.166666666666667
502,19,0,4.153846153846154
502,20,0,4.571428571428571
502,21,0,4.571428571428571
502,22,0,4.6
502,23,0,5.0625
502,24,0,5.0588235294117645
502,25,0,5.0588235294117645
502,26,0,5.0588235294117645
502,27,0,5.421052631578948
502,28,0,5.35
502,29,0,5.35
502,30,0,5.809523809523809
502,31,0,5.636363636363637
502,32,0,5.636363636363637
502,33,0,5.478260869565218
502,34,0,5.958333333333333
503,0,0,0
503,1,0,0
503,2,0,0
503,3,0,2.0
503,4,0,2.5
503,5,0,2.6666666666666665
503,6,0,2.6666666666666665
503,7,0,3.25
503,8,0,3.4
503,9,0,3.6666666666666665
503,10,0,3.6666666666666665
503,11,0,4.0
503,12,0,4.0
503,13,0,4.375
503,14,0,4.666666666666667
503,15,0,4.666666666666667
503,16,0,4.666666666666667
503,17,0,4.5
503,18,0,5.0
503,19,0,5.0
503,20,0,5.3076923076923075
503,21,0,5.3076923076923075
503,22,0,5.3076923076923075
503,23,0,5.666666666666667
503,24,0,5.666666666666667
503,25,0,6.0625
503,26,0,6.0625
503,27,0,6.0625
503,28,0,6.0625
503,29,0,6.277777777777778
503,30,0,6.277777777777778
503,31,0,6.315789473684211
503,32,0,6.095238095238095
503,33,0,6.095238095238095
503,34,0,6.083333333333333
504,0,0,0
504,1,0,0
504,2,0,2.0
504,3,0,2.0
504,4,0,2.0
504,5,0,2.25
504,6,0,2.25
504,7,0,2.2
504,8,0,2.6666666666666665
504,9,0,2.6666666666666665
504,10,0,2.6666666666666665
504,11,0,2.6666666666666665
504,12,0,3.5
504,13,0,3.5
504,14,0,3.5
504,15,0,3.7777777777777777
504,16,0,4.4
504,17,0,4.416666666666667
504,18,0,4.416666666666667
504,19,0,5.0
504,20,0,5.0
504,21,0,5.0
504,22,0,5.0
504,23,0,5.75
504,24,0,5.75
504,25,0,5.75
504,26,0,5.75
504,27,0,6.368421052631579
504,28,0,6.368421052631579
504,29,0,6.15
504,30,0,6.666666666666667
504,31,0,6.739130434782608
504,32,0,7.208333333333333
504,33,0,7.208333333333333
504,34,0,7.208333333333333
505,0,0,0
505,1,0,0
505,2,0,0
505,3,0,2.0
505,4,0,2.0
505,5,0,2.0
505,6,0,2.6666666666666665
505,7,0,2.75
505,8,0,2.75
505,9,0,3.0
505,10,0,3.1666666666666665
505,11,0,3.1666666666666665
505,12,0,3.5
505,13,0,3.5
505,14,0,3.5
505,15,0,3.888888888888889
505,16,0,4.2
505,17,0,4.333333333333333
505,18,0,4.333333333333333
505,19,0,4.333333333333333
505,20,0,4.6923076923076925
505,21,0,4.933333333333334
505,22,0,4.875
505,23,0,4.764705882352941
505,24,0,5.111111111111111
505,25,0,5.052631578947368
505,26,0,5.3
505,27,0,5.3
505,28,0,5.454545454545454
505,29,0,5.454545454545454
505,30,0,5.521739130434782
505,31,0,5.521739130434782
505,32,0,5.666666666666667
505,33,0,5.461538461538462
505,34,0,5.461538461538462
506,0,0,0
506,1,0,0
506,2,0,0
506,3,0,0
506,4,0,3.5
506,5,0,3.5
506,6,0,3.5
506,7,0,3.75
506,8,0,3.75
506,9,0,3.6
506,10,0,3.5
506,11,0,3.4285714285714284
506,12,0,3.4285714285714284
506,13,0,3.4285714285714284
506,14,0,3.7777777777777777
506,15,0,3.7777777777777777
506,16,0,3.7777777777777777
506,17,0,4.2727272727272725
506,18,0,4.2727272727272725
506,19,0,4.583333333333333
506,20,0,4.583333333333333
506,21,0,4.923076923076923
506,22,0,4.923076923076923
506,23,0,5.357142857142857
506,24,0,5.666666666666667
506,25,0,5.666666666666667
506,26,0,6.0625
506,27,0,6.0588235294117645
506,28,0,5.833333333333333
506,29,0,5.833333333333333
506,30,0,6.35
506,31,0,6.35
506,32,0,6.761904761904762
506,33,0,6.761904761904762
506,34,0,6.681818181818182
507,0,0,0
507,1,0,0
507,2,0,2.0
507,3,0,2.0
507,4,0,2.0
507,5,0,2.0
507,6,0,2.0
507,7,0,2.0
507,8,0,2.25
507,9,0,2.25
507,10,0,2.6
507,11,0,2.6
507,12,0,2.7142857142857144
507,13,0,2.875
507,14,0,2.875
507,15,0,2.875
507,16,0,3.5
507,17,0,3.5
507,18,0,3.5833333333333335
507,19,0,4.0
507,20,0,4.0
507,21,0,4.285714285714286
507,22,0,4.733333333333333
507,23,0,4.733333333333333
507,24,0,5.352941176470588
507,25,0,5.352941176470588
507,26,0,5.352941176470588
507,27,0,5.352941176470588
507,28,0,6.052631578947368
507,29,0,6.052631578947368
507,30,0,6.45
507,31,0,6.45
507,32,0,7.181818181818182
507,33,0,7.181818181818182
507,34,0,7.181818181818182
508,0,0,0
508,1,0,0
508,2,0,2.0
508,3,0,2.0
508,4,0,2.3333333333333335
508,5,0,2.3333333333333335
508,6,0,2.75
508,7,0,2.75
508,8,0,3.0
508,9,0,3.1666666666666665
508,10,0,3.4285714285714284
508,11,0,3.4285714285714284
508,12,0,3.4285714285714284
508,13,0,4.222222222222222
508,14,0,4.222222222222222
508,15,0,4.363636363636363
508,16,0,4.363636363636363
508,17,0,4.25
508,18,0,4.25
508,19,0,4.714285714285714
508,20,0,4.533333333333333
508,21,0,4.533333333333333
508,22,0,4.5625
508,23,0,5.117647058823529
508,24,0,5.117647058823529
508,25,0,5.117647058823529
508,26,0,5.166666666666667
508,27,0,5.7894736842105265
508,28,0,5.7894736842105265
508,29,0,5.9
508,30,0,6.428571428571429
508,31,0,6.2272727272727275
508,32,0,6.391304347826087
508,33,0,6.833333333333333
508,34,0,6.833333333333333
509,0,0,0
509,1,0,0
509,2,0,2.0
509,3,0,2.0
509,4,0,2.6666666666666665
509,5,0,2.6666666666666665
509,6,0,2.6666666666666665
509,7,0,2.75
509,8,0,3.4
509,9,0,3.4
509,10,0,3.3333333333333335
509,11,0,3.3333333333333335
509,12,0,3.4285714285714284
509,13,0,3.4285714285714284
509,14,0,3.375
509,15,0,3.2222222222222223
509,16,0,3.5
509,17,0,3.6363636363636362
509,18,0,3.6666666666666665
509,19,0,3.6666666666666665
509,20,0,3.9285714285714284
509,21,0,3.9285714285714284
509,22,0,3.8
509,23,0,4.176470588235294
509,24,0,4.176470588235294
509,25,0,4.166666666666667
509,26,0,4.421052631578948
509,27,0,4.421052631578948
509,28,0,4.5
509,29,0,4.5
509,30,0,4.681818181818182
509,31,0,4.681818181818182
509,32,0,4.5
509,33,0,4.8
509,34,0,4.730769230769231
510,0,0,0
510,1,0,0
510,2,0,2.0
510,3,0,2.0
510,4,0,2.0
510,5,0,2.0
510,6,0,2.0
510,7,0,2.25
510,8,0,2.25
510,9,0,2.6
510,10,0,2.6
510,11,0,3.0
510,12,0,3.4285714285714284
510,13,0,3.4285714285714284
510,14,0,3.4285714285714284
510,15,0,4.444444444444445
510,16,0,4.444444444444445
510,17,0,4.9
510,18,0,4.7272727272727275
510,19,0,4.7272727272727275
510,20,0,5.25
510,21,0,5.25
510,22,0,5.714285714285714
510,23,0,5.714285714285714
510,24,0,5.714285714285714
510,25,0,6.125
510,26,0,6.125
510,27,0,6.647058823529412
510,28,0,6.611111111111111
510,29,0,6.611111111111111
510,30,0,6.631578947368421
510,31,0,7.2
510,32,0,7.2
510,33,0,7.666666666666667
510,34,0,7.7272727272727275
511,0,0,0
511,1,0,0
511,2,0,0
511,3,0,0
511,4,0,0
511,5,0,0
511,6,0,3.3333333333333335
511,7,0,3.3333333333333335
511,8,0,3.3333333333333335
511,9,0,3.3333333333333335
511,10,0,4.25
511,11,0,4.25
511,12,0,4.25
511,13,0,4.6
511,14,0,4.6
511,15,0,4.428571428571429
511,16,0,4.428571428571429
511,17,0,4.428571428571429
511,18,0,4.625
511,19,0,4.2
511,20,0,4.454545454545454
511,21,0,4.454545454545454
511,22,0,4.454545454545454
511,23,0,4.75
511,24,0,4.75
511,25,0,4.6923076923076925
511,26,0,5.071428571428571
511,27,0,5.071428571428571
511,28,0,5.071428571428571
511,29,0,5.5
511,30,0,5.5
511,31,0,5.5
511,32,0,5.5
511,33,0,6.111111111111111
511,34,0,6.111111111111111
512,0,0,0
512,1,0,0
512,2,0,0
512,3,0,3.0
512,4,0,3.5
512,5,0,3.0
512,6,0,3.0
512,7,0,3.6
512,8,0,3.6
512,9,0,3.6
512,10,0,4.0
512,11,0,4.0
512,12,0,4.0
512,13,0,3.75
512,14,0,4.222222222222222
512,15,0,4.222222222222222
512,16,0,4.0
512,17,0,4.0
512,18,0,4.545454545454546
512,19,0,4.545454545454546
512,20,0,4.583333333333333
512,21,0,5.0
512,22,0,5.0
512,23,0,5.466666666666667
512,24,0,5.466666666666667
512,25,0,5.6875
512,26,0,5.6875
512,27,0,5.823529411764706
512,28,0,5.7894736842105265
512,29,0,5.7894736842105265
512,30,0,5.95
512,31,0,6.142857142857143
512,32,0,6.142857142857143
512,33,0,6.142857142857143
512,34,0,6.318181818181818
513,0,0,0
513,1,0,0
513,2,0,2.0
513,3,0,2.0
513,4,0,2.0
513,5,0,2.0
513,6,0,3.5
513,7,0,3.5
513,8,0,3.5
513,9,0,4.5
513,10,0,4.5
513,11,0,4.5
513,12,0,4.5
513,13,0,5.833333333333333
513,14,0,5.833333333333333
513,15,0,5.833333333333333
513,16,0,6.428571428571429
513,17,0,6.875
513,18,0,7.333333333333333
513,19,0,7.333333333333333
513,20,0,7.8
513,21,0,7.8
513,22,0,8.272727272727273
513,23,0,8.272727272727273
513,24,0,9.0
513,25,0,9.0
513,26,0,9.357142857142858
513,27,0,9.666666666666666
513,28,0,9.666666666666666
513,29,0,10.0625
513,30,0,10.0625
513,31,0,10.411764705882353
513,32,0,10.833333333333334
513,33,0,10.833333333333334
513,34,0,10.833333333333334
514,0,0,0
514,1,0,0
514,2,0,0
514,3,0,0
514,4,0,3.5
514,5,0,3.5
514,6,0,3.6666666666666665
514,7,0,3.6666666666666665
514,8,0,3.6666666666666665
514,9,0,3.8
514,10,0,3.8
514,11,0,3.8
514,12,0,4.142857142857143
514,13,0,4.142857142857143
514,14,0,4.142857142857143
514,15,0,4.777777777777778
514,16,0,4.777777777777778
514,17,0,4.777777777777778
514,18,0,4.636363636363637
514,19,0,4.636363636363637
514,20,0,4.636363636363637
514,21,0,4.6923076923076925
514,22,0,4.6923076923076925
514,23,0,4.6923076923076925
514,24,0,4.928571428571429
514,25,0,4.928571428571429
514,26,0,5.133333333333334
514,27,0,5.0625
514,28,0,5.0625
514,29,0,5.0588235294117645
514,30,0,5.277777777777778
514,31,0,5.315789473684211
514,32,0,5.315789473684211
514,33,0,5.315789473684211
514,34,0,5.65
515,0,0,0
515,1,0,0
515,2,0,2.0
515,3,0,2.0
515,4,0,2.5
515,5,0,2.6666666666666665
515,6,0,2.6666666666666665
515,7,0,2.5
515,8,0,3.0
515,9,0,3.0
515,10,0,3.5
515,11,0,3.4285714285714284
515,12,0,3.875
515,13,0,3.6
515,14,0,3.6
515,15,0,4.090909090909091
515,16,0,4.083333333333333
515,17,0,4.461538461538462
515,18,0,4.428571428571429
515,19,0,4.428571428571429
515,20,0,4.866666666666666
515,21,0,4.875
515,22,0,4.875
515,23,0,5.176470588235294
515,24,0,5.176470588235294
515,25,0,5.526315789473684
515,26,0,5.526315789473684
515,27,0,5.6
515,28,0,5.904761904761905
515,29,0,5.904761904761905
515,30,0,6.2272727272727275
515,31,0,6.3478260869565215
515,32,0,6.666666666666667
515,33,0,6.666666666666667
515,34,0,6.84
516,0,0,0
516,1,0,0
516,2,0,0
516,3,0,2.5
516,4,0,2.5
516,5,0,2.5
516,6,0,2.5
516,7,0,3.6666666666666665
516,8,0,3.6666666666666665
516,9,0,3.5
516,10,0,3.5
516,11,0,4.6
516,12,0,4.6
516,13,0,4.5
516,14,0,5.428571428571429
516,15,0,5.0
516,16,0,5.111111111111111
516,17,0,5.111111111111111
516,18,0,5.8
516,19,0,5.8
516,20,0,6.416666666666667
516,21,0,6.416666666666667
516,22,0,6.785714285714286
516,23,0,6.785714285714286
516,24,0,6.785714285714286
516,25,0,7.1875
516,26,0,7.1875
516,27,0,7.470588235294118
516,28,0,7.470588235294118
516,29,0,7.666666666666667
516,30,0,7.666666666666667
516,31,0,7.904761904761905
516,32,0,7.904761904761905
516,33,0,7.904761904761905
516,34,0,8.090909090909092
517,0,0,0
517,1,0,0
517,2,0,0
517,3,0,2.5
517,4,0,2.5
517,5,0,2.6666666666666665
517,6,0,2.6666666666666665
517,7,0,3.0
517,8,0,3.0
517,9,0,3.0
517,10,0,3.4285714285714284
517,11,0,3.4285714285714284
517,12,0,3.375
517,13,0,3.2222222222222223
517,14,0,3.6
517,15,0,3.727272727272727
517,16,0,3.727272727272727
517,17,0,4.076923076923077
517,18,0,4.076923076923077
517,19,0,4.076923076923077
517,20,0,4.6
517,21,0,4.6
517,22,0,4.6
517,23,0,4.875
517,24,0,4.9411764705882355
517,25,0,4.833333333333333
517,26,0,4.833333333333333
517,27,0,4.833333333333333
517,28,0,5.052631578947368
517,29,0,5.1
517,30,0,5.1
517,31,0,5.333333333333333
517,32,0,5.454545454545454
517,33,0,5.695652173913044
517,34,0,5.695652173913044
518,0,0,0
518,1,0,0
518,2,0,2.0
518,3,0,2.0
518,4,0,3.0
518,5,0,3.0
518,6,0,3.5
518,7,0,3.5
518,8,0,3.4
518,9,0,3.4
518,10,0,4.0
518,11,0,4.142857142857143
518,12,0,4.142857142857143
518,13,0,4.625
518,14,0,4.666666666666667
518,15,0,4.666666666666667
518,16,0,5.1
518,17,0,4.818181818181818
518,18,0,4.916666666666667
518,19,0,5.384615384615385
518,20,0,5.384615384615385
518,21,0,5.571428571428571
518,22,0,6.066666666666666
518,23,0,6.066666666666666
518,24,0,6.066666666666666
518,25,0,6.588235294117647
518,26,0,6.588235294117647
518,27,0,6.5
518,28,0,6.7894736842105265
518,29,0,6.7894736842105265
518,30,0,6.7
518,31,0,6.7
518,32,0,7.095238095238095
518,33,0,7.0
518,34,0,7.0
519,0,0,0
519,1,0,0
519,2,0,0
519,3,0,0
519,4,0,3.5
519,5,0,3.5
519,6,0,3.5
519,7,0,4.0
519,8,0,4.75
519,9,0,4.75
519,10,0,5.2
519,11,0,5.5
519,12,0,5.5
519,13,0,5.5
519,14,0,6.142857142857143
519,15,0,6.625
519,16,0,6.625
519,17,0,6.625
519,18,0,7.3
519,19,0,7.3
519,20,0,7.3
519,21,0,8.083333333333334
519,22,0,8.083333333333334
519,23,0,8.083333333333334
519,24,0,8.615384615384615
519,25,0,8.857142857142858
519,26,0,8.857142857142858
519,27,0,9.5625
519,28,0,9.5625
519,29,0,9.5625
519,30,0,10.333333333333334
519,31,0,10.333333333333334
519,32,0,10.333333333333334
519,33,0,10.526315789473685
519,34,0,11.1
520,0,0,0
520,1,0,0
520,2,0,0
520,3,0,3.0
520,4,0,3.0
520,5,0,3.3333333333333335
520,6,0,3.3333333333333335
520,7,0,3.3333333333333335
520,8,0,4.0
520,9,0,4.6
520,10,0,4.833333333333333
520,11,0,4.833333333333333
520,12,0,5.625
520,13,0,5.625
520,14,0,5.625
520,15,0,6.3
520,16,0,6.3
520,17,0,6.3
520,18,0,6.3
520,19,0,7.0
520,20,0,7.0
520,21,0,7.0
520,22,0,7.230769230769231
520,23,0,7.714285714285714
520,24,0,7.714285714285714
520,25,0,8.3125
520,26,0,8.3125
520,27,0,8.88888888888889
520,28,0,8.88888888888889
520,29,0,9.1
520,30,0,9.1
520,31,0,9.1
520,32,0,9.1
520,33,0,9.363636363636363
520,34,0,9.363636363636363
521,0,0,0
521,1,0,0
521,2,0,2.0
521,3,0,2.0
521,4,0,2.6666666666666665
521,5,0,2.75
521,6,0,2.8
521,7,0,2.8
521,8,0,3.0
521,9,0,3.0
521,10,0,3.5
521,11,0,3.5
521,12,0,3.5
521,13,0,3.7777777777777777
521,14,0,4.2
521,15,0,4.2
521,16,0,4.363636363636363
521,17,0,4.363636363636363
521,18,0,4.916666666666667
521,19,0,5.076923076923077
521,20,0,5.076923076923077
521,21,0,5.733333333333333
521,22,0,5.733333333333333
521,23,0,6.0588235294117645
521,24,0,6.0588235294117645
521,25,0,6.222222222222222
521,26,0,6.368421052631579
521,27,0,6.45
521,28,0,6.45
521,29,0,6.45
521,30,0,6.681818181818182
521,31,0,6.681818181818182
521,32,0,6.681818181818182
521,33,0,6.681818181818182
521,34,0,7.041666666666667
522,0,0,0
522,1,0,0
522,2,0,0
522,3,0,0
522,4,0,2.5
522,5,0,2.5
522,6,0,2.5
522,7,0,2.5
522,8,0,3.6666666666666665
522,9,0,3.5
522,10,0,3.5
522,11,0,4.333333333333333
522,12,0,4.333333333333333
522,13,0,5.0
522,14,0,5.0
522,15,0,5.111111111111111
522,16,0,5.111111111111111
522,17,0,5.3
522,18,0,5.3
522,19,0,5.636363636363637
522,20,0,5.636363636363637
522,21,0,6.0
522,22,0,6.0
522,23,0,6.3076923076923075
522,24,0,6.3076923076923075
522,25,0,6.785714285714286
522,26,0,6.866666666666666
522,27,0,6.866666666666666
522,28,0,7.0
522,29,0,7.352941176470588
522,30,0,7.352941176470588
522,31,0,7.555555555555555
522,32,0,7.555555555555555
522,33,0,8.15
522,34,0,8.15
523,0,0,0
523,1,0,0
523,2,0,0
523,3,0,3.0
523,4,0,3.0
523,5,0,2.5
523,6,0,2.3333333333333335
523,7,0,3.25
523,8,0,3.25
523,9,0,3.4
523,10,0,4.0
523,11,0,4.0
523,12,0,4.0
523,13,0,5.0
523,14,0,5.0
523,15,0,5.0
523,16,0,5.444444444444445
523,17,0,5.9
523,18,0,5.9
523,19,0,6.181818181818182
523,20,0,6.666666666666667
523,21,0,6.923076923076923
523,22,0,7.357142857142857
523,23,0,7.357142857142857
523,24,0,7.666666666666667
523,25,0,7.666666666666667
523,26,0,8.0625
523,27,0,8.055555555555555
523,28,0,8.055555555555555
523,29,0,8.473684210526315
523,30,0,8.75
523,31,0,9.047619047619047
523,32,0,9.047619047619047
523,33,0,9.272727272727273
523,34,0,9.272727272727273
524,0,0,0
524,1,0,0
524,2,0,0
524,3,0,2.0
524,4,0,2.6666666666666665
524,5,0,2.6666666666666665
524,6,0,3.0
524,7,0,3.5
524,8,0,3.4285714285714284
524,9,0,3.4285714285714284
524,10,0,3.875
524,11,0,3.875
524,12,0,4.3
524,13,0,4.3
524,14,0,4.166666666666667
524,15,0,4.538461538461538
524,16,0,4.538461538461538
524,17,0,4.5
524,18,0,4.933333333333334
524,19,0,4.933333333333334
524,20,0,5.0
524,21,0,5.0
524,22,0,5.529411764705882
524,23,0,5.555555555555555
524,24,0,5.555555555555555
524,25,0,6.105263157894737
524,26,0,6.05
524,27,0,6.05
524,28,0,6.619047619047619
524,29,0,6.636363636363637
524,30,0,6.636363636363637
524,31,0,7.208333333333333
524,32,0,7.208333333333333
524,33,0,7.76
524,34,0,7.538461538461538
525,0,0,0
525,1,0,0
525,2,0,0
525,3,0,0
525,4,0,4.0
525,5,0,3.0
525,6,0,3.0
525,7,0,3.3333333333333335
525,8,0,3.3333333333333335
525,9,0,3.8
525,10,0,3.8
525,11,0,3.8
525,12,0,4.166666666666667
525,13,0,4.714285714285714
525,14,0,4.714285714285714
525,15,0,4.714285714285714
525,16,0,5.777777777777778
525,17,0,5.777777777777778
525,18,0,5.4
525,19,0,5.4
525,20,0,6.3076923076923075
525,21,0,6.3076923076923075
525,22,0,7.266666666666667
525,23,0,7.266666666666667
525,24,0,7.266666666666667
525,25,0,7.125
525,26,0,7.647058823529412
525,27,0,7.647058823529412
525,28,0,7.611111111111111
525,29,0,7.611111111111111
525,30,0,8.15
525,31,0,8.15
525,32,0,8.15
525,33,0,8.19047619047619
525,34,0,8.727272727272727
526,0,0,0
526,1,0,0
526,2,0,2.0
526,3,0,2.0
526,4,0,2.0
526,5,0,2.6666666666666665
526,6,0,2.6666666666666665
526,7,0,2.6666666666666665
526,8,0,2.6666666666666665
526,9,0,3.0
526,10,0,3.0
526,11,0,3.0
526,12,0,3.0
526,13,0,3.5
526,14,0,3.5
526,15,0,3.9
526,16,0,3.9
526,17,0,3.9
526,18,0,4.181818181818182
526,19,0,4.0
526,20,0,4.0
526,21,0,4.3076923076923075
526,22,0,4.285714285714286
526,23,0,4.285714285714286
526,24,0,4.666666666666667
526,25,0,4.5625
526,26,0,4.5625
526,27,0,4.5625
526,28,0,5.055555555555555
526,29,0,5.055555555555555
526,30,0,5.055555555555555
526,31,0,5.157894736842105
526,32,0,5.7
526,33,0,5.7
526,34,0,5.7
527,0,0,0
527,1,0,0
527,2,0,2.0
527,3,0,2.0
527,4,0,2.0
527,5,0,3.0
527,6,0,3.0
527,7,0,3.0
527,8,0,3.5
527,9,0,3.5
527,10,0,3.4
527,11,0,3.8333333333333335
527,12,0,3.8333333333333335
527,13,0,3.8333333333333335
527,14,0,4.428571428571429
527,15,0,4.428571428571429
527,16,0,4.428571428571429
527,17,0,5.125
527,18,0,5.125
527,19,0,5.125
527,20,0,5.555555555555555
527,21,0,5.555555555555555
527,22,0,5.3
527,23,0,5.818181818181818
527,24,0,5.666666666666667
527,25,0,5.666666666666667
527,26,0,6.142857142857143
527,27,0,6.142857142857143
527,28,0,5.866666666666666
527,29,0,6.375
527,30,0,6.470588235294118
527,31,0,6.470588235294118
527,32,0,6.470588235294118
527,33,0,7.0
527,34,0,7.105263157894737
528,0,0,0
528,1,0,0
528,2,0,0
528,3,0,2.0
528,4,0,2.0
528,5,0,2.0
528,6,0,2.3333333333333335
528,7,0,2.25
528,8,0,2.2
528,9,0,2.2
528,10,0,2.2
528,11,0,2.3333333333333335
528,12,0,2.3333333333333335
528,13,0,2.3333333333333335
528,14,0,2.4285714285714284
528,15,0,2.875
528,16,0,2.875
528,17,0,2.875
528,18,0,3.4545454545454546
528,19,0,3.4545454545454546
528,20,0,3.4545454545454546
528,21,0,3.6153846153846154
528,22,0,4.142857142857143
528,23,0,4.066666666666666
528,24,0,4.066666666666666
528,25,0,4.0
528,26,0,4.0
528,27,0,4.055555555555555
528,28,0,4.055555555555555
528,29,0,4.055555555555555
528,30,0,4.055555555555555
528,31,0,4.25
528,32,0,4.25
528,33,0,4.25
528,34,0,4.428571428571429
529,0,0,0
529,1,0,0
529,2,0,2.0
529,3,0,2.0
529,4,0,2.0
529,5,0,2.5
529,6,0,2.5
529,7,0,2.8
529,8,0,2.8
529,9,0,3.1666666666666665
529,10,0,3.1666666666666665
529,11,0,3.5714285714285716
529,12,0,4.0
529,13,0,4.0
529,14,0,4.333333333333333
529,15,0,4.6
529,16,0,4.6
529,17,0,4.6
529,18,0,5.25
529,19,0,5.25
529,20,0,5.25
529,21,0,5.615384615384615
529,22,0,6.0
529,23,0,6.0
529,24,0,6.0
529,25,0,6.4
529,26,0,6.875
529,27,0,7.176470588235294
529,28,0,7.176470588235294
529,29,0,7.5
529,30,0,7.7
529,31,0,7.9523809523809526
529,32,0,7.9523809523809526
529,33,0,8.695652173913043
529,34,0,8.695652173913043
530,0,0,0
530,1,0,0
530,2,0,0
530,3,0,3.0
530,4,0,3.0
530,5,0,3.0
530,6,0,3.0
530,7,0,4.0
530,8,0,3.3333333333333335
530,9,0,4.0
530,10,0,4.0
530,11,0,3.6
530,12,0,4.333333333333333
530,13,0,4.333333333333333
530,14,0,4.333333333333333
530,15,0,4.428571428571429
530,16,0,5.25
530,17,0,5.25
530,18,0,5.444444444444445
530,19,0,6.1
530,20,0,6.1
530,21,0,6.1
530,22,0,7.083333333333333
530,23,0,7.083333333333333
530,24,0,7.3076923076923075
530,25,0,7.3076923076923075
530,26,0,8.0
530,27,0,8.0
530,28,0,8.333333333333334
530,29,0,9.0
530,30,0,9.0
530,31,0,9.0
530,32,0,10.055555555555555
530,33,0,10.055555555555555
530,34,0,10.421052631578947
531,0,0,0
531,1,0,0
531,2,0,0
531,3,0,0
531,4,0,3.0
531,5,0,3.0
531,6,0,3.0
531,7,0,2.6666666666666665
531,8,0,2.6666666666666665
531,9,0,2.5
531,10,0,3.0
531,11,0,3.0
531,12,0,3.5
531,13,0,3.7142857142857144
531,14,0,4.125
531,15,0,4.125
531,16,0,4.125
531,17,0,4.9
531,18,0,4.9
531,19,0,4.9
531,20,0,4.9
531,21,0,5.75
531,22,0,5.75
531,23,0,5.75
531,24,0,5.75
531,25,0,6.357142857142857
531,26,0,6.357142857142857
531,27,0,6.357142857142857
531,28,0,6.357142857142857
531,29,0,7.0
531,30,0,7.0
531,31,0,7.235294117647059
531,32,0,7.235294117647059
531,33,0,7.611111111111111
531,34,0,7.611111111111111
532,0,0,0
532,1,0,0
532,2,0,0
532,3,0,3.0
532,4,0,3.5
532,5,0,3.5
532,6,0,3.5
532,7,0,4.75
532,8,0,4.75
532,9,0,4.75
532,10,0,4.75
532,11,0,6.0
532,12,0,6.0
532,13,0,6.0
532,14,0,7.0
532,15,0,7.0
532,16,0,7.0
532,17,0,7.0
532,18,0,7.7
532,19,0,7.7
532,20,0,7.818181818181818
532,21,0,8.25
532,22,0,8.25
532,23,0,8.461538461538462
532,24,0,8.571428571428571
532,25,0,8.571428571428571
532,26,0,8.866666666666667
532,27,0,8.866666666666667
532,28,0,9.176470588235293
532,29,0,8.777777777777779
532,30,0,8.777777777777779
532,31,0,9.15
532,32,0,9.15
532,33,0,9.476190476190476
532,34,0,9.545454545454545
533,0,0,0
533,1,0,0
533,2,0,2.0
533,3,0,2.5
533,4,0,2.5
533,5,0,3.25
533,6,0,3.25
533,7,0,3.25
533,8,0,3.8
533,9,0,4.166666666666667
533,10,0,4.571428571428571
533,11,0,4.571428571428571
533,12,0,4.571428571428571
533,13,0,5.222222222222222
533,14,0,5.222222222222222
533,15,0,5.7
533,16,0,5.7272727272727275
533,17,0,5.7272727272727275
533,18,0,6.3076923076923075
533,19,0,6.3076923076923075
533,20,0,6.3076923076923075
533,21,0,6.857142857142857
533,22,0,7.066666666666666
533,23,0,7.5625
533,24,0,7.5625
533,25,0,7.5625
533,26,0,7.882352941176471
533,27,0,8.38888888888889
533,28,0,8.38888888888889
533,29,0,8.631578947368421
533,30,0,9.1
533,31,0,9.1
533,32,0,9.727272727272727
533,33,0,9.727272727272727
533,34,0,10.130434782608695
534,0,0,0
534,1,0,0
534,2,0,0
534,3,0,2.5
534,4,0,2.5
534,5,0,2.5
534,6,0,3.25
534,7,0,3.25
534,8,0,3.25
534,9,0,3.4
534,10,0,3.5
534,11,0,3.4285714285714284
534,12,0,3.4285714285714284
534,13,0,3.75
534,14,0,3.75
534,15,0,3.7
534,16,0,4.090909090909091
534,17,0,4.090909090909091
534,18,0,4.090909090909091
534,19,0,4.416666666666667
534,20,0,4.769230769230769
534,21,0,4.769230769230769
534,22,0,5.142857142857143
534,23,0,5.2
534,24,0,5.2
534,25,0,5.2
534,26,0,5.823529411764706
534,27,0,5.823529411764706
534,28,0,5.823529411764706
534,29,0,6.0
534,30,0,6.526315789473684
534,31,0,6.526315789473684
534,32,0,6.526315789473684
534,33,0,7.238095238095238
534,34,0,7.238095238095238
535,0,0,0
535,1,0,0
535,2,0,2.0
535,3,0,2.5
535,4,0,2.5
535,5,0,3.25
535,6,0,3.25
535,7,0,3.25
535,8,0,3.2
535,9,0,3.8333333333333335
535,10,0,3.8333333333333335
535,11,0,3.8333333333333335
535,12,0,4.75
535,13,0,4.75
535,14,0,4.75
535,15,0,4.75
535,16,0,5.7
535,17,0,5.7
535,18,0,5.7
535,19,0,5.7
535,20,0,6.583333333333333
535,21,0,6.583333333333333
535,22,0,6.769230769230769
535,23,0,7.142857142857143
535,24,0,7.142857142857143
535,25,0,7.142857142857143
535,26,0,7.333333333333333
535,27,0,7.8125
535,28,0,7.8125
535,29,0,8.333333333333334
535,30,0,8.333333333333334
535,31,0,8.333333333333334
535,32,0,8.85
535,33,0,8.85
535,34,0,9.238095238095237
536,0,0,0
536,1,0,0
536,2,0,0
536,3,0,3.0
536,4,0,3.0
536,5,0,2.6666666666666665
536,6,0,2.6666666666666665
536,7,0,2.6666666666666665
536,8,0,3.0
536,9,0,3.0
536,10,0,3.0
536,11,0,3.3333333333333335
536,12,0,3.3333333333333335
536,13,0,3.3333333333333335
536,14,0,3.5
536,15,0,3.5
536,16,0,3.5
536,17,0,3.5555555555555554
536,18,0,4.0
536,19,0,4.0
536,20,0,4.0
536,21,0,4.666666666666667
536,22,0,4.666666666666667
536,23,0,5.076923076923077
536,24,0,5.285714285714286
536,25,0,5.285714285714286
536,26,0,5.466666666666667
536,27,0,5.466666666666667
536,28,0,5.9411764705882355
536,29,0,5.9411764705882355
536,30,0,5.9411764705882355
536,31,0,6.473684210526316
536,32,0,6.473684210526316
536,33,0,6.473684210526316
536,34,0,7.0476190476190474
537,0,0,0
537,1,0,0
537,2,0,2.0
537,3,0,2.0
537,4,0,3.0
537,5,0,2.6666666666666665
537,6,0,3.4
537,7,0,3.4
537,8,0,3.4
537,9,0,3.4
537,10,0,4.285714285714286
537,11,0,4.285714285714286
537,12,0,4.888888888888889
537,13,0,4.888888888888889
537,14,0,4.888888888888889
537,15,0,4.9
537,16,0,5.454545454545454
537,17,0,5.454545454545454
537,18,0,5.583333333333333
537,19,0,6.076923076923077
537,20,0,5.866666666666666
537,21,0,6.3125
537,22,0,6.3125
537,23,0,6.3125
537,24,0,6.833333333333333
537,25,0,6.833333333333333
537,26,0,6.947368421052632
537,27,0,7.4
537,28,0,7.4
537,29,0,7.7727272727272725
537,30,0,7.7727272727272725
537,31,0,7.782608695652174
537,32,0,8.083333333333334
537,33,0,8.083333333333334
537,34,0,8.083333333333334
538,0,0,0
538,1,0,0
538,2,0,2.0
538,3,0,2.5
538,4,0,2.3333333333333335
538,5,0,2.3333333333333335
538,6,0,2.3333333333333335
538,7,0,3.25
538,8,0,3.6
538,9,0,4.166666666666667
538,10,0,4.166666666666667
538,11,0,4.571428571428571
538,12,0,4.571428571428571
538,13,0,5.25
538,14,0,5.25
538,15,0,5.666666666666667
538,16,0,6.3
538,17,0,6.3
538,18,0,6.230769230769231
538,19,0,6.230769230769231
538,20,0,6.214285714285714
538,21,0,6.214285714285714
538,22,0,6.4
538,23,0,6.4
538,24,0,6.5
538,25,0,6.5
538,26,0,6.470588235294118
538,27,0,6.666666666666667
538,28,0,6.578947368421052
538,29,0,6.578947368421052
538,30,0,6.578947368421052
538,31,0,6.809523809523809
538,32,0,6.809523809523809
538,33,0,7.0
538,34,0,7.0
539,0,0,0
539,1,0,0
539,2,0,0
539,3,0,2.5
539,4,0,2.5
539,5,0,3.0
539,6,0,3.0
539,7,0,3.0
539,8,0,3.25
539,9,0,3.25
539,10,0,3.2
539,11,0,3.6666666666666665
539,12,0,3.6666666666666665
539,13,0,3.6666666666666665
539,14,0,3.857142857142857
539,15,0,4.5
539,16,0,4.5
539,17,0,5.1
539,18,0,5.1
539,19,0,5.1
539,20,0,5.181818181818182
539,21,0,5.833333333333333
539,22,0,5.833333333333333
539,23,0,5.833333333333333
539,24,0,6.076923076923077
539,25,0,6.714285714285714
539,26,0,6.866666666666666
539,27,0,6.866666666666666
539,28,0,7.375
539,29,0,7.375
539,30,0,7.411764705882353
539,31,0,7.411764705882353
539,32,0,8.052631578947368
539,33,0,8.052631578947368
539,34,0,8.052631578947368
540,0,0,0
540,1,0,0
540,2,0,0
540,3,0,3.0
540,4,0,3.0
540,5,0,3.0
540,6,0,4.0
540,7,0,4.0
540,8,0,4.333333333333333
540,9,0,4.333333333333333
540,10,0,3.75
540,11,0,4.4
540,12,0,4.4
540,13,0,4.0
540,14,0,4.0
540,15,0,4.571428571428571
540,16,0,4.571428571428571
540,17,0,4.5
540,18,0,5.0
540,19,0,5.0
540,20,0,5.0
540,21,0,5.0
540,22,0,5.545454545454546
540,23,0,5.545454545454546
540,24,0,5.545454545454546
540,25,0,5.545454545454546
540,26,0,6.333333333333333
540,27,0,6.076923076923077
540,28,0,5.785714285714286
540,29,0,5.785714285714286
540,30,0,6.375
540,31,0,6.375
540,32,0,6.117647058823529
540,33,0,6.117647058823529
540,34,0,6.944444444444445
541,0,0,0
541,1,0,0
541,2,0,2.0
541,3,0,2.0
541,4,0,2.0
541,5,0,2.0
541,6,0,2.3333333333333335
541,7,0,2.3333333333333335
541,8,0,2.3333333333333335
541,9,0,2.5
541,10,0,2.8
541,11,0,2.8333333333333335
541,12,0,3.0
541,13,0,3.0
541,14,0,3.0
541,15,0,3.375
541,16,0,3.5555555555555554
541,17,0,3.9
541,18,0,3.9
541,19,0,3.9
541,20,0,4.666666666666667
541,21,0,4.666666666666667
541,22,0,4.923076923076923
541,23,0,5.357142857142857
541,24,0,5.6
541,25,0,5.75
541,26,0,5.75
541,27,0,6.0
541,28,0,6.0
541,29,0,6.222222222222222
541,30,0,6.222222222222222
541,31,0,6.8
541,32,0,6.8
541,33,0,7.0476190476190474
541,34,0,7.0476190476190474
542,0,0,0
542,1,0,0
542,2,0,2.0
542,3,0,2.0
542,4,0,2.6666666666666665
542,5,0,2.6666666666666665
542,6,0,2.6666666666666665
542,7,0,2.6666666666666665
542,8,0,3.5
542,9,0,3.6
542,10,0,3.6
542,11,0,4.0
542,12,0,4.0
542,13,0,4.428571428571429
542,14,0,4.428571428571429
542,15,0,5.222222222222222
542,16,0,5.222222222222222
542,17,0,5.181818181818182
542,18,0,5.583333333333333
542,19,0,5.583333333333333
542,20,0,5.583333333333333
542,21,0,6.357142857142857
542,22,0,6.357142857142857
542,23,0,6.875
542,24,0,6.875
542,25,0,6.875
542,26,0,7.166666666666667
542,27,0,7.166666666666667
542,28,0,7.157894736842105
542,29,0,7.157894736842105
542,30,0,7.55
542,31,0,7.55
542,32,0,7.909090909090909
542,33,0,7.909090909090909
542,34,0,7.909090909090909
543,0,0,0
543,1,0,0
543,2,0,0
543,3,0,0
543,4,0,0
543,5,0,0
543,6,0,0
543,7,0,4.0
543,8,0,3.5
543,9,0,3.5
543,10,0,3.5
543,11,0,4.666666666666667
543,12,0,4.666666666666667
543,13,0,4.666666666666667
543,14,0,5.75
543,15,0,5.75
543,16,0,5.75
543,17,0,5.0
543,18,0,5.833333333333333
543,19,0,5.285714285714286
543,20,0,6.0
543,21,0,6.0
543,22,0,6.0
543,23,0,6.3
543,24,0,6.3
543,25,0,6.3
543,26,0,6.3
543,27,0,6.916666666666667
543,28,0,6.916666666666667
543,29,0,6.769230769230769
543,30,0,7.133333333333334
543,31,0,7.133333333333334
543,32,0,6.8125
543,33,0,7.555555555555555
543,34,0,7.555555555555555
544,0,0,0
544,1,0,0
544,2,0,0
544,3,0,0
544,4,0,0
544,5,0,3.0
544,6,0,3.0
544,7,0,3.0
544,8,0,2.6666666666666665
544,9,0,3.5
544,10,0,3.5
544,11,0,3.5
544,12,0,3.4
544,13,0,4.333333333333333
544,14,0,4.285714285714286
544,15,0,4.285714285714286
544,16,0,4.285714285714286
544,17,0,5.25
544,18,0,5.444444444444445
544,19,0,6.2
544,20,0,6.2
544,21,0,6.2
544,22,0,7.25
544,23,0,7.25
544,24,0,7.25
544,25,0,7.25
544,26,0,8.428571428571429
544,27,0,8.0
544,28,0,8.0
544,29,0,8.0
544,30,0,8.833333333333334
544,31,0,8.833333333333334
544,32,0,9.526315789473685
544,33,0,9.9
544,34,0,9.9
545,0,0,0
545,1,0,0
545,2,0,0
545,3,0,3.0
545,4,0,3.5
545,5,0,3.6666666666666665
545,6,0,3.6666666666666665
545,7,0,3.6666666666666665
545,8,0,4.8
545,9,0,4.8
545,10,0,5.166666666666667
545,11,0,5.714285714285714
545,12,0,5.714285714285714
545,13,0,6.0
545,14,0,6.0
545,15,0,6.444444444444445
545,16,0,6.444444444444445
545,17,0,6.8
545,18,0,7.2727272727272725
545,19,0,7.2727272727272725
545,20,0,7.2727272727272725
545,21,0,7.666666666666667
545,22,0,8.076923076923077
545,23,0,8.076923076923077
545,24,0,8.5
545,25,0,8.733333333333333
545,26,0,8.733333333333333
545,27,0,8.733333333333333
545,28,0,9.25
545,29,0,9.588235294117647
545,30,0,9.588235294117647
545,31,0,10.055555555555555
545,32,0,10.421052631578947
545,33,0,10.421052631578947
545,34,0,10.75
546,0,0,0
546,1,0,0
546,2,0,0
546,3,0,3.0
546,4,0,3.5
546,5,0,3.5
546,6,0,3.5
546,7,0,3.5
546,8,0,4.333333333333333
546,9,0,4.0
546,10,0,4.0
546,11,0,4.0
546,12,0,5.0
546,13,0,5.166666666666667
546,14,0,5.166666666666667
546,15,0,6.125
546,16,0,6.125
546,17,0,6.777777777777778
546,18,0,6.777777777777778
546,19,0,7.454545454545454
546,20,0,7.454545454545454
546,21,0,7.454545454545454
546,22,0,7.454545454545454
546,23,0,8.23076923076923
546,24,0,8.23076923076923
546,25,0,8.428571428571429
546,26,0,8.8
546,27,0,9.0
546,28,0,9.0
546,29,0,9.444444444444445
546,30,0,9.444444444444445
546,31,0,9.444444444444445
546,32,0,9.421052631578947
546,33,0,9.9
546,34,0,9.9
547,0,0,0
547,1,0,0
547,2,0,0
547,3,0,3.0
547,4,0,3.0
547,5,0,3.3333333333333335
547,6,0,3.3333333333333335
547,7,0,3.3333333333333335
547,8,0,3.3333333333333335
547,9,0,4.25
547,10,0,4.2
547,11,0,4.2
547,12,0,4.571428571428571
547,13,0,4.571428571428571
547,14,0,4.888888888888889
547,15,0,4.888888888888889
547,16,0,5.4
547,17,0,5.4
547,18,0,5.75
547,19,0,5.75
547,20,0,6.076923076923077
547,21,0,6.071428571428571
547,22,0,6.071428571428571
547,23,0,6.071428571428571
547,24,0,6.5625
547,25,0,6.5625
547,26,0,6.5625
547,27,0,6.647058823529412
547,28,0,7.111111111111111
547,29,0,7.111111111111111
547,30,0,7.65
547,31,0,7.65
547,32,0,7.65
547,33,0,7.65
547,34,0,8.318181818181818
548,0,0,0
548,1,0,0
548,2,0,0
548,3,0,0
548,4,0,0
548,5,0,4.0
548,6,0,4.0
548,7,0,3.5
548,8,0,4.0
548,9,0,4.0
548,10,0,4.4
548,11,0,4.5
548,12,0,4.5
548,13,0,4.571428571428571
548,14,0,4.75
548,15,0,4.75
548,16,0,4.75
548,17,0,4.7
548,18,0,5.0
548,19,0,5.0
548,20,0,5.333333333333333
548,21,0,5.333333333333333
548,22,0,5.928571428571429
548,23,0,5.928571428571429
548,24,0,5.928571428571429
548,25,0,6.4
548,26,0,6.625
548,27,0,6.625
548,28,0,6.625
548,29,0,7.055555555555555
548,30,0,7.055555555555555
548,31,0,7.2631578947368425
548,32,0,7.2631578947368425
548,33,0,7.6
548,34,0,7.857142857142857
549,0,0,0
549,1,0,0
549,2,0,0
549,3,0,3.0
549,4,0,3.5
549,5,0,3.5
549,6,0,4.0
549,7,0,4.0
549,8,0,4.2
549,9,0,4.2
549,10,0,4.0
549,11,0,4.0
549,12,0,4.428571428571429
549,13,0,4.428571428571429
549,14,0,4.625
549,15,0,4.625
549,16,0,5.222222222222222
549,17,0,5.222222222222222
549,18,0,5.5
549,19,0,5.5
549,20,0,6.25
549,21,0,6.25
549,22,0,6.384615384615385
549,23,0,6.384615384615385
549,24,0,6.928571428571429
549,25,0,7.0
549,26,0,7.0
549,27,0,7.0
549,28,0,7.647058823529412
549,29,0,7.647058823529412
549,30,0,7.647058823529412
549,31,0,7.611111111111111
549,32,0,7.947368421052632
549,33,0,7.947368421052632
549,34,0,7.85
550,0,0,0
550,1,0,0
550,2,0,0
550,3,0,2.0
550,4,0,2.5
550,5,0,2.5
550,6,0,2.5
550,7,0,3.0
550,8,0,3.5
550,9,0,3.5
550,10,0,4.0
550,11,0,3.8333333333333335
550,12,0,3.8333333333333335
550,13,0,3.5714285714285716
550,14,0,4.0
550,15,0,4.0
550,16,0,4.0
550,17,0,3.7777777777777777
550,18,0,4.2
550,19,0,4.2
550,20,0,4.090909090909091
550,21,0,4.583333333333333
550,22,0,4.583333333333333
550,23,0,5.076923076923077
550,24,0,5.071428571428571
550,25,0,5.071428571428571
550,26,0,5.6
550,27,0,5.6875
550,28,0,5.6875
550,29,0,6.333333333333333
550,30,0,6.105263157894737
550,31,0,6.6
550,32,0,6.666666666666667
550,33,0,6.666666666666667
550,34,0,6.666666666666667
551,0,0,0
551,1,0,0
551,2,0,0
551,3,0,0
551,4,0,4.0
551,5,0,4.0
551,6,0,4.0
551,7,0,4.25
551,8,0,4.25
551,9,0,4.8
551,10,0,4.8
551,11,0,5.0
551,12,0,5.428571428571429
551,13,0,5.428571428571429
551,14,0,5.428571428571429
551,15,0,5.625
551,16,0,6.222222222222222
551,17,0,6.3
551,18,0,6.3
551,19,0,6.833333333333333
551,20,0,6.833333333333333
551,21,0,7.0
551,22,0,7.142857142857143
551,23,0,7.142857142857143
551,24,0,7.142857142857143
551,25,0,7.133333333333334
551,26,0,7.1875
551,27,0,7.1875
551,28,0,7.1875
551,29,0,7.352941176470588
551,30,0,7.388888888888889
551,31,0,7.388888888888889
551,32,0,7.578947368421052
551,33,0,7.578947368421052
551,34,0,7.7
552,0,0,0
552,1,0,0
552,2,0,0
552,3,0,3.0
552,4,0,3.0
552,5,0,3.5
552,6,0,3.5
552,7,0,3.75
552,8,0,3.75
552,9,0,4.0
552,10,0,4.0
552,11,0,4.0
552,12,0,4.285714285714286
552,13,0,4.375
552,14,0,4.375
552,15,0,4.375
552,16,0,4.666666666666667
552,17,0,4.9
552,18,0,4.9
552,19,0,5.2727272727272725
552,20,0,5.2727272727272725
552,21,0,5.666666666666667
552,22,0,5.666666666666667
552,23,0,6.214285714285714
552,24,0,6.214285714285714
552,25,0,6.466666666666667
552,26,0,6.466666666666667
552,27,0,6.75
552,28,0,7.0588235294117645
552,29,0,7.0588235294117645
552,30,0,7.277777777777778
552,31,0,7.578947368421052
552,32,0,7.578947368421052
552,33,0,7.85
552,34,0,7.85
553,0,0,0
553,1,0,0
553,2,0,0
553,3,0,0
553,4,0,3.0
553,5,0,3.0
553,6,0,3.5
553,7,0,3.5
553,8,0,3.5
553,9,0,3.3333333333333335
553,10,0,4.25
553,11,0,4.25
553,12,0,4.4
553,13,0,5.0
553,14,0,5.0
553,15,0,5.571428571428571
553,16,0,5.625
553,17,0,5.625
553,18,0,6.222222222222222
553,19,0,6.222222222222222
553,20,0,6.5
553,21,0,6.5
553,22,0,7.181818181818182
553,23,0,7.181818181818182
553,24,0,7.583333333333333
553,25,0,8.153846153846153
553,26,0,8.153846153846153
553,27,0,8.428571428571429
553,28,0,8.428571428571429
553,29,0,8.625
553,30,0,8.625
553,31,0,9.444444444444445
553,32,0,9.444444444444445
553,33,0,9.947368421052632
553,34,0,10.2
554,0,0,0
554,1,0,0
554,2,0,0
554,3,0,0
554,4,0,4.0
554,5,0,4.0
554,6,0,3.3333333333333335
554,7,0,3.3333333333333335
554,8,0,3.4
554,9,0,3.4
554,10,0,3.4
554,11,0,4.0
554,12,0,3.875
554,13,0,3.875
554,14,0,4.333333333333333
554,15,0,4.333333333333333
554,16,0,4.3
554,17,0,4.3
554,18,0,4.909090909090909
554,19,0,4.909090909090909
554,20,0,5.083333333333333
554,21,0,5.6923076923076925
554,22,0,5.6923076923076925
554,23,0,5.714285714285714
554,24,0,6.066666666666666
554,25,0,6.066666666666666
554,26,0,6.1875
554,27,0,6.1875
554,28,0,6.588235294117647
554,29,0,6.588235294117647
554,30,0,6.833333333333333
554,31,0,6.833333333333333
554,32,0,7.315789473684211
554,33,0,7.55
554,34,0,7.55
555,0,0,0
555,1,0,0
555,2,0,0
555,3,0,0
555,4,0,4.0
555,5,0,4.0
555,6,0,4.0
555,7,0,5.0
555,8,0,4.333333333333333
555,9,0,4.333333333333333
555,10,0,4.333333333333333
555,11,0,5.4
555,12,0,5.4
555,13,0,6.0
555,14,0,6.142857142857143
555,15,0,6.142857142857143
555,16,0,6.625
555,17,0,6.888888888888889
555,18,0,6.888888888888889
555,19,0,7.3
555,20,0,7.3
555,21,0,7.454545454545454
555,22,0,7.454545454545454
555,23,0,7.916666666666667
555,24,0,8.0
555,25,0,8.0
555,26,0,8.142857142857142
555,27,0,8.666666666666666
555,28,0,8.666666666666666
555,29,0,8.875
555,30,0,9.352941176470589
555,31,0,9.555555555555555
555,32,0,9.555555555555555
555,33,0,9.947368421052632
555,34,0,10.2
556,0,0,0
556,1,0,0
556,2,0,0
556,3,0,0
556,4,0,2.5
556,5,0,2.5
556,6,0,2.5
556,7,0,3.5
556,8,0,3.5
556,9,0,4.0
556,10,0,4.333333333333333
556,11,0,4.333333333333333
556,12,0,4.333333333333333
556,13,0,4.857142857142857
556,14,0,5.0
556,15,0,5.0
556,16,0,5.555555555555555
556,17,0,5.8
556,18,0,5.8
556,19,0,5.8
556,20,0,6.454545454545454
556,21,0,6.75
556,22,0,7.153846153846154
556,23,0,7.153846153846154
556,24,0,7.153846153846154
556,25,0,7.8
556,26,0,7.8
556,27,0,8.411764705882353
556,28,0,8.411764705882353
556,29,0,9.0
556,30,0,9.0
556,31,0,9.0
556,32,0,9.0
556,33,0,9.428571428571429
556,34,0,9.428571428571429
557,0,0,0
557,1,0,0
557,2,0,2.0
557,3,0,2.0
557,4,0,2.0
557,5,0,2.0
557,6,0,3.0
557,7,0,3.5
557,8,0,3.5
557,9,0,4.2
557,10,0,4.2
557,11,0,4.5
557,12,0,4.5
557,13,0,5.0
557,14,0,5.0
557,15,0,5.6
557,16,0,5.166666666666667
557,17,0,5.166666666666667
557,18,0,5.642857142857143
557,19,0,5.642857142857143
557,20,0,5.533333333333333
557,21,0,6.0625
557,22,0,6.0625
557,23,0,6.0625
557,24,0,6.5
557,25,0,6.5
557,26,0,6.5
557,27,0,6.578947368421052
557,28,0,6.857142857142857
557,29,0,6.857142857142857
557,30,0,6.857142857142857
557,31,0,7.260869565217392
557,32,0,7.260869565217392
557,33,0,7.260869565217392
557,34,0,7.375
558,0,0,0
558,1,0,0
558,2,0,2.0
558,3,0,2.5
558,4,0,2.5
558,5,0,2.5
558,6,0,3.5
558,7,0,3.5
558,8,0,3.5
558,9,0,4.0
558,10,0,4.5
558,11,0,4.5
558,12,0,4.571428571428571
558,13,0,4.571428571428571
558,14,0,5.25
558,15,0,5.444444444444445
558,16,0,5.444444444444445
558,17,0,5.5
558,18,0,6.090909090909091
558,19,0,6.090909090909091
558,20,0,6.25
558,21,0,6.25
558,22,0,6.6923076923076925
558,23,0,6.857142857142857
558,24,0,6.857142857142857
558,25,0,7.333333333333333
558,26,0,7.333333333333333
558,27,0,8.058823529411764
558,28,0,8.058823529411764
558,29,0,8.058823529411764
558,30,0,8.555555555555555
558,31,0,8.736842105263158
558,32,0,8.736842105263158
558,33,0,9.380952380952381
558,34,0,9.380952380952381
559,0,0,0
559,1,0,0
559,2,0,0
559,3,0,2.0
559,4,0,2.0
559,5,0,2.0
559,6,0,2.0
559,7,0,3.5
559,8,0,3.6666666666666665
559,9,0,3.5
559,10,0,3.5
559,11,0,4.0
559,12,0,4.0
559,13,0,4.142857142857143
559,14,0,4.142857142857143
559,15,0,4.75
559,16,0,4.75
559,17,0,4.888888888888889
559,18,0,5.3
559,19,0,5.363636363636363
559,20,0,5.363636363636363
559,21,0,5.363636363636363
559,22,0,5.75
559,23,0,5.75
559,24,0,5.75
559,25,0,5.75
559,26,0,6.071428571428571
559,27,0,6.071428571428571
559,28,0,6.071428571428571
559,29,0,6.666666666666667
559,30,0,6.5625
559,31,0,6.5625
559,32,0,7.117647058823529
559,33,0,7.111111111111111
559,34,0,7.111111111111111
560,0,0,0
560,1,0,0
560,2,0,0
560,3,0,0
560,4,0,0
560,5,0,3.0
560,6,0,3.0
560,7,0,3.0
560,8,0,4.0
560,9,0,4.25
560,10,0,4.2
560,11,0,4.2
560,12,0,4.2
560,13,0,3.857142857142857
560,14,0,4.25
560,15,0,4.25
560,16,0,4.25
560,17,0,4.666666666666667
560,18,0,4.6
560,19,0,4.6
560,20,0,4.6
560,21,0,4.916666666666667
560,22,0,4.916666666666667
560,23,0,4.6923076923076925
560,24,0,5.071428571428571
560,25,0,5.071428571428571
560,26,0,4.933333333333334
560,27,0,5.375
560,28,0,5.176470588235294
560,29,0,5.176470588235294
560,30,0,5.176470588235294
560,31,0,5.526315789473684
560,32,0,5.526315789473684
560,33,0,5.526315789473684
560,34,0,6.0
561,0,0,0
561,1,0,0
561,2,0,2.0
561,3,0,2.0
561,4,0,3.0
561,5,0,3.0
561,6,0,3.0
561,7,0,4.0
561,8,0,4.0
561,9,0,4.2
561,10,0,4.2
561,11,0,4.5
561,12,0,4.5
561,13,0,4.5
561,14,0,4.625
561,15,0,4.625
561,16,0,4.9
561,17,0,4.9
561,18,0,5.181818181818182
561,19,0,5.083333333333333
561,20,0,5.083333333333333
561,21,0,5.076923076923077
561,22,0,5.357142857142857
561,23,0,5.4
561,24,0,5.625
561,25,0,5.647058823529412
561,26,0,5.888888888888889
561,27,0,5.888888888888889
561,28,0,5.888888888888889
561,29,0,6.25
561,30,0,6.25
561,31,0,6.25
561,32,0,6.523809523809524
561,33,0,6.590909090909091
561,34,0,6.590909090909091
562,0,0,0
562,1,0,0
562,2,0,0
562,3,0,0
562,4,0,4.0
562,5,0,4.0
562,6,0,4.0
562,7,0,4.666666666666667
562,8,0,5.0
562,9,0,5.0
562,10,0,5.666666666666667
562,11,0,5.666666666666667
562,12,0,6.0
562,13,0,6.0
562,14,0,6.0
562,15,0,6.222222222222222
562,16,0,6.222222222222222
562,17,0,6.1
562,18,0,6.1
562,19,0,6.166666666666667
562,20,0,6.166666666666667
562,21,0,6.230769230769231
562,22,0,6.285714285714286
562,23,0,6.285714285714286
562,24,0,6.5625
562,25,0,6.5625
562,26,0,6.5625
562,27,0,6.588235294117647
562,28,0,6.833333333333333
562,29,0,6.833333333333333
562,30,0,6.894736842105263
562,31,0,6.894736842105263
562,32,0,7.285714285714286
562,33,0,7.285714285714286
562,34,0,7.285714285714286
563,0,0,0
563,1,0,0
563,2,0,0
563,3,0,0
563,4,0,4.0
563,5,0,4.0
563,6,0,4.0
563,7,0,4.0
563,8,0,4.0
563,9,0,4.0
563,10,0,4.5
563,11,0,5.0
563,12,0,5.0
563,13,0,5.0
563,14,0,5.666666666666667
563,15,0,6.0
563,16,0,6.0
563,17,0,6.0
563,18,0,7.0
563,19,0,7.0
563,20,0,7.0
563,21,0,8.0
563,22,0,8.0
563,23,0,8.583333333333334
563,24,0,8.583333333333334
563,25,0,9.428571428571429
563,26,0,9.428571428571429
563,27,0,9.428571428571429
563,28,0,9.428571428571429
563,29,0,10.4375
563,30,0,10.4375
563,31,0,10.222222222222221
563,32,0,10.222222222222221
563,33,0,10.789473684210526
563,34,0,10.35
564,0,0,0
564,1,0,0
564,2,0,0
564,3,0,0
564,4,0,4.0
564,5,0,3.3333333333333335
564,6,0,3.3333333333333335
564,7,0,4.2
564,8,0,4.2
564,9,0,3.8333333333333335
564,10,0,4.428571428571429
564,11,0,4.25
564,12,0,4.25
564,13,0,4.25
564,14,0,4.7
564,15,0,4.7
564,16,0,4.636363636363637
564,17,0,4.636363636363637
564,18,0,5.076923076923077
564,19,0,5.076923076923077
564,20,0,5.076923076923077
564,21,0,5.4
564,22,0,5.4
564,23,0,5.4
564,24,0,5.4
564,25,0,5.9411764705882355
564,26,0,5.9411764705882355
564,27,0,5.9411764705882355
564,28,0,6.055555555555555
564,29,0,6.526315789473684
564,30,0,6.526315789473684
564,31,0,7.095238095238095
564,32,0,7.095238095238095
564,33,0,7.181818181818182
564,34,0,7.6521739130434785
565,0,0,0
565,1,0,0
565,2,0,0
565,3,0,3.0
565,4,0,3.0
565,5,0,3.0
565,6,0,3.3333333333333335
565,7,0,3.3333333333333335
565,8,0,3.5
565,9,0,3.5
565,10,0,4.0
565,11,0,4.0
565,12,0,4.857142857142857
565,13,0,4.857142857142857
565,14,0,4.5
565,15,0,4.5
565,16,0,5.111111111111111
565,17,0,5.111111111111111
565,18,0,5.0
565,19,0,5.0
565,20,0,5.7272727272727275
565,21,0,5.666666666666667
565,22,0,5.666666666666667
565,23,0,6.384615384615385
565,24,0,6.357142857142857
565,25,0,6.357142857142857
565,26,0,6.357142857142857
565,27,0,7.066666666666666
565,28,0,7.1875
565,29,0,7.647058823529412
565,30,0,7.647058823529412
565,31,0,7.777777777777778
565,32,0,7.777777777777778
565,33,0,8.263157894736842
565,34,0,8.263157894736842
566,0,0,0
566,1,0,0
566,2,0,2.0
566,3,0,2.0
566,4,0,3.0
566,5,0,2.6666666666666665
566,6,0,2.8
566,7,0,2.8
566,8,0,2.8333333333333335
566,9,0,3.2857142857142856
566,10,0,3.2857142857142856
566,11,0,3.625
566,12,0,3.888888888888889
566,13,0,3.888888888888889
566,14,0,4.2
566,15,0,4.545454545454546
566,16,0,4.833333333333333
566,17,0,4.833333333333333
566,18,0,4.833333333333333
566,19,0,5.153846153846154
566,20,0,5.428571428571429
566,21,0,5.428571428571429
566,22,0,5.733333333333333
566,23,0,5.733333333333333
566,24,0,6.125
566,25,0,6.352941176470588
566,26,0,6.352941176470588
566,27,0,6.352941176470588
566,28,0,7.0
566,29,0,7.0
566,30,0,7.0
566,31,0,7.25
566,32,0,7.571428571428571
566,33,0,7.571428571428571
566,34,0,7.571428571428571
567,0,0,0
567,1,0,0
567,2,0,0
567,3,0,0
567,4,0,0
567,5,0,3.5
567,6,0,3.5
567,7,0,3.5
567,8,0,3.5
567,9,0,3.5
567,10,0,3.5
567,11,0,3.5
567,12,0,3.6
567,13,0,3.142857142857143
567,14,0,3.142857142857143
567,15,0,3.25
567,16,0,3.4444444444444446
567,17,0,3.4444444444444446
567,18,0,3.4
567,19,0,3.4
567,20,0,3.4
567,21,0,3.4545454545454546
567,22,0,3.6666666666666665
567,23,0,3.6666666666666665
567,24,0,3.6666666666666665
567,25,0,3.769230769230769
567,26,0,4.0
567,27,0,4.0
567,28,0,4.0
567,29,0,4.4375
567,30,0,4.4375
567,31,0,4.4375
567,32,0,4.4375
567,33,0,5.111111111111111
567,34,0,5.111111111111111
568,0,0,0
568,1,0,0
568,2,0,2.0
568,3,0,2.5
568,4,0,2.5
568,5,0,2.5
568,6,0,3.3333333333333335
568,7,0,4.0
568,8,0,4.0
568,9,0,4.0
568,10,0,5.166666666666667
568,11,0,5.166666666666667
568,12,0,5.625
568,13,0,5.625
568,14,0,6.111111111111111
568,15,0,6.111111111111111
568,16,0,6.7272727272727275
568,17,0,6.7272727272727275
568,18,0,7.166666666666667
568,19,0,7.166666666666667
568,20,0,7.785714285714286
568,21,0,7.785714285714286
568,22,0,7.785714285714286
568,23,0,8.4375
568,24,0,8.4375
568,25,0,8.4375
568,26,0,8.705882352941176
568,27,0,9.166666666666666
568,28,0,9.166666666666666
568,29,0,9.421052631578947
568,30,0,9.85
568,31,0,9.85
568,32,0,10.285714285714286
568,33,0,10.590909090909092
568,34,0,11.0
569,0,0,0
569,1,0,0
569,2,0,0
569,3,0,2.0
569,4,0,3.0
569,5,0,2.6666666666666665
569,6,0,2.6666666666666665
569,7,0,2.6666666666666665
569,8,0,3.5
569,9,0,3.8
569,10,0,4.0
569,11,0,4.285714285714286
569,12,0,4.125
569,13,0,4.125
569,14,0,4.444444444444445
569,15,0,4.5
569,16,0,4.5
569,17,0,4.909090909090909
569,18,0,4.909090909090909
569,19,0,5.083333333333333
569,20,0,5.230769230769231
569,21,0,5.428571428571429
569,22,0,5.428571428571429
569,23,0,5.533333333333333
569,24,0,5.8125
569,25,0,5.8125
569,26,0,6.111111111111111
569,27,0,6.111111111111111
569,28,0,6.111111111111111
569,29,0,6.45
569,30,0,6.45
569,31,0,6.45
569,32,0,6.380952380952381
569,33,0,6.681818181818182
569,34,0,6.681818181818182
570,0,0,0
570,1,0,0
570,2,0,0
570,3,0,3.0
570,4,0,3.5
570,5,0,3.5
570,6,0,3.0
570,7,0,3.0
570,8,0,3.8
570,9,0,3.8
570,10,0,3.8
570,11,0,4.714285714285714
570,12,0,4.714285714285714
570,13,0,4.875
570,14,0,4.875
570,15,0,5.111111111111111
570,16,0,5.4
570,17,0,5.4
570,18,0,5.916666666666667
570,19,0,5.916666666666667
570,20,0,5.916666666666667
570,21,0,6.571428571428571
570,22,0,6.571428571428571
570,23,0,6.866666666666666
570,24,0,7.125
570,25,0,7.125
570,26,0,7.470588235294118
570,27,0,7.470588235294118
570,28,0,7.833333333333333
570,29,0,7.833333333333333
570,30,0,8.210526315789474
570,31,0,8.6
570,32,0,8.6
570,33,0,8.952380952380953
570,34,0,9.363636363636363
571,0,0,0
571,1,0,0
571,2,0,0
571,3,0,2.0
571,4,0,2.0
571,5,0,2.5
571,6,0,2.5
571,7,0,3.0
571,8,0,3.0
571,9,0,3.0
571,10,0,3.0
571,11,0,4.0
571,12,0,4.0
571,13,0,4.0
571,14,0,4.666666666666667
571,15,0,4.666666666666667
571,16,0,4.857142857142857
571,17,0,5.125
571,18,0,5.333333333333333
571,19,0,5.333333333333333
571,20,0,5.6
571,21,0,5.636363636363637
571,22,0,5.636363636363637
571,23,0,5.636363636363637
571,24,0,6.153846153846154
571,25,0,6.153846153846154
571,26,0,6.428571428571429
571,27,0,6.428571428571429
571,28,0,6.428571428571429
571,29,0,6.2
571,30,0,6.625
571,31,0,6.625
571,32,0,6.529411764705882
571,33,0,6.529411764705882
571,34,0,6.842105263157895
572,0,0,0
572,1,0,0
572,2,0,0
572,3,0,2.5
572,4,0,2.5
572,5,0,3.0
572,6,0,3.0
572,7,0,3.5
572,8,0,3.5
572,9,0,4.0
572,10,0,4.0
572,11,0,4.0
572,12,0,3.7142857142857144
572,13,0,4.125
572,14,0,4.125
572,15,0,4.444444444444445
572,16,0,4.444444444444445
572,17,0,4.8
572,18,0,4.8
572,19,0,5.5
572,20,0,5.5
572,21,0,5.923076923076923
572,22,0,6.071428571428571
572,23,0,6.071428571428571
572,24,0,6.533333333333333
572,25,0,6.75
572,26,0,7.176470588235294
572,27,0,7.176470588235294
572,28,0,7.176470588235294
572,29,0,7.894736842105263
572,30,0,7.894736842105263
572,31,0,7.894736842105263
572,32,0,8.05
572,33,0,8.571428571428571
572,34,0,8.681818181818182
573,0,0,0
573,1,0,0
573,2,0,0
573,3,0,0
573,4,0,3.5
573,5,0,3.5
573,6,0,3.5
573,7,0,3.5
573,8,0,4.0
573,9,0,4.0
573,10,0,4.0
573,11,0,4.6
573,12,0,4.666666666666667
573,13,0,4.666666666666667
573,14,0,5.285714285714286
573,15,0,5.5
573,16,0,5.5
573,17,0,5.5
573,18,0,6.2
573,19,0,6.2
573,20,0,6.2
573,21,0,6.818181818181818
573,22,0,7.0
573,23,0,7.0
573,24,0,7.3076923076923075
573,25,0,7.3076923076923075
573,26,0,7.6
573,27,0,7.6
573,28,0,7.6
573,29,0,7.6
573,30,0,8.0
573,31,0,8.0
573,32,0,8.210526315789474
573,33,0,8.210526315789474
573,34,0,8.4
574,0,0,0
574,1,0,0
574,2,0,0
574,3,0,2.0
574,4,0,2.0
574,5,0,2.0
574,6,0,2.5
574,7,0,2.5
574,8,0,3.0
574,9,0,3.0
574,10,0,3.0
574,11,0,3.4
574,12,0,3.4
574,13,0,3.4
574,14,0,3.4
574,15,0,4.0
574,16,0,4.0
574,17,0,4.25
574,18,0,4.25
574,19,0,4.555555555555555
574,20,0,4.8
574,21,0,4.8
574,22,0,4.8
574,23,0,5.25
574,24,0,5.25
574,25,0,5.384615384615385
574,26,0,5.714285714285714
574,27,0,5.714285714285714
574,28,0,5.866666666666666
574,29,0,5.866666666666666
574,30,0,6.25
574,31,0,6.470588235294118
574,32,0,6.470588235294118
574,33,0,6.833333333333333
574,34,0,6.833333333333333
575,0,0,0
575,1,0,0
575,2,0,0
575,3,0,0
575,4,0,3.0
575,5,0,3.0
575,6,0,3.0
575,7,0,3.0
575,8,0,3.0
575,9,0,3.75
575,10,0,3.75
575,11,0,4.666666666666667
575,12,0,4.666666666666667
575,13,0,5.142857142857143
575,14,0,5.5
575,15,0,5.777777777777778
575,16,0,5.777777777777778
575,17,0,6.2
575,18,0,6.2
575,19,0,6.636363636363637
575,20,0,7.083333333333333
575,21,0,7.083333333333333
575,22,0,7.384615384615385
575,23,0,7.384615384615385
575,24,0,7.785714285714286
575,25,0,7.785714285714286
575,26,0,8.2
575,27,0,8.5625
575,28,0,8.5625
575,29,0,8.941176470588236
575,30,0,9.277777777777779
575,31,0,9.277777777777779
575,32,0,9.473684210526315
575,33,0,9.473684210526315
575,34,0,9.9
576,0,0,0
576,1,0,0
576,2,0,2.0
576,3,0,2.0
576,4,0,3.0
576,5,0,3.0
576,6,0,3.25
576,7,0,3.4
576,8,0,3.4
576,9,0,3.8333333333333335
576,10,0,3.8333333333333335
576,11,0,4.142857142857143
576,12,0,4.142857142857143
576,13,0,5.0
576,14,0,5.0
576,15,0,5.636363636363637
576,16,0,5.636363636363637
576,17,0,5.636363636363637
576,18,0,5.636363636363637
576,19,0,6.153846153846154
576,20,0,6.153846153846154
576,21,0,6.153846153846154
576,22,0,6.153846153846154
576,23,0,6.466666666666667
576,24,0,6.466666666666667
576,25,0,6.75
576,26,0,6.75
576,27,0,7.166666666666667
576,28,0,7.166666666666667
576,29,0,7.5
576,30,0,7.5
576,31,0,7.5
576,32,0,7.761904761904762
576,33,0,8.0
576,34,0,8.217391304347826
577,0,0,0
577,1,0,0
577,2,0,0
577,3,0,0
577,4,0,0
577,5,0,4.0
577,6,0,4.0
577,7,0,4.333333333333333
577,8,0,4.0
577,9,0,4.4
577,10,0,4.4
577,11,0,4.4
577,12,0,5.142857142857143
577,13,0,5.142857142857143
577,14,0,5.444444444444445
577,15,0,5.444444444444445
577,16,0,5.444444444444445
577,17,0,5.7
577,18,0,6.090909090909091
577,19,0,6.090909090909091
577,20,0,6.5
577,21,0,6.846153846153846
577,22,0,6.846153846153846
577,23,0,6.846153846153846
577,24,0,7.357142857142857
577,25,0,7.8
577,26,0,8.0625
577,27,0,8.0625
577,28,0,8.529411764705882
577,29,0,8.529411764705882
577,30,0,9.263157894736842
577,31,0,9.263157894736842
577,32,0,9.263157894736842
577,33,0,9.65
577,34,0,9.904761904761905
578,0,0,0
578,1,0,0
578,2,0,0
578,3,0,2.0
578,4,0,2.0
578,5,0,2.0
578,6,0,2.6666666666666665
578,7,0,3.0
578,8,0,3.0
578,9,0,3.0
578,10,0,3.6
578,11,0,3.6
578,12,0,3.6666666666666665
578,13,0,4.285714285714286
578,14,0,4.0
578,15,0,4.0
578,16,0,4.666666666666667
578,17,0,4.666666666666667
578,18,0,4.7272727272727275
578,19,0,4.7272727272727275
578,20,0,4.7272727272727275
578,21,0,5.0
578,22,0,5.0
578,23,0,5.0
578,24,0,5.357142857142857
578,25,0,5.466666666666667
578,26,0,5.466666666666667
578,27,0,5.466666666666667
578,28,0,6.117647058823529
578,29,0,6.117647058823529
578,30,0,6.117647058823529
578,31,0,6.117647058823529
578,32,0,6.947368421052632
578,33,0,6.947368421052632
578,34,0,6.947368421052632
579,0,0,0
579,1,0,0
579,2,0,0
579,3,0,0
579,4,0,4.0
579,5,0,4.0
579,6,0,4.0
579,7,0,4.75
579,8,0,4.75
579,9,0,4.75
579,10,0,4.75
579,11,0,5.833333333333333
579,12,0,5.833333333333333
579,13,0,5.833333333333333
579,14,0,6.625
579,15,0,6.625
579,16,0,6.777777777777778
579,17,0,6.777777777777778
579,18,0,7.2
579,19,0,7.454545454545454
579,20,0,7.75
579,21,0,7.75
579,22,0,8.214285714285714
579,23,0,8.214285714285714
579,24,0,8.214285714285714
579,25,0,8.5
579,26,0,8.5
579,27,0,8.5
579,28,0,8.88888888888889
579,29,0,8.88888888888889
579,30,0,8.88888888888889
579,31,0,9.105263157894736
579,32,0,9.35
579,33,0,9.35
579,34,0,9.35
580,0,0,0
580,1,0,0
580,2,0,0
580,3,0,0
580,4,0,2.0
580,5,0,2.0
580,6,0,2.0
580,7,0,2.3333333333333335
580,8,0,2.3333333333333335
580,9,0,2.3333333333333335
580,10,0,2.3333333333333335
580,11,0,3.25
580,12,0,3.0
580,13,0,3.0
580,14,0,3.0
580,15,0,3.7142857142857144
580,16,0,3.7142857142857144
580,17,0,3.7142857142857144
580,18,0,3.5
580,19,0,4.2
580,20,0,4.2
580,21,0,4.2
580,22,0,4.181818181818182
580,23,0,5.083333333333333
580,24,0,5.083333333333333
580,25,0,5.076923076923077
580,26,0,5.076923076923077
580,27,0,6.0
580,28,0,6.0
580,29,0,6.0
580,30,0,6.529411764705882
580,31,0,6.611111111111111
580,32,0,6.611111111111111
580,33,0,7.315789473684211
580,34,0,7.315789473684211
581,0,0,0
581,1,0,0
581,2,0,0
581,3,0,2.0
581,4,0,2.0
581,5,0,2.0
581,6,0,2.3333333333333335
581,7,0,3.0
581,8,0,3.0
581,9,0,3.2
581,10,0,3.2
581,11,0,3.0
581,12,0,2.857142857142857
581,13,0,2.875
581,14,0,2.888888888888889
581,15,0,2.8
581,16,0,2.8
581,17,0,2.8
581,18,0,3.0833333333333335
581,19,0,3.0833333333333335
581,20,0,3.0833333333333335
581,21,0,3.0833333333333335
581,22,0,3.642857142857143
581,23,0,3.642857142857143
581,24,0,4.125
581,25,0,4.125
581,26,0,4.125
581,27,0,4.722222222222222
581,28,0,4.722222222222222
581,29,0,4.722222222222222
581,30,0,5.052631578947368
581,31,0,5.35
581,32,0,5.619047619047619
581,33,0,5.619047619047619
581,34,0,5.619047619047619
582,0,0,0
582,1,0,0
582,2,0,0
582,3,0,2.0
582,4,0,2.0
582,5,0,2.6666666666666665
582,6,0,2.6666666666666665
582,7,0,2.6666666666666665
582,8,0,2.6666666666666665
582,9,0,2.6666666666666665
582,10,0,2.6666666666666665
582,11,0,3.0
582,12,0,3.2
582,13,0,3.3333333333333335
582,14,0,3.4285714285714284
582,15,0,3.4285714285714284
582,16,0,3.888888888888889
582,17,0,3.888888888888889
582,18,0,4.1
582,19,0,4.454545454545454
582,20,0,4.454545454545454
582,21,0,4.75
582,22,0,5.153846153846154
582,23,0,5.153846153846154
582,24,0,5.153846153846154
582,25,0,5.8
582,26,0,5.8
582,27,0,5.8
582,28,0,6.3125
582,29,0,6.588235294117647
582,30,0,6.722222222222222
582,31,0,6.722222222222222
582,32,0,7.052631578947368
582,33,0,7.25
582,34,0,7.380952380952381
583,0,0,0
583,1,0,0
583,2,0,2.0
583,3,0,2.0
583,4,0,2.0
583,5,0,2.6666666666666665
583,6,0,2.6666666666666665
583,7,0,3.25
583,8,0,3.25
583,9,0,3.4
583,10,0,3.4
583,11,0,3.6666666666666665
583,12,0,4.0
583,13,0,4.0
583,14,0,4.375
583,15,0,4.777777777777778
583,16,0,4.777777777777778
583,17,0,4.9
583,18,0,5.363636363636363
583,19,0,5.363636363636363
583,20,0,5.083333333333333
583,21,0,5.384615384615385
583,22,0,5.142857142857143
583,23,0,5.142857142857143
583,24,0,5.142857142857143
583,25,0,5.5
583,26,0,5.5
583,27,0,5.5
583,28,0,5.470588235294118
583,29,0,5.944444444444445
583,30,0,5.944444444444445
583,31,0,6.0
583,32,0,6.4
583,33,0,6.4
583,34,0,6.4
584,0,0,0
584,1,0,0
584,2,0,0
584,3,0,0
584,4,0,4.0
584,5,0,4.0
584,6,0,4.0
584,7,0,4.0
584,8,0,5.5
584,9,0,5.5
584,10,0,5.5
584,11,0,6.333333333333333
584,12,0,6.333333333333333
584,13,0,6.333333333333333
584,14,0,6.333333333333333
584,15,0,7.375
584,16,0,7.375
584,17,0,7.375
584,18,0,7.888888888888889
584,19,0,8.3
584,20,0,8.545454545454545
584,21,0,8.545454545454545
584,22,0,8.545454545454545
584,23,0,9.153846153846153
584,24,0,9.153846153846153
584,25,0,9.571428571428571
584,26,0,9.666666666666666
584,27,0,9.666666666666666
584,28,0,9.666666666666666
584,29,0,10.294117647058824
584,30,0,9.833333333333334
584,31,0,9.833333333333334
584,32,0,10.5
584,33,0,10.5
584,34,0,10.571428571428571
585,0,0,0
585,1,0,0
585,2,0,0
585,3,0,2.0
585,4,0,2.5
585,5,0,2.5
585,6,0,2.5
585,7,0,3.0
585,8,0,3.5
585,9,0,3.8
585,10,0,4.0
585,11,0,4.285714285714286
585,12,0,4.25
585,13,0,4.25
585,14,0,4.555555555555555
585,15,0,4.555555555555555
585,16,0,4.8
585,17,0,5.090909090909091
585,18,0,5.090909090909091
585,19,0,5.090909090909091
585,20,0,5.25
585,21,0,5.615384615384615
585,22,0,5.714285714285714
585,23,0,5.714285714285714
585,24,0,6.0
585,25,0,5.9375
585,26,0,5.9375
585,27,0,6.294117647058823
585,28,0,6.333333333333333
585,29,0,6.684210526315789
585,30,0,6.75
585,31,0,7.0476190476190474
585,32,0,7.0476190476190474
585,33,0,7.363636363636363
585,34,0,7.391304347826087
586,0,0,0
586,1,0,0
586,2,0,2.0
586,3,0,2.0
586,4,0,2.0
586,5,0,2.6666666666666665
586,6,0,2.6666666666666665
586,7,0,2.6666666666666665
586,8,0,2.6666666666666665
586,9,0,2.75
586,10,0,2.75
586,11,0,3.0
586,12,0,3.1666666666666665
586,13,0,3.1666666666666665
586,14,0,3.25
586,15,0,3.4444444444444446
586,16,0,3.4444444444444446
586,17,0,3.4444444444444446
586,18,0,3.8
586,19,0,3.8
586,20,0,3.8181818181818183
586,21,0,4.25
586,22,0,4.076923076923077
586,23,0,4.357142857142857
586,24,0,4.266666666666667
586,25,0,4.266666666666667
586,26,0,4.588235294117647
586,27,0,4.588235294117647
586,28,0,4.5
586,29,0,4.5
586,30,0,4.894736842105263
586,31,0,4.9
586,32,0,5.285714285714286
586,33,0,5.285714285714286
586,34,0,5.545454545454546
587,0,0,0
587,1,0,0
587,2,0,2.0
587,3,0,2.0
587,4,0,2.0
587,5,0,3.0
587,6,0,3.3333333333333335
587,7,0,3.75
587,8,0,3.75
587,9,0,4.2
587,10,0,4.666666666666667
587,11,0,4.666666666666667
587,12,0,4.857142857142857
587,13,0,5.375
587,14,0,5.375
587,15,0,5.375
587,16,0,5.9
587,17,0,5.9
587,18,0,5.9
587,19,0,6.363636363636363
587,20,0,6.666666666666667
587,21,0,6.666666666666667
587,22,0,7.153846153846154
587,23,0,7.5
587,24,0,7.5
587,25,0,7.5
587,26,0,8.0
587,27,0,8.375
587,28,0,8.375
587,29,0,8.882352941176471
587,30,0,9.222222222222221
587,31,0,9.222222222222221
587,32,0,9.421052631578947
587,33,0,9.571428571428571
587,34,0,9.571428571428571
588,0,0,0
588,1,0,0
588,2,0,0
588,3,0,0
588,4,0,2.0
588,5,0,2.6666666666666665
588,6,0,2.6666666666666665
588,7,0,2.6666666666666665
588,8,0,2.6666666666666665
588,9,0,3.75
588,10,0,3.75
588,11,0,4.0
588,12,0,3.6666666666666665
588,13,0,3.6666666666666665
588,14,0,3.7142857142857144
588,15,0,3.75
588,16,0,3.5555555555555554
588,17,0,3.7
588,18,0,3.7
588,19,0,3.6363636363636362
588,20,0,3.9166666666666665
588,21,0,3.769230769230769
588,22,0,3.769230769230769
588,23,0,4.2
588,24,0,4.2
588,25,0,4.5
588,26,0,4.5
588,27,0,4.588235294117647
588,28,0,4.944444444444445
588,29,0,4.944444444444445
588,30,0,4.944444444444445
588,31,0,5.55
588,32,0,5.55
588,33,0,5.904761904761905
588,34,0,5.904761904761905
589,0,0,0
589,1,0,0
589,2,0,0
589,3,0,2.5
589,4,0,2.5
589,5,0,3.0
589,6,0,3.0
589,7,0,3.0
589,8,0,3.0
589,9,0,3.75
589,10,0,3.75
589,11,0,3.5
589,12,0,3.5
589,13,0,3.5714285714285716
589,14,0,3.5714285714285716
589,15,0,4.0
589,16,0,4.0
589,17,0,4.3
589,18,0,4.3
589,19,0,4.363636363636363
589,20,0,4.363636363636363
589,21,0,4.833333333333333
589,22,0,4.833333333333333
589,23,0,5.5
589,24,0,5.5
589,25,0,5.533333333333333
589,26,0,6.0
589,27,0,6.0
589,28,0,6.0
589,29,0,6.176470588235294
589,30,0,6.555555555555555
589,31,0,6.555555555555555
589,32,0,6.7894736842105265
589,33,0,6.7894736842105265
589,34,0,7.25
590,0,0,0
590,1,0,0
590,2,0,0
590,3,0,0
590,4,0,4.0
590,5,0,3.5
590,6,0,3.5
590,7,0,3.5
590,8,0,4.0
590,9,0,4.5
590,10,0,4.5
590,11,0,4.6
590,12,0,4.6
590,13,0,5.333333333333333
590,14,0,5.142857142857143
590,15,0,5.142857142857143
590,16,0,5.125
590,17,0,5.777777777777778
590,18,0,5.777777777777778
590,19,0,5.777777777777778
590,20,0,6.454545454545454
590,21,0,6.454545454545454
590,22,0,6.416666666666667
590,23,0,6.923076923076923
590,24,0,6.923076923076923
590,25,0,6.923076923076923
590,26,0,7.0
590,27,0,7.6
590,28,0,7.6
590,29,0,7.6
590,30,0,7.8125
590,31,0,8.055555555555555
590,32,0,8.055555555555555
590,33,0,7.7894736842105265
590,34,0,8.666666666666666
591,0,0,0
591,1,0,0
591,2,0,2.0
591,3,0,2.0
591,4,0,2.0
591,5,0,2.0
591,6,0,2.0
591,7,0,2.0
591,8,0,2.2
591,9,0,2.2
591,10,0,2.2
591,11,0,2.6666666666666665
591,12,0,3.142857142857143
591,13,0,3.5
591,14,0,3.5
591,15,0,3.6666666666666665
591,16,0,3.6666666666666665
591,17,0,3.6363636363636362
591,18,0,3.6363636363636362
591,19,0,3.5833333333333335
591,20,0,3.769230769230769
591,21,0,3.769230769230769
591,22,0,4.066666666666666
591,23,0,4.066666666666666
591,24,0,4.066666666666666
591,25,0,4.3125
591,26,0,4.3125
591,27,0,4.3125
591,28,0,4.3125
591,29,0,4.611111111111111
591,30,0,4.611111111111111
591,31,0,4.473684210526316
591,32,0,4.55
591,33,0,4.904761904761905
591,34,0,4.904761904761905
592,0,0,0
592,1,0,0
592,2,0,0
592,3,0,3.0
592,4,0,3.0
592,5,0,3.0
592,6,0,3.5
592,7,0,3.5
592,8,0,3.2
592,9,0,3.2
592,10,0,3.6666666666666665
592,11,0,3.7142857142857144
592,12,0,3.7142857142857144
592,13,0,4.25
592,14,0,4.444444444444445
592,15,0,4.444444444444445
592,16,0,4.444444444444445
592,17,0,5.2727272727272725
592,18,0,5.2727272727272725
592,19,0,5.2727272727272725
592,20,0,5.2727272727272725
592,21,0,6.153846153846154
592,22,0,6.153846153846154
592,23,0,6.357142857142857
592,24,0,6.866666666666666
592,25,0,6.866666666666666
592,26,0,7.125
592,27,0,7.470588235294118
592,28,0,7.722222222222222
592,29,0,7.722222222222222
592,30,0,7.722222222222222
592,31,0,8.35
592,32,0,8.35
592,33,0,8.35
592,34,0,8.714285714285714
593,0,0,0
593,1,0,0
593,2,0,2.0
593,3,0,2.0
593,4,0,2.5
593,5,0,2.5
593,6,0,3.3333333333333335
593,7,0,3.5
593,8,0,3.5
593,9,0,4.0
593,10,0,4.0
593,11,0,3.8333333333333335
593,12,0,3.8333333333333335
593,13,0,4.285714285714286
593,14,0,4.375
593,15,0,4.777777777777778
593,16,0,4.9
593,17,0,4.9
593,18,0,5.0
593,19,0,5.0
593,20,0,5.0
593,21,0,5.142857142857143
593,22,0,5.142857142857143
593,23,0,5.142857142857143
593,24,0,5.3125
593,25,0,5.3125
593,26,0,5.529411764705882
593,27,0,5.529411764705882
593,28,0,5.7368421052631575
593,29,0,5.7368421052631575
593,30,0,5.7368421052631575
593,31,0,5.8
593,32,0,6.0
593,33,0,6.0
593,34,0,6.0
594,0,0,0
594,1,0,0
594,2,0,2.0
594,3,0,2.0
594,4,0,3.0
594,5,0,3.0
594,6,0,2.6666666666666665
594,7,0,2.6666666666666665
594,8,0,2.6666666666666665
594,9,0,2.5
594,10,0,2.5
594,11,0,2.8
594,12,0,2.8
594,13,0,2.6666666666666665
594,14,0,2.6666666666666665
594,15,0,3.2857142857142856
594,16,0,3.25
594,17,0,3.25
594,18,0,3.888888888888889
594,19,0,3.888888888888889
594,20,0,3.888888888888889
594,21,0,4.6
594,22,0,4.6
594,23,0,5.2727272727272725
594,24,0,5.2727272727272725
594,25,0,5.083333333333333
594,26,0,5.083333333333333
594,27,0,5.642857142857143
594,28,0,5.642857142857143
594,29,0,5.642857142857143
594,30,0,6.25
594,31,0,6.25
594,32,0,6.25
594,33,0,6.176470588235294
594,34,0,6.888888888888889
595,0,0,0
595,1,0,0
595,2,0,0
595,3,0,0
595,4,0,4.0
595,5,0,4.0
595,6,0,4.0
595,7,0,4.0
595,8,0,4.0
595,9,0,4.0
595,10,0,4.0
595,11,0,4.0
595,12,0,4.5
595,13,0,4.8
595,14,0,5.166666666666667
595,15,0,5.166666666666667
595,16,0,5.375
595,17,0,5.375
595,18,0,5.444444444444445
595,19,0,5.7
595,20,0,5.7
595,21,0,5.7
595,22,0,6.0
595,23,0,6.0
595,24,0,6.0
595,25,0,6.428571428571429
595,26,0,6.428571428571429
595,27,0,6.428571428571429
595,28,0,6.428571428571429
595,29,0,7.0
595,30,0,7.0
595,31,0,7.0
595,32,0,7.235294117647059
595,33,0,7.315789473684211
595,34,0,7.315789473684211
596,0,0,0
596,1,0,0
596,2,0,0
596,3,0,0
596,4,0,4.0
596,5,0,4.0
596,6,0,4.0
596,7,0,4.333333333333333
596,8,0,4.75
596,9,0,4.75
596,10,0,5.2
596,11,0,5.666666666666667
596,12,0,5.666666666666667
596,13,0,5.666666666666667
596,14,0,6.125
596,15,0,6.125
596,16,0,6.125
596,17,0,6.125
596,18,0,6.9
596,19,0,6.9
596,20,0,7.454545454545454
596,21,0,7.454545454545454
596,22,0,7.75
596,23,0,7.75
596,24,0,8.571428571428571
596,25,0,8.571428571428571
596,26,0,8.666666666666666
596,27,0,8.666666666666666
596,28,0,9.352941176470589
596,29,0,9.352941176470589
596,30,0,9.352941176470589
596,31,0,9.444444444444445
596,32,0,10.105263157894736
596,33,0,10.105263157894736
596,34,0,10.1
597,0,0,0
597,1,0,0
597,2,0,0
597,3,0,2.5
597,4,0,3.0
597,5,0,3.0
597,6,0,3.0
597,7,0,3.75
597,8,0,4.0
597,9,0,4.5
597,10,0,4.5
597,11,0,4.714285714285714
597,12,0,5.0
597,13,0,5.0
597,14,0,5.222222222222222
597,15,0,5.6
597,16,0,5.6
597,17,0,5.818181818181818
597,18,0,6.25
597,19,0,6.461538461538462
597,20,0,6.461538461538462
597,21,0,6.357142857142857
597,22,0,6.733333333333333
597,23,0,6.6875
597,24,0,7.0
597,25,0,6.833333333333333
597,26,0,6.833333333333333
597,27,0,6.833333333333333
597,28,0,7.15
597,29,0,7.15
597,30,0,7.0476190476190474
597,31,0,7.5
597,32,0,7.5
597,33,0,7.826086956521739
597,34,0,7.833333333333333
598,0,0,0
598,1,0,0
598,2,0,2.0
598,3,0,2.0
598,4,0,2.0
598,5,0,2.6666666666666665
598,6,0,2.6666666666666665
598,7,0,2.75
598,8,0,3.4
598,9,0,3.4
598,10,0,3.4285714285714284
598,11,0,3.4285714285714284
598,12,0,3.4285714285714284
598,13,0,3.875
598,14,0,4.0
598,15,0,4.0
598,16,0,4.0
598,17,0,4.818181818181818
598,18,0,4.818181818181818
598,19,0,4.818181818181818
598,20,0,5.166666666666667
598,21,0,5.769230769230769
598,22,0,5.769230769230769
598,23,0,6.071428571428571
598,24,0,6.071428571428571
598,25,0,6.733333333333333
598,26,0,6.733333333333333
598,27,0,7.705882352941177
598,28,0,7.705882352941177
598,29,0,8.277777777777779
598,30,0,8.631578947368421
598,31,0,8.631578947368421
598,32,0,8.631578947368421
598,33,0,9.523809523809524
598,34,0,9.523809523809524
599,0,0,0
599,1,0,0
599,2,0,0
599,3,0,2.5
599,4,0,2.5
599,5,0,2.5
599,6,0,2.5
599,7,0,3.2
599,8,0,3.5
599,9,0,3.5
599,10,0,3.5
599,11,0,3.5
599,12,0,3.875
599,13,0,3.875
599,14,0,3.875
599,15,0,4.444444444444445
599,16,0,4.5
599,17,0,5.0
599,18,0,5.0
599,19,0,5.384615384615385
599,20,0,5.384615384615385
599,21,0,5.714285714285714
599,22,0,5.8
599,23,0,6.0625
599,24,0,6.176470588235294
599,25,0,6.176470588235294
599,26,0,6.5
599,27,0,6.5
599,28,0,6.578947368421052
599,29,0,6.85
599,30,0,6.904761904761905
599,31,0,6.904761904761905
599,32,0,6.904761904761905
599,33,0,7.181818181818182
599,34,0,7.3478260869565215
600,0,0,0
600,1,0,0
600,2,0,0
600,3,0,2.0
600,4,0,2.0
600,5,0,2.0
600,6,0,2.0
600,7,0,2.0
600,8,0,2.0
600,9,0,2.6666666666666665
600,10,0,2.6666666666666665
600,11,0,3.0
600,12,0,3.4
600,13,0,3.3333333333333335
600,14,0,3.2857142857142856
600,15,0,3.2857142857142856
600,16,0,3.125
600,17,0,3.125
600,18,0,3.2
600,19,0,3.2
600,20,0,3.5
600,21,0,3.5
600,22,0,3.6153846153846154
600,23,0,3.6153846153846154
600,24,0,3.9285714285714284
600,25,0,3.9285714285714284
600,26,0,4.133333333333334
600,27,0,4.133333333333334
600,28,0,4.0625
600,29,0,4.294117647058823
600,30,0,4.294117647058823
600,31,0,4.277777777777778
600,32,0,4.277777777777778
600,33,0,4.65
600,34,0,4.65
601,0,0,0
601,1,0,0
601,2,0,2.0
601,3,0,2.0
601,4,0,2.0
601,5,0,2.75
601,6,0,2.75
601,7,0,2.75
601,8,0,3.4
601,9,0,3.5
601,10,0,3.5
601,11,0,3.7142857142857144
601,12,0,3.5
601,13,0,3.6666666666666665
601,14,0,3.6666666666666665
601,15,0,3.7
601,16,0,3.909090909090909
601,17,0,3.909090909090909
601,18,0,4.083333333333333
601,19,0,4.083333333333333
601,20,0,4.461538461538462
601,21,0,4.461538461538462
601,22,0,4.785714285714286
601,23,0,4.785714285714286
601,24,0,5.2
601,25,0,5.5625
601,26,0,5.823529411764706
601,27,0,5.823529411764706
601,28,0,6.055555555555555
601,29,0,6.055555555555555
601,30,0,6.55
601,31,0,6.55
601,32,0,6.809523809523809
601,33,0,6.809523809523809
601,34,0,7.136363636363637
602,0,0,0
602,1,0,0
602,2,0,0
602,3,0,3.0
602,4,0,3.0
602,5,0,3.0
602,6,0,3.0
602,7,0,4.0
602,8,0,4.0
602,9,0,4.4
602,10,0,4.4
602,11,0,4.4
602,12,0,4.5
602,13,0,4.857142857142857
602,14,0,4.625
602,15,0,4.7
602,16,0,4.7
602,17,0,4.454545454545454
602,18,0,4.454545454545454
602,19,0,4.833333333333333
602,20,0,4.615384615384615
602,21,0,4.615384615384615
602,22,0,5.071428571428571
602,23,0,4.866666666666666
602,24,0,5.3125
602,25,0,5.3125
602,26,0,5.235294117647059
602,27,0,5.722222222222222
602,28,0,5.722222222222222
602,29,0,5.7368421052631575
602,30,0,5.7368421052631575
602,31,0,6.285714285714286
602,32,0,6.285714285714286
602,33,0,6.285714285714286
602,34,0,6.869565217391305
603,0,0,0
603,1,0,0
603,2,0,0
603,3,0,2.5
603,4,0,2.5
603,5,0,2.5
603,6,0,2.5
603,7,0,3.75
603,8,0,3.75
603,9,0,3.75
603,10,0,3.75
603,11,0,4.166666666666667
603,12,0,4.166666666666667
603,13,0,4.428571428571429
603,14,0,4.5
603,15,0,4.777777777777778
603,16,0,4.777777777777778
603,17,0,5.1
603,18,0,5.2727272727272725
603,19,0,5.2727272727272725
603,20,0,5.2727272727272725
603,21,0,6.0
603,22,0,6.0
603,23,0,6.0
603,24,0,6.357142857142857
603,25,0,6.466666666666667
603,26,0,6.466666666666667
603,27,0,7.0
603,28,0,7.0
603,29,0,7.388888888888889
603,30,0,7.578947368421052
603,31,0,7.8
603,32,0,7.8
603,33,0,7.8
603,34,0,8.095238095238095
604,0,0,0
604,1,0,0
604,2,0,0
604,3,0,0
604,4,0,3.0
604,5,0,3.0
604,6,0,2.6666666666666665
604,7,0,2.6666666666666665
604,8,0,3.0
604,9,0,3.0
604,10,0,3.1666666666666665
604,11,0,3.2857142857142856
604,12,0,3.2857142857142856
604,13,0,3.5
604,14,0,3.5
604,15,0,3.888888888888889
604,16,0,4.2
604,17,0,4.2
604,18,0,4.636363636363637
604,19,0,4.5
604,20,0,4.846153846153846
604,21,0,4.846153846153846
604,22,0,5.133333333333334
604,23,0,5.133333333333334
604,24,0,5.133333333333334
604,25,0,5.0625
604,26,0,5.529411764705882
604,27,0,5.5
604,28,0,5.5
604,29,0,5.894736842105263
604,30,0,5.894736842105263
604,31,0,6.142857142857143
604,32,0,6.142857142857143
604,33,0,6.304347826086956
604,34,0,6.304347826086956
605,0,0,0
605,1,0,0
605,2,0,0
605,3,0,3.0
605,4,0,3.0
605,5,0,3.0
605,6,0,3.0
605,7,0,4.25
605,8,0,4.25
605,9,0,4.4
605,10,0,5.0
605,11,0,5.0
605,12,0,5.142857142857143
605,13,0,5.625
605,14,0,5.625
605,15,0,5.666666666666667
605,16,0,5.666666666666667
605,17,0,6.3
605,18,0,6.363636363636363
605,19,0,6.363636363636363
605,20,0,6.5
605,21,0,7.153846153846154
605,22,0,7.214285714285714
605,23,0,7.214285714285714
605,24,0,7.214285714285714
605,25,0,7.6
605,26,0,7.8125
605,27,0,7.8125
605,28,0,7.8125
605,29,0,8.294117647058824
605,30,0,8.61111111111111
605,31,0,8.61111111111111
605,32,0,8.789473684210526
605,33,0,9.3
605,34,0,9.3
606,0,0,0
606,1,0,0
606,2,0,2.0
606,3,0,2.0
606,4,0,2.5
606,5,0,2.5
606,6,0,2.5
606,7,0,3.3333333333333335
606,8,0,3.25
606,9,0,3.25
606,10,0,3.6
606,11,0,3.6666666666666665
606,12,0,3.6666666666666665
606,13,0,3.6666666666666665
606,14,0,4.125
606,15,0,4.125
606,16,0,4.555555555555555
606,17,0,4.555555555555555
606,18,0,4.555555555555555
606,19,0,5.1
606,20,0,5.0
606,21,0,4.75
606,22,0,5.230769230769231
606,23,0,5.285714285714286
606,24,0,5.285714285714286
606,25,0,5.285714285714286
606,26,0,5.9375
606,27,0,5.9375
606,28,0,6.388888888888889
606,29,0,6.388888888888889
606,30,0,6.421052631578948
606,31,0,6.421052631578948
606,32,0,6.95
606,33,0,6.95
606,34,0,7.0476190476190474
607,0,0,0
607,1,0,0
607,2,0,0
607,3,0,3.0
607,4,0,3.0
607,5,0,3.5
607,6,0,3.5
607,7,0,4.0
607,8,0,4.0
607,9,0,5.0
607,10,0,5.0
607,11,0,5.0
607,12,0,4.857142857142857
607,13,0,4.875
607,14,0,4.875
607,15,0,5.333333333333333
607,16,0,5.333333333333333
607,17,0,5.6
607,18,0,6.090909090909091
607,19,0,6.090909090909091
607,20,0,6.090909090909091
607,21,0,6.923076923076923
607,22,0,6.923076923076923
607,23,0,7.214285714285714
607,24,0,7.214285714285714
607,25,0,7.875
607,26,0,7.875
607,27,0,8.11111111111111
607,28,0,8.11111111111111
607,29,0,8.263157894736842
607,30,0,8.263157894736842
607,31,0,8.5
607,32,0,8.714285714285714
607,33,0,8.909090909090908
607,34,0,9.08695652173913
608,0,0,0
608,1,0,0
608,2,0,2.0
608,3,0,2.3333333333333335
608,4,0,2.3333333333333335
608,5,0,2.3333333333333335
608,6,0,3.0
608,7,0,3.0
608,8,0,3.0
608,9,0,3.0
608,10,0,3.8333333333333335
608,11,0,4.0
608,12,0,4.0
608,13,0,4.625
608,14,0,4.625
608,15,0,4.888888888888889
608,16,0,4.888888888888889
608,17,0,5.6
608,18,0,5.6
608,19,0,5.818181818181818
608,20,0,6.416666666666667
608,21,0,6.416666666666667
608,22,0,6.416666666666667
608,23,0,6.769230769230769
608,24,0,7.428571428571429
608,25,0,7.428571428571429
608,26,0,8.066666666666666
608,27,0,8.4375
608,28,0,8.4375
608,29,0,9.0
608,30,0,9.333333333333334
608,31,0,8.947368421052632
608,32,0,9.761904761904763
608,33,0,9.761904761904763
608,34,0,9.761904761904763
609,0,0,0
609,1,0,0
609,2,0,2.0
609,3,0,2.0
609,4,0,2.0
609,5,0,2.3333333333333335
609,6,0,2.3333333333333335
609,7,0,2.5
609,8,0,3.0
609,9,0,3.1666666666666665
609,10,0,3.5714285714285716
609,11,0,3.75
609,12,0,3.75
609,13,0,4.1
609,14,0,4.1
609,15,0,4.181818181818182
609,16,0,4.181818181818182
609,17,0,4.666666666666667
609,18,0,4.666666666666667
609,19,0,4.923076923076923
609,20,0,5.428571428571429
609,21,0,5.428571428571429
609,22,0,5.8
609,23,0,6.0625
609,24,0,6.0625
609,25,0,6.411764705882353
609,26,0,6.411764705882353
609,27,0,6.611111111111111
609,28,0,6.894736842105263
609,29,0,7.1
609,30,0,7.380952380952381
609,31,0,7.380952380952381
609,32,0,7.380952380952381
609,33,0,7.869565217391305
609,34,0,7.869565217391305
610,0,0,0
610,1,0,0
610,2,0,0
610,3,0,0
610,4,0,4.0
610,5,0,3.5
610,6,0,3.5
610,7,0,4.0
610,8,0,4.25
610,9,0,4.25
610,10,0,4.25
610,11,0,5.0
610,12,0,5.5
610,13,0,5.5
610,14,0,5.5
610,15,0,6.285714285714286
610,16,0,6.875
610,17,0,7.111111111111111
610,18,0,7.6
610,19,0,7.6
610,20,0,7.666666666666667
610,21,0,7.666666666666667
610,22,0,7.666666666666667
610,23,0,7.857142857142857
610,24,0,7.857142857142857
610,25,0,7.857142857142857
610,26,0,7.857142857142857
610,27,0,8.1875
610,28,0,8.1875
610,29,0,8.352941176470589
610,30,0,8.38888888888889
610,31,0,8.38888888888889
610,32,0,8.38888888888889
610,33,0,8.68421052631579
610,34,0,8.85
611,0,0,0
611,1,0,0
611,2,0,0
611,3,0,0
611,4,0,4.0
611,5,0,4.0
611,6,0,4.0
611,7,0,4.333333333333333
611,8,0,4.25
611,9,0,4.6
611,10,0,4.6
611,11,0,4.857142857142857
611,12,0,4.857142857142857
611,13,0,4.857142857142857
611,14,0,5.444444444444445
611,15,0,5.444444444444445
611,16,0,5.4
611,17,0,5.4
611,18,0,5.545454545454546
611,19,0,5.545454545454546
611,20,0,5.75
611,21,0,5.75
611,22,0,6.076923076923077
611,23,0,6.076923076923077
611,24,0,6.6
611,25,0,6.6
611,26,0,6.75
611,27,0,7.117647058823529
611,28,0,7.277777777777778
611,29,0,7.277777777777778
611,30,0,7.631578947368421
611,31,0,7.85
611,32,0,7.85
611,33,0,8.238095238095237
611,34,0,8.238095238095237
612,0,0,0
612,1,0,0
612,2,0,2.0
612,3,0,2.0
612,4,0,2.3333333333333335
612,5,0,2.3333333333333335
612,6,0,2.3333333333333335
612,7,0,2.6
612,8,0,2.8333333333333335
612,9,0,3.0
612,10,0,3.0
612,11,0,3.0
612,12,0,3.25
612,13,0,3.3333333333333335
612,14,0,3.3333333333333335
612,15,0,3.8181818181818183
612,16,0,3.8181818181818183
612,17,0,4.166666666666667
612,18,0,4.384615384615385
612,19,0,4.384615384615385
612,20,0,4.785714285714286
612,21,0,4.785714285714286
612,22,0,5.133333333333334
612,23,0,5.5625
612,24,0,5.5625
612,25,0,5.5625
612,26,0,6.333333333333333
612,27,0,6.333333333333333
612,28,0,6.631578947368421
612,29,0,6.631578947368421
612,30,0,6.8
612,31,0,7.142857142857143
612,32,0,7.142857142857143
612,33,0,7.142857142857143
612,34,0,7.363636363636363
613,0,0,0
613,1,0,0
613,2,0,0
613,3,0,2.0
613,4,0,2.6666666666666665
613,5,0,2.6666666666666665
613,6,0,2.6666666666666665
613,7,0,3.4
613,8,0,3.4
613,9,0,3.4
613,10,0,4.142857142857143
613,11,0,4.142857142857143
613,12,0,4.142857142857143
613,13,0,4.555555555555555
613,14,0,4.8
613,15,0,4.8
613,16,0,5.363636363636363
613,17,0,5.363636363636363
613,18,0,6.230769230769231
613,19,0,6.230769230769231
613,20,0,6.714285714285714
613,21,0,6.714285714285714
613,22,0,7.25
613,23,0,7.25
613,24,0,7.25
613,25,0,7.25
613,26,0,7.833333333333333
613,27,0,7.833333333333333
613,28,0,7.833333333333333
613,29,0,8.45
613,30,0,8.45
613,31,0,8.45
613,32,0,8.761904761904763
613,33,0,9.181818181818182
613,34,0,9.181818181818182
614,0,0,0
614,1,0,0
614,2,0,0
614,3,0,2.5
614,4,0,2.5
614,5,0,2.3333333333333335
614,6,0,3.2
614,7,0,3.2
614,8,0,3.6666666666666665
614,9,0,3.6666666666666665
614,10,0,4.375
614,11,0,4.375
614,12,0,4.375
614,13,0,4.375
614,14,0,5.1
614,15,0,5.1
614,16,0,4.818181818181818
614,17,0,5.166666666666667
614,18,0,5.615384615384615
614,19,0,5.615384615384615
614,20,0,5.615384615384615
614,21,0,6.533333333333333
614,22,0,6.533333333333333
614,23,0,7.0
614,24,0,7.0
614,25,0,7.411764705882353
614,26,0,7.555555555555555
614,27,0,7.555555555555555
614,28,0,7.555555555555555
614,29,0,8.052631578947368
614,30,0,8.2
614,31,0,8.666666666666666
614,32,0,8.636363636363637
614,33,0,9.0
614,34,0,9.0
615,0,0,0
615,1,0,0
615,2,0,0
615,3,0,3.0
615,4,0,3.5
615,5,0,3.5
615,6,0,3.6666666666666665
615,7,0,4.25
615,8,0,4.25
615,9,0,4.4
615,10,0,4.333333333333333
615,11,0,4.333333333333333
615,12,0,4.428571428571429
615,13,0,4.428571428571429
615,14,0,4.75
615,15,0,4.666666666666667
615,16,0,4.666666666666667
615,17,0,5.0
615,18,0,5.0
615,19,0,5.0
615,20,0,5.153846153846154
615,21,0,5.357142857142857
615,22,0,5.357142857142857
615,23,0,5.8125
615,24,0,5.8125
615,25,0,5.8125
615,26,0,5.8125
615,27,0,6.222222222222222
615,28,0,6.222222222222222
615,29,0,6.222222222222222
615,30,0,6.6
615,31,0,6.6
615,32,0,6.6
615,33,0,6.761904761904762
615,34,0,7.0
616,0,0,0
616,1,0,0
616,2,0,0
616,3,0,0
616,4,0,0
616,5,0,0
616,6,0,2.0
616,7,0,2.0
616,8,0,2.0
616,9,0,2.0
616,10,0,2.25
616,11,0,2.25
616,12,0,2.6
616,13,0,2.5714285714285716
616,14,0,2.5714285714285716
616,15,0,2.5714285714285716
616,16,0,3.125
616,17,0,3.125
616,18,0,3.3333333333333335
616,19,0,3.3
616,20,0,3.3
616,21,0,3.3
616,22,0,3.75
616,23,0,3.75
616,24,0,3.75
616,25,0,3.75
616,26,0,4.214285714285714
616,27,0,4.214285714285714
616,28,0,4.266666666666667
616,29,0,4.266666666666667
616,30,0,4.588235294117647
616,31,0,4.588235294117647
616,32,0,4.588235294117647
616,33,0,4.947368421052632
616,34,0,4.947368421052632
617,0,0,0
617,1,0,0
617,2,0,0
617,3,0,2.5
617,4,0,2.3333333333333335
617,5,0,2.3333333333333335
617,6,0,2.8
617,7,0,2.8
617,8,0,3.1666666666666665
617,9,0,3.1666666666666665
617,10,0,3.4285714285714284
617,11,0,3.875
617,12,0,3.875
617,13,0,3.875
617,14,0,4.222222222222222
617,15,0,4.6
617,16,0,4.6
617,17,0,5.333333333333333
617,18,0,5.333333333333333
617,19,0,5.6923076923076925
617,20,0,6.071428571428571
617,21,0,6.333333333333333
617,22,0,6.333333333333333
617,23,0,6.625
617,24,0,6.9411764705882355
617,25,0,6.9411764705882355
617,26,0,6.9411764705882355
617,27,0,7.578947368421052
617,28,0,7.578947368421052
617,29,0,7.8
617,30,0,7.8
617,31,0,8.454545454545455
617,32,0,8.454545454545455
617,33,0,8.826086956521738
617,34,0,8.826086956521738
618,0,0,0
618,1,0,0
618,2,0,0
618,3,0,0
618,4,0,3.5
618,5,0,3.5
618,6,0,3.5
618,7,0,4.333333333333333
618,8,0,4.5
618,9,0,4.2
618,10,0,4.2
618,11,0,4.666666666666667
618,12,0,4.285714285714286
618,13,0,4.285714285714286
618,14,0,4.285714285714286
618,15,0,4.75
618,16,0,4.75
618,17,0,4.555555555555555
618,18,0,5.1
618,19,0,5.0
618,20,0,5.0
618,21,0,5.416666666666667
618,22,0,5.416666666666667
618,23,0,5.538461538461538
618,24,0,6.0
618,25,0,6.0
618,26,0,6.0
618,27,0,6.6875
618,28,0,6.6875
618,29,0,6.882352941176471
618,30,0,6.882352941176471
618,31,0,7.368421052631579
618,32,0,7.368421052631579
618,33,0,7.368421052631579
618,34,0,7.5
619,0,0,0
619,1,0,0
619,2,0,0
619,3,0,3.0
619,4,0,3.0
619,5,0,2.5
619,6,0,2.6666666666666665
619,7,0,2.6666666666666665
619,8,0,3.0
619,9,0,3.4
619,10,0,3.4
619,11,0,3.857142857142857
619,12,0,3.857142857142857
619,13,0,4.25
619,14,0,4.25
619,15,0,4.0
619,16,0,4.0
619,17,0,4.363636363636363
619,18,0,4.363636363636363
619,19,0,4.363636363636363
619,20,0,4.846153846153846
619,21,0,4.846153846153846
619,22,0,4.785714285714286
619,23,0,5.266666666666667
619,24,0,5.266666666666667
619,25,0,5.647058823529412
619,26,0,5.647058823529412
619,27,0,5.647058823529412
619,28,0,6.052631578947368
619,29,0,6.052631578947368
619,30,0,6.5
619,31,0,6.5
619,32,0,6.428571428571429
619,33,0,6.818181818181818
619,34,0,6.782608695652174
620,0,0,0
620,1,0,0
620,2,0,2.0
620,3,0,2.0
620,4,0,2.0
620,5,0,2.0
620,6,0,2.0
620,7,0,2.2
620,8,0,2.3333333333333335
620,9,0,2.3333333333333335
620,10,0,2.7142857142857144
620,11,0,2.7142857142857144
620,12,0,3.3333333333333335
620,13,0,3.3333333333333335
620,14,0,3.3333333333333335
620,15,0,3.3333333333333335
620,16,0,4.181818181818182
620,17,0,4.181818181818182
620,18,0,4.181818181818182
620,19,0,4.666666666666667
620,20,0,5.076923076923077
620,21,0,5.357142857142857
620,22,0,5.357142857142857
620,23,0,5.357142857142857
620,24,0,5.8
620,25,0,6.1875
620,26,0,6.1875
620,27,0,6.1875
620,28,0,6.777777777777778
620,29,0,6.777777777777778
620,30,0,7.157894736842105
620,31,0,7.3
620,32,0,7.3
620,33,0,7.714285714285714
620,34,0,7.863636363636363
621,0,0,0
621,1,0,0
621,2,0,0
621,3,0,3.0
621,4,0,3.0
621,5,0,3.0
621,6,0,2.6666666666666665
621,7,0,2.6666666666666665
621,8,0,2.5
621,9,0,3.2
621,10,0,3.2
621,11,0,3.2
621,12,0,3.7142857142857144
621,13,0,3.7142857142857144
621,14,0,3.7142857142857144
621,15,0,4.375
621,16,0,4.555555555555555
621,17,0,5.1
621,18,0,5.1
621,19,0,5.2727272727272725
621,20,0,5.666666666666667
621,21,0,5.666666666666667
621,22,0,5.666666666666667
621,23,0,5.846153846153846
621,24,0,6.357142857142857
621,25,0,6.533333333333333
621,26,0,6.533333333333333
621,27,0,6.533333333333333
621,28,0,6.875
621,29,0,7.117647058823529
621,30,0,7.117647058823529
621,31,0,7.7368421052631575
621,32,0,7.7368421052631575
621,33,0,8.0
621,34,0,8.333333333333334
622,0,0,0
622,1,0,0
622,2,0,2.0
622,3,0,2.0
622,4,0,2.0
622,5,0,2.0
622,6,0,3.0
622,7,0,3.0
622,8,0,3.0
622,9,0,3.25
622,10,0,3.8
622,11,0,3.8
622,12,0,3.8
622,13,0,4.166666666666667
622,14,0,4.142857142857143
622,15,0,4.142857142857143
622,16,0,4.375
622,17,0,4.444444444444445
622,18,0,4.444444444444445
622,19,0,4.444444444444445
622,20,0,4.9
622,21,0,5.181818181818182
622,22,0,5.5
622,23,0,5.5
622,24,0,5.5
622,25,0,5.923076923076923
622,26,0,6.357142857142857
622,27,0,6.357142857142857
622,28,0,6.8
622,29,0,7.25
622,30,0,7.25
622,31,0,7.588235294117647
622,32,0,8.0
622,33,0,8.0
622,34,0,8.0
623,0,0,0
623,1,0,0
623,2,0,0
623,3,0,0
623,4,0,0
623,5,0,4.0
623,6,0,3.5
623,7,0,3.3333333333333335
623,8,0,3.3333333333333335
623,9,0,3.75
623,10,0,3.75
623,11,0,4.2
623,12,0,4.666666666666667
623,13,0,4.666666666666667
623,14,0,5.142857142857143
623,15,0,5.625
623,16,0,5.625
623,17,0,5.888888888888889
623,18,0,6.4
623,19,0,6.545454545454546
623,20,0,6.833333333333333
623,21,0,6.833333333333333
623,22,0,7.076923076923077
623,23,0,7.428571428571429
623,24,0,7.4
623,25,0,7.6875
623,26,0,7.6875
623,27,0,7.764705882352941
623,28,0,7.764705882352941
623,29,0,8.166666666666666
623,30,0,8.166666666666666
623,31,0,8.368421052631579
623,32,0,8.368421052631579
623,33,0,8.85
623,34,0,8.85
624,0,0,0
624,1,0,0
624,2,0,0
624,3,0,0
624,4,0,0
624,5,0,3.0
624,6,0,2.5
624,7,0,2.5
624,8,0,2.5
624,9,0,2.6666666666666665
624,10,0,2.6666666666666665
624,11,0,3.0
624,12,0,3.0
624,13,0,3.1666666666666665
624,14,0,3.5714285714285716
624,15,0,3.5714285714285716
624,16,0,3.5714285714285716
624,17,0,4.0
624,18,0,4.444444444444445
624,19,0,4.444444444444445
624,20,0,4.444444444444445
624,21,0,5.363636363636363
624,22,0,5.363636363636363
624,23,0,5.833333333333333
624,24,0,6.076923076923077
624,25,0,6.076923076923077
624,26,0,6.076923076923077
624,27,0,6.333333333333333
624,28,0,6.6875
624,29,0,7.176470588235294
624,30,0,7.176470588235294
624,31,0,7.176470588235294
624,32,0,7.555555555555555
624,33,0,8.0
624,34,0,8.0
625,0,0,0
625,1,0,0
625,2,0,0
625,3,0,1.0
625,4,0,1.0
625,5,0,3.0
625,6,0,3.0
625,7,0,3.0
625,8,0,3.5
625,9,0,4.0
625,10,0,4.0
625,11,0,4.0
625,12,0,4.0
625,13,0,3.857142857142857
625,14,0,3.857142857142857
625,15,0,3.857142857142857
625,16,0,4.125
625,17,0,4.125
625,18,0,4.444444444444445
625,19,0,4.444444444444445
625,20,0,4.444444444444445
625,21,0,4.9
625,22,0,4.9
625,23,0,4.9
625,24,0,4.818181818181818
625,25,0,5.333333333333333
625,26,0,5.333333333333333
625,27,0,5.384615384615385
625,28,0,5.857142857142857
625,29,0,5.857142857142857
625,30,0,6.0625
625,31,0,6.0625
625,32,0,6.0625
625,33,0,6.0625
625,34,0,6.235294117647059
626,0,0,0
626,1,0,0
626,2,0,0
626,3,0,3.0
626,4,0,3.0
626,5,0,3.0
626,6,0,3.0
626,7,0,3.0
626,8,0,3.0
626,9,0,3.0
626,10,0,3.0
626,11,0,3.0
626,12,0,3.0
626,13,0,4.0
626,14,0,4.0
626,15,0,4.0
626,16,0,4.0
626,17,0,5.0
626,18,0,5.0
626,19,0,5.0
626,20,0,5.571428571428571
626,21,0,5.571428571428571
626,22,0,5.75
626,23,0,6.0
626,24,0,6.0
626,25,0,6.3
626,26,0,6.545454545454546
626,27,0,6.545454545454546
626,28,0,6.916666666666667
626,29,0,6.916666666666667
626,30,0,7.230769230769231
626,31,0,7.230769230769231
626,32,0,7.714285714285714
626,33,0,8.0
626,34,0,8.0
627,0,0,0
627,1,0,0
627,2,0,2.0
627,3,0,2.0
627,4,0,2.0
627,5,0,2.0
627,6,0,2.0
627,7,0,2.2
627,8,0,2.6666666666666665
627,9,0,2.6666666666666665
627,10,0,2.6666666666666665
627,11,0,3.142857142857143
627,12,0,3.625
627,13,0,3.625
627,14,0,3.625
627,15,0,4.7
627,16,0,4.7
627,17,0,4.909090909090909
627,18,0,5.416666666666667
627,19,0,5.615384615384615
627,20,0,5.928571428571429
627,21,0,5.928571428571429
627,22,0,6.0
627,23,0,6.3125
627,24,0,6.411764705882353
627,25,0,6.722222222222222
627,26,0,6.722222222222222
627,27,0,6.722222222222222
627,28,0,7.25
627,29,0,7.25
627,30,0,7.285714285714286
627,31,0,7.285714285714286
627,32,0,7.681818181818182
627,33,0,7.681818181818182
627,34,0,7.826086956521739
628,0,0,0
628,1,0,0
628,2,0,0
628,3,0,2.5
628,4,0,2.5
628,5,0,2.75
628,6,0,2.75
628,7,0,2.75
628,8,0,2.8333333333333335
628,9,0,2.8333333333333335
628,10,0,2.8333333333333335
628,11,0,3.142857142857143
628,12,0,3.25
628,13,0,3.5555555555555554
628,14,0,3.7
628,15,0,4.0
628,16,0,4.0
628,17,0,4.0
628,18,0,4.615384615384615
628,19,0,4.615384615384615
628,20,0,4.928571428571429
628,21,0,4.928571428571429
628,22,0,5.4375
628,23,0,5.4375
628,24,0,5.4375
628,25,0,5.588235294117647
628,26,0,5.666666666666667
628,27,0,5.666666666666667
628,28,0,5.666666666666667
628,29,0,5.947368421052632
628,30,0,6.15
628,31,0,6.15
628,32,0,6.476190476190476
628,33,0,6.590909090909091
628,34,0,6.590909090909091
629,0,0,0
629,1,0,0
629,2,0,0
629,3,0,2.0
629,4,0,2.5
629,5,0,2.5
629,6,0,2.3333333333333335
629,7,0,2.3333333333333335
629,8,0,2.3333333333333335
629,9,0,2.3333333333333335
629,10,0,2.3333333333333335
629,11,0,2.3333333333333335
629,12,0,2.5
629,13,0,2.5
629,14,0,2.5
629,15,0,3.1666666666666665
629,16,0,3.0
629,17,0,3.0
629,18,0,3.0
629,19,0,3.7777777777777777
629,20,0,3.7777777777777777
629,21,0,3.7777777777777777
629,22,0,4.3
629,23,0,4.454545454545454
629,24,0,4.454545454545454
629,25,0,4.454545454545454
629,26,0,5.083333333333333
629,27,0,5.384615384615385
629,28,0,5.928571428571429
629,29,0,5.866666666666666
629,30,0,5.866666666666666
629,31,0,5.866666666666666
629,32,0,6.166666666666667
629,33,0,6.166666666666667
629,34,0,6.166666666666667
630,0,0,0
630,1,0,0
630,2,0,2.0
630,3,0,2.0
630,4,0,3.0
630,5,0,3.3333333333333335
630,6,0,3.3333333333333335
630,7,0,4.0
630,8,0,4.0
630,9,0,4.0
630,10,0,4.0
630,11,0,4.571428571428571
630,12,0,4.571428571428571
630,13,0,4.5
630,14,0,5.222222222222222
630,15,0,5.222222222222222
630,16,0,5.222222222222222
630,17,0,6.090909090909091
630,18,0,6.090909090909091
630,19,0,6.090909090909091
630,20,0,6.833333333333333
630,21,0,7.076923076923077
630,22,0,7.076923076923077
630,23,0,7.071428571428571
630,24,0,7.8
630,25,0,7.8
630,26,0,8.411764705882353
630,27,0,8.411764705882353
630,28,0,8.222222222222221
630,29,0,8.894736842105264
630,30,0,8.894736842105264
630,31,0,8.8
630,32,0,8.8
630,33,0,9.476190476190476
630,34,0,9.409090909090908
631,0,0,0
631,1,0,0
631,2,0,0
631,3,0,0
631,4,0,3.0
631,5,0,3.0
631,6,0,3.0
631,7,0,3.6666666666666665
631,8,0,4.0
631,9,0,4.0
631,10,0,4.5
631,11,0,4.5
631,12,0,4.5
631,13,0,4.5
631,14,0,5.25
631,15,0,5.25
631,16,0,5.444444444444445
631,17,0,5.5
631,18,0,5.5
631,19,0,5.818181818181818
631,20,0,6.0
631,21,0,6.0
631,22,0,6.0
631,23,0,6.3076923076923075
631,24,0,6.571428571428571
631,25,0,6.571428571428571
631,26,0,6.866666666666666
631,27,0,7.0625
631,28,0,7.0625
631,29,0,7.0625
631,30,0,7.411764705882353
631,31,0,7.722222222222222
631,32,0,7.722222222222222
631,33,0,7.722222222222222
631,34,0,8.157894736842104
632,0,0,0
632,1,0,0
632,2,0,0
632,3,0,3.0
632,4,0,3.0
632,5,0,3.0
632,6,0,4.0
632,7,0,4.0
632,8,0,4.0
632,9,0,3.6666666666666665
632,10,0,4.5
632,11,0,4.5
632,12,0,4.5
632,13,0,5.166666666666667
632,14,0,5.166666666666667
632,15,0,5.166666666666667
632,16,0,5.285714285714286
632,17,0,5.625
632,18,0,5.625
632,19,0,6.0
632,20,0,6.3
632,21,0,6.363636363636363
632,22,0,6.363636363636363
632,23,0,6.363636363636363
632,24,0,6.846153846153846
632,25,0,6.846153846153846
632,26,0,6.785714285714286
632,27,0,6.933333333333334
632,28,0,6.875
632,29,0,6.588235294117647
632,30,0,6.611111111111111
632,31,0,6.842105263157895
632,32,0,6.65
632,33,0,6.65
632,34,0,6.809523809523809
633,0,0,0
633,1,0,0
633,2,0,0
633,3,0,2.0
633,4,0,2.5
633,5,0,2.5
633,6,0,3.0
633,7,0,3.0
633,8,0,3.0
633,9,0,3.6
633,10,0,3.6
633,11,0,3.6
633,12,0,4.428571428571429
633,13,0,4.125
633,14,0,4.333333333333333
633,15,0,4.8
633,16,0,4.8
633,17,0,4.8
633,18,0,5.090909090909091
633,19,0,5.5
633,20,0,5.5
633,21,0,5.846153846153846
633,22,0,6.071428571428571
633,23,0,6.071428571428571
633,24,0,6.266666666666667
633,25,0,6.6875
633,26,0,6.6875
633,27,0,7.277777777777778
633,28,0,7.277777777777778
633,29,0,7.277777777777778
633,30,0,7.85
633,31,0,7.85
633,32,0,8.0
633,33,0,8.272727272727273
633,34,0,8.434782608695652
634,0,0,0
634,1,0,0
634,2,0,0
634,3,0,0
634,4,0,0
634,5,0,2.0
634,6,0,2.0
634,7,0,2.5
634,8,0,2.5
634,9,0,2.5
634,10,0,2.5
634,11,0,2.4
634,12,0,2.4
634,13,0,2.5
634,14,0,2.5
634,15,0,3.0
634,16,0,3.0
634,17,0,3.111111111111111
634,18,0,3.111111111111111
634,19,0,3.5
634,20,0,3.727272727272727
634,21,0,3.727272727272727
634,22,0,3.9166666666666665
634,23,0,4.3076923076923075
634,24,0,4.3076923076923075
634,25,0,4.3076923076923075
634,26,0,4.357142857142857
634,27,0,4.866666666666666
634,28,0,4.866666666666666
634,29,0,5.1875
634,30,0,5.352941176470588
634,31,0,5.352941176470588
634,32,0,5.352941176470588
634,33,0,5.947368421052632
634,34,0,5.947368421052632
635,0,0,0
635,1,0,0
635,2,0,2.0
635,3,0,2.0
635,4,0,2.2
635,5,0,2.2
635,6,0,2.1666666666666665
635,7,0,2.1666666666666665
635,8,0,2.2857142857142856
635,9,0,2.2857142857142856
635,10,0,2.5
635,11,0,2.5555555555555554
635,12,0,2.5555555555555554
635,13,0,2.9
635,14,0,2.909090909090909
635,15,0,3.25
635,16,0,3.230769230769231
635,17,0,3.230769230769231
635,18,0,3.2142857142857144
635,19,0,3.3333333333333335
635,20,0,3.25
635,21,0,3.176470588235294
635,22,0,3.176470588235294
635,23,0,3.176470588235294
635,24,0,3.176470588235294
635,25,0,3.210526315789474
635,26,0,3.210526315789474
635,27,0,3.15
635,28,0,3.2857142857142856
635,29,0,3.227272727272727
635,30,0,3.227272727272727
635,31,0,3.217391304347826
635,32,0,3.4166666666666665
635,33,0,3.4166666666666665
635,34,0,3.4166666666666665
636,0,0,0
636,1,0,0
636,2,0,0
636,3,0,3.0
636,4,0,3.0
636,5,0,3.0
636,6,0,3.0
636,7,0,3.0
636,8,0,3.2
636,9,0,3.2
636,10,0,3.3333333333333335
636,11,0,3.3333333333333335
636,12,0,3.7142857142857144
636,13,0,4.0
636,14,0,4.0
636,15,0,4.0
636,16,0,3.727272727272727
636,17,0,3.727272727272727
636,18,0,3.5384615384615383
636,19,0,3.5384615384615383
636,20,0,3.5714285714285716
636,21,0,3.533333333333333
636,22,0,3.533333333333333
636,23,0,3.6875
636,24,0,3.6875
636,25,0,3.823529411764706
636,26,0,3.9444444444444446
636,27,0,3.9444444444444446
636,28,0,4.105263157894737
636,29,0,4.3
636,30,0,4.3
636,31,0,4.523809523809524
636,32,0,4.7272727272727275
636,33,0,4.7272727272727275
636,34,0,4.7272727272727275
637,0,0,0
637,1,0,0
637,2,0,2.0
637,3,0,2.0
637,4,0,3.0
637,5,0,3.0
637,6,0,3.3333333333333335
637,7,0,3.75
637,8,0,3.75
637,9,0,3.4
637,10,0,4.0
637,11,0,4.0
637,12,0,4.0
637,13,0,4.5
637,14,0,4.5
637,15,0,4.9
637,16,0,4.9
637,17,0,4.9
637,18,0,5.2727272727272725
637,19,0,5.230769230769231
637,20,0,5.230769230769231
637,21,0,5.428571428571429
637,22,0,5.533333333333333
637,23,0,5.533333333333333
637,24,0,5.9411764705882355
637,25,0,5.9411764705882355
637,26,0,5.9411764705882355
637,27,0,6.2105263157894735
637,28,0,6.2105263157894735
637,29,0,6.45
637,30,0,6.476190476190476
637,31,0,6.681818181818182
637,32,0,6.521739130434782
637,33,0,6.521739130434782
637,34,0,6.521739130434782
638,0,0,0
638,1,0,0
638,2,0,2.0
638,3,0,2.0
638,4,0,2.0
638,5,0,2.3333333333333335
638,6,0,3.0
638,7,0,3.0
638,8,0,3.0
638,9,0,3.6
638,10,0,4.333333333333333
638,11,0,4.333333333333333
638,12,0,4.5
638,13,0,5.0
638,14,0,5.0
638,15,0,5.0
638,16,0,5.4
638,17,0,6.0
638,18,0,6.333333333333333
638,19,0,6.333333333333333
638,20,0,6.333333333333333
638,21,0,7.142857142857143
638,22,0,7.142857142857143
638,23,0,7.142857142857143
638,24,0,7.142857142857143
638,25,0,8.0625
638,26,0,8.0625
638,27,0,8.0625
638,28,0,8.529411764705882
638,29,0,8.631578947368421
638,30,0,8.631578947368421
638,31,0,9.1
638,32,0,9.1
638,33,0,9.666666666666666
638,34,0,9.318181818181818
639,0,0,0
639,1,0,0
639,2,0,0
639,3,0,0
639,4,0,4.0
639,5,0,3.5
639,6,0,3.5
639,7,0,3.6666666666666665
639,8,0,3.6666666666666665
639,9,0,4.25
639,10,0,4.25
639,11,0,4.4
639,12,0,4.0
639,13,0,4.25
639,14,0,4.25
639,15,0,4.25
639,16,0,4.6
639,17,0,4.6
639,18,0,4.6
639,19,0,4.846153846153846
639,20,0,4.846153846153846
639,21,0,5.125
639,22,0,5.125
639,23,0,5.125
639,24,0,5.333333333333333
639,25,0,5.333333333333333
639,26,0,5.315789473684211
639,27,0,5.315789473684211
639,28,0,5.7
639,29,0,5.761904761904762
639,30,0,5.761904761904762
639,31,0,6.181818181818182
639,32,0,6.181818181818182
639,33,0,6.260869565217392
639,34,0,6.541666666666667
640,0,0,0
640,1,0,0
640,2,0,0
640,3,0,2.5
640,4,0,2.5
640,5,0,2.3333333333333335
640,6,0,2.3333333333333335
640,7,0,2.6666666666666665
640,8,0,2.6666666666666665
640,9,0,2.6666666666666665
640,10,0,2.6666666666666665
640,11,0,3.375
640,12,0,3.375
640,13,0,3.5
640,14,0,3.8181818181818183
640,15,0,3.8181818181818183
640,16,0,4.166666666666667
640,17,0,4.166666666666667
640,18,0,4.428571428571429
640,19,0,4.428571428571429
640,20,0,4.6875
640,21,0,5.0588235294117645
640,22,0,5.0588235294117645
640,23,0,5.0588235294117645
640,24,0,5.0
640,25,0,5.0
640,26,0,5.0
640,27,0,5.05
640,28,0,5.190476190476191
640,29,0,5.190476190476191
640,30,0,5.173913043478261
640,31,0,5.173913043478261
640,32,0,5.416666666666667
640,33,0,5.52
640,34,0,5.52
641,0,0,0
641,1,0,0
641,2,0,0
641,3,0,0
641,4,0,4.0
641,5,0,4.0
641,6,0,4.0
641,7,0,4.333333333333333
641,8,0,4.333333333333333
641,9,0,4.75
641,10,0,4.75
641,11,0,5.4
641,12,0,5.4
641,13,0,6.0
641,14,0,6.571428571428571
641,15,0,6.571428571428571
641,16,0,7.125
641,17,0,7.444444444444445
641,18,0,7.444444444444445
641,19,0,8.272727272727273
641,20,0,8.272727272727273
641,21,0,8.583333333333334
641,22,0,8.583333333333334
641,23,0,8.923076923076923
641,24,0,8.923076923076923
641,25,0,9.357142857142858
641,26,0,9.666666666666666
641,27,0,9.666666666666666
641,28,0,9.666666666666666
641,29,0,10.125
641,30,0,10.529411764705882
641,31,0,10.529411764705882
641,32,0,11.368421052631579
641,33,0,11.368421052631579
641,34,0,11.4
642,0,0,0
642,1,0,0
642,2,0,0
642,3,0,0
642,4,0,3.0
642,5,0,2.6666666666666665
642,6,0,2.6666666666666665
642,7,0,3.25
642,8,0,3.25
642,9,0,3.6
642,10,0,3.5
642,11,0,3.5
642,12,0,3.5
642,13,0,4.25
642,14,0,4.25
642,15,0,4.0
642,16,0,4.0
642,17,0,4.636363636363637
642,18,0,4.583333333333333
642,19,0,4.583333333333333
642,20,0,4.583333333333333
642,21,0,5.214285714285714
642,22,0,5.214285714285714
642,23,0,5.214285714285714
642,24,0,5.266666666666667
642,25,0,6.0
642,26,0,6.0
642,27,0,6.117647058823529
642,28,0,6.117647058823529
642,29,0,6.888888888888889
642,30,0,7.0
642,31,0,7.65
642,32,0,7.761904761904762
642,33,0,7.5
642,34,0,7.5
643,0,0,0
643,1,0,0
643,2,0,0
643,3,0,3.0
643,4,0,2.5
643,5,0,2.5
643,6,0,2.6666666666666665
643,7,0,3.0
643,8,0,3.0
643,9,0,3.1666666666666665
643,10,0,3.1666666666666665
643,11,0,3.1666666666666665
643,12,0,3.5
643,13,0,3.6666666666666665
643,14,0,3.6666666666666665
643,15,0,4.2
643,16,0,4.2
643,17,0,4.545454545454546
643,18,0,4.545454545454546
643,19,0,5.166666666666667
643,20,0,5.461538461538462
643,21,0,5.461538461538462
643,22,0,5.857142857142857
643,23,0,5.857142857142857
643,24,0,6.0625
643,25,0,6.0625
643,26,0,6.0
643,27,0,6.0
643,28,0,6.0
643,29,0,6.0
643,30,0,5.894736842105263
643,31,0,5.894736842105263
643,32,0,6.05
643,33,0,6.05
643,34,0,6.0
644,0,0,0
644,1,0,0
644,2,0,0
644,3,0,0
644,4,0,4.0
644,5,0,4.0
644,6,0,4.0
644,7,0,3.6666666666666665
644,8,0,3.6666666666666665
644,9,0,3.6666666666666665
644,10,0,4.5
644,11,0,4.8
644,12,0,4.8
644,13,0,4.8
644,14,0,5.5
644,15,0,5.714285714285714
644,16,0,5.714285714285714
644,17,0,5.714285714285714
644,18,0,6.777777777777778
644,19,0,6.777777777777778
644,20,0,6.777777777777778
644,21,0,7.3
644,22,0,7.7272727272727275
644,23,0,8.166666666666666
644,24,0,8.384615384615385
644,25,0,8.384615384615385
644,26,0,8.571428571428571
644,27,0,8.933333333333334
644,28,0,8.933333333333334
644,29,0,8.933333333333334
644,30,0,9.25
644,31,0,9.647058823529411
644,32,0,9.647058823529411
644,33,0,10.0
644,34,0,10.0
645,0,0,0
645,1,0,0
645,2,0,0
645,3,0,0
645,4,0,0
645,5,0,0
645,6,0,4.0
645,7,0,4.0
645,8,0,4.333333333333333
645,9,0,4.5
645,10,0,4.5
645,11,0,5.0
645,12,0,5.0
645,13,0,5.285714285714286
645,14,0,5.285714285714286
645,15,0,5.125
645,16,0,5.555555555555555
645,17,0,5.555555555555555
645,18,0,5.6
645,19,0,5.6
645,20,0,6.181818181818182
645,21,0,6.333333333333333
645,22,0,6.333333333333333
645,23,0,7.071428571428571
645,24,0,7.071428571428571
645,25,0,7.071428571428571
645,26,0,7.466666666666667
645,27,0,7.75
645,28,0,7.75
645,29,0,8.38888888888889
645,30,0,8.38888888888889
645,31,0,8.38888888888889
645,32,0,9.1
645,33,0,9.1
645,34,0,9.333333333333334
646,0,0,0
646,1,0,0
646,2,0,0
646,3,0,2.0
646,4,0,2.0
646,5,0,2.5
646,6,0,2.3333333333333335
646,7,0,2.3333333333333335
646,8,0,2.3333333333333335
646,9,0,2.4
646,10,0,2.4
646,11,0,2.5
646,12,0,2.857142857142857
646,13,0,2.875
646,14,0,2.7777777777777777
646,15,0,2.7777777777777777
646,16,0,2.9
646,17,0,2.9
646,18,0,3.25
646,19,0,3.25
646,20,0,3.4615384615384617
646,21,0,3.4615384615384617
646,22,0,3.7142857142857144
646,23,0,4.0
646,24,0,4.125
646,25,0,4.125
646,26,0,4.470588235294118
646,27,0,4.470588235294118
646,28,0,5.052631578947368
646,29,0,5.052631578947368
646,30,0,5.052631578947368
646,31,0,5.45
646,32,0,5.666666666666667
646,33,0,5.666666666666667
646,34,0,6.260869565217392
647,0,0,0
647,1,0,0
647,2,0,2.0
647,3,0,2.0
647,4,0,2.0
647,5,0,2.0
647,6,0,2.0
647,7,0,2.0
647,8,0,2.0
647,9,0,2.6666666666666665
647,10,0,2.75
647,11,0,3.2
647,12,0,3.2
647,13,0,3.2
647,14,0,3.1666666666666665
647,15,0,3.7142857142857144
647,16,0,3.7142857142857144
647,17,0,3.875
647,18,0,3.875
647,19,0,4.555555555555555
647,20,0,4.555555555555555
647,21,0,4.9
647,22,0,5.363636363636363
647,23,0,5.583333333333333
647,24,0,5.583333333333333
647,25,0,6.142857142857143
647,26,0,6.142857142857143
647,27,0,6.333333333333333
647,28,0,6.3125
647,29,0,6.3125
647,30,0,6.3125
647,31,0,6.722222222222222
647,32,0,6.722222222222222
647,33,0,6.722222222222222
647,34,0,7.2
648,0,0,0
648,1,0,0
648,2,0,2.0
648,3,0,2.0
648,4,0,2.25
648,5,0,2.25
648,6,0,2.25
648,7,0,2.8
648,8,0,2.8
648,9,0,3.0
648,10,0,3.0
648,11,0,3.5714285714285716
648,12,0,3.875
648,13,0,3.875
648,14,0,4.444444444444445
648,15,0,4.8
648,16,0,4.8
648,17,0,5.363636363636363
648,18,0,5.666666666666667
648,19,0,6.153846153846154
648,20,0,6.153846153846154
648,21,0,6.153846153846154
648,22,0,6.571428571428571
648,23,0,7.066666666666666
648,24,0,7.4375
648,25,0,7.4375
648,26,0,7.823529411764706
648,27,0,8.222222222222221
648,28,0,8.578947368421053
648,29,0,8.578947368421053
648,30,0,8.578947368421053
648,31,0,9.428571428571429
648,32,0,9.428571428571429
648,33,0,9.428571428571429
648,34,0,10.130434782608695
649,0,0,0
649,1,0,0
649,2,0,0
649,3,0,3.0
649,4,0,3.5
649,5,0,3.5
649,6,0,3.5
649,7,0,4.5
649,8,0,4.5
649,9,0,4.5
649,10,0,4.5
649,11,0,5.666666666666667
649,12,0,5.666666666666667
649,13,0,5.666666666666667
649,14,0,5.666666666666667
649,15,0,6.625
649,16,0,6.625
649,17,0,6.625
649,18,0,6.625
649,19,0,7.7
649,20,0,7.7
649,21,0,7.7
649,22,0,7.7
649,23,0,8.75
649,24,0,8.75
649,25,0,8.75
649,26,0,8.75
649,27,0,9.928571428571429
649,28,0,9.928571428571429
649,29,0,9.6875
649,30,0,10.294117647058824
649,31,0,10.294117647058824
649,32,0,10.294117647058824
649,33,0,10.444444444444445
649,34,0,11.105263157894736
650,0,0,0
650,1,0,0
650,2,0,0
650,3,0,0
650,4,0,4.0
650,5,0,4.0
650,6,0,4.0
650,7,0,4.0
650,8,0,4.0
650,9,0,4.0
650,10,0,4.333333333333333
650,11,0,4.333333333333333
650,12,0,4.333333333333333
650,13,0,3.75
650,14,0,4.4
650,15,0,4.0
650,16,0,4.0
650,17,0,4.0
650,18,0,4.857142857142857
650,19,0,4.5
650,20,0,5.0
650,21,0,4.7
650,22,0,5.083333333333333
650,23,0,5.083333333333333
650,24,0,5.083333333333333
650,25,0,5.538461538461538
650,26,0,5.5
650,27,0,5.933333333333334
650,28,0,5.933333333333334
650,29,0,5.933333333333334
650,30,0,6.0625
650,31,0,6.529411764705882
650,32,0,6.529411764705882
650,33,0,6.722222222222222
650,34,0,6.722222222222222
651,0,0,0
651,1,0,0
651,2,0,0
651,3,0,3.0
651,4,0,3.0
651,5,0,3.0
651,6,0,2.75
651,7,0,2.75
651,8,0,3.0
651,9,0,3.0
651,10,0,3.0
651,11,0,3.0
651,12,0,3.0
651,13,0,3.375
651,14,0,3.375
651,15,0,3.9
651,16,0,3.9
651,17,0,3.9
651,18,0,4.2727272727272725
651,19,0,4.666666666666667
651,20,0,4.666666666666667
651,21,0,5.0
651,22,0,5.428571428571429
651,23,0,5.428571428571429
651,24,0,5.428571428571429
651,25,0,5.866666666666666
651,26,0,6.3125
651,27,0,6.3125
651,28,0,7.055555555555555
651,29,0,7.055555555555555
651,30,0,7.055555555555555
651,31,0,7.473684210526316
651,32,0,7.85
651,33,0,8.047619047619047
651,34,0,8.047619047619047
652,0,0,0
652,1,0,0
652,2,0,0
652,3,0,3.0
652,4,0,3.5
652,5,0,3.5
652,6,0,4.0
652,7,0,4.5
652,8,0,4.8
652,9,0,5.0
652,10,0,5.0
652,11,0,5.142857142857143
652,12,0,5.5
652,13,0,5.5
652,14,0,6.0
652,15,0,6.0
652,16,0,6.2727272727272725
652,17,0,6.2727272727272725
652,18,0,6.666666666666667
652,19,0,6.666666666666667
652,20,0,7.076923076923077
652,21,0,7.076923076923077
652,22,0,7.5
652,23,0,7.933333333333334
652,24,0,7.933333333333334
652,25,0,7.933333333333334
652,26,0,8.705882352941176
652,27,0,8.705882352941176
652,28,0,8.705882352941176
652,29,0,9.055555555555555
652,30,0,9.578947368421053
652,31,0,9.578947368421053
652,32,0,9.578947368421053
652,33,0,10.0
652,34,0,10.523809523809524
653,0,0,0
653,1,0,0
653,2,0,2.0
653,3,0,2.0
653,4,0,2.0
653,5,0,2.5
653,6,0,2.5
653,7,0,3.0
653,8,0,3.0
653,9,0,3.0
653,10,0,3.6666666666666665
653,11,0,3.6666666666666665
653,12,0,3.625
653,13,0,3.625
653,14,0,3.625
653,15,0,4.0
653,16,0,4.0
653,17,0,4.416666666666667
653,18,0,4.416666666666667
653,19,0,4.533333333333333
653,20,0,4.533333333333333
653,21,0,4.764705882352941
653,22,0,4.764705882352941
653,23,0,4.842105263157895
653,24,0,4.842105263157895
653,25,0,4.9
653,26,0,4.9
653,27,0,5.0
653,28,0,5.0
653,29,0,5.136363636363637
653,30,0,5.043478260869565
653,31,0,5.043478260869565
653,32,0,5.043478260869565
653,33,0,5.28
653,34,0,5.28
654,0,0,0
654,1,0,0
654,2,0,2.0
654,3,0,2.0
654,4,0,2.0
654,5,0,2.0
654,6,0,2.25
654,7,0,2.2
654,8,0,2.2
654,9,0,2.3333333333333335
654,10,0,2.3333333333333335
654,11,0,2.3333333333333335
654,12,0,2.7142857142857144
654,13,0,2.625
654,14,0,2.7777777777777777
654,15,0,2.7
654,16,0,2.7
654,17,0,2.6363636363636362
654,18,0,3.0
654,19,0,3.0
654,20,0,3.142857142857143
654,21,0,3.142857142857143
654,22,0,3.2
654,23,0,3.3125
654,24,0,3.411764705882353
654,25,0,3.411764705882353
654,26,0,3.5
654,27,0,3.736842105263158
654,28,0,3.736842105263158
654,29,0,3.736842105263158
654,30,0,3.85
654,31,0,4.142857142857143
654,32,0,4.142857142857143
654,33,0,4.521739130434782
654,34,0,4.521739130434782
655,0,0,0
655,1,0,0
655,2,0,0
655,3,0,0
655,4,0,3.0
655,5,0,3.0
655,6,0,3.0
655,7,0,3.0
655,8,0,3.0
655,9,0,3.25
655,10,0,3.25
655,11,0,3.8
655,12,0,3.8
655,13,0,3.8333333333333335
655,14,0,3.8333333333333335
655,15,0,4.5
655,16,0,4.5
655,17,0,4.5
655,18,0,4.5
655,19,0,5.5
655,20,0,5.5
655,21,0,5.5
655,22,0,6.181818181818182
655,23,0,6.333333333333333
655,24,0,6.333333333333333
655,25,0,6.538461538461538
655,26,0,7.214285714285714
655,27,0,7.4
655,28,0,7.875
655,29,0,7.875
655,30,0,7.875
655,31,0,8.058823529411764
655,32,0,8.61111111111111
655,33,0,8.61111111111111
655,34,0,8.578947368421053
656,0,0,0
656,1,0,0
656,2,0,0
656,3,0,0
656,4,0,0
656,5,0,0
656,6,0,4.0
656,7,0,4.0
656,8,0,3.6666666666666665
656,9,0,3.6666666666666665
656,10,0,3.6666666666666665
656,11,0,3.6
656,12,0,3.6
656,13,0,3.3333333333333335
656,14,0,3.875
656,15,0,3.7777777777777777
656,16,0,3.7
656,17,0,3.909090909090909
656,18,0,3.909090909090909
656,19,0,3.909090909090909
656,20,0,3.9285714285714284
656,21,0,3.9285714285714284
656,22,0,4.133333333333334
656,23,0,4.125
656,24,0,4.125
656,25,0,4.125
656,26,0,4.411764705882353
656,27,0,4.444444444444445
656,28,0,4.444444444444445
656,29,0,4.444444444444445
656,30,0,4.8
656,31,0,4.8
656,32,0,4.8
656,33,0,5.095238095238095
656,34,0,5.2727272727272725
657,0,0,0
657,1,0,0
657,2,0,0
657,3,0,0
657,4,0,4.0
657,5,0,3.5
657,6,0,4.0
657,7,0,4.0
657,8,0,4.0
657,9,0,4.4
657,10,0,4.4
657,11,0,4.857142857142857
657,12,0,4.857142857142857
657,13,0,4.857142857142857
657,14,0,5.125
657,15,0,5.555555555555555
657,16,0,5.555555555555555
657,17,0,5.555555555555555
657,18,0,6.0
657,19,0,6.454545454545454
657,20,0,6.454545454545454
657,21,0,6.833333333333333
657,22,0,6.923076923076923
657,23,0,6.923076923076923
657,24,0,7.357142857142857
657,25,0,7.466666666666667
657,26,0,7.466666666666667
657,27,0,7.8125
657,28,0,7.5
657,29,0,7.5
657,30,0,7.75
657,31,0,7.75
657,32,0,7.75
657,33,0,8.142857142857142
657,34,0,8.142857142857142
658,0,0,0
658,1,0,0
658,2,0,0
658,3,0,2.0
658,4,0,2.6666666666666665
658,5,0,2.6666666666666665
658,6,0,3.0
658,7,0,3.0
658,8,0,3.0
658,9,0,3.2857142857142856
658,10,0,3.25
658,11,0,3.5555555555555554
658,12,0,3.5555555555555554
658,13,0,3.4
658,14,0,3.272727272727273
658,15,0,3.75
658,16,0,3.75
658,17,0,3.769230769230769
658,18,0,4.285714285714286
658,19,0,4.285714285714286
658,20,0,4.4
658,21,0,4.9375
658,22,0,5.0
658,23,0,5.0
658,24,0,5.0
658,25,0,5.578947368421052
658,26,0,5.578947368421052
658,27,0,5.75
658,28,0,5.75
658,29,0,5.9523809523809526
658,30,0,6.181818181818182
658,31,0,6.181818181818182
658,32,0,6.181818181818182
658,33,0,6.391304347826087
658,34,0,6.666666666666667
659,0,0,0
659,1,0,0
659,2,0,0
659,3,0,3.0
659,4,0,3.0
659,5,0,3.0
659,6,0,3.0
659,7,0,3.75
659,8,0,3.75
659,9,0,3.75
659,10,0,3.75
659,11,0,3.8333333333333335
659,12,0,3.857142857142857
659,13,0,4.25
659,14,0,4.25
659,15,0,4.222222222222222
659,16,0,4.7
659,17,0,4.7
659,18,0,4.636363636363637
659,19,0,4.636363636363637
659,20,0,5.25
659,21,0,5.25
659,22,0,5.3076923076923075
659,23,0,5.3076923076923075
659,24,0,6.0
659,25,0,6.133333333333334
659,26,0,6.133333333333334
659,27,0,6.8125
659,28,0,6.8125
659,29,0,7.0
659,30,0,7.0
659,31,0,7.722222222222222
659,32,0,7.894736842105263
659,33,0,7.894736842105263
659,34,0,8.05
660,0,0,0
660,1,0,0
660,2,0,0
660,3,0,3.0
660,4,0,3.0
660,5,0,3.0
660,6,0,3.5
660,7,0,3.5
660,8,0,3.8
660,9,0,3.8
660,10,0,4.333333333333333
660,11,0,4.333333333333333
660,12,0,4.875
660,13,0,4.875
660,14,0,4.875
660,15,0,4.875
660,16,0,5.7
660,17,0,5.7
660,18,0,6.2727272727272725
660,19,0,6.416666666666667
660,20,0,6.769230769230769
660,21,0,6.769230769230769
660,22,0,6.928571428571429
660,23,0,7.2
660,24,0,7.2
660,25,0,7.2
660,26,0,7.823529411764706
660,27,0,7.823529411764706
660,28,0,8.166666666666666
660,29,0,8.473684210526315
660,30,0,8.473684210526315
660,31,0,8.473684210526315
660,32,0,9.238095238095237
660,33,0,9.238095238095237
660,34,0,9.238095238095237
661,0,0,0
661,1,0,0
661,2,0,0
661,3,0,2.0
661,4,0,2.5
661,5,0,2.5
661,6,0,2.5
661,7,0,3.5
661,8,0,3.5
661,9,0,3.5
661,10,0,3.2
661,11,0,3.2
661,12,0,3.1666666666666665
661,13,0,3.125
661,14,0,3.2222222222222223
661,15,0,3.3
661,16,0,3.3
661,17,0,3.3636363636363638
661,18,0,3.5833333333333335
661,19,0,3.6923076923076925
661,20,0,3.6923076923076925
661,21,0,3.6923076923076925
661,22,0,4.071428571428571
661,23,0,4.333333333333333
661,24,0,4.333333333333333
661,25,0,4.333333333333333
661,26,0,5.0588235294117645
661,27,0,5.0588235294117645
661,28,0,5.0588235294117645
661,29,0,5.555555555555555
661,30,0,5.894736842105263
661,31,0,5.894736842105263
661,32,0,5.894736842105263
661,33,0,6.761904761904762
661,34,0,6.761904761904762
662,0,0,0
662,1,0,0
662,2,0,0
662,3,0,0
662,4,0,3.3333333333333335
662,5,0,3.3333333333333335
662,6,0,3.25
662,7,0,3.25
662,8,0,3.8
662,9,0,3.7142857142857144
662,10,0,4.125
662,11,0,4.125
662,12,0,4.125
662,13,0,4.444444444444445
662,14,0,4.7
662,15,0,4.7
662,16,0,4.7272727272727275
662,17,0,4.7272727272727275
662,18,0,5.083333333333333
662,19,0,5.230769230769231
662,20,0,5.428571428571429
662,21,0,5.428571428571429
662,22,0,5.875
662,23,0,5.875
662,24,0,6.0
662,25,0,6.055555555555555
662,26,0,6.055555555555555
662,27,0,6.2631578947368425
662,28,0,6.4
662,29,0,6.4
662,30,0,6.523809523809524
662,31,0,6.7727272727272725
662,32,0,6.7727272727272725
662,33,0,6.826086956521739
662,34,0,7.125
663,0,0,0
663,1,0,0
663,2,0,0
663,3,0,2.0
663,4,0,2.0
663,5,0,2.6666666666666665
663,6,0,2.6666666666666665
663,7,0,2.6666666666666665
663,8,0,3.5
663,9,0,3.6
663,10,0,4.166666666666667
663,11,0,4.166666666666667
663,12,0,4.166666666666667
663,13,0,4.428571428571429
663,14,0,4.875
663,15,0,5.0
663,16,0,5.0
663,17,0,5.0
663,18,0,5.454545454545454
663,19,0,5.454545454545454
663,20,0,5.583333333333333
663,21,0,5.583333333333333
663,22,0,6.0
663,23,0,6.0
663,24,0,6.4
663,25,0,6.4375
663,26,0,6.4375
663,27,0,6.529411764705882
663,28,0,6.833333333333333
663,29,0,6.842105263157895
663,30,0,6.842105263157895
663,31,0,6.8
663,32,0,7.190476190476191
663,33,0,7.181818181818182
663,34,0,7.181818181818182
664,0,0,0
664,1,0,0
664,2,0,0
664,3,0,0
664,4,0,4.0
664,5,0,4.0
664,6,0,4.0
664,7,0,3.3333333333333335
664,8,0,3.3333333333333335
664,9,0,3.75
664,10,0,3.8
664,11,0,3.8
664,12,0,3.5
664,13,0,3.5
664,14,0,3.875
664,15,0,3.875
664,16,0,3.875
664,17,0,4.333333333333333
664,18,0,4.2727272727272725
664,19,0,4.2727272727272725
664,20,0,4.75
664,21,0,4.75
664,22,0,4.923076923076923
664,23,0,4.923076923076923
664,24,0,5.428571428571429
664,25,0,5.6
664,26,0,6.0
664,27,0,6.0
664,28,0,6.0
664,29,0,5.9411764705882355
664,30,0,6.444444444444445
664,31,0,6.444444444444445
664,32,0,6.421052631578948
664,33,0,6.95
664,34,0,6.95
665,0,0,0
665,1,0,0
665,2,0,0
665,3,0,3.0
665,4,0,3.0
665,5,0,3.0
665,6,0,3.0
665,7,0,2.75
665,8,0,2.75
665,9,0,3.0
665,10,0,3.1666666666666665
665,11,0,3.1666666666666665
665,12,0,3.5714285714285716
665,13,0,3.75
665,14,0,3.75
665,15,0,3.75
665,16,0,4.5
665,17,0,4.5
665,18,0,4.5
665,19,0,5.166666666666667
665,20,0,5.166666666666667
665,21,0,5.166666666666667
665,22,0,5.384615384615385
665,23,0,5.642857142857143
665,24,0,5.642857142857143
665,25,0,5.642857142857143
665,26,0,5.866666666666666
665,27,0,6.25
665,28,0,6.25
665,29,0,6.470588235294118
665,30,0,6.470588235294118
665,31,0,6.944444444444445
665,32,0,6.944444444444445
665,33,0,7.2631578947368425
665,34,0,7.2631578947368425
666,0,0,0
666,1,0,0
666,2,0,0
666,3,0,3.0
666,4,0,3.0
666,5,0,3.0
666,6,0,2.75
666,7,0,2.6
666,8,0,2.6
666,9,0,2.6666666666666665
666,10,0,2.5714285714285716
666,11,0,2.5714285714285716
666,12,0,2.875
666,13,0,2.875
666,14,0,2.875
666,15,0,3.2
666,16,0,3.090909090909091
666,17,0,3.090909090909091
666,18,0,3.5
666,19,0,3.4615384615384617
666,20,0,3.857142857142857
666,21,0,3.857142857142857
666,22,0,3.857142857142857
666,23,0,4.3125
666,24,0,4.3125
666,25,0,4.647058823529412
666,26,0,4.722222222222222
666,27,0,5.052631578947368
666,28,0,5.052631578947368
666,29,0,5.2
666,30,0,5.523809523809524
666,31,0,5.523809523809524
666,32,0,5.863636363636363
666,33,0,6.086956521739131
666,34,0,6.086956521739131
667,0,0,0
667,1,0,0
667,2,0,0
667,3,0,2.0
667,4,0,2.0
667,5,0,2.6666666666666665
667,6,0,2.6
667,7,0,3.0
667,8,0,3.0
667,9,0,3.142857142857143
667,10,0,3.375
667,11,0,3.375
667,12,0,3.375
667,13,0,3.6
667,14,0,4.0
667,15,0,4.0
667,16,0,4.166666666666667
667,17,0,4.538461538461538
667,18,0,4.538461538461538
667,19,0,4.928571428571429
667,20,0,4.8125
667,21,0,4.8125
667,22,0,4.8125
667,23,0,5.235294117647059
667,24,0,5.444444444444445
667,25,0,5.444444444444445
667,26,0,5.894736842105263
667,27,0,5.894736842105263
667,28,0,6.15
667,29,0,6.619047619047619
667,30,0,6.619047619047619
667,31,0,6.7727272727272725
667,32,0,7.217391304347826
667,33,0,7.217391304347826
667,34,0,7.416666666666667
668,0,0,0
668,1,0,0
668,2,0,0
668,3,0,0
668,4,0,2.0
668,5,0,2.0
668,6,0,2.0
668,7,0,2.3333333333333335
668,8,0,2.3333333333333335
668,9,0,2.25
668,10,0,2.6
668,11,0,2.6
668,12,0,2.6
668,13,0,2.857142857142857
668,14,0,2.857142857142857
668,15,0,2.875
668,16,0,3.2222222222222223
668,17,0,3.2222222222222223
668,18,0,3.1
668,19,1,3.1
668,20,0,3.5833333333333335
668,21,0,3.5384615384615383
668,22,0,3.5714285714285716
668,23,0,4.066666666666666
668,24,0,4.066666666666666
668,25,0,4.125
668,26,0,4.125
668,27,0,4.705882352941177
668,28,0,4.705882352941177
668,29,0,4.947368421052632
668,30,0,4.947368421052632
668,31,0,5.045454545454546
668,32,0,5.045454545454546
668,33,0,5.130434782608695
668,34,0,5.130434782608695
669,0,0,0
669,1,0,0
669,2,0,2.0
669,3,0,2.5
669,4,0,2.5
669,5,0,2.6666666666666665
669,6,0,2.5
669,7,0,2.5
669,8,0,2.5
669,9,0,2.8333333333333335
669,10,0,2.8333333333333335
669,11,0,3.142857142857143
669,12,0,3.375
669,13,0,3.375
669,14,0,3.7777777777777777
669,15,0,3.7777777777777777
669,16,0,4.1
669,17,0,4.1
669,18,0,4.833333333333333
669,19,0,4.833333333333333
669,20,0,4.833333333333333
669,21,0,5.571428571428571
669,22,0,5.571428571428571
669,23,0,5.571428571428571
669,24,0,6.0
669,25,0,6.375
669,26,0,6.375
669,27,0,6.647058823529412
669,28,0,7.055555555555555
669,29,0,7.055555555555555
669,30,0,7.055555555555555
669,31,0,7.7
669,32,0,7.7
669,33,0,8.047619047619047
669,34,0,8.318181818181818
670,0,0,0
670,1,0,0
670,2,0,2.0
670,3,0,2.0
670,4,0,3.0
670,5,0,3.0
670,6,0,3.0
670,7,0,4.0
670,8,0,4.0
670,9,0,4.0
670,10,0,4.0
670,11,0,5.0
670,12,0,5.0
670,13,0,5.0
670,14,0,5.857142857142857
670,15,0,5.857142857142857
670,16,0,5.875
670,17,0,5.875
670,18,0,6.666666666666667
670,19,0,6.2
670,20,0,7.083333333333333
670,21,0,7.083333333333333
670,22,0,7.083333333333333
670,23,0,7.384615384615385
670,24,0,8.0
670,25,0,8.0
670,26,0,8.0
670,27,0,8.875
670,28,0,8.875
670,29,0,8.470588235294118
670,30,0,9.11111111111111
670,31,0,9.421052631578947
670,32,0,9.421052631578947
670,33,0,9.75
670,34,0,10.380952380952381
671,0,0,0
671,1,0,0
671,2,0,0
671,3,0,0
671,4,0,3.5
671,5,0,3.5
671,6,0,3.5
671,7,0,3.6666666666666665
671,8,0,3.6666666666666665
671,9,0,4.0
671,10,0,3.8
671,11,0,3.8
671,12,0,4.333333333333333
671,13,0,4.0
671,14,0,4.0
671,15,0,3.888888888888889
671,16,0,3.888888888888889
671,17,0,3.888888888888889
671,18,0,3.8181818181818183
671,19,0,3.6666666666666665
671,20,0,3.6666666666666665
671,21,0,3.8461538461538463
671,22,0,3.8461538461538463
671,23,0,3.8461538461538463
671,24,0,4.0
671,25,0,4.0
671,26,0,4.235294117647059
671,27,0,4.235294117647059
671,28,0,4.235294117647059
671,29,0,4.5
671,30,0,4.5
671,31,0,4.761904761904762
671,32,0,4.818181818181818
671,33,0,5.043478260869565
671,34,0,5.125
672,0,0,0
672,1,0,0
672,2,0,0
672,3,0,3.0
672,4,0,2.6666666666666665
672,5,0,3.0
672,6,0,3.0
672,7,0,3.0
672,8,0,3.0
672,9,0,3.0
672,10,0,3.1666666666666665
672,11,0,3.2857142857142856
672,12,0,3.2857142857142856
672,13,0,3.2857142857142856
672,14,0,3.5555555555555554
672,15,1,3.9
672,16,0,3.8181818181818183
672,17,0,4.083333333333333
672,18,0,4.5
672,19,0,4.5
672,20,0,4.8
672,21,0,4.75
672,22,0,5.0
672,23,0,5.0
672,24,0,5.055555555555555
672,25,0,5.105263157894737
672,26,0,5.105263157894737
672,27,0,5.181818181818182
672,28,0,5.181818181818182
672,29,0,5.375
672,30,0,5.375
672,31,0,5.375
672,32,0,5.375
672,33,0,5.6923076923076925
672,34,0,5.6923076923076925
673,0,0,0
673,1,0,0
673,2,0,2.0
673,3,0,2.0
673,4,0,2.6666666666666665
673,5,0,2.6666666666666665
673,6,0,3.0
673,7,0,3.0
673,8,0,3.2857142857142856
673,9,0,3.2857142857142856
673,10,0,3.2857142857142856
673,11,0,3.625
673,12,0,3.625
673,13,0,4.0
673,14,0,4.0
673,15,0,4.181818181818182
673,16,0,4.181818181818182
673,17,0,4.583333333333333
673,18,0,4.583333333333333
673,19,0,4.461538461538462
673,20,0,4.461538461538462
673,21,0,4.625
673,22,0,4.625
673,23,0,4.625
673,24,0,5.0
673,25,0,4.833333333333333
673,26,0,4.833333333333333
673,27,0,5.2105263157894735
673,28,0,5.1
673,29,0,5.1
673,30,0,5.260869565217392
673,31,0,5.260869565217392
673,32,0,5.260869565217392
673,33,0,5.666666666666667
673,34,0,5.64
674,0,0,0
674,1,0,0
674,2,0,0
674,3,0,3.0
674,4,0,3.0
674,5,0,3.0
674,6,0,3.6666666666666665
674,7,0,3.6666666666666665
674,8,0,3.5
674,9,0,3.8
674,10,0,3.8
674,11,0,4.0
674,12,0,4.428571428571429
674,13,0,4.428571428571429
674,14,0,4.428571428571429
674,15,0,5.333333333333333
674,16,0,5.0
674,17,0,5.363636363636363
674,18,0,5.363636363636363
674,19,0,5.0
674,20,0,5.0
674,21,0,5.5
674,22,0,5.4
674,23,0,5.4
674,24,0,5.875
674,25,0,5.705882352941177
674,26,0,5.705882352941177
674,27,0,6.222222222222222
674,28,0,6.222222222222222
674,29,0,6.157894736842105
674,30,0,6.380952380952381
674,31,0,6.380952380952381
674,32,0,6.380952380952381
674,33,0,6.869565217391305
674,34,0,6.869565217391305
675,0,0,0
675,1,0,0
675,2,0,0
675,3,0,3.0
675,4,0,2.6666666666666665
675,5,0,2.6666666666666665
675,6,0,2.6666666666666665
675,7,0,3.0
675,8,0,3.0
675,9,0,3.0
675,10,0,3.0
675,11,0,3.0
675,12,0,3.142857142857143
675,13,0,3.142857142857143
675,14,0,3.0
675,15,0,3.0
675,16,0,3.4
675,17,0,3.4
675,18,0,3.5454545454545454
675,19,0,4.0
675,20,0,4.0
675,21,0,4.0
675,22,0,4.5
675,23,0,4.5
675,24,0,4.5
675,25,0,4.666666666666667
675,26,0,5.25
675,27,0,5.25
675,28,0,5.277777777777778
675,29,0,5.277777777777778
675,30,0,5.894736842105263
675,31,0,5.894736842105263
675,32,0,6.05
675,33,0,6.05
675,34,0,6.863636363636363
676,0,0,0
676,1,0,0
676,2,0,0
676,3,0,3.0
676,4,0,3.0
676,5,0,3.3333333333333335
676,6,0,3.3333333333333335
676,7,0,3.0
676,8,0,3.0
676,9,0,3.0
676,10,0,3.0
676,11,0,3.3333333333333335
676,12,0,3.4285714285714284
676,13,0,3.4285714285714284
676,14,0,3.6666666666666665
676,15,0,3.9
676,16,0,3.75
676,17,0,3.75
676,18,0,3.6923076923076925
676,19,0,3.7857142857142856
676,20,0,3.6666666666666665
676,21,0,3.5625
676,22,0,3.4705882352941178
676,23,0,3.4705882352941178
676,24,0,3.4705882352941178
676,25,0,3.526315789473684
676,26,0,3.526315789473684
676,27,0,3.5238095238095237
676,28,0,3.6363636363636362
676,29,0,3.6363636363636362
676,30,0,3.608695652173913
676,31,0,3.608695652173913
676,32,0,3.84
676,33,0,3.84
676,34,0,3.8076923076923075
677,0,0,0
677,1,0,0
677,2,0,0
677,3,0,0
677,4,0,4.0
677,5,0,3.0
677,6,0,3.6666666666666665
677,7,0,3.6666666666666665
677,8,0,4.0
677,9,0,4.0
677,10,0,3.8
677,11,0,4.333333333333333
677,12,0,4.285714285714286
677,13,0,4.285714285714286
677,14,0,4.375
677,15,0,4.888888888888889
677,16,0,4.888888888888889
677,17,0,5.3
677,18,0,5.2727272727272725
677,19,0,5.2727272727272725
677,20,0,5.333333333333333
677,21,0,5.769230769230769
677,22,0,5.769230769230769
677,23,0,6.2
677,24,0,6.2
677,25,0,5.9375
677,26,0,6.411764705882353
677,27,0,6.222222222222222
677,28,0,6.0
677,29,0,6.4
677,30,0,6.190476190476191
677,31,0,6.190476190476191
677,32,0,6.045454545454546
677,33,0,6.391304347826087
677,34,0,6.391304347826087
678,0,0,0
678,1,0,0
678,2,0,2.0
678,3,0,2.0
678,4,0,2.5
678,5,0,3.0
678,6,0,3.0
678,7,0,3.0
678,8,0,3.0
678,9,0,3.8
678,10,0,3.8
678,11,0,3.8
678,12,0,4.5
678,13,0,4.5
678,14,0,4.142857142857143
678,15,0,4.555555555555555
678,16,0,4.555555555555555
678,17,0,4.555555555555555
678,18,0,4.555555555555555
678,19,0,4.909090909090909
678,20,0,4.666666666666667
678,21,0,4.666666666666667
678,22,0,4.615384615384615
678,23,0,4.928571428571429
678,24,0,4.866666666666666
678,25,0,4.875
678,26,0,4.875
678,27,0,4.875
678,28,0,5.0
678,29,0,5.111111111111111
678,30,0,5.111111111111111
678,31,0,5.2631578947368425
678,32,0,5.4
678,33,0,5.4
678,34,0,5.681818181818182
679,0,0,0
679,1,0,0
679,2,0,2.0
679,3,0,2.0
679,4,0,2.0
679,5,0,2.0
679,6,0,2.5
679,7,0,2.5
679,8,0,3.0
679,9,0,3.0
679,10,0,3.0
679,11,0,3.5714285714285716
679,12,0,3.75
679,13,0,3.75
679,14,0,3.5555555555555554
679,15,0,4.0
679,16,0,3.8181818181818183
679,17,0,3.8181818181818183
679,18,0,4.333333333333333
679,19,0,4.333333333333333
679,20,0,4.846153846153846
679,21,0,4.846153846153846
679,22,0,4.846153846153846
679,23,0,4.846153846153846
679,24,0,5.5
679,25,0,5.333333333333333
679,26,0,5.9375
679,27,0,5.9375
679,28,0,5.9375
679,29,0,6.388888888888889
679,30,0,6.388888888888889
679,31,0,6.6
679,32,0,6.666666666666667
679,33,0,6.666666666666667
679,34,0,6.666666666666667
680,0,0,0
680,1,0,0
680,2,0,2.0
680,3,0,2.0
680,4,0,2.0
680,5,0,2.5
680,6,0,2.5
680,7,0,3.0
680,8,0,3.0
680,9,0,3.3333333333333335
680,10,0,3.4285714285714284
680,11,0,3.4285714285714284
680,12,0,3.4285714285714284
680,13,0,4.0
680,14,0,4.333333333333333
680,15,0,4.333333333333333
680,16,0,4.8
680,17,0,4.8
680,18,0,5.2727272727272725
680,19,0,5.75
680,20,0,6.076923076923077
680,21,0,6.076923076923077
680,22,0,6.8
680,23,0,6.8
680,24,0,6.8
680,25,0,7.25
680,26,0,7.333333333333333
680,27,0,7.333333333333333
680,28,0,7.333333333333333
680,29,0,8.0
680,30,0,7.714285714285714
680,31,0,8.304347826086957
680,32,0,8.304347826086957
680,33,0,8.625
680,34,0,8.84
681,0,0,0
681,1,0,0
681,2,0,2.0
681,3,0,2.5
681,4,0,2.5
681,5,0,2.3333333333333335
681,6,0,3.0
681,7,0,3.0
681,8,0,3.0
681,9,0,3.0
681,10,0,3.0
681,11,0,3.142857142857143
681,12,0,3.142857142857143
681,13,0,3.375
681,14,0,3.6666666666666665
681,15,0,3.6666666666666665
681,16,0,3.6666666666666665
681,17,0,4.083333333333333
681,18,0,4.083333333333333
681,19,0,4.083333333333333
681,20,0,4.642857142857143
681,21,0,4.642857142857143
681,22,0,4.642857142857143
681,23,0,5.125
681,24,0,5.125
681,25,0,5.125
681,26,0,5.352941176470588
681,27,0,5.555555555555555
681,28,0,5.555555555555555
681,29,0,5.842105263157895
681,30,0,5.842105263157895
681,31,0,5.95
681,32,0,6.190476190476191
681,33,0,6.190476190476191
681,34,0,6.454545454545454
682,0,0,0
682,1,0,0
682,2,0,0
682,3,0,3.0
682,4,0,3.0
682,5,0,3.3333333333333335
682,6,0,3.3333333333333335
682,7,0,3.5
682,8,0,4.0
682,9,0,4.0
682,10,0,4.333333333333333
682,11,0,4.714285714285714
682,12,0,4.714285714285714
682,13,0,4.714285714285714
682,14,0,5.444444444444445
682,15,0,5.444444444444445
682,16,0,5.7272727272727275
682,17,0,5.7272727272727275
682,18,0,5.7272727272727275
682,19,0,5.666666666666667
682,20,0,6.076923076923077
682,21,0,6.076923076923077
682,22,0,6.2
682,23,0,6.2
682,24,0,6.2
682,25,0,6.125
682,26,0,6.411764705882353
682,27,0,6.388888888888889
682,28,0,6.388888888888889
682,29,0,6.421052631578948
682,30,0,6.7
682,31,0,6.7
682,32,0,6.714285714285714
682,33,0,6.714285714285714
682,34,0,7.090909090909091
683,0,0,0
683,1,0,0
683,2,0,2.0
683,3,0,2.5
683,4,0,2.6666666666666665
683,5,0,2.6666666666666665
683,6,0,2.6666666666666665
683,7,0,2.75
683,8,0,2.75
683,9,0,3.0
683,10,0,3.0
683,11,0,3.5
683,12,0,3.857142857142857
683,13,0,3.857142857142857
683,14,0,4.375
683,15,0,4.777777777777778
683,16,0,5.1
683,17,0,5.1
683,18,0,5.083333333333333
683,19,0,5.3076923076923075
683,20,0,5.3076923076923075
683,21,0,5.5
683,22,0,5.5
683,23,0,5.866666666666666
683,24,0,5.866666666666666
683,25,0,6.0
683,26,0,6.0
683,27,0,6.555555555555555
683,28,0,6.555555555555555
683,29,0,7.05
683,30,0,7.05
683,31,0,7.142857142857143
683,32,0,7.142857142857143
683,33,0,7.695652173913044
683,34,0,7.695652173913044
684,0,0,0
684,1,0,0
684,2,0,0
684,3,0,0
684,4,0,3.0
684,5,0,2.5
684,6,0,2.5
684,7,0,2.6666666666666665
684,8,0,3.0
684,9,0,3.0
684,10,0,3.4
684,11,0,3.4
684,12,0,3.4
684,13,0,3.3333333333333335
684,14,0,3.2857142857142856
684,15,0,3.2857142857142856
684,16,0,3.2857142857142856
684,17,0,3.2857142857142856
684,18,0,3.5
684,19,0,3.3333333333333335
684,20,0,3.3333333333333335
684,21,0,3.6363636363636362
684,22,0,3.6363636363636362
684,23,0,3.6363636363636362
684,24,0,3.75
684,25,0,3.6923076923076925
684,26,0,3.6923076923076925
684,27,0,3.6923076923076925
684,28,0,3.8125
684,29,0,3.8125
684,30,0,3.8125
684,31,0,4.176470588235294
684,32,0,4.222222222222222
684,33,0,4.578947368421052
684,34,0,4.578947368421052
685,0,0,0
685,1,0,0
685,2,0,0
685,3,0,2.5
685,4,0,2.5
685,5,0,2.5
685,6,0,2.8
685,7,0,2.8
685,8,0,2.8
685,9,0,2.8
685,10,0,3.5
685,11,0,3.5714285714285716
685,12,0,3.5714285714285716
685,13,0,4.25
685,14,0,4.25
685,15,0,4.555555555555555
685,16,0,5.2
685,17,0,5.2
685,18,0,6.083333333333333
685,19,0,6.083333333333333
685,20,0,6.083333333333333
685,21,0,6.461538461538462
685,22,0,7.071428571428571
685,23,0,7.071428571428571
685,24,0,7.466666666666667
685,25,0,7.75
685,26,0,7.75
685,27,0,8.176470588235293
685,28,0,8.176470588235293
685,29,0,8.842105263157896
685,30,0,8.842105263157896
685,31,0,9.2
685,32,0,9.2
685,33,0,9.772727272727273
685,34,0,9.772727272727273
686,0,0,0
686,1,0,0
686,2,0,2.0
686,3,0,2.0
686,4,0,2.0
686,5,0,2.0
686,6,0,3.0
686,7,0,3.0
686,8,0,3.0
686,9,0,3.3333333333333335
686,10,0,3.75
686,11,0,3.75
686,12,0,3.75
686,13,0,4.0
686,14,0,4.571428571428571
686,15,0,5.0
686,16,0,5.0
686,17,0,5.0
686,18,0,5.8
686,19,0,5.8
686,20,0,6.0
686,21,0,6.0
686,22,0,6.5
686,23,0,6.615384615384615
686,24,0,6.615384615384615
686,25,0,7.071428571428571
686,26,0,7.071428571428571
686,27,0,7.333333333333333
686,28,0,7.8125
686,29,0,7.8125
686,30,0,8.294117647058824
686,31,0,8.333333333333334
686,32,0,8.333333333333334
686,33,0,8.842105263157896
686,34,0,8.75
687,0,0,0
687,1,0,0
687,2,0,2.0
687,3,0,2.0
687,4,0,2.0
687,5,0,2.5
687,6,0,2.5
687,7,0,3.0
687,8,0,3.5
687,9,0,3.4285714285714284
687,10,0,3.4285714285714284
687,11,0,3.375
687,12,0,3.375
687,13,0,3.5555555555555554
687,14,0,3.7
687,15,0,3.75
687,16,0,3.75
687,17,0,4.0
687,18,0,4.0
687,19,0,4.0
687,20,0,4.0
687,21,0,4.5
687,22,0,4.5
687,23,0,4.5
687,24,0,5.111111111111111
687,25,0,5.111111111111111
687,26,0,5.052631578947368
687,27,0,5.45
687,28,0,5.45
687,29,0,5.7272727272727275
687,30,0,5.7272727272727275
687,31,0,5.7272727272727275
687,32,0,6.130434782608695
687,33,0,6.125
687,34,0,6.125
688,0,0,0
688,1,0,0
688,2,0,2.0
688,3,0,2.5
688,4,0,2.5
688,5,0,3.0
688,6,0,3.0
688,7,0,3.2
688,8,0,3.2
688,9,0,3.2
688,10,0,3.5
688,11,0,3.4285714285714284
688,12,0,3.4285714285714284
688,13,0,3.4285714285714284
688,14,0,3.75
688,15,0,3.5555555555555554
688,16,0,3.4
688,17,0,3.727272727272727
688,18,0,3.5833333333333335
688,19,0,3.5833333333333335
688,20,0,4.071428571428571
688,21,0,4.071428571428571
688,22,0,4.071428571428571
688,23,0,4.533333333333333
688,24,0,4.4375
688,25,0,4.4375
688,26,0,4.4375
688,27,0,5.0
688,28,0,4.888888888888889
688,29,0,4.888888888888889
688,30,0,4.7368421052631575
688,31,0,5.25
688,32,0,5.25
688,33,0,5.590909090909091
688,34,0,5.590909090909091
689,0,0,0
689,1,0,0
689,2,0,0
689,3,0,3.0
689,4,0,3.0
689,5,0,3.0
689,6,0,3.0
689,7,0,3.6666666666666665
689,8,0,3.75
689,9,0,3.75
689,10,0,3.75
689,11,0,4.5
689,12,0,4.142857142857143
689,13,0,4.142857142857143
689,14,0,4.3
689,15,0,4.3
689,16,0,4.090909090909091
689,17,0,3.9166666666666665
689,18,0,4.076923076923077
689,19,0,4.076923076923077
689,20,0,3.8666666666666667
689,21,0,3.875
689,22,0,3.875
689,23,0,3.8823529411764706
689,24,0,3.8823529411764706
689,25,0,3.8823529411764706
689,26,0,3.888888888888889
689,27,0,3.9473684210526314
689,28,0,4.0
689,29,0,3.9047619047619047
689,30,0,3.9047619047619047
689,31,0,4.0
689,32,0,4.173913043478261
689,33,0,4.173913043478261
689,34,0,4.125
690,0,0,0
690,1,0,0
690,2,0,0
690,3,0,2.0
690,4,0,3.0
690,5,0,3.0
690,6,0,3.0
690,7,0,3.5
690,8,0,3.5
690,9,0,3.8
690,10,0,4.166666666666667
690,11,0,4.166666666666667
690,12,0,4.166666666666667
690,13,0,5.125
690,14,0,5.125
690,15,0,5.555555555555555
690,16,0,6.0
690,17,0,6.0
690,18,0,6.0
690,19,0,6.75
690,20,0,6.75
690,21,0,7.153846153846154
690,22,0,7.153846153846154
690,23,0,7.866666666666666
690,24,0,7.866666666666666
690,25,0,8.125
690,26,0,8.125
690,27,0,8.588235294117647
690,28,0,8.588235294117647
690,29,0,8.88888888888889
690,30,0,8.88888888888889
690,31,0,9.65
690,32,0,9.65
690,33,0,10.047619047619047
690,34,0,10.318181818181818
691,0,0,0
691,1,0,0
691,2,0,0
691,3,0,3.0
691,4,0,2.5
691,5,0,3.0
691,6,0,3.0
691,7,0,3.75
691,8,0,3.75
691,9,0,4.2
691,10,0,4.2
691,11,0,5.0
691,12,0,5.428571428571429
691,13,0,5.428571428571429
691,14,0,6.333333333333333
691,15,0,6.333333333333333
691,16,0,6.8
691,17,0,6.8
691,18,0,7.181818181818182
691,19,0,7.181818181818182
691,20,0,7.666666666666667
691,21,0,7.666666666666667
691,22,0,8.571428571428571
691,23,0,8.133333333333333
691,24,0,8.882352941176471
691,25,0,8.882352941176471
691,26,0,8.882352941176471
691,27,0,9.11111111111111
691,28,0,9.473684210526315
691,29,0,9.473684210526315
691,30,0,9.7
691,31,0,9.904761904761905
691,32,0,10.136363636363637
691,33,0,10.136363636363637
691,34,0,10.136363636363637
692,0,0,0
692,1,0,0
692,2,0,0
692,3,0,2.0
692,4,0,2.0
692,5,0,2.0
692,6,0,2.5
692,7,0,2.5
692,8,0,2.5
692,9,0,2.5
692,10,0,2.5
692,11,0,2.6
692,12,0,2.8333333333333335
692,13,0,3.0
692,14,0,3.0
692,15,0,3.0
692,16,0,2.875
692,17,0,3.3333333333333335
692,18,0,3.2
692,19,0,3.2
692,20,0,3.727272727272727
692,21,0,3.727272727272727
692,22,0,3.727272727272727
692,23,0,3.727272727272727
692,24,0,4.416666666666667
692,25,0,4.384615384615385
692,26,0,5.0
692,27,0,4.8
692,28,0,4.875
692,29,0,4.875
692,30,0,5.529411764705882
692,31,0,5.611111111111111
692,32,0,5.611111111111111
692,33,0,6.25
692,34,0,6.25
693,0,0,0
693,1,0,0
693,2,0,2.0
693,3,0,2.0
693,4,0,2.6666666666666665
693,5,0,2.75
693,6,0,2.75
693,7,0,2.75
693,8,0,3.1666666666666665
693,9,0,3.1666666666666665
693,10,0,3.1666666666666665
693,11,0,3.5
693,12,0,3.5
693,13,0,3.5
693,14,0,3.888888888888889
693,15,0,4.2
693,16,0,4.2
693,17,0,4.636363636363637
693,18,0,5.0
693,19,0,4.769230769230769
693,20,0,5.214285714285714
693,21,0,5.214285714285714
693,22,0,5.666666666666667
693,23,0,5.666666666666667
693,24,0,6.0625
693,25,0,6.0625
693,26,0,6.470588235294118
693,27,0,6.888888888888889
693,28,0,7.2631578947368425
693,29,0,7.2631578947368425
693,30,0,7.857142857142857
693,31,0,7.857142857142857
693,32,0,8.090909090909092
693,33,0,8.090909090909092
693,34,0,8.708333333333334
694,0,0,0
694,1,0,0
694,2,0,0
694,3,0,3.0
694,4,0,3.0
694,5,0,3.0
694,6,0,3.0
694,7,0,3.5
694,8,0,3.4
694,9,0,3.4
694,10,0,3.4
694,11,0,4.0
694,12,0,4.0
694,13,0,4.0
694,14,0,4.625
694,15,0,4.625
694,16,0,5.4
694,17,0,5.4
694,18,0,5.636363636363637
694,19,0,5.636363636363637
694,20,0,6.0
694,21,0,6.0
694,22,0,6.153846153846154
694,23,0,6.153846153846154
694,24,0,6.642857142857143
694,25,0,6.866666666666666
694,26,0,6.866666666666666
694,27,0,7.125
694,28,0,7.125
694,29,0,7.055555555555555
694,30,0,7.368421052631579
694,31,0,7.368421052631579
694,32,0,7.368421052631579
694,33,0,8.0
694,34,0,8.0
695,0,0,0
695,1,0,0
695,2,0,2.0
695,3,0,2.0
695,4,0,2.0
695,5,0,2.5
695,6,0,2.5
695,7,0,2.6666666666666665
695,8,0,2.6666666666666665
695,9,0,3.4
695,10,0,3.4
695,11,0,3.4
695,12,0,4.285714285714286
695,13,0,4.285714285714286
695,14,0,5.0
695,15,0,5.0
695,16,0,5.2
695,17,0,5.2
695,18,0,5.636363636363637
695,19,0,5.636363636363637
695,20,0,6.384615384615385
695,21,0,6.384615384615385
695,22,0,6.384615384615385
695,23,0,7.133333333333334
695,24,0,7.133333333333334
695,25,0,7.375
695,26,0,7.375
695,27,0,7.388888888888889
695,28,0,7.388888888888889
695,29,0,7.7368421052631575
695,30,0,8.05
695,31,0,8.238095238095237
695,32,0,7.954545454545454
695,33,0,8.304347826086957
695,34,0,8.5
696,0,0,0
696,1,0,0
696,2,0,2.0
696,3,0,2.0
696,4,0,3.0
696,5,0,3.0
696,6,0,3.0
696,7,0,3.0
696,8,0,3.5
696,9,0,3.5
696,10,0,4.0
696,11,0,4.0
696,12,0,4.142857142857143
696,13,0,4.5
696,14,0,4.5
696,15,0,4.222222222222222
696,16,0,4.222222222222222
696,17,0,4.7
696,18,0,4.636363636363637
696,19,0,4.636363636363637
696,20,0,4.416666666666667
696,21,0,5.0
696,22,0,5.0
696,23,0,5.571428571428571
696,24,0,5.571428571428571
696,25,0,5.466666666666667
696,26,0,5.466666666666667
696,27,0,6.0625
696,28,0,6.0625
696,29,0,6.0
696,30,0,6.0
696,31,0,6.555555555555555
696,32,0,6.473684210526316
696,33,0,6.473684210526316
696,34,0,7.05
697,0,0,0
697,1,0,0
697,2,0,0
697,3,0,3.0
697,4,0,3.0
697,5,0,3.3333333333333335
697,6,0,3.3333333333333335
697,7,0,3.25
697,8,0,3.8
697,9,0,3.8
697,10,0,3.6666666666666665
697,11,0,4.0
697,12,0,4.0
697,13,0,4.0
697,14,0,4.666666666666667
697,15,0,4.666666666666667
697,16,0,4.666666666666667
697,17,0,4.666666666666667
697,18,0,5.636363636363637
697,19,0,5.636363636363637
697,20,0,5.636363636363637
697,21,0,6.384615384615385
697,22,0,6.384615384615385
697,23,0,6.384615384615385
697,24,0,6.642857142857143
697,25,0,7.266666666666667
697,26,0,7.5
697,27,0,7.5
697,28,0,8.277777777777779
697,29,0,8.277777777777779
697,30,0,8.789473684210526
697,31,0,9.05
697,32,0,9.05
697,33,0,9.681818181818182
697,34,0,9.681818181818182
698,0,0,0
698,1,0,0
698,2,0,2.0
698,3,0,2.0
698,4,0,2.5
698,5,0,2.5
698,6,0,2.6666666666666665
698,7,0,2.875
698,8,0,2.875
698,9,0,2.7777777777777777
698,10,0,2.7777777777777777
698,11,0,2.8
698,12,0,2.727272727272727
698,13,0,2.923076923076923
698,14,0,2.857142857142857
698,15,0,2.857142857142857
698,16,0,3.0
698,17,0,2.9375
698,18,0,2.9375
698,19,0,3.0
698,20,0,3.0
698,21,0,3.0
698,22,0,3.0
698,23,0,3.0
698,24,0,3.0
698,25,0,3.0952380952380953
698,26,0,3.090909090909091
698,27,0,3.1739130434782608
698,28,0,3.1739130434782608
698,29,0,3.125
698,30,0,3.24
698,31,0,3.1923076923076925
698,32,0,3.1923076923076925
698,33,0,3.3703703703703702
698,34,0,3.3703703703703702
699,0,0,0
699,1,0,0
699,2,0,0
699,3,0,0
699,4,0,3.0
699,5,0,3.3333333333333335
699,6,0,3.75
699,7,0,3.75
699,8,0,4.0
699,9,0,4.5
699,10,0,4.571428571428571
699,11,0,4.571428571428571
699,12,0,4.875
699,13,0,4.555555555555555
699,14,0,4.9
699,15,0,4.7272727272727275
699,16,0,4.916666666666667
699,17,0,5.153846153846154
699,18,0,4.928571428571429
699,19,0,5.133333333333334
699,20,0,5.4375
699,21,0,5.4375
699,22,0,5.555555555555555
699,23,0,5.555555555555555
699,24,0,5.526315789473684
699,25,0,5.6
699,26,0,5.6
699,27,0,5.6
699,28,0,5.7727272727272725
699,29,0,5.7727272727272725
699,30,0,5.7727272727272725
699,31,0,5.7727272727272725
699,32,0,6.166666666666667
699,33,0,6.166666666666667
699,34,0,6.32
700,0,0,0
700,1,0,0
700,2,0,0
700,3,0,2.0
700,4,0,2.0
700,5,0,2.25
700,6,0,2.2
700,7,0,2.2
700,8,0,2.2
700,9,0,2.6666666666666665
700,10,0,2.6666666666666665
700,11,0,2.857142857142857
700,12,0,3.375
700,13,0,3.375
700,14,0,3.375
700,15,0,3.5555555555555554
700,16,0,4.2
700,17,0,4.0
700,18,0,4.166666666666667
700,19,0,4.615384615384615
700,20,0,4.615384615384615
700,21,0,4.615384615384615
700,22,0,5.0
700,23,0,5.0
700,24,0,4.9375
700,25,0,4.9375
700,26,0,5.388888888888889
700,27,0,5.388888888888889
700,28,0,5.368421052631579
700,29,0,5.368421052631579
700,30,0,5.95
700,31,0,5.904761904761905
700,32,0,5.904761904761905
700,33,0,5.904761904761905
700,34,0,6.409090909090909
701,0,0,0
701,1,0,0
701,2,0,2.0
701,3,0,2.0
701,4,0,2.5
701,5,0,2.5
701,6,0,3.3333333333333335
701,7,0,3.4
701,8,0,3.4
701,9,0,3.8333333333333335
701,10,0,3.8333333333333335
701,11,0,4.0
701,12,0,4.111111111111111
701,13,0,4.3
701,14,0,4.3
701,15,0,4.916666666666667
701,16,0,4.6923076923076925
701,17,0,5.0
701,18,0,5.266666666666667
701,19,0,5.266666666666667
701,20,0,5.0
701,21,0,5.388888888888889
701,22,0,5.388888888888889
701,23,0,5.8
701,24,0,5.8
701,25,0,5.8
701,26,0,5.8
701,27,0,6.136363636363637
701,28,0,6.136363636363637
701,29,0,6.136363636363637
701,30,0,6.304347826086956
701,31,0,6.583333333333333
701,32,0,6.583333333333333
701,33,0,6.583333333333333
701,34,0,6.8
702,0,0,0
702,1,0,0
702,2,0,0
702,3,0,0
702,4,0,0
702,5,0,3.0
702,6,0,3.0
702,7,0,3.3333333333333335
702,8,0,3.3333333333333335
702,9,0,3.25
702,10,0,3.8
702,11,0,3.8333333333333335
702,12,0,3.8333333333333335
702,13,0,3.7142857142857144
702,14,0,4.0
702,15,0,3.7777777777777777
702,16,1,3.8
702,17,0,3.9166666666666665
702,18,1,3.9166666666666665
702,19,0,3.8
702,20,0,3.8
702,21,0,3.8125
702,22,0,3.888888888888889
702,23,0,3.888888888888889
702,24,0,4.0
702,25,0,4.0
702,26,0,4.0476190476190474
702,27,0,3.9545454545454546
702,28,0,3.9545454545454546
702,29,0,4.125
702,30,0,4.125
702,31,0,4.28
702,32,0,4.346153846153846
702,33,0,4.346153846153846
702,34,0,4.346153846153846
703,0,0,0
703,1,0,0
703,2,0,0
703,3,0,0
703,4,0,0
703,5,0,0
703,6,0,0
703,7,0,4.0
703,8,0,4.0
703,9,0,4.0
703,10,0,4.0
703,11,0,4.0
703,12,0,4.333333333333333
703,13,0,4.333333333333333
703,14,0,4.0
703,15,0,4.0
703,16,0,4.777777777777778
703,17,0,4.777777777777778
703,18,0,4.777777777777778
703,19,0,5.363636363636363
703,20,0,5.363636363636363
703,21,0,5.363636363636363
703,22,0,6.0
703,23,0,6.0
703,24,0,6.0
703,25,0,6.733333333333333
703,26,0,6.733333333333333
703,27,0,6.733333333333333
703,28,0,7.3125
703,29,0,7.222222222222222
703,30,0,7.222222222222222
703,31,0,7.222222222222222
703,32,0,7.842105263157895
703,33,0,8.15
703,34,0,8.15
704,0,0,0
704,1,0,0
704,2,0,2.0
704,3,0,2.0
704,4,0,3.0
704,5,0,3.0
704,6,0,3.0
704,7,0,3.6
704,8,0,3.6
704,9,0,4.0
704,10,0,4.0
704,11,0,4.0
704,12,0,4.428571428571429
704,13,0,4.111111111111111
704,14,0,4.111111111111111
704,15,0,4.111111111111111
704,16,0,4.3
704,17,0,4.545454545454546
704,18,0,4.545454545454546
704,19,0,4.833333333333333
704,20,0,5.076923076923077
704,21,0,5.076923076923077
704,22,0,5.357142857142857
704,23,0,5.666666666666667
704,24,0,5.9375
704,25,0,5.9375
704,26,0,6.176470588235294
704,27,0,6.444444444444445
704,28,0,6.684210526315789
704,29,0,6.95
704,30,0,6.95
704,31,0,7.0
704,32,0,7.0
704,33,0,7.391304347826087
704,34,0,7.391304347826087
705,0,0,0
705,1,0,0
705,2,0,0
705,3,0,3.0
705,4,0,3.0
705,5,0,3.0
705,6,0,3.5
705,7,0,3.5
705,8,0,3.8
705,9,0,4.333333333333333
705,10,0,4.333333333333333
705,11,0,4.333333333333333
705,12,0,4.571428571428571
705,13,0,5.125
705,14,0,5.125
705,15,0,5.333333333333333
705,16,0,5.7
705,17,0,5.545454545454546
705,18,0,5.545454545454546
705,19,0,5.416666666666667
705,20,0,5.642857142857143
705,21,0,5.642857142857143
705,22,0,5.642857142857143
705,23,0,6.2
705,24,0,6.2
705,25,0,6.0
705,26,0,6.0
705,27,0,6.588235294117647
705,28,0,6.588235294117647
705,29,0,6.2631578947368425
705,30,0,6.7
705,31,0,6.318181818181818
705,32,0,6.318181818181818
705,33,0,6.318181818181818
705,34,0,6.782608695652174
706,0,0,0
706,1,0,0
706,2,0,0
706,3,0,3.0
706,4,0,3.0
706,5,0,3.0
706,6,0,3.0
706,7,0,3.0
706,8,0,3.0
706,9,0,3.6
706,10,0,3.5
706,11,0,4.0
706,12,0,4.0
706,13,0,4.0
706,14,0,4.0
706,15,0,4.75
706,16,0,4.75
706,17,0,4.444444444444445
706,18,1,4.5
706,19,0,4.2727272727272725
706,20,0,4.2727272727272725
706,21,0,4.25
706,22,0,4.428571428571429
706,23,0,4.428571428571429
706,24,0,4.428571428571429
706,25,0,4.428571428571429
706,26,0,4.625
706,27,0,4.625
706,28,0,4.9411764705882355
706,29,0,4.777777777777778
706,30,0,4.777777777777778
706,31,0,4.777777777777778
706,32,0,5.15
706,33,0,5.15
706,34,0,5.15
707,0,0,0
707,1,0,0
707,2,0,2.0
707,3,0,2.5
707,4,0,2.6666666666666665
707,5,0,2.75
707,6,0,2.6
707,7,0,2.6
707,8,0,3.0
707,9,0,3.0
707,10,0,3.0
707,11,0,3.142857142857143
707,12,0,3.75
707,13,0,3.75
707,14,0,3.7777777777777777
707,15,0,3.7777777777777777
707,16,0,4.5
707,17,0,4.5
707,18,0,4.7272727272727275
707,19,0,5.416666666666667
707,20,0,5.416666666666667
707,21,0,5.416666666666667
707,22,0,6.071428571428571
707,23,0,6.071428571428571
707,24,0,6.625
707,25,0,6.625
707,26,0,6.588235294117647
707,27,0,6.588235294117647
707,28,0,7.277777777777778
707,29,0,7.277777777777778
707,30,0,7.315789473684211
707,31,0,7.315789473684211
707,32,0,7.8
707,33,0,7.8
707,34,0,7.904761904761905
708,0,0,0
708,1,0,0
708,2,0,2.0
708,3,0,2.5
708,4,0,2.5
708,5,0,3.0
708,6,0,3.0
708,7,0,2.8
708,8,0,2.8
708,9,0,3.5714285714285716
708,10,0,3.5714285714285716
708,11,0,4.0
708,12,0,4.0
708,13,0,4.0
708,14,0,4.636363636363637
708,15,0,4.636363636363637
708,16,0,4.636363636363637
708,17,0,5.384615384615385
708,18,0,5.384615384615385
708,19,0,5.384615384615385
708,20,0,5.384615384615385
708,21,0,6.333333333333333
708,22,0,6.333333333333333
708,23,0,6.333333333333333
708,24,0,7.117647058823529
708,25,0,7.117647058823529
708,26,0,7.5
708,27,0,7.842105263157895
708,28,0,7.842105263157895
708,29,0,7.842105263157895
708,30,0,8.25
708,31,0,8.428571428571429
708,32,0,8.428571428571429
708,33,0,8.428571428571429
708,34,0,8.909090909090908
709,0,0,0
709,1,0,0
709,2,0,0
709,3,0,3.0
709,4,0,3.0
709,5,0,3.0
709,6,0,3.25
709,7,0,3.25
709,8,0,3.0
709,9,0,3.0
709,10,0,3.0
709,11,0,3.0
709,12,0,3.375
709,13,0,3.375
709,14,0,3.5555555555555554
709,15,0,3.9
709,16,0,3.9
709,17,0,3.9
709,18,0,3.8181818181818183
709,19,0,4.333333333333333
709,20,0,4.153846153846154
709,21,0,4.153846153846154
709,22,0,4.4375
709,23,0,4.4375
709,24,0,4.4375
709,25,0,4.4375
709,26,0,4.888888888888889
709,27,0,4.888888888888889
709,28,0,4.888888888888889
709,29,0,4.888888888888889
709,30,0,5.25
709,31,0,5.25
709,32,0,5.25
709,33,0,5.333333333333333
709,34,0,5.636363636363637
710,0,0,0
710,1,0,0
710,2,0,0
710,3,0,3.0
710,4,0,3.0
710,5,0,2.3333333333333335
710,6,0,3.0
710,7,0,3.0
710,8,0,2.8
710,9,0,3.5
710,10,0,3.2857142857142856
710,11,0,3.2857142857142856
710,12,0,3.2857142857142856
710,13,0,3.75
710,14,0,3.6666666666666665
710,15,0,4.1
710,16,0,4.1
710,17,0,4.1
710,18,0,4.2727272727272725
710,19,0,4.833333333333333
710,20,0,5.0
710,21,0,5.428571428571429
710,22,0,5.428571428571429
710,23,0,5.428571428571429
710,24,0,5.733333333333333
710,25,0,6.125
710,26,0,6.125
710,27,0,6.470588235294118
710,28,0,6.888888888888889
710,29,0,7.052631578947368
710,30,0,7.35
710,31,0,7.35
710,32,0,7.35
710,33,0,7.428571428571429
710,34,0,7.818181818181818
711,0,0,0
711,1,0,0
711,2,0,0
711,3,0,3.0
711,4,0,2.6666666666666665
711,5,0,2.6666666666666665
711,6,0,2.6666666666666665
711,7,0,2.6666666666666665
711,8,0,2.6666666666666665
711,9,0,2.75
711,10,0,2.75
711,11,0,3.0
711,12,0,3.0
711,13,0,3.7142857142857144
711,14,0,3.7142857142857144
711,15,0,3.7142857142857144
711,16,0,4.555555555555555
711,17,0,4.555555555555555
711,18,0,4.8
711,19,0,4.8
711,20,0,5.181818181818182
711,21,0,5.416666666666667
711,22,0,5.416666666666667
711,23,0,5.846153846153846
711,24,0,5.846153846153846
711,25,0,6.071428571428571
711,26,0,6.4
711,27,0,6.4
711,28,0,6.75
711,29,0,7.0
711,30,0,7.0
711,31,0,7.333333333333333
711,32,0,7.333333333333333
711,33,0,7.684210526315789
711,34,0,8.05
712,0,0,0
712,1,0,0
712,2,0,2.0
712,3,0,2.0
712,4,0,3.0
712,5,0,3.0
712,6,0,3.0
712,7,0,3.0
712,8,0,3.0
712,9,0,3.0
712,10,0,3.0
712,11,0,3.1666666666666665
712,12,0,3.0
712,13,0,3.125
712,14,0,3.3333333333333335
712,15,0,3.2
712,16,0,3.2
712,17,0,3.5
712,18,0,3.3846153846153846
712,19,0,3.642857142857143
712,20,0,3.7333333333333334
712,21,0,3.9375
712,22,0,4.0
712,23,0,4.0
712,24,0,4.222222222222222
712,25,0,4.368421052631579
712,26,0,4.55
712,27,0,4.55
712,28,0,4.619047619047619
712,29,0,4.619047619047619
712,30,0,4.7727272727272725
712,31,0,4.913043478260869
712,32,0,4.913043478260869
712,33,0,5.041666666666667
712,34,0,5.16
713,0,0,0
713,1,0,0
713,2,0,2.0
713,3,0,2.5
713,4,1,2.6666666666666665
713,5,0,2.6666666666666665
713,6,0,3.2
713,7,0,3.3333333333333335
713,8,0,3.3333333333333335
713,9,0,3.3333333333333335
713,10,0,3.5
713,11,0,3.5
713,12,0,3.5555555555555554
713,13,0,3.5555555555555554
713,14,0,3.9
713,15,0,3.9
713,16,0,4.181818181818182
713,17,0,4.583333333333333
713,18,0,4.583333333333333
713,19,0,4.923076923076923
713,20,0,5.357142857142857
713,21,0,5.357142857142857
713,22,0,5.666666666666667
713,23,0,5.666666666666667
713,24,0,6.411764705882353
713,25,0,6.411764705882353
713,26,0,6.411764705882353
713,27,0,6.666666666666667
713,28,0,7.052631578947368
713,29,0,7.25
713,30,0,7.523809523809524
713,31,0,7.636363636363637
713,32,0,7.636363636363637
713,33,0,7.636363636363637
713,34,0,8.166666666666666
714,0,0,0
714,1,0,0
714,2,0,2.0
714,3,0,2.5
714,4,0,2.6666666666666665
714,5,0,2.8
714,6,0,2.8
714,7,0,2.6666666666666665
714,8,0,3.0
714,9,0,3.0
714,10,0,3.25
714,11,0,3.2222222222222223
714,12,0,3.2222222222222223
714,13,0,3.0
714,14,0,3.4166666666666665
714,15,0,3.4166666666666665
714,16,0,3.6923076923076925
714,17,0,3.5714285714285716
714,18,0,3.466666666666667
714,19,0,3.5
714,20,0,3.4705882352941178
714,21,0,3.4705882352941178
714,22,0,3.5
714,23,0,3.526315789473684
714,24,0,3.526315789473684
714,25,0,3.5
714,26,0,3.619047619047619
714,27,0,3.619047619047619
714,28,0,3.6666666666666665
714,29,0,3.6666666666666665
714,30,0,3.6666666666666665
714,31,0,3.68
714,32,0,3.8846153846153846
714,33,0,3.8846153846153846
714,34,0,3.888888888888889
715,0,0,0
715,1,0,0
715,2,0,0
715,3,0,3.0
715,4,0,3.0
715,5,0,3.5
715,6,0,3.5
715,7,0,4.333333333333333
715,8,0,4.5
715,9,0,4.5
715,10,0,4.6
715,11,0,5.333333333333333
715,12,0,5.333333333333333
715,13,0,5.333333333333333
715,14,0,5.875
715,15,0,5.875
715,16,0,5.875
715,17,0,5.875
715,18,0,6.333333333333333
715,19,0,6.0
715,20,0,6.363636363636363
715,21,0,6.363636363636363
715,22,0,6.363636363636363
715,23,0,6.538461538461538
715,24,0,6.538461538461538
715,25,0,6.538461538461538
715,26,0,7.071428571428571
715,27,0,7.071428571428571
715,28,0,7.071428571428571
715,29,0,6.733333333333333
715,30,0,7.3125
715,31,0,7.3125
715,32,0,7.882352941176471
715,33,0,7.882352941176471
715,34,0,7.882352941176471
716,0,0,0
716,1,0,0
716,2,0,0
716,3,0,0
716,4,0,3.0
716,5,0,3.0
716,6,0,2.5
716,7,0,2.5
716,8,0,3.3333333333333335
716,9,0,3.3333333333333335
716,10,0,3.3333333333333335
716,11,0,3.4
716,12,0,3.4
716,13,0,3.4
716,14,0,3.8333333333333335
716,15,0,3.8333333333333335
716,16,0,3.5714285714285716
716,17,0,3.5
716,18,0,3.7777777777777777
716,19,0,3.7777777777777777
716,20,0,3.9
716,21,0,3.9
716,22,0,4.363636363636363
716,23,0,4.416666666666667
716,24,0,4.416666666666667
716,25,0,4.416666666666667
716,26,0,4.846153846153846
716,27,0,5.071428571428571
716,28,0,5.071428571428571
716,29,0,5.071428571428571
716,30,0,5.625
716,31,0,5.625
716,32,0,5.882352941176471
716,33,0,5.882352941176471
716,34,0,6.526315789473684
717,0,0,0
717,1,0,0
717,2,0,0
717,3,0,3.0
717,4,0,3.0
717,5,0,3.0
717,6,0,3.0
717,7,0,3.75
717,8,0,3.75
717,9,0,4.0
717,10,0,4.0
717,11,0,4.428571428571429
717,12,0,4.428571428571429
717,13,0,4.428571428571429
717,14,0,5.0
717,15,0,5.0
717,16,0,4.7
717,17,0,4.454545454545454
717,18,0,4.833333333333333
717,19,0,4.6923076923076925
717,20,0,4.6923076923076925
717,21,0,4.6923076923076925
717,22,0,5.214285714285714
717,23,0,5.066666666666666
717,24,0,5.5
717,25,0,5.294117647058823
717,26,0,5.294117647058823
717,27,0,5.578947368421052
717,28,0,5.578947368421052
717,29,0,5.55
717,30,0,6.0
717,31,0,6.0
717,32,0,5.909090909090909
717,33,0,6.391304347826087
717,34,0,6.208333333333333
718,0,0,0
718,1,0,0
718,2,0,0
718,3,0,2.0
718,4,0,2.0
718,5,0,2.3333333333333335
718,6,0,2.3333333333333335
718,7,0,2.5
718,8,0,2.4
718,9,0,2.4
718,10,0,2.4
718,11,0,2.5
718,12,0,2.857142857142857
718,13,0,2.75
718,14,0,2.75
718,15,0,2.75
718,16,0,3.272727272727273
718,17,0,3.272727272727273
718,18,0,3.25
718,19,0,3.3076923076923075
718,20,0,3.3076923076923075
718,21,0,3.4285714285714284
718,22,0,3.4285714285714284
718,23,0,3.6666666666666665
718,24,0,3.875
718,25,0,3.875
718,26,0,4.176470588235294
718,27,0,4.176470588235294
718,28,0,4.684210526315789
718,29,0,4.684210526315789
718,30,0,4.85
718,31,0,4.85
718,32,0,5.318181818181818
718,33,0,5.318181818181818
718,34,0,5.318181818181818
719,0,0,0
719,1,0,0
719,2,0,2.0
719,3,0,2.5
719,4,0,2.6666666666666665
719,5,0,2.75
719,6,0,3.2
719,7,0,3.2
719,8,0,3.2
719,9,0,3.8333333333333335
719,10,0,3.8333333333333335
719,11,0,4.285714285714286
719,12,0,4.285714285714286
719,13,0,4.25
719,14,0,4.777777777777778
719,15,0,4.5
719,16,0,4.5
719,17,0,5.25
719,18,0,5.25
719,19,0,5.076923076923077
719,20,0,5.076923076923077
719,21,0,5.5
719,22,0,5.4
719,23,0,5.4
719,24,0,5.875
719,25,0,5.823529411764706
719,26,0,5.823529411764706
719,27,0,6.105263157894737
719,28,0,6.105263157894737
719,29,0,6.105263157894737
719,30,0,6.428571428571429
719,31,0,6.318181818181818
719,32,0,6.318181818181818
719,33,0,6.217391304347826
719,34,0,6.791666666666667
720,0,0,0
720,1,0,0
720,2,0,0
720,3,0,0
720,4,0,4.0
720,5,0,4.0
720,6,0,3.5
720,7,0,4.0
720,8,0,4.0
720,9,0,4.0
720,10,0,4.8
720,11,0,4.8
720,12,0,4.8
720,13,0,5.333333333333333
720,14,0,5.857142857142857
720,15,0,5.857142857142857
720,16,0,6.375
720,17,0,6.777777777777778
720,18,0,6.777777777777778
720,19,0,6.7272727272727275
720,20,0,7.166666666666667
720,21,0,7.166666666666667
720,22,0,8.0
720,23,0,8.0
720,24,0,8.333333333333334
720,25,0,8.333333333333334
720,26,0,8.764705882352942
720,27,0,8.764705882352942
720,28,0,8.764705882352942
720,29,0,8.944444444444445
720,30,0,9.105263157894736
720,31,0,9.105263157894736
720,32,0,9.105263157894736
720,33,0,9.4
720,34,0,9.666666666666666
721,0,0,0
721,1,0,0
721,2,0,2.0
721,3,0,2.0
721,4,0,3.0
721,5,0,2.6666666666666665
721,6,0,3.4
721,7,0,3.4
721,8,0,3.4
721,9,0,4.142857142857143
721,10,0,4.142857142857143
721,11,0,4.142857142857143
721,12,0,4.625
721,13,0,5.0
721,14,0,5.1
721,15,0,5.1
721,16,0,5.545454545454546
721,17,0,5.583333333333333
721,18,0,5.583333333333333
721,19,0,5.6923076923076925
721,20,0,6.214285714285714
721,21,0,6.214285714285714
721,22,0,6.133333333333334
721,23,0,6.375
721,24,0,6.375
721,25,0,6.375
721,26,0,6.5
721,27,0,6.2631578947368425
721,28,0,6.333333333333333
721,29,0,6.333333333333333
721,30,0,6.318181818181818
721,31,0,6.318181818181818
721,32,0,6.521739130434782
721,33,0,6.541666666666667
721,34,0,6.541666666666667
722,0,0,0
722,1,0,0
722,2,0,2.0
722,3,0,2.0
722,4,0,3.0
722,5,0,3.0
722,6,0,3.6666666666666665
722,7,0,3.75
722,8,0,3.75
722,9,0,4.4
722,10,0,4.4
722,11,0,5.0
722,12,0,5.0
722,13,0,5.25
722,14,0,5.666666666666667
722,15,0,5.666666666666667
722,16,0,6.1
722,17,0,6.363636363636363
722,18,0,6.75
722,19,0,6.75
722,20,0,6.75
722,21,0,7.5
722,22,0,7.5
722,23,0,7.5
722,24,0,7.5
722,25,0,8.4375
722,26,0,8.4375
722,27,0,8.4375
722,28,0,8.823529411764707
722,29,0,9.277777777777779
722,30,0,9.25
722,31,0,9.25
722,32,0,9.25
722,33,0,9.761904761904763
722,34,0,10.090909090909092
723,0,0,0
723,1,0,0
723,2,0,2.0
723,3,0,2.0
723,4,0,2.6666666666666665
723,5,0,3.0
723,6,0,2.8
723,7,0,2.8
723,8,0,3.1666666666666665
723,9,0,3.2857142857142856
723,10,0,3.2857142857142856
723,11,0,3.2857142857142856
723,12,0,3.875
723,13,0,4.0
723,14,0,4.0
723,15,0,4.0
723,16,0,4.6
723,17,0,4.909090909090909
723,18,0,4.909090909090909
723,19,0,5.333333333333333
723,20,0,5.615384615384615
723,21,0,5.615384615384615
723,22,0,6.266666666666667
723,23,0,6.266666666666667
723,24,0,6.4375
723,25,0,6.764705882352941
723,26,0,6.944444444444445
723,27,0,7.157894736842105
723,28,0,7.157894736842105
723,29,0,7.3
723,30,0,7.2272727272727275
723,31,0,7.2272727272727275
723,32,0,7.583333333333333
723,33,0,7.583333333333333
723,34,0,7.583333333333333
724,0,0,0
724,1,0,0
724,2,0,2.0
724,3,0,2.0
724,4,0,2.0
724,5,0,2.0
724,6,0,2.25
724,7,0,2.4
724,8,0,2.6666666666666665
724,9,0,2.6666666666666665
724,10,0,2.6666666666666665
724,11,0,3.125
724,12,0,3.0
724,13,0,3.0
724,14,0,3.0
724,15,0,3.4166666666666665
724,16,0,3.3846153846153846
724,17,0,3.3846153846153846
724,18,0,3.8
724,19,0,3.8
724,20,0,4.0625
724,21,0,4.176470588235294
724,22,0,4.444444444444445
724,23,0,4.444444444444445
724,24,0,4.578947368421052
724,25,0,4.6
724,26,0,4.6
724,27,0,4.7272727272727275
724,28,0,4.7272727272727275
724,29,0,4.7272727272727275
724,30,0,4.7272727272727275
724,31,0,5.043478260869565
724,32,0,5.043478260869565
724,33,0,4.958333333333333
724,34,0,5.28
725,0,0,0
725,1,0,0
725,2,0,0
725,3,0,0
725,4,0,4.0
725,5,0,4.0
725,6,0,4.0
725,7,0,4.0
725,8,0,3.6666666666666665
725,9,0,3.6666666666666665
725,10,0,4.25
725,11,0,4.25
725,12,0,4.6
725,13,0,4.6
725,14,0,5.333333333333333
725,15,0,4.857142857142857
725,16,0,5.375
725,17,0,5.375
725,18,0,6.3
725,19,0,6.3
725,20,0,6.636363636363637
725,21,0,6.636363636363637
725,22,0,7.0
725,23,0,7.0
725,24,0,7.266666666666667
725,25,0,7.3125
725,26,0,7.3125
725,27,0,7.3125
725,28,0,7.705882352941177
725,29,0,7.888888888888889
725,30,0,7.578947368421052
725,31,0,7.578947368421052
725,32,0,7.681818181818182
725,33,0,7.681818181818182
725,34,0,7.782608695652174
726,0,0,0
726,1,0,0
726,2,0,2.0
726,3,0,2.0
726,4,0,2.0
726,5,0,2.5
726,6,0,2.5
726,7,0,2.5
726,8,0,2.5
726,9,0,2.75
726,10,0,2.75
726,11,0,2.75
726,12,0,2.8333333333333335
726,13,0,3.142857142857143
726,14,0,3.125
726,15,0,3.4444444444444446
726,16,0,3.4545454545454546
726,17,0,3.5833333333333335
726,18,0,3.5833333333333335
726,19,0,3.4615384615384617
726,20,0,3.5714285714285716
726,21,0,3.5714285714285716
726,22,0,3.5714285714285716
726,23,0,3.6875
726,24,0,3.6875
726,25,0,3.9411764705882355
726,26,0,3.9411764705882355
726,27,0,3.9411764705882355
726,28,0,3.9444444444444446
726,29,0,4.2631578947368425
726,30,0,4.2
726,31,0,4.2
726,32,0,4.2
726,33,0,4.636363636363637
726,34,0,4.636363636363637
727,0,0,0
727,1,0,0
727,2,0,2.0
727,3,0,2.5
727,4,0,2.3333333333333335
727,5,0,2.3333333333333335
727,6,0,3.0
727,7,0,3.0
727,8,0,3.0
727,9,0,3.0
727,10,0,4.0
727,11,0,4.0
727,12,0,4.0
727,13,0,4.714285714285714
727,14,0,4.875
727,15,0,4.875
727,16,0,4.875
727,17,0,5.666666666666667
727,18,0,6.0
727,19,0,6.0
727,20,0,6.666666666666667
727,21,0,6.666666666666667
727,22,0,7.0
727,23,0,7.285714285714286
727,24,0,7.285714285714286
727,25,0,7.533333333333333
727,26,0,7.75
727,27,0,7.75
727,28,0,7.75
727,29,0,8.222222222222221
727,30,0,8.222222222222221
727,31,0,8.31578947368421
727,32,0,8.31578947368421
727,33,0,8.857142857142858
727,34,0,8.857142857142858
728,0,0,0
728,1,0,0
728,2,0,0
728,3,0,0
728,4,0,2.0
728,5,0,2.6666666666666665
728,6,0,2.75
728,7,0,2.75
728,8,0,2.75
728,9,0,3.2
728,10,0,3.2
728,11,0,3.2
728,12,0,3.8333333333333335
728,13,0,3.8333333333333335
728,14,0,3.8333333333333335
728,15,0,3.8333333333333335
728,16,0,4.5
728,17,0,4.5
728,18,0,5.111111111111111
728,19,0,5.111111111111111
728,20,0,5.111111111111111
728,21,0,5.111111111111111
728,22,0,5.7272727272727275
728,23,0,5.7272727272727275
728,24,0,5.666666666666667
728,25,0,5.666666666666667
728,26,0,6.3076923076923075
728,27,0,6.214285714285714
728,28,0,6.8
728,29,0,6.8
728,30,0,6.8
728,31,0,6.8125
728,32,0,7.411764705882353
728,33,0,7.411764705882353
728,34,0,7.411764705882353
729,0,0,0
729,1,0,0
729,2,0,2.0
729,3,0,2.0
729,4,0,2.0
729,5,0,2.0
729,6,0,2.5
729,7,0,3.0
729,8,0,3.0
729,9,0,3.0
729,10,0,3.0
729,11,0,3.5
729,12,0,3.6
729,13,0,4.0
729,14,0,4.0
729,15,0,4.142857142857143
729,16,0,4.0
729,17,0,4.0
729,18,0,4.0
729,19,0,4.444444444444445
729,20,0,4.4
729,21,0,4.4
729,22,0,4.4
729,23,0,5.0
729,24,0,5.0
729,25,0,5.214285714285714
729,26,0,5.214285714285714
729,27,0,5.214285714285714
729,28,0,5.214285714285714
729,29,0,5.625
729,30,0,5.625
729,31,0,5.625
729,32,0,5.625
729,33,0,6.222222222222222
729,34,0,6.222222222222222
730,0,0,0
730,1,0,0
730,2,0,2.0
730,3,0,2.5
730,4,0,2.5
730,5,0,2.75
730,6,0,2.75
730,7,0,2.6
730,8,0,2.6
730,9,0,2.5
730,10,0,2.4285714285714284
730,11,0,2.4285714285714284
730,12,0,2.5555555555555554
730,13,0,2.5555555555555554
730,14,0,2.5555555555555554
730,15,0,2.7
730,16,0,2.8333333333333335
730,17,0,3.0
730,18,0,3.0
730,19,0,3.3333333333333335
730,20,0,3.3333333333333335
730,21,0,3.3333333333333335
730,22,0,3.3333333333333335
730,23,0,3.823529411764706
730,24,0,3.823529411764706
730,25,0,4.055555555555555
730,26,0,4.055555555555555
730,27,0,4.5
730,28,0,4.5
730,29,0,4.5
730,30,0,4.5
730,31,0,4.818181818181818
730,32,0,4.818181818181818
730,33,0,4.818181818181818
730,34,0,5.25
731,0,0,0
731,1,0,0
731,2,0,0
731,3,0,3.0
731,4,0,3.0
731,5,0,3.0
731,6,0,3.0
731,7,0,3.5
731,8,0,3.5
731,9,0,3.5
731,10,0,4.333333333333333
731,11,0,4.333333333333333
731,12,0,4.333333333333333
731,13,0,4.571428571428571
731,14,0,5.125
731,15,0,5.333333333333333
731,16,0,5.7
731,17,0,5.7
731,18,0,5.818181818181818
731,19,0,6.25
731,20,0,6.25
731,21,0,6.25
731,22,0,6.615384615384615
731,23,0,6.285714285714286
731,24,0,6.285714285714286
731,25,0,6.733333333333333
731,26,0,6.5625
731,27,0,6.5625
731,28,0,6.9411764705882355
731,29,0,6.888888888888889
731,30,0,6.888888888888889
731,31,0,7.2631578947368425
731,32,0,7.2631578947368425
731,33,0,7.35
731,34,0,7.761904761904762
732,0,0,0
732,1,0,0
732,2,0,2.0
732,3,0,2.0
732,4,0,2.0
732,5,0,2.0
732,6,0,2.5
732,7,0,2.6
732,8,0,2.6
732,9,0,2.6
732,10,0,3.5714285714285716
732,11,0,3.5714285714285716
732,12,0,3.5714285714285716
732,13,0,4.0
732,14,0,4.555555555555555
732,15,0,4.555555555555555
732,16,0,5.454545454545454
732,17,0,5.454545454545454
732,18,0,5.454545454545454
732,19,0,5.75
732,20,0,6.230769230769231
732,21,0,6.230769230769231
732,22,0,6.230769230769231
732,23,0,7.0
732,24,0,7.0
732,25,0,7.375
732,26,0,7.375
732,27,0,7.888888888888889
732,28,0,7.888888888888889
732,29,0,8.4
732,30,0,8.4
732,31,0,8.523809523809524
732,32,0,8.954545454545455
732,33,0,8.954545454545455
732,34,0,8.954545454545455
733,0,0,0
733,1,0,0
733,2,0,0
733,3,0,0
733,4,0,0
733,5,0,0
733,6,0,2.0
733,7,0,2.0
733,8,0,2.5
733,9,0,3.0
733,10,0,3.0
733,11,0,3.0
733,12,0,4.2
733,13,0,4.2
733,14,0,4.2
733,15,0,4.833333333333333
733,16,0,5.285714285714286
733,17,0,5.285714285714286
733,18,0,5.285714285714286
733,19,0,6.222222222222222
733,20,0,6.222222222222222
733,21,0,6.222222222222222
733,22,0,6.5
733,23,0,6.909090909090909
733,24,0,6.909090909090909
733,25,0,7.083333333333333
733,26,0,7.083333333333333
733,27,0,7.0
733,28,0,7.0
733,29,0,6.875
733,30,0,6.875
733,31,0,6.9411764705882355
733,32,0,6.944444444444445
733,33,0,6.944444444444445
733,34,0,7.105263157894737
734,0,0,0
734,1,0,0
734,2,0,2.0
734,3,0,2.0
734,4,0,2.0
734,5,0,3.0
734,6,0,2.6666666666666665
734,7,0,2.6666666666666665
734,8,0,3.25
734,9,0,3.2
734,10,0,3.2
734,11,0,3.8333333333333335
734,12,0,3.5
734,13,0,3.5
734,14,0,3.7777777777777777
734,15,0,3.7777777777777777
734,16,0,3.727272727272727
734,17,0,3.8333333333333335
734,18,0,3.769230769230769
734,19,0,3.769230769230769
734,20,0,3.7857142857142856
734,21,0,3.8666666666666667
734,22,0,3.8666666666666667
734,23,0,3.8666666666666667
734,24,0,4.0625
734,25,0,4.294117647058823
734,26,0,4.5
734,27,0,4.5
734,28,0,4.95
734,29,0,4.95
734,30,0,4.95
734,31,0,4.95
734,32,0,5.545454545454546
734,33,0,5.545454545454546
734,34,0,5.826086956521739
735,0,0,0
735,1,0,0
735,2,0,0
735,3,0,3.0
735,4,0,3.5
735,5,0,3.5
735,6,0,3.5
735,7,0,4.333333333333333
735,8,0,5.0
735,9,0,5.4
735,10,0,5.666666666666667
735,11,0,5.666666666666667
735,12,0,5.666666666666667
735,13,0,6.142857142857143
735,14,0,6.5
735,15,0,6.888888888888889
735,16,0,6.888888888888889
735,17,0,6.888888888888889
735,18,0,7.7272727272727275
735,19,0,7.7272727272727275
735,20,0,7.7272727272727275
735,21,0,8.083333333333334
735,22,0,8.615384615384615
735,23,0,8.714285714285714
735,24,0,8.714285714285714
735,25,0,8.714285714285714
735,26,0,9.333333333333334
735,27,0,9.5
735,28,0,10.0
735,29,0,10.166666666666666
735,30,0,10.166666666666666
735,31,0,9.95
735,32,0,10.476190476190476
735,33,0,10.476190476190476
735,34,0,10.476190476190476
736,0,0,0
736,1,0,0
736,2,0,0
736,3,0,0
736,4,0,3.0
736,5,0,3.0
736,6,0,2.75
736,7,0,2.75
736,8,0,2.6666666666666665
736,9,0,2.6666666666666665
736,10,0,2.6666666666666665
736,11,0,2.7142857142857144
736,12,0,3.125
736,13,0,3.125
736,14,0,3.125
736,15,0,3.4444444444444446
736,16,0,4.0
736,17,0,4.0
736,18,0,4.181818181818182
736,19,0,4.75
736,20,0,4.75
736,21,0,4.6923076923076925
736,22,0,5.071428571428571
736,23,0,5.066666666666666
736,24,0,5.066666666666666
736,25,0,5.125
736,26,0,5.529411764705882
736,27,0,5.529411764705882
736,28,0,5.842105263157895
736,29,0,5.842105263157895
736,30,0,5.842105263157895
736,31,0,5.842105263157895
736,32,0,6.333333333333333
736,33,0,6.333333333333333
736,34,0,6.260869565217392
737,0,0,0
737,1,0,0
737,2,0,0
737,3,0,0
737,4,0,3.5
737,5,0,3.5
737,6,0,3.0
737,7,0,3.25
737,8,0,3.25
737,9,0,3.25
737,10,0,3.6666666666666665
737,11,0,3.6666666666666665
737,12,0,3.6666666666666665
737,13,0,4.142857142857143
737,14,0,4.5
737,15,0,4.5
737,16,0,4.222222222222222
737,17,0,4.4
737,18,0,4.909090909090909
737,19,0,4.909090909090909
737,20,0,5.166666666666667
737,21,0,4.923076923076923
737,22,0,5.142857142857143
737,23,0,5.2
737,24,0,5.2
737,25,0,5.5
737,26,0,5.5
737,27,0,5.705882352941177
737,28,0,6.055555555555555
737,29,0,6.055555555555555
737,30,0,6.2631578947368425
737,31,0,6.65
737,32,0,6.65
737,33,0,6.857142857142857
737,34,0,7.090909090909091
738,0,0,0
738,1,0,0
738,2,0,0
738,3,0,3.0
738,4,0,3.0
738,5,0,3.0
738,6,0,3.5
738,7,0,3.5
738,8,0,3.6666666666666665
738,9,0,4.25
738,10,0,3.8
738,11,0,3.8
738,12,0,4.333333333333333
738,13,0,4.142857142857143
738,14,0,4.142857142857143
738,15,0,4.125
738,16,0,4.777777777777778
738,17,0,4.8
738,18,0,4.8
738,19,0,5.454545454545454
738,20,0,5.583333333333333
738,21,0,5.583333333333333
738,22,0,5.583333333333333
738,23,0,6.153846153846154
738,24,0,6.357142857142857
738,25,0,6.8
738,26,0,6.8
738,27,0,6.875
738,28,0,6.875
738,29,0,7.411764705882353
738,30,0,7.411764705882353
738,31,0,8.105263157894736
738,32,0,8.105263157894736
738,33,0,8.105263157894736
738,34,0,8.105263157894736
739,0,0,0
739,1,0,0
739,2,0,0
739,3,0,2.0
739,4,0,2.0
739,5,0,2.0
739,6,0,3.0
739,7,0,3.0
739,8,0,3.0
739,9,0,3.4
739,10,0,3.4
739,11,0,3.6666666666666665
739,12,0,3.6666666666666665
739,13,0,4.0
739,14,0,4.125
739,15,0,4.125
739,16,0,4.333333333333333
739,17,0,4.7
739,18,0,4.818181818181818
739,19,0,4.818181818181818
739,20,0,4.818181818181818
739,21,0,5.461538461538462
739,22,0,5.461538461538462
739,23,0,5.785714285714286
739,24,0,5.866666666666666
739,25,0,5.866666666666666
739,26,0,6.25
739,27,0,6.352941176470588
739,28,0,6.352941176470588
739,29,0,6.722222222222222
739,30,0,6.894736842105263
739,31,0,6.894736842105263
739,32,0,6.894736842105263
739,33,0,7.476190476190476
739,34,0,7.476190476190476
740,0,0,0
740,1,0,0
740,2,0,2.0
740,3,0,2.0
740,4,0,2.3333333333333335
740,5,0,2.25
740,6,0,2.2
740,7,0,2.5
740,8,0,2.5
740,9,0,2.5
740,10,0,3.0
740,11,0,3.125
740,12,0,3.125
740,13,0,3.125
740,14,0,4.0
740,15,0,4.0
740,16,0,4.0
740,17,0,4.0
740,18,0,5.0
740,19,0,5.0
740,20,0,5.0
740,21,0,5.461538461538462
740,22,0,5.857142857142857
740,23,0,5.857142857142857
740,24,0,6.5625
740,25,0,6.5625
740,26,0,6.5625
740,27,0,7.0
740,28,0,7.333333333333333
740,29,0,7.333333333333333
740,30,0,8.0
740,31,0,8.0
740,32,0,8.0
740,33,0,8.0
740,34,0,8.636363636363637
741,0,0,0
741,1,0,0
741,2,0,2.0
741,3,0,2.0
741,4,0,2.25
741,5,0,2.25
741,6,0,2.2
741,7,0,3.0
741,8,0,3.0
741,9,0,3.0
741,10,0,3.125
741,11,0,3.5555555555555554
741,12,0,3.5555555555555554
741,13,0,3.8181818181818183
741,14,0,3.8181818181818183
741,15,0,3.9166666666666665
741,16,0,3.769230769230769
741,17,0,4.071428571428571
741,18,0,4.071428571428571
741,19,0,4.1875
741,20,0,4.0588235294117645
741,21,0,3.9444444444444446
741,22,0,3.8947368421052633
741,23,0,3.85
741,24,0,3.85
741,25,0,3.857142857142857
741,26,0,3.857142857142857
741,27,0,3.8181818181818183
741,28,0,3.8181818181818183
741,29,0,3.9130434782608696
741,30,0,3.9130434782608696
741,31,0,4.0
741,32,0,4.0
741,33,0,4.2
741,34,0,4.230769230769231
742,0,0,0
742,1,0,0
742,2,0,0
742,3,0,2.0
742,4,0,2.0
742,5,0,2.6666666666666665
742,6,0,2.6666666666666665
742,7,0,2.6666666666666665
742,8,0,2.6666666666666665
742,9,0,4.0
742,10,0,4.0
742,11,0,4.166666666666667
742,12,0,4.571428571428571
742,13,0,4.75
742,14,0,4.888888888888889
742,15,0,5.1
742,16,0,5.1
742,17,0,5.083333333333333
742,18,0,5.083333333333333
742,19,0,5.153846153846154
742,20,0,5.153846153846154
742,21,0,5.285714285714286
742,22,0,5.285714285714286
742,23,0,5.285714285714286
742,24,0,5.4375
742,25,0,5.4375
742,26,0,5.352941176470588
742,27,0,5.352941176470588
742,28,0,5.684210526315789
742,29,0,5.684210526315789
742,30,0,5.684210526315789
742,31,0,5.684210526315789
742,32,0,6.15
742,33,0,6.0476190476190474
742,34,0,6.0476190476190474
743,0,0,0
743,1,0,0
743,2,0,2.0
743,3,0,2.0
743,4,0,2.0
743,5,0,2.6666666666666665
743,6,0,2.5
743,7,0,2.5
743,8,0,3.2
743,9,0,3.2
743,10,0,3.2
743,11,0,3.857142857142857
743,12,0,3.857142857142857
743,13,0,3.857142857142857
743,14,0,4.0
743,15,0,4.555555555555555
743,16,0,4.555555555555555
743,17,0,4.555555555555555
743,18,0,5.363636363636363
743,19,0,5.363636363636363
743,20,0,5.363636363636363
743,21,0,5.75
743,22,0,6.3076923076923075
743,23,0,6.3076923076923075
743,24,0,6.571428571428571
743,25,0,6.571428571428571
743,26,0,7.2
743,27,0,7.5
743,28,0,7.5
743,29,0,8.222222222222221
743,30,0,8.222222222222221
743,31,0,8.222222222222221
743,32,0,8.631578947368421
743,33,0,8.9
743,34,0,9.285714285714286
744,0,0,0
744,1,0,0
744,2,0,2.0
744,3,0,2.0
744,4,0,2.5
744,5,0,3.0
744,6,0,3.0
744,7,0,3.0
744,8,0,3.5
744,9,0,3.4
744,10,0,3.4
744,11,0,3.857142857142857
744,12,0,3.857142857142857
744,13,0,3.6666666666666665
744,14,0,3.6666666666666665
744,15,0,3.8181818181818183
744,16,0,3.8333333333333335
744,17,0,4.0
744,18,0,4.0
744,19,0,4.0
744,20,0,3.933333333333333
744,21,0,3.8125
744,22,0,3.8125
744,23,0,3.7777777777777777
744,24,0,3.7777777777777777
744,25,0,3.6842105263157894
744,26,0,3.6842105263157894
744,27,0,3.8095238095238093
744,28,0,3.8095238095238093
744,29,0,4.0
744,30,0,4.0
744,31,0,3.9565217391304346
744,32,0,3.9565217391304346
744,33,0,4.208333333333333
744,34,0,4.208333333333333
745,0,0,0
745,1,0,0
745,2,0,0
745,3,0,2.0
745,4,0,2.0
745,5,0,2.0
745,6,0,2.5
745,7,0,3.0
745,8,0,3.0
745,9,0,3.5
745,10,0,3.5
745,11,0,4.0
745,12,0,4.0
745,13,0,3.857142857142857
745,14,0,3.857142857142857
745,15,0,4.333333333333333
745,16,0,4.333333333333333
745,17,0,4.333333333333333
745,18,0,5.0
745,19,0,5.0
745,20,0,5.0
745,21,0,5.769230769230769
745,22,0,5.769230769230769
745,23,0,5.769230769230769
745,24,0,6.4
745,25,0,6.4
745,26,0,6.6875
745,27,0,7.0
745,28,0,7.166666666666667
745,29,0,7.166666666666667
745,30,0,7.473684210526316
745,31,0,7.473684210526316
745,32,0,7.75
745,33,0,7.75
745,34,0,8.409090909090908
746,0,0,0
746,1,0,0
746,2,0,0
746,3,0,3.0
746,4,0,3.0
746,5,0,3.0
746,6,0,3.5
746,7,0,3.5
746,8,0,3.5
746,9,0,3.5
746,10,0,4.666666666666667
746,11,0,4.666666666666667
746,12,0,4.666666666666667
746,13,0,4.714285714285714
746,14,0,5.0
746,15,0,5.0
746,16,0,4.7
746,17,0,5.583333333333333
746,18,0,5.583333333333333
746,19,0,5.583333333333333
746,20,0,5.583333333333333
746,21,0,6.3076923076923075
746,22,0,6.071428571428571
746,23,0,6.071428571428571
746,24,0,6.733333333333333
746,25,0,6.733333333333333
746,26,0,6.625
746,27,0,6.625
746,28,0,6.7894736842105265
746,29,0,6.7894736842105265
746,30,0,6.6
746,31,0,6.6
746,32,0,7.238095238095238
746,33,0,7.136363636363637
746,34,0,7.136363636363637
747,0,0,0
747,1,0,0
747,2,0,2.0
747,3,0,2.0
747,4,0,2.5
747,5,0,3.0
747,6,0,3.0
747,7,0,3.2
747,8,0,3.2
747,9,0,3.6666666666666665
747,10,0,3.7142857142857144
747,11,0,3.7142857142857144
747,12,0,3.7142857142857144
747,13,0,4.333333333333333
747,14,0,4.333333333333333
747,15,0,4.333333333333333
747,16,0,4.333333333333333
747,17,0,5.2727272727272725
747,18,0,5.2727272727272725
747,19,0,5.916666666666667
747,20,0,6.0
747,21,0,6.0
747,22,0,6.666666666666667
747,23,0,6.666666666666667
747,24,0,6.666666666666667
747,25,0,7.1875
747,26,0,7.294117647058823
747,27,0,7.555555555555555
747,28,0,7.555555555555555
747,29,0,7.7368421052631575
747,30,0,7.95
747,31,0,7.95
747,32,0,7.904761904761905
747,33,0,7.904761904761905
747,34,0,8.130434782608695
748,0,0,0
748,1,0,0
748,2,0,0
748,3,0,3.0
748,4,0,3.5
748,5,0,3.5
748,6,0,4.0
748,7,0,4.5
748,8,0,4.5
748,9,0,4.5
748,10,0,5.0
748,11,0,5.333333333333333
748,12,0,5.571428571428571
748,13,0,5.571428571428571
748,14,0,5.125
748,15,0,5.333333333333333
748,16,0,5.6
748,17,0,5.6
748,18,0,5.909090909090909
748,19,0,6.166666666666667
748,20,0,6.230769230769231
748,21,0,6.230769230769231
748,22,0,6.571428571428571
748,23,0,6.571428571428571
748,24,0,7.0
748,25,0,7.0
748,26,0,7.388888888888889
748,27,0,7.388888888888889
748,28,0,7.388888888888889
748,29,0,7.388888888888889
748,30,0,7.8
748,31,0,7.8
748,32,0,8.142857142857142
748,33,0,8.142857142857142
748,34,0,8.304347826086957
749,0,0,0
749,1,0,0
749,2,0,0
749,3,0,2.5
749,4,0,2.5
749,5,0,2.6666666666666665
749,6,0,2.75
749,7,0,2.75
749,8,0,2.75
749,9,0,3.4
749,10,0,3.1666666666666665
749,11,0,3.1666666666666665
749,12,0,3.1666666666666665
749,13,0,3.375
749,14,0,3.375
749,15,0,3.6
749,16,0,3.6
749,17,0,3.6
749,18,0,3.5833333333333335
749,19,0,3.5833333333333335
749,20,0,3.642857142857143
749,21,0,3.642857142857143
749,22,0,3.8
749,23,0,3.75
749,24,0,3.75
749,25,0,3.75
749,26,0,4.055555555555555
749,27,0,4.055555555555555
749,28,0,4.05
749,29,0,4.05
749,30,0,4.380952380952381
749,31,0,4.5
749,32,0,4.5
749,33,0,4.75
749,34,0,4.75
750,0,0,0
750,1,0,0
750,2,0,0
750,3,0,0
750,4,0,2.5
750,5,0,2.5
750,6,0,2.5
750,7,0,3.0
750,8,0,3.25
750,9,0,3.6
750,10,0,3.8333333333333335
750,11,0,3.8333333333333335
750,12,0,4.142857142857143
750,13,0,4.142857142857143
750,14,0,4.625
750,15,0,5.0
750,16,0,5.4
750,17,0,5.4
750,18,0,5.4
750,19,0,5.636363636363637
750,20,0,6.083333333333333
750,21,0,6.083333333333333
750,22,0,6.3076923076923075
750,23,0,6.714285714285714
750,24,0,6.714285714285714
750,25,0,7.25
750,26,0,7.25
750,27,0,7.25
750,28,0,7.588235294117647
750,29,0,7.944444444444445
750,30,0,7.944444444444445
750,31,0,7.944444444444445
750,32,0,8.368421052631579
750,33,0,8.75
750,34,0,8.75
751,0,0,0
751,1,0,0
751,2,0,0
751,3,0,0
751,4,0,4.0
751,5,0,3.5
751,6,0,3.25
751,7,0,3.2
751,8,0,3.2
751,9,0,3.2
751,10,0,3.8333333333333335
751,11,0,4.142857142857143
751,12,0,4.142857142857143
751,13,0,4.142857142857143
751,14,0,4.625
751,15,0,4.625
751,16,0,4.625
751,17,0,4.625
751,18,0,5.0
751,19,0,4.909090909090909
751,20,0,4.909090909090909
751,21,0,4.909090909090909
751,22,0,5.538461538461538
751,23,0,5.538461538461538
751,24,0,5.538461538461538
751,25,0,6.214285714285714
751,26,0,6.266666666666667
751,27,0,6.266666666666667
751,28,0,6.9375
751,29,0,6.9375
751,30,0,6.882352941176471
751,31,0,6.882352941176471
751,32,0,7.444444444444445
751,33,0,7.315789473684211
751,34,0,7.315789473684211
752,0,0,0
752,1,0,0
752,2,0,2.0
752,3,0,2.0
752,4,0,2.0
752,5,0,2.0
752,6,0,2.0
752,7,0,2.0
752,8,0,2.75
752,9,0,2.75
752,10,0,3.0
752,11,0,3.1666666666666665
752,12,0,3.1666666666666665
752,13,0,3.25
752,14,0,3.4444444444444446
752,15,0,3.4444444444444446
752,16,0,3.5
752,17,0,3.909090909090909
752,18,0,3.909090909090909
752,19,0,4.0
752,20,0,4.0
752,21,0,4.538461538461538
752,22,0,4.714285714285714
752,23,0,4.714285714285714
752,24,0,4.714285714285714
752,25,0,5.4375
752,26,0,5.4375
752,27,0,5.4375
752,28,0,6.0588235294117645
752,29,0,5.944444444444445
752,30,0,6.473684210526316
752,31,0,6.473684210526316
752,32,0,6.473684210526316
752,33,0,7.0476190476190474
752,34,0,7.0476190476190474
753,0,0,0
753,1,0,0
753,2,0,0
753,3,0,0
753,4,0,4.0
753,5,0,3.5
753,6,0,3.5
753,7,0,3.6666666666666665
753,8,0,3.5
753,9,0,3.5
753,10,0,3.5
753,11,0,4.0
753,12,0,4.0
753,13,0,3.8333333333333335
753,14,0,3.8333333333333335
753,15,0,4.375
753,16,0,4.111111111111111
753,17,0,3.9
753,18,0,4.454545454545454
753,19,0,4.454545454545454
753,20,0,4.454545454545454
753,21,0,4.454545454545454
753,22,0,5.076923076923077
753,23,0,5.076923076923077
753,24,0,5.666666666666667
753,25,0,5.666666666666667
753,26,0,6.125
753,27,0,6.125
753,28,0,6.235294117647059
753,29,0,6.666666666666667
753,30,0,6.666666666666667
753,31,0,6.842105263157895
753,32,0,7.25
753,33,0,7.25
753,34,0,7.25
754,0,0,0
754,1,0,0
754,2,0,0
754,3,0,3.0
754,4,0,3.5
754,5,0,3.5
754,6,0,3.5
754,7,0,4.0
754,8,0,4.0
754,9,0,4.0
754,10,0,4.4
754,11,0,4.4
754,12,0,4.428571428571429
754,13,0,4.375
754,14,0,4.375
754,15,0,4.375
754,16,0,4.7
754,17,0,4.7
754,18,0,5.090909090909091
754,19,0,5.090909090909091
754,20,0,5.25
754,21,0,5.615384615384615
754,22,0,5.615384615384615
754,23,0,5.615384615384615
754,24,0,5.857142857142857
754,25,0,6.333333333333333
754,26,0,6.5
754,27,0,6.5
754,28,0,7.111111111111111
754,29,0,7.111111111111111
754,30,0,7.2105263157894735
754,31,0,7.55
754,32,0,7.55
754,33,0,7.55
754,34,0,7.714285714285714
755,0,0,0
755,1,0,0
755,2,0,2.0
755,3,0,2.0
755,4,0,2.0
755,5,0,2.3333333333333335
755,6,0,3.0
755,7,0,3.0
755,8,0,3.6
755,9,0,3.8333333333333335
755,10,0,3.8333333333333335
755,11,0,4.428571428571429
755,12,0,4.428571428571429
755,13,0,4.875
755,14,0,5.333333333333333
755,15,0,5.333333333333333
755,16,0,5.4
755,17,0,5.909090909090909
755,18,0,5.909090909090909
755,19,0,5.6923076923076925
755,20,0,5.928571428571429
755,21,0,5.928571428571429
755,22,0,5.928571428571429
755,23,0,6.5
755,24,0,6.5
755,25,0,6.5
755,26,0,7.055555555555555
755,27,0,7.055555555555555
755,28,0,7.055555555555555
755,29,0,7.055555555555555
755,30,0,7.4
755,31,0,7.4
755,32,0,7.4
755,33,0,7.285714285714286
755,34,0,7.5
756,0,0,0
756,1,0,0
756,2,0,0
756,3,0,0
756,4,0,4.0
756,5,0,3.5
756,6,0,3.5
756,7,0,4.0
756,8,0,4.0
756,9,0,4.0
756,10,0,4.0
756,11,0,4.0
756,12,0,4.333333333333333
756,13,0,4.428571428571429
756,14,0,4.428571428571429
756,15,0,4.428571428571429
756,16,0,4.875
756,17,0,5.111111111111111
756,18,0,5.111111111111111
756,19,0,5.6
756,20,0,5.909090909090909
756,21,0,5.909090909090909
756,22,0,6.6923076923076925
756,23,0,6.6923076923076925
756,24,0,6.6923076923076925
756,25,0,7.142857142857143
756,26,0,7.533333333333333
756,27,0,7.9375
756,28,0,7.9375
756,29,0,8.294117647058824
756,30,0,8.61111111111111
756,31,0,8.61111111111111
756,32,0,8.894736842105264
756,33,0,9.1
756,34,0,9.1
757,0,0,0
757,1,0,0
757,2,0,0
757,3,0,0
757,4,0,2.0
757,5,0,2.0
757,6,0,2.0
757,7,0,2.3333333333333335
757,8,0,2.3333333333333335
757,9,0,2.25
757,10,0,2.8
757,11,0,2.8
757,12,0,2.8333333333333335
757,13,0,2.8333333333333335
757,14,0,3.142857142857143
757,15,0,3.25
757,16,0,3.25
757,17,0,3.6666666666666665
757,18,0,3.6666666666666665
757,19,0,3.9
757,20,0,4.363636363636363
757,21,0,4.583333333333333
757,22,0,5.0
757,23,0,5.0
757,24,0,5.285714285714286
757,25,0,5.285714285714286
757,26,0,5.875
757,27,0,5.875
757,28,0,5.875
757,29,0,5.875
757,30,0,6.388888888888889
757,31,0,6.388888888888889
757,32,0,6.388888888888889
757,33,0,6.842105263157895
757,34,0,6.95
758,0,0,0
758,1,0,0
758,2,0,0
758,3,0,2.0
758,4,0,3.0
758,5,0,3.0
758,6,0,3.0
758,7,0,4.0
758,8,0,3.75
758,9,0,3.75
758,10,0,3.75
758,11,0,4.4
758,12,0,4.666666666666667
758,13,0,4.666666666666667
758,14,0,5.0
758,15,0,5.0
758,16,0,5.777777777777778
758,17,0,5.777777777777778
758,18,0,5.777777777777778
758,19,0,6.2
758,20,0,6.545454545454546
758,21,0,6.545454545454546
758,22,0,7.0
758,23,0,7.3076923076923075
758,24,0,7.3076923076923075
758,25,0,7.3076923076923075
758,26,0,7.857142857142857
758,27,0,8.266666666666667
758,28,0,8.75
758,29,0,9.117647058823529
758,30,0,9.117647058823529
758,31,0,9.5
758,32,0,9.6
758,33,0,9.6
758,34,0,9.6
759,0,0,0
759,1,0,0
759,2,0,2.0
759,3,0,2.0
759,4,0,3.0
759,5,0,3.0
759,6,0,3.25
759,7,0,3.4
759,8,0,3.3333333333333335
759,9,0,3.5714285714285716
759,10,0,3.5714285714285716
759,11,0,3.5714285714285716
759,12,0,3.4444444444444446
759,13,0,3.4444444444444446
759,14,0,3.4444444444444446
759,15,0,3.4444444444444446
759,16,0,3.727272727272727
759,17,0,3.727272727272727
759,18,0,3.727272727272727
759,19,0,4.153846153846154
759,20,0,4.153846153846154
759,21,0,4.333333333333333
759,22,0,4.333333333333333
759,23,0,4.625
759,24,0,4.588235294117647
759,25,0,4.588235294117647
759,26,0,4.588235294117647
759,27,0,5.052631578947368
759,28,0,5.052631578947368
759,29,0,5.052631578947368
759,30,0,5.052631578947368
759,31,0,5.714285714285714
759,32,0,5.714285714285714
759,33,0,5.7727272727272725
759,34,0,6.217391304347826
760,0,0,0
760,1,0,0
760,2,0,2.0
760,3,0,2.0
760,4,0,2.0
760,5,0,2.5
760,6,0,2.6
760,7,0,2.6
760,8,0,3.1666666666666665
760,9,0,3.2857142857142856
760,10,0,3.2857142857142856
760,11,0,3.875
760,12,0,4.111111111111111
760,13,0,4.111111111111111
760,14,0,4.6
760,15,0,4.6
760,16,0,5.416666666666667
760,17,0,5.416666666666667
760,18,0,5.416666666666667
760,19,0,5.923076923076923
760,20,0,6.357142857142857
760,21,0,6.357142857142857
760,22,0,6.357142857142857
760,23,0,6.8
760,24,0,7.25
760,25,0,7.647058823529412
760,26,0,7.647058823529412
760,27,0,8.055555555555555
760,28,0,8.210526315789474
760,29,0,8.210526315789474
760,30,0,8.210526315789474
760,31,0,8.7
760,32,0,8.952380952380953
760,33,0,8.952380952380953
760,34,0,8.952380952380953
761,0,0,0
761,1,0,0
761,2,0,0
761,3,0,2.0
761,4,0,2.0
761,5,0,2.6666666666666665
761,6,0,2.6666666666666665
761,7,0,3.0
761,8,0,3.0
761,9,0,3.0
761,10,0,3.5
761,11,0,3.5
761,12,0,3.5
761,13,0,3.5714285714285716
761,14,0,3.875
761,15,0,3.875
761,16,0,4.111111111111111
761,17,0,4.111111111111111
761,18,0,4.545454545454546
761,19,0,4.545454545454546
761,20,0,4.545454545454546
761,21,0,4.545454545454546
761,22,0,5.076923076923077
761,23,0,5.076923076923077
761,24,0,5.142857142857143
761,25,0,5.142857142857143
761,26,0,5.6875
761,27,0,5.6875
761,28,0,5.6875
761,29,0,5.764705882352941
761,30,0,5.888888888888889
761,31,0,5.888888888888889
761,32,0,6.052631578947368
761,33,0,6.2
761,34,0,6.333333333333333
762,0,0,0
762,1,0,0
762,2,0,0
762,3,0,2.0
762,4,0,2.0
762,5,0,2.0
762,6,0,3.3333333333333335
762,7,0,3.3333333333333335
762,8,0,3.6
762,9,0,3.6
762,10,0,3.6
762,11,0,3.8333333333333335
762,12,0,3.8333333333333335
762,13,0,3.857142857142857
762,14,0,3.857142857142857
762,15,0,3.625
762,16,0,3.5555555555555554
762,17,0,3.5555555555555554
762,18,0,3.5555555555555554
762,19,0,3.7
762,20,0,3.8181818181818183
762,21,0,3.8181818181818183
762,22,0,3.8181818181818183
762,23,0,4.153846153846154
762,24,0,4.153846153846154
762,25,0,4.153846153846154
762,26,0,4.666666666666667
762,27,0,4.666666666666667
762,28,0,4.764705882352941
762,29,0,4.764705882352941
762,30,0,5.315789473684211
762,31,0,5.315789473684211
762,32,0,5.315789473684211
762,33,0,5.809523809523809
762,34,0,5.809523809523809
763,0,0,0
763,1,0,0
763,2,0,0
763,3,0,2.0
763,4,0,2.0
763,5,0,2.0
763,6,0,2.5
763,7,0,2.6666666666666665
763,8,0,2.6666666666666665
763,9,0,2.6666666666666665
763,10,0,3.25
763,11,0,3.4
763,12,0,3.4
763,13,0,4.0
763,14,0,4.0
763,15,0,4.0
763,16,0,3.7777777777777777
763,17,0,4.0
763,18,0,4.0
763,19,0,4.333333333333333
763,20,0,4.333333333333333
763,21,0,4.285714285714286
763,22,0,4.285714285714286
763,23,0,4.4
763,24,0,4.4
763,25,0,4.625
763,26,0,4.705882352941177
763,27,0,4.705882352941177
763,28,0,5.0
763,29,0,5.0
763,30,0,5.0
763,31,0,5.1
763,32,0,5.333333333333333
763,33,0,5.333333333333333
763,34,0,5.333333333333333
764,0,0,0
764,1,0,0
764,2,0,0
764,3,0,0
764,4,0,2.0
764,5,0,2.0
764,6,0,2.0
764,7,0,2.0
764,8,0,2.0
764,9,0,2.0
764,10,0,2.0
764,11,0,2.5
764,12,0,2.5
764,13,0,2.6666666666666665
764,14,0,3.0
764,15,0,3.0
764,16,0,3.0
764,17,0,3.4444444444444446
764,18,0,3.4444444444444446
764,19,0,3.5
764,20,0,3.5
764,21,0,3.769230769230769
764,22,0,3.769230769230769
764,23,0,3.769230769230769
764,24,0,4.2
764,25,0,4.2
764,26,0,4.2
764,27,0,4.647058823529412
764,28,0,4.647058823529412
764,29,0,4.647058823529412
764,30,0,4.777777777777778
764,31,0,5.052631578947368
764,32,0,5.052631578947368
764,33,0,5.3
764,34,0,5.476190476190476
765,0,0,0
765,1,0,0
765,2,0,0
765,3,0,0
765,4,0,0
765,5,0,3.0
765,6,0,3.0
765,7,0,2.75
765,8,0,3.0
765,9,0,3.0
765,10,0,3.0
765,11,0,3.3333333333333335
765,12,0,3.5714285714285716
765,13,0,3.5
765,14,0,3.3333333333333335
765,15,0,3.3333333333333335
765,16,0,3.727272727272727
765,17,0,3.727272727272727
765,18,0,3.9166666666666665
765,19,0,4.0
765,20,0,4.142857142857143
765,21,0,4.0
765,22,0,4.0
765,23,0,4.25
765,24,0,4.25
765,25,0,4.235294117647059
765,26,0,4.444444444444445
765,27,0,4.473684210526316
765,28,0,4.473684210526316
765,29,0,4.45
765,30,0,4.714285714285714
765,31,0,4.714285714285714
765,32,0,4.714285714285714
765,33,0,4.818181818181818
765,34,0,5.043478260869565
766,0,0,0
766,1,0,0
766,2,0,0
766,3,0,2.5
766,4,0,2.3333333333333335
766,5,0,2.4
766,6,0,2.4
766,7,0,2.4
766,8,0,2.8333333333333335
766,9,0,3.142857142857143
766,10,0,3.25
766,11,0,3.25
766,12,0,3.4
766,13,0,3.4
766,14,0,3.5454545454545454
766,15,0,3.5454545454545454
766,16,0,3.5454545454545454
766,17,0,3.5833333333333335
766,18,0,3.6153846153846154
766,19,0,3.5
766,20,0,3.625
766,21,0,3.588235294117647
766,22,0,3.588235294117647
766,23,0,3.588235294117647
766,24,0,3.7777777777777777
766,25,0,3.7777777777777777
766,26,0,4.0
766,27,0,4.0
766,28,0,4.0
766,29,0,4.285714285714286
766,30,0,4.363636363636363
766,31,0,4.363636363636363
766,32,0,4.458333333333333
766,33,0,4.48
766,34,0,4.48
767,0,0,0
767,1,0,0
767,2,0,0
767,3,0,0
767,4,0,2.0
767,5,0,2.0
767,6,0,2.0
767,7,0,2.0
767,8,0,2.25
767,9,0,2.25
767,10,0,2.6666666666666665
767,11,0,2.6666666666666665
767,12,0,2.5714285714285716
767,13,0,2.75
767,14,0,2.75
767,15,0,2.75
767,16,0,3.1
767,17,0,3.0
767,18,0,3.0
767,19,0,3.3076923076923075
767,20,0,3.3076923076923075
767,21,0,3.3076923076923075
767,22,0,3.8
767,23,0,3.8
767,24,0,3.8
767,25,0,4.0625
767,26,0,4.294117647058823
767,27,0,4.555555555555555
767,28,0,4.7894736842105265
767,29,0,4.65
767,30,0,4.65
767,31,0,4.809523809523809
767,32,0,4.809523809523809
767,33,0,4.809523809523809
767,34,0,5.045454545454546
768,0,0,0
768,1,0,0
768,2,0,0
768,3,0,0
768,4,0,2.0
768,5,0,2.5
768,6,0,2.5
768,7,0,2.5
768,8,0,2.6666666666666665
768,9,0,3.5
768,10,0,3.5
768,11,0,3.8
768,12,0,3.5
768,13,0,3.5
768,14,0,3.875
768,15,0,3.875
768,16,0,3.875
768,17,0,4.0
768,18,0,4.0
768,19,0,4.0
768,20,0,4.0
768,21,0,4.083333333333333
768,22,0,4.083333333333333
768,23,0,4.0
768,24,0,4.0
768,25,0,3.933333333333333
768,26,0,4.125
768,27,0,4.125
768,28,0,4.176470588235294
768,29,0,4.388888888888889
768,30,0,4.388888888888889
768,31,0,4.388888888888889
768,32,0,4.75
768,33,0,4.75
768,34,0,4.9523809523809526
769,0,0,0
769,1,0,0
769,2,0,2.0
769,3,0,2.5
769,4,0,2.5
769,5,0,3.0
769,6,0,3.0
769,7,0,3.75
769,8,0,3.75
769,9,0,4.4
769,10,0,4.4
769,11,0,4.4
769,12,0,4.333333333333333
769,13,0,4.857142857142857
769,14,0,4.857142857142857
769,15,0,4.857142857142857
769,16,0,4.875
769,17,0,5.444444444444445
769,18,0,5.444444444444445
769,19,0,6.090909090909091
769,20,0,6.090909090909091
769,21,0,6.25
769,22,0,6.25
769,23,0,6.928571428571429
769,24,0,6.928571428571429
769,25,0,7.4
769,26,0,7.375
769,27,0,7.375
769,28,1,7.375
769,29,0,7.611111111111111
769,30,0,7.611111111111111
769,31,0,7.421052631578948
769,32,0,7.421052631578948
769,33,0,7.9
769,34,0,7.9
770,0,0,0
770,1,0,0
770,2,0,0
770,3,0,0
770,4,0,3.0
770,5,0,3.0
770,6,0,3.0
770,7,0,3.0
770,8,0,3.6
770,9,0,3.6
770,10,0,3.6
770,11,0,4.0
770,12,0,4.571428571428571
770,13,0,4.571428571428571
770,14,0,4.571428571428571
770,15,0,5.0
770,16,0,5.666666666666667
770,17,0,5.6
770,18,0,5.6
770,19,0,6.2727272727272725
770,20,0,6.2727272727272725
770,21,0,6.416666666666667
770,22,0,6.416666666666667
770,23,0,7.285714285714286
770,24,0,7.285714285714286
770,25,0,7.4
770,26,0,8.0625
770,27,0,8.0625
770,28,0,8.235294117647058
770,29,0,8.88888888888889
770,30,0,8.88888888888889
770,31,0,9.105263157894736
770,32,0,9.75
770,33,0,9.75
770,34,0,10.0
771,0,0,0
771,1,0,0
771,2,0,2.0
771,3,0,2.0
771,4,0,2.6666666666666665
771,5,0,2.6666666666666665
771,6,0,2.6666666666666665
771,7,0,2.75
771,8,0,2.75
771,9,0,2.75
771,10,0,3.0
771,11,0,3.0
771,12,0,3.1666666666666665
771,13,0,3.1666666666666665
771,14,0,3.5714285714285716
771,15,0,3.5714285714285716
771,16,0,4.0
771,17,0,4.0
771,18,0,4.3
771,19,0,4.363636363636363
771,20,0,4.384615384615385
771,21,0,4.384615384615385
771,22,0,4.428571428571429
771,23,0,4.428571428571429
771,24,0,4.75
771,25,0,4.75
771,26,0,4.75
771,27,0,4.882352941176471
771,28,0,5.277777777777778
771,29,0,5.277777777777778
771,30,0,5.277777777777778
771,31,0,5.9
771,32,0,5.9
771,33,0,5.9
771,34,0,6.454545454545454
772,0,0,0
772,1,0,0
772,2,0,0
772,3,0,2.0
772,4,0,2.0
772,5,0,2.6666666666666665
772,6,0,2.6666666666666665
772,7,0,3.0
772,8,0,3.0
772,9,0,2.8333333333333335
772,10,0,2.8333333333333335
772,11,0,3.0
772,12,0,3.0
772,13,0,3.125
772,14,0,3.125
772,15,0,3.7
772,16,0,3.7
772,17,0,4.0
772,18,0,4.0
772,19,0,4.333333333333333
772,20,0,4.6923076923076925
772,21,0,5.0
772,22,0,5.0
772,23,0,5.0
772,24,0,5.75
772,25,0,5.75
772,26,0,6.176470588235294
772,27,0,6.166666666666667
772,28,0,6.166666666666667
772,29,0,6.166666666666667
772,30,0,6.526315789473684
772,31,0,6.65
772,32,0,6.65
772,33,0,7.0
772,34,0,7.0
773,0,0,0
773,1,0,0
773,2,0,2.0
773,3,0,2.0
773,4,0,2.5
773,5,0,2.5
773,6,0,3.0
773,7,0,3.0
773,8,0,3.0
773,9,0,3.4
773,10,0,3.5
773,11,0,3.5
773,12,0,3.857142857142857
773,13,0,3.75
773,14,0,3.75
773,15,0,3.75
773,16,0,4.3
773,17,0,4.3
773,18,0,4.3
773,19,0,4.2727272727272725
773,20,0,4.833333333333333
773,21,0,4.846153846153846
773,22,0,5.357142857142857
773,23,0,5.4
773,24,0,5.4
773,25,0,5.4
773,26,0,5.764705882352941
773,27,0,5.764705882352941
773,28,0,5.764705882352941
773,29,0,5.888888888888889
773,30,0,6.2105263157894735
773,31,0,6.2105263157894735
773,32,0,6.25
773,33,0,6.619047619047619
773,34,0,6.619047619047619
774,0,0,0
774,1,0,0
774,2,0,2.0
774,3,0,2.0
774,4,0,2.0
774,5,0,2.0
774,6,0,2.6
774,7,0,2.6
774,8,0,2.6
774,9,0,3.2857142857142856
774,10,0,3.2857142857142856
774,11,0,3.2857142857142856
774,12,0,3.2857142857142856
774,13,0,3.75
774,14,0,3.75
774,15,0,3.75
774,16,0,3.75
774,17,0,4.111111111111111
774,18,0,4.0
774,19,0,4.0
774,20,0,4.0
774,21,0,4.166666666666667
774,22,0,4.166666666666667
774,23,0,4.153846153846154
774,24,0,4.285714285714286
774,25,0,4.285714285714286
774,26,0,4.333333333333333
774,27,0,4.5625
774,28,0,4.647058823529412
774,29,0,4.647058823529412
774,30,0,4.944444444444445
774,31,0,5.052631578947368
774,32,0,5.052631578947368
774,33,0,5.052631578947368
774,34,0,5.45
775,0,0,0
775,1,0,0
775,2,0,0
775,3,0,3.0
775,4,0,3.0
775,5,0,3.0
775,6,0,3.0
775,7,0,3.6666666666666665
775,8,0,3.75
775,9,0,3.75
775,10,0,3.75
775,11,0,4.833333333333333
775,12,0,4.833333333333333
775,13,0,4.833333333333333
775,14,0,4.833333333333333
775,15,0,6.125
775,16,0,6.125
775,17,0,6.125
775,18,0,6.888888888888889
775,19,0,7.4
775,20,0,7.4
775,21,0,6.909090909090909
775,22,0,7.583333333333333
775,23,0,8.076923076923077
775,24,0,8.642857142857142
775,25,0,8.642857142857142
775,26,0,9.133333333333333
775,27,0,9.5625
775,28,0,9.5625
775,29,0,10.055555555555555
775,30,0,10.055555555555555
775,31,0,10.055555555555555
775,32,0,10.055555555555555
775,33,0,10.6
775,34,0,10.6
776,0,0,0
776,1,0,0
776,2,0,2.0
776,3,0,2.0
776,4,0,2.5
776,5,0,2.5
776,6,0,2.5
776,7,0,2.6666666666666665
776,8,0,3.5
776,9,0,3.5
776,10,0,3.6
776,11,0,4.333333333333333
776,12,0,4.333333333333333
776,13,0,4.571428571428571
776,14,0,4.571428571428571
776,15,0,5.0
776,16,0,5.222222222222222
776,17,0,5.222222222222222
776,18,0,5.545454545454546
776,19,0,5.545454545454546
776,20,0,5.545454545454546
776,21,0,5.545454545454546
776,22,0,5.846153846153846
776,23,0,5.846153846153846
776,24,0,5.846153846153846
776,25,0,6.214285714285714
776,26,0,6.4
776,27,0,6.4
776,28,0,7.0
776,29,0,7.0
776,30,0,7.473684210526316
776,31,0,7.473684210526316
776,32,0,7.473684210526316
776,33,0,7.65
776,34,0,8.047619047619047
777,0,0,0
777,1,0,0
777,2,0,2.0
777,3,0,2.0
777,4,0,2.6666666666666665
777,5,0,2.6666666666666665
777,6,0,2.6666666666666665
777,7,0,3.0
777,8,0,3.0
777,9,0,3.0
777,10,0,3.0
777,11,0,3.6666666666666665
777,12,0,4.0
777,13,0,4.0
777,14,0,4.625
777,15,0,4.625
777,16,0,5.3
777,17,0,5.3
777,18,0,5.545454545454546
777,19,0,5.545454545454546
777,20,0,6.083333333333333
777,21,0,6.083333333333333
777,22,0,6.461538461538462
777,23,0,6.461538461538462
777,24,0,6.785714285714286
777,25,0,7.133333333333334
777,26,0,7.133333333333334
777,27,0,7.375
777,28,0,7.705882352941177
777,29,0,7.944444444444445
777,30,0,8.263157894736842
777,31,0,8.263157894736842
777,32,0,8.263157894736842
777,33,0,8.80952380952381
777,34,0,8.80952380952381
778,0,0,0
778,1,0,0
778,2,0,2.0
778,3,0,2.0
778,4,0,2.0
778,5,0,3.0
778,6,0,3.0
778,7,0,3.0
778,8,0,3.6666666666666665
778,9,0,3.0
778,10,0,3.0
778,11,0,3.8
778,12,0,3.8
778,13,0,3.6666666666666665
778,14,0,3.6666666666666665
778,15,0,3.7142857142857144
778,16,0,3.875
778,17,0,3.875
778,18,0,4.0
778,19,0,4.3
778,20,0,4.3
778,21,0,4.545454545454546
778,22,0,4.545454545454546
778,23,0,5.0
778,24,0,5.230769230769231
778,25,0,5.230769230769231
778,26,0,5.571428571428571
778,27,0,5.733333333333333
778,28,0,5.733333333333333
778,29,0,6.0625
778,30,0,6.294117647058823
778,31,0,6.294117647058823
778,32,0,6.294117647058823
778,33,0,6.842105263157895
778,34,0,6.842105263157895
779,0,0,0
779,1,0,0
779,2,0,0
779,3,0,0
779,4,0,3.0
779,5,0,2.5
779,6,0,2.6666666666666665
779,7,0,2.6666666666666665
779,8,0,3.0
779,9,0,3.4
779,10,0,3.6666666666666665
779,11,0,3.6666666666666665
779,12,0,3.6666666666666665
779,13,0,4.625
779,14,0,4.625
779,15,0,4.888888888888889
779,16,0,4.888888888888889
779,17,0,5.5
779,18,0,5.818181818181818
779,19,0,5.818181818181818
779,20,0,6.6923076923076925
779,21,0,6.6923076923076925
779,22,0,6.6923076923076925
779,23,0,7.071428571428571
779,24,0,7.466666666666667
779,25,0,7.466666666666667
779,26,0,7.75
779,27,0,7.75
779,28,0,8.5
779,29,0,8.5
779,30,0,8.894736842105264
779,31,0,8.894736842105264
779,32,0,9.25
779,33,0,9.666666666666666
779,34,0,9.666666666666666
780,0,0,0
780,1,0,0
780,2,0,0
780,3,1,0
780,4,0,2.5
780,5,0,2.5
780,6,0,3.0
780,7,0,3.2
780,8,0,3.1666666666666665
780,9,0,3.2857142857142856
780,10,0,3.25
780,11,0,3.25
780,12,0,3.4444444444444446
780,13,0,3.4444444444444446
780,14,0,3.6
780,15,0,3.75
780,16,0,3.8461538461538463
780,17,0,3.7857142857142856
780,18,0,4.133333333333334
780,19,0,4.133333333333334
780,20,0,4.0625
780,21,0,4.470588235294118
780,22,0,4.470588235294118
780,23,0,4.470588235294118
780,24,0,4.555555555555555
780,25,0,5.0
780,26,0,5.0
780,27,0,5.15
780,28,0,5.571428571428571
780,29,0,5.409090909090909
780,30,0,5.608695652173913
780,31,0,6.0
780,32,0,6.0
780,33,0,6.5
780,34,0,6.5
781,0,0,0
781,1,0,0
781,2,0,0
781,3,0,0
781,4,0,4.0
781,5,0,3.0
781,6,0,3.0
781,7,0,3.6
781,8,0,3.6
781,9,0,3.6666666666666665
781,10,0,3.6666666666666665
781,11,0,3.7142857142857144
781,12,0,3.7142857142857144
781,13,0,3.6666666666666665
781,14,0,3.6666666666666665
781,15,0,3.6666666666666665
781,16,0,3.6
781,17,0,3.6
781,18,0,3.6
781,19,0,3.5
781,20,0,3.6923076923076925
781,21,0,3.6923076923076925
781,22,0,3.642857142857143
781,23,0,3.6666666666666665
781,24,0,3.6666666666666665
781,25,0,3.75
781,26,0,3.6470588235294117
781,27,0,3.7777777777777777
781,28,0,3.736842105263158
781,29,0,3.65
781,30,0,3.6666666666666665
781,31,0,3.652173913043478
781,32,0,3.652173913043478
781,33,0,3.652173913043478
781,34,0,3.625
782,0,0,0
782,1,0,0
782,2,0,0
782,3,0,2.0
782,4,1,2.0
782,5,0,2.5
782,6,0,2.5
782,7,0,3.0
782,8,0,3.0
782,9,0,3.0
782,10,0,3.3333333333333335
782,11,0,3.5714285714285716
782,12,0,3.5714285714285716
782,13,0,3.875
782,14,0,4.222222222222222
782,15,0,4.222222222222222
782,16,0,4.7272727272727275
782,17,0,4.7272727272727275
782,18,0,5.0
782,19,0,5.3076923076923075
782,20,0,5.5
782,21,0,5.5
782,22,0,5.5
782,23,0,5.933333333333334
782,24,0,6.0625
782,25,0,6.470588235294118
782,26,0,6.333333333333333
782,27,0,6.7368421052631575
782,28,0,6.7368421052631575
782,29,0,6.904761904761905
782,30,0,6.904761904761905
782,31,0,6.904761904761905
782,32,0,6.904761904761905
782,33,0,7.409090909090909
782,34,0,7.409090909090909
783,0,0,0
783,1,0,0
783,2,0,0
783,3,0,0
783,4,0,3.5
783,5,0,3.5
783,6,0,4.0
783,7,0,4.25
783,8,0,4.25
783,9,0,4.25
783,10,0,5.333333333333333
783,11,0,5.333333333333333
783,12,0,5.333333333333333
783,13,0,5.857142857142857
783,14,0,6.25
783,15,0,6.25
783,16,0,6.0
783,17,0,6.0
783,18,0,6.2727272727272725
783,19,0,6.583333333333333
783,20,0,6.846153846153846
783,21,0,6.846153846153846
783,22,0,6.846153846153846
783,23,0,7.066666666666666
783,24,0,7.066666666666666
783,25,0,7.066666666666666
783,26,0,7.375
783,27,0,7.0
783,28,0,7.0
783,29,0,7.368421052631579
783,30,0,7.368421052631579
783,31,0,7.4
783,32,0,7.4
783,33,0,7.7272727272727275
783,34,0,7.7272727272727275
784,0,0,0
784,1,0,0
784,2,0,0
784,3,0,3.0
784,4,0,3.0
784,5,0,3.0
784,6,0,2.5
784,7,0,3.6666666666666665
784,8,0,3.6666666666666665
784,9,0,4.0
784,10,0,4.0
784,11,0,4.0
784,12,0,4.166666666666667
784,13,0,4.571428571428571
784,14,0,4.571428571428571
784,15,0,4.375
784,16,0,4.888888888888889
784,17,0,4.888888888888889
784,18,0,4.636363636363637
784,19,0,4.636363636363637
784,20,0,5.166666666666667
784,21,0,5.076923076923077
784,22,0,5.076923076923077
784,23,0,5.466666666666667
784,24,0,5.466666666666667
784,25,0,5.875
784,26,0,5.875
784,27,0,6.0
784,28,0,6.0
784,29,0,6.526315789473684
784,30,0,6.526315789473684
784,31,0,6.5
784,32,0,7.0
784,33,0,7.0
784,34,0,7.0
785,0,0,0
785,1,0,0
785,2,0,0
785,3,0,3.0
785,4,0,3.0
785,5,0,3.5
785,6,0,3.5
785,7,0,4.25
785,8,0,4.25
785,9,0,4.4
785,10,0,4.4
785,11,0,5.166666666666667
785,12,0,5.428571428571429
785,13,0,5.428571428571429
785,14,0,5.428571428571429
785,15,0,6.222222222222222
785,16,0,6.222222222222222
785,17,0,6.222222222222222
785,18,0,6.636363636363637
785,19,0,6.636363636363637
785,20,0,6.636363636363637
785,21,0,6.75
785,22,0,7.153846153846154
785,23,0,7.153846153846154
785,24,0,7.466666666666667
785,25,0,7.466666666666667
785,26,0,7.375
785,27,0,7.375
785,28,0,7.611111111111111
785,29,0,7.611111111111111
785,30,0,7.842105263157895
785,31,0,7.842105263157895
785,32,0,8.095238095238095
785,33,0,8.095238095238095
785,34,0,8.095238095238095
786,0,0,0
786,1,0,0
786,2,0,0
786,3,0,0
786,4,0,4.0
786,5,0,4.0
786,6,0,4.0
786,7,0,4.5
786,8,0,4.333333333333333
786,9,0,4.333333333333333
786,10,0,4.8
786,11,0,4.8
786,12,0,5.166666666666667
786,13,0,5.166666666666667
786,14,0,5.285714285714286
786,15,0,5.75
786,16,0,5.75
786,17,0,6.111111111111111
786,18,0,6.3
786,19,0,6.3
786,20,0,6.3
786,21,0,6.916666666666667
786,22,0,6.916666666666667
786,23,0,7.076923076923077
786,24,0,7.571428571428571
786,25,0,7.571428571428571
786,26,0,7.733333333333333
786,27,0,7.733333333333333
786,28,0,7.882352941176471
786,29,0,8.11111111111111
786,30,0,8.526315789473685
786,31,0,8.526315789473685
786,32,0,8.526315789473685
786,33,0,8.8
786,34,0,9.285714285714286
787,0,0,0
787,1,0,0
787,2,0,0
787,3,0,2.0
787,4,0,2.0
787,5,0,2.0
787,6,0,2.0
787,7,0,2.0
787,8,0,2.5
787,9,0,2.5
787,10,0,2.5
787,11,0,2.5
787,12,0,3.4
787,13,0,3.1666666666666665
787,14,0,3.1666666666666665
787,15,0,3.142857142857143
787,16,0,3.7777777777777777
787,17,0,3.8
787,18,0,3.6363636363636362
787,19,0,3.6363636363636362
787,20,0,4.416666666666667
787,21,0,4.538461538461538
787,22,0,4.538461538461538
787,23,0,4.428571428571429
787,24,0,4.933333333333334
787,25,0,4.933333333333334
787,26,0,4.9375
787,27,0,4.9375
787,28,0,5.222222222222222
787,29,0,5.315789473684211
787,30,0,5.315789473684211
787,31,0,5.8
787,32,0,5.8
787,33,0,6.0
787,34,0,6.318181818181818
788,0,0,0
788,1,0,0
788,2,0,0
788,3,0,0
788,4,0,0
788,5,0,2.0
788,6,0,2.5
788,7,0,2.6666666666666665
788,8,0,2.6666666666666665
788,9,0,2.6666666666666665
788,10,0,3.2
788,11,0,3.2
788,12,0,3.0
788,13,0,3.4285714285714284
788,14,0,3.4285714285714284
788,15,0,3.75
788,16,0,3.7
788,17,0,4.0
788,18,0,4.0
788,19,0,4.333333333333333
788,20,0,4.615384615384615
788,21,0,4.615384615384615
788,22,0,5.0
788,23,0,4.866666666666666
788,24,0,4.866666666666666
788,25,0,5.0625
788,26,0,5.0625
788,27,0,5.117647058823529
788,28,0,5.388888888888889
788,29,0,5.388888888888889
788,30,0,5.421052631578948
788,31,0,5.421052631578948
788,32,0,5.6
788,33,0,5.6
788,34,0,5.863636363636363
789,0,0,0
789,1,0,0
789,2,0,0
789,3,0,2.0
789,4,0,2.0
789,5,0,2.6666666666666665
789,6,0,2.5
789,7,0,2.5
789,8,0,2.8333333333333335
789,9,0,2.8333333333333335
789,10,0,2.8333333333333335
789,11,0,2.8333333333333335
789,12,0,3.25
789,13,0,3.25
789,14,0,3.2222222222222223
789,15,0,3.2222222222222223
789,16,0,3.6
789,17,0,3.6
789,18,0,3.727272727272727
789,19,0,4.083333333333333
789,20,0,4.230769230769231
789,21,0,4.5
789,22,0,4.5
789,23,0,4.6
789,24,0,4.705882352941177
789,25,0,4.705882352941177
789,26,0,4.777777777777778
789,27,0,4.894736842105263
789,28,0,4.894736842105263
789,29,0,4.894736842105263
789,30,0,4.95
789,31,0,5.190476190476191
789,32,0,5.190476190476191
789,33,0,5.318181818181818
789,34,0,5.565217391304348
790,0,0,0
790,1,0,0
790,2,0,2.0
790,3,0,2.5
790,4,0,2.6666666666666665
790,5,0,2.6666666666666665
790,6,0,2.6666666666666665
790,7,0,3.25
790,8,0,3.6
790,9,0,3.8333333333333335
790,10,0,3.8333333333333335
790,11,0,3.8333333333333335
790,12,0,4.285714285714286
790,13,0,4.75
790,14,0,4.75
790,15,0,4.75
790,16,0,5.8
790,17,0,5.8
790,18,0,5.8
790,19,0,6.2727272727272725
790,20,0,6.75
790,21,0,6.75
790,22,0,7.076923076923077
790,23,0,7.5
790,24,0,7.5
790,25,0,7.666666666666667
790,26,0,8.125
790,27,0,8.125
790,28,0,8.555555555555555
790,29,0,8.555555555555555
790,30,0,8.842105263157896
790,31,0,9.05
790,32,0,9.05
790,33,0,9.333333333333334
790,34,0,9.333333333333334
791,0,0,0
791,1,0,0
791,2,0,0
791,3,0,0
791,4,0,0
791,5,0,0
791,6,0,4.0
791,7,0,4.0
791,8,0,3.6666666666666665
791,9,0,3.6666666666666665
791,10,0,3.6666666666666665
791,11,0,3.75
791,12,0,4.2
791,13,0,4.2
791,14,0,4.5
791,15,0,4.5
791,16,0,5.0
791,17,0,5.375
791,18,0,5.375
791,19,0,5.888888888888889
791,20,0,6.3
791,21,0,6.363636363636363
791,22,0,6.363636363636363
791,23,0,6.75
791,24,0,6.75
791,25,0,7.285714285714286
791,26,0,7.285714285714286
791,27,0,7.285714285714286
791,28,0,7.285714285714286
791,29,0,8.0625
791,30,0,8.0625
791,31,0,8.0625
791,32,0,8.0625
791,33,0,9.0
791,34,0,9.0
792,0,0,0
792,1,0,0
792,2,0,0
792,3,0,0
792,4,0,2.5
792,5,0,2.5
792,6,0,2.3333333333333335
792,7,0,2.75
792,8,0,2.75
792,9,0,2.6
792,10,0,3.0
792,11,0,3.0
792,12,0,3.0
792,13,0,3.0
792,14,0,3.625
792,15,0,3.625
792,16,0,3.7
792,17,0,4.2727272727272725
792,18,0,4.2727272727272725
792,19,0,4.5
792,20,0,4.769230769230769
792,21,0,4.769230769230769
792,22,0,5.071428571428571
792,23,0,5.266666666666667
792,24,0,5.266666666666667
792,25,0,5.176470588235294
792,26,0,5.555555555555555
792,27,0,5.555555555555555
792,28,0,5.7368421052631575
792,29,0,6.15
792,30,0,6.15
792,31,0,6.15
792,32,0,6.7272727272727275
792,33,0,6.7272727272727275
792,34,0,6.913043478260869
793,0,0,0
793,1,0,0
793,2,0,0
793,3,0,2.0
793,4,0,2.0
793,5,0,3.0
793,6,0,3.0
793,7,0,3.0
793,8,0,3.0
793,9,0,3.0
793,10,0,3.0
793,11,0,3.0
793,12,0,3.1666666666666665
793,13,0,3.5714285714285716
793,14,0,3.75
793,15,0,3.75
793,16,0,3.75
793,17,0,4.333333333333333
793,18,0,4.7
793,19,0,4.7
793,20,0,4.583333333333333
793,21,0,5.153846153846154
793,22,0,5.153846153846154
793,23,0,5.866666666666666
793,24,0,5.866666666666666
793,25,0,5.866666666666666
793,26,0,5.8125
793,27,0,6.117647058823529
793,28,0,6.117647058823529
793,29,0,6.117647058823529
793,30,0,6.222222222222222
793,31,0,6.421052631578948
793,32,0,6.55
793,33,0,6.761904761904762
793,34,0,6.761904761904762
794,0,0,0
794,1,0,0
794,2,0,0
794,3,0,3.0
794,4,0,2.5
794,5,0,2.3333333333333335
794,6,0,3.0
794,7,0,3.0
794,8,0,3.0
794,9,0,3.5
794,10,0,3.5
794,11,0,3.5
794,12,0,3.857142857142857
794,13,0,4.125
794,14,0,3.888888888888889
794,15,0,4.0
794,16,0,4.363636363636363
794,17,0,4.363636363636363
794,18,0,4.923076923076923
794,19,0,4.923076923076923
794,20,0,5.0
794,21,0,5.0
794,22,0,5.466666666666667
794,23,0,5.625
794,24,0,6.0588235294117645
794,25,0,6.0588235294117645
794,26,0,6.5
794,27,0,6.684210526315789
794,28,0,6.684210526315789
794,29,0,7.05
794,30,0,7.05
794,31,0,7.333333333333333
794,32,0,7.7272727272727275
794,33,0,7.7272727272727275
794,34,0,7.7272727272727275
795,0,0,0
795,1,0,0
795,2,0,2.0
795,3,0,2.0
795,4,0,3.0
795,5,0,3.0
795,6,0,3.0
795,7,0,3.0
795,8,0,3.0
795,9,0,3.0
795,10,0,3.0
795,11,0,3.8
795,12,0,3.8333333333333335
795,13,0,4.428571428571429
795,14,0,4.5
795,15,0,4.888888888888889
795,16,0,4.888888888888889
795,17,0,4.7272727272727275
795,18,0,4.7272727272727275
795,19,0,5.0
795,20,0,4.928571428571429
795,21,0,4.928571428571429
795,22,0,4.928571428571429
795,23,0,5.4
795,24,0,5.375
795,25,0,5.375
795,26,0,5.833333333333333
795,27,0,5.833333333333333
795,28,0,5.842105263157895
795,29,0,5.65
795,30,0,6.181818181818182
795,31,0,6.181818181818182
795,32,0,6.181818181818182
795,33,0,6.625
795,34,0,6.625
796,0,0,0
796,1,0,0
796,2,0,0
796,3,0,0
796,4,0,3.0
796,5,0,3.0
796,6,0,3.0
796,7,0,3.0
796,8,0,3.0
796,9,0,2.75
796,10,0,2.75
796,11,0,2.75
796,12,0,3.2
796,13,0,3.5
796,14,0,3.5
796,15,0,3.5714285714285716
796,16,0,3.5714285714285716
796,17,0,4.125
796,18,0,4.125
796,19,0,4.111111111111111
796,20,0,4.111111111111111
796,21,0,4.7
796,22,0,4.7
796,23,0,5.333333333333333
796,24,0,5.333333333333333
796,25,0,5.538461538461538
796,26,0,5.538461538461538
796,27,0,5.857142857142857
796,28,0,5.857142857142857
796,29,0,5.9375
796,30,0,6.235294117647059
796,31,0,6.5
796,32,0,6.5
796,33,0,6.5
796,34,0,6.8
797,0,0,0
797,1,0,0
797,2,0,2.0
797,3,0,2.0
797,4,0,2.6666666666666665
797,5,0,2.6666666666666665
797,6,0,2.6666666666666665
797,7,0,2.6666666666666665
797,8,0,2.8
797,9,0,2.8
797,10,0,3.0
797,11,0,3.0
797,12,0,3.0
797,13,0,3.125
797,14,0,3.3
797,15,0,3.3
797,16,0,3.272727272727273
797,17,0,3.5833333333333335
797,18,0,3.5384615384615383
797,19,0,3.5384615384615383
797,20,0,3.9285714285714284
797,21,0,3.9285714285714284
797,22,0,4.066666666666666
797,23,0,4.25
797,24,0,4.25
797,25,0,4.5
797,26,0,4.5
797,27,0,4.5
797,28,0,4.666666666666667
797,29,0,4.666666666666667
797,30,0,4.666666666666667
797,31,0,5.0
797,32,0,5.0
797,33,0,5.24
797,34,0,5.269230769230769
798,0,0,0
798,1,0,0
798,2,0,2.0
798,3,0,2.0
798,4,0,2.0
798,5,0,2.0
798,6,0,2.75
798,7,0,2.75
798,8,0,2.75
798,9,0,3.6666666666666665
798,10,0,3.6666666666666665
798,11,0,3.6666666666666665
798,12,0,3.857142857142857
798,13,0,4.375
798,14,0,4.375
798,15,0,4.375
798,16,0,5.0
798,17,0,5.0
798,18,0,5.0
798,19,0,5.363636363636363
798,20,0,5.833333333333333
798,21,0,5.833333333333333
798,22,0,6.230769230769231
798,23,0,6.714285714285714
798,24,0,7.066666666666666
798,25,0,7.066666666666666
798,26,0,7.5625
798,27,0,7.882352941176471
798,28,0,7.882352941176471
798,29,0,7.882352941176471
798,30,0,8.444444444444445
798,31,0,8.736842105263158
798,32,0,8.736842105263158
798,33,0,9.333333333333334
798,34,0,9.333333333333334
799,0,0,0
799,1,0,0
799,2,0,0
799,3,0,2.5
799,4,0,3.0
799,5,0,3.25
799,6,0,3.25
799,7,0,3.4
799,8,0,3.5
799,9,0,3.5
799,10,0,3.857142857142857
799,11,0,3.857142857142857
799,12,0,3.857142857142857
799,13,0,4.111111111111111
799,14,0,4.111111111111111
799,15,0,4.111111111111111
799,16,0,4.090909090909091
799,17,0,4.5
799,18,0,4.5
799,19,0,4.5
799,20,0,5.214285714285714
799,21,0,5.214285714285714
799,22,0,5.214285714285714
799,23,0,5.75
799,24,0,5.75
799,25,0,5.9411764705882355
799,26,0,5.9411764705882355
799,27,0,6.222222222222222
799,28,0,6.473684210526316
799,29,0,6.473684210526316
799,30,0,6.8
799,31,0,7.095238095238095
799,32,0,7.363636363636363
799,33,0,7.363636363636363
799,34,0,7.363636363636363
800,0,0,0
800,1,0,0
800,2,0,2.0
800,3,0,2.0
800,4,0,2.6666666666666665
800,5,0,2.6666666666666665
800,6,0,2.75
800,7,0,2.6
800,8,0,2.6
800,9,0,2.8333333333333335
800,10,0,3.0
800,11,0,3.0
800,12,0,3.375
800,13,0,3.6666666666666665
800,14,0,3.6666666666666665
800,15,0,4.1
800,16,0,4.1
800,17,0,4.916666666666667
800,18,0,4.916666666666667
800,19,0,5.3076923076923075
800,20,0,5.642857142857143
800,21,0,5.933333333333334
800,22,0,5.933333333333334
800,23,0,6.411764705882353
800,24,0,6.411764705882353
800,25,0,6.611111111111111
800,26,0,6.947368421052632
800,27,0,6.947368421052632
800,28,0,7.05
800,29,0,7.428571428571429
800,30,0,7.428571428571429
800,31,0,7.590909090909091
800,32,0,7.956521739130435
800,33,0,7.956521739130435
800,34,0,8.125
801,0,0,0
801,1,0,0
801,2,0,0
801,3,0,2.0
801,4,0,2.0
801,5,0,2.25
801,6,0,2.25
801,7,0,2.2
801,8,0,2.2
801,9,0,2.8333333333333335
801,10,0,2.8333333333333335
801,11,0,3.0
801,12,0,2.875
801,13,0,3.4444444444444446
801,14,0,3.4444444444444446
801,15,0,3.7
801,16,0,4.2727272727272725
801,17,0,4.230769230769231
801,18,0,4.230769230769231
801,19,0,4.6875
801,20,0,4.6875
801,21,0,5.176470588235294
801,22,0,5.176470588235294
801,23,0,5.368421052631579
801,24,0,5.368421052631579
801,25,0,5.368421052631579
801,26,0,5.666666666666667
801,27,0,5.666666666666667
801,28,0,5.7727272727272725
801,29,0,5.7727272727272725
801,30,0,6.166666666666667
801,31,0,6.166666666666667
801,32,0,6.166666666666667
801,33,0,6.653846153846154
801,34,0,6.653846153846154
802,0,0,0
802,1,0,0
802,2,0,0
802,3,0,3.0
802,4,0,3.0
802,5,0,3.0
802,6,0,3.3333333333333335
802,7,0,3.5
802,8,0,3.5
802,9,0,3.5
802,10,0,3.8
802,11,0,3.6666666666666665
802,12,0,3.6666666666666665
802,13,0,3.6666666666666665
802,14,0,4.375
802,15,0,4.375
802,16,0,4.111111111111111
802,17,0,4.7272727272727275
802,18,0,4.7272727272727275
802,19,0,4.916666666666667
802,20,0,5.384615384615385
802,21,0,5.384615384615385
802,22,0,5.5
802,23,0,5.933333333333334
802,24,0,6.0625
802,25,0,6.0625
802,26,0,6.470588235294118
802,27,0,6.470588235294118
802,28,0,7.052631578947368
802,29,0,7.052631578947368
802,30,0,7.052631578947368
802,31,0,7.052631578947368
802,32,0,7.809523809523809
802,33,0,7.809523809523809
802,34,0,7.809523809523809
803,0,0,0
803,1,0,0
803,2,0,0
803,3,1,3.0
803,4,1,2.5
803,5,0,2.5
803,6,0,3.0
803,7,1,3.0
803,8,0,3.4
803,9,0,3.5
803,10,0,3.875
803,11,0,3.875
803,12,0,3.888888888888889
803,13,0,3.5454545454545454
803,14,0,3.5454545454545454
803,15,0,3.5454545454545454
803,16,0,3.4615384615384617
803,17,0,3.4615384615384617
803,18,0,3.357142857142857
803,19,0,3.2666666666666666
803,20,0,3.375
803,21,0,3.2777777777777777
803,22,0,3.2777777777777777
803,23,0,3.473684210526316
803,24,0,3.45
803,25,0,3.45
803,26,0,3.6363636363636362
803,27,0,3.6363636363636362
803,28,0,3.5652173913043477
803,29,0,3.8333333333333335
803,30,0,3.8333333333333335
803,31,0,3.8333333333333335
803,32,0,3.88
803,33,0,4.1923076923076925
803,34,0,4.1923076923076925
804,0,0,0
804,1,0,0
804,2,0,0
804,3,0,0
804,4,0,0
804,5,0,0
804,6,0,0
804,7,0,0
804,8,0,3.0
804,9,0,3.5
804,10,0,3.5
804,11,0,3.5
804,12,0,4.5
804,13,0,4.0
804,14,0,4.0
804,15,0,4.125
804,16,0,4.125
804,17,0,3.888888888888889
804,18,0,4.2
804,19,0,4.363636363636363
804,20,0,4.5
804,21,0,4.357142857142857
804,22,0,4.357142857142857
804,23,0,4.357142857142857
804,24,0,4.357142857142857
804,25,0,4.357142857142857
804,26,0,4.25
804,27,0,4.25
804,28,0,4.117647058823529
804,29,0,4.117647058823529
804,30,0,4.277777777777778
804,31,0,4.1
804,32,0,4.1
804,33,0,4.2272727272727275
804,34,0,4.2272727272727275
805,0,0,0
805,1,0,0
805,2,0,0
805,3,0,2.0
805,4,0,2.5
805,5,0,2.6666666666666665
805,6,0,2.5
805,7,0,2.5
805,8,0,2.6
805,9,0,2.5
805,10,0,2.5
805,11,0,2.5
805,12,0,3.0
805,13,0,3.25
805,14,0,3.6666666666666665
805,15,0,3.6666666666666665
805,16,0,3.5
805,17,0,3.8333333333333335
805,18,0,3.8333333333333335
805,19,0,3.923076923076923
805,20,0,3.9285714285714284
805,21,0,3.933333333333333
805,22,0,3.933333333333333
805,23,0,3.8823529411764706
805,24,0,3.8823529411764706
805,25,0,3.8823529411764706
805,26,0,3.9473684210526314
805,27,0,3.9473684210526314
805,28,0,3.9473684210526314
805,29,0,3.9473684210526314
805,30,0,4.136363636363637
805,31,0,4.136363636363637
805,32,0,4.136363636363637
805,33,0,4.458333333333333
805,34,0,4.458333333333333
806,0,0,0
806,1,0,0
806,2,0,0
806,3,0,0
806,4,0,2.0
806,5,0,2.0
806,6,0,2.3333333333333335
806,7,0,2.25
806,8,0,2.25
806,9,0,2.25
806,10,0,2.5
806,11,0,2.5
806,12,0,2.5
806,13,0,3.0
806,14,0,3.0
806,15,0,3.2
806,16,0,3.2
806,17,0,3.1666666666666665
806,18,0,3.230769230769231
806,19,0,3.230769230769231
806,20,0,3.230769230769231
806,21,0,3.066666666666667
806,22,0,3.066666666666667
806,23,0,3.0
806,24,0,3.0588235294117645
806,25,0,3.0588235294117645
806,26,0,3.111111111111111
806,27,0,3.111111111111111
806,28,0,3.3157894736842106
806,29,0,3.35
806,30,0,3.5714285714285716
806,31,0,3.5714285714285716
806,32,0,3.5454545454545454
806,33,0,3.8260869565217392
806,34,0,3.8260869565217392
807,0,0,0
807,1,0,0
807,2,0,0
807,3,0,0
807,4,0,3.5
807,5,0,3.5
807,6,0,3.5
807,7,0,4.5
807,8,0,4.5
807,9,0,4.5
807,10,0,5.333333333333333
807,11,0,5.333333333333333
807,12,0,5.714285714285714
807,13,0,6.125
807,14,0,6.125
807,15,0,6.125
807,16,0,6.9
807,17,0,6.9
807,18,0,7.363636363636363
807,19,0,7.230769230769231
807,20,0,7.357142857142857
807,21,0,7.357142857142857
807,22,0,7.0
807,23,0,7.375
807,24,0,7.333333333333333
807,25,0,7.333333333333333
807,26,0,7.333333333333333
807,27,0,7.761904761904762
807,28,0,7.761904761904762
807,29,0,8.0
807,30,0,8.0
807,31,0,8.391304347826088
807,32,0,8.391304347826088
807,33,0,8.666666666666666
807,34,0,9.08
808,0,0,0
808,1,0,0
808,2,0,2.0
808,3,0,2.0
808,4,0,2.0
808,5,0,2.0
808,6,0,2.3333333333333335
808,7,0,2.5
808,8,0,2.5
808,9,0,2.5
808,10,0,2.8
808,11,0,3.1666666666666665
808,12,0,3.4285714285714284
808,13,0,3.4285714285714284
808,14,0,3.4285714285714284
808,15,0,3.75
808,16,0,3.75
808,17,0,4.111111111111111
808,18,0,4.111111111111111
808,19,0,4.181818181818182
808,20,0,4.083333333333333
808,21,0,4.083333333333333
808,22,0,4.083333333333333
808,23,0,4.153846153846154
808,24,0,4.071428571428571
808,25,0,4.071428571428571
808,26,0,4.133333333333334
808,27,0,4.133333333333334
808,28,0,4.235294117647059
808,29,0,4.235294117647059
808,30,0,4.235294117647059
808,31,0,4.235294117647059
808,32,0,4.631578947368421
808,33,0,4.631578947368421
808,34,0,4.631578947368421
809,0,0,0
809,1,0,0
809,2,0,2.0
809,3,0,2.0
809,4,0,2.0
809,5,0,2.0
809,6,0,2.5
809,7,0,2.5
809,8,0,2.8
809,9,0,2.8
809,10,0,3.1666666666666665
809,11,0,3.1666666666666665
809,12,0,3.5714285714285716
809,13,0,3.375
809,14,0,3.375
809,15,0,3.375
809,16,0,4.0
809,17,0,4.0
809,18,0,4.0
809,19,0,4.545454545454546
809,20,0,4.583333333333333
809,21,0,4.923076923076923
809,22,0,4.923076923076923
809,23,0,5.142857142857143
809,24,0,5.142857142857143
809,25,0,5.1875
809,26,0,5.1875
809,27,0,5.0
809,28,0,5.052631578947368
809,29,0,5.052631578947368
809,30,0,5.0
809,31,0,5.238095238095238
809,32,0,5.238095238095238
809,33,0,5.478260869565218
809,34,0,5.478260869565218
810,0,0,0
810,1,0,0
810,2,0,2.0
810,3,0,2.0
810,4,0,2.3333333333333335
810,5,0,2.3333333333333335
810,6,0,2.4
810,7,0,2.5
810,8,0,2.5714285714285716
810,9,0,2.5714285714285716
810,10,0,2.875
810,11,0,2.875
810,12,0,3.2222222222222223
810,13,0,3.6
810,14,0,3.909090909090909
810,15,0,3.75
810,16,0,3.75
810,17,0,4.571428571428571
810,18,0,4.571428571428571
810,19,0,4.571428571428571
810,20,0,5.4375
810,21,0,5.235294117647059
810,22,0,5.666666666666667
810,23,0,6.0
810,24,0,6.0
810,25,0,6.45
810,26,0,6.809523809523809
810,27,0,6.809523809523809
810,28,0,7.391304347826087
810,29,0,7.391304347826087
810,30,0,7.391304347826087
810,31,0,7.8
810,32,0,7.8
810,33,0,7.8
810,34,0,7.961538461538462
811,0,0,0
811,1,0,0
811,2,0,2.0
811,3,0,2.0
811,4,0,2.6666666666666665
811,5,0,2.6666666666666665
811,6,0,3.25
811,7,0,3.25
811,8,0,3.2
811,9,0,3.2
811,10,0,3.3333333333333335
811,11,0,3.5714285714285716
811,12,0,3.375
811,13,0,3.375
811,14,0,3.7777777777777777
811,15,0,4.2
811,16,0,4.545454545454546
811,17,0,4.666666666666667
811,18,0,4.666666666666667
811,19,0,4.769230769230769
811,20,0,4.933333333333334
811,21,0,4.933333333333334
811,22,0,5.0588235294117645
811,23,0,5.222222222222222
811,24,0,5.222222222222222
811,25,0,5.222222222222222
811,26,0,5.35
811,27,0,5.35
811,28,0,5.428571428571429
811,29,0,5.409090909090909
811,30,0,5.409090909090909
811,31,0,5.565217391304348
811,32,0,5.48
811,33,0,5.48
811,34,0,5.777777777777778
812,0,0,0
812,1,0,0
812,2,0,0
812,3,0,3.0
812,4,0,3.5
812,5,0,3.0
812,6,0,3.2
812,7,0,3.2
812,8,0,3.2
812,9,0,3.2857142857142856
812,10,0,3.2857142857142856
812,11,0,3.2857142857142856
812,12,0,3.375
812,13,0,3.5555555555555554
812,14,0,3.7
812,15,0,3.909090909090909
812,16,0,3.909090909090909
812,17,0,4.166666666666667
812,18,0,4.166666666666667
812,19,0,4.538461538461538
812,20,0,4.538461538461538
812,21,0,4.857142857142857
812,22,0,5.0
812,23,0,5.25
812,24,0,5.411764705882353
812,25,0,5.666666666666667
812,26,0,5.666666666666667
812,27,0,5.894736842105263
812,28,0,6.2
812,29,0,6.0
812,30,0,6.478260869565218
812,31,0,6.478260869565218
812,32,0,6.625
812,33,0,6.84
812,34,0,6.84
813,0,0,0
813,1,0,0
813,2,0,0
813,3,0,0
813,4,1,0
813,5,0,2.5
813,6,0,2.5
813,7,0,3.0
813,8,0,3.0
813,9,0,3.0
813,10,0,3.0
813,11,0,3.0
813,12,0,2.857142857142857
813,13,0,2.857142857142857
813,14,0,2.857142857142857
813,15,0,2.875
813,16,0,2.888888888888889
813,17,0,2.888888888888889
813,18,0,2.9
813,19,0,3.090909090909091
813,20,0,3.090909090909091
813,21,0,3.0
813,22,0,3.357142857142857
813,23,0,3.357142857142857
813,24,0,3.625
813,25,0,3.625
813,26,0,3.625
813,27,0,3.823529411764706
813,28,0,4.0
813,29,0,4.0
813,30,0,4.0
813,31,0,4.333333333333333
813,32,0,4.333333333333333
813,33,0,4.333333333333333
813,34,0,4.333333333333333
814,0,0,0
814,1,0,0
814,2,0,0
814,3,0,0
814,4,0,0
814,5,0,2.0
814,6,0,2.0
814,7,0,3.0
814,8,0,3.0
814,9,0,3.25
814,10,0,3.6
814,11,0,3.6
814,12,0,4.0
814,13,0,4.0
814,14,0,4.0
814,15,0,4.0
814,16,0,4.5
814,17,0,4.5
814,18,0,4.5
814,19,0,4.363636363636363
814,20,0,5.230769230769231
814,21,0,5.0
814,22,0,5.2
814,23,0,5.2
814,24,0,5.625
814,25,0,5.470588235294118
814,26,0,5.470588235294118
814,27,0,5.944444444444445
814,28,0,5.7368421052631575
814,29,0,5.75
814,30,0,5.619047619047619
814,31,0,6.086956521739131
814,32,0,6.086956521739131
814,33,0,6.166666666666667
814,34,0,6.6
815,0,0,0
815,1,0,0
815,2,0,0
815,3,0,3.0
815,4,0,3.0
815,5,0,2.6666666666666665
815,6,0,3.25
815,7,0,3.25
815,8,0,3.25
815,9,0,3.6666666666666665
815,10,0,3.6666666666666665
815,11,0,3.75
815,12,0,3.5555555555555554
815,13,0,3.272727272727273
815,14,0,3.272727272727273
815,15,0,3.272727272727273
815,16,0,3.230769230769231
815,17,0,3.230769230769231
815,18,0,3.230769230769231
815,19,0,3.357142857142857
815,20,0,3.2666666666666666
815,21,1,3.2666666666666666
815,22,0,3.25
815,23,0,3.411764705882353
815,24,0,3.4444444444444446
815,25,0,3.45
815,26,0,3.45
815,27,0,3.4761904761904763
815,28,0,3.5454545454545454
815,29,0,3.5454545454545454
815,30,0,3.5454545454545454
815,31,0,3.8333333333333335
815,32,0,3.8333333333333335
815,33,0,3.96
815,34,0,3.96
816,0,0,0
816,1,0,0
816,2,0,0
816,3,0,2.0
816,4,0,2.0
816,5,0,2.0
816,6,0,2.2
816,7,0,2.2
816,8,0,2.2
816,9,0,2.7142857142857144
816,10,0,2.7142857142857144
816,11,0,3.0
816,12,0,3.0
816,13,0,3.0
816,14,0,3.4
816,15,0,3.4
816,16,0,3.8181818181818183
816,17,0,3.75
816,18,0,3.75
816,19,0,4.230769230769231
816,20,0,4.071428571428571
816,21,0,3.933333333333333
816,22,0,4.375
816,23,0,4.375
816,24,0,4.722222222222222
816,25,0,4.722222222222222
816,26,0,5.157894736842105
816,27,0,5.157894736842105
816,28,0,5.2
816,29,0,5.238095238095238
816,30,0,5.238095238095238
816,31,0,5.217391304347826
816,32,0,5.291666666666667
816,33,0,5.44
816,34,0,5.44
817,0,0,0
817,1,0,0
817,2,0,0
817,3,0,0
817,4,0,0
817,5,0,2.0
817,6,0,2.3333333333333335
817,7,0,2.3333333333333335
817,8,0,2.5
817,9,0,2.5
817,10,0,2.8
817,11,0,3.1666666666666665
817,12,0,3.1666666666666665
817,13,0,3.625
817,14,0,3.625
817,15,0,4.1
817,16,0,4.1
817,17,0,4.1
817,18,0,4.2727272727272725
817,19,0,4.538461538461538
817,20,0,4.538461538461538
817,21,0,4.785714285714286
817,22,0,5.266666666666667
817,23,0,5.266666666666667
817,24,0,5.3125
817,25,0,5.3125
817,26,0,5.823529411764706
817,27,0,5.666666666666667
817,28,0,5.666666666666667
817,29,0,5.904761904761905
817,30,0,5.904761904761905
817,31,0,5.904761904761905
817,32,0,6.454545454545454
817,33,0,6.454545454545454
817,34,0,6.454545454545454
818,0,0,0
818,1,0,0
818,2,0,0
818,3,0,3.0
818,4,0,3.0
818,5,0,3.0
818,6,0,3.5
818,7,0,3.5
818,8,0,3.5
818,9,0,3.8333333333333335
818,10,0,3.8333333333333335
818,11,0,3.8333333333333335
818,12,0,4.142857142857143
818,13,0,4.5
818,14,0,4.222222222222222
818,15,0,4.222222222222222
818,16,0,5.090909090909091
818,17,0,5.090909090909091
818,18,0,5.333333333333333
818,19,0,5.769230769230769
818,20,0,5.769230769230769
818,21,0,5.769230769230769
818,22,0,6.142857142857143
818,23,0,6.666666666666667
818,24,0,6.666666666666667
818,25,0,6.9375
818,26,0,7.470588235294118
818,27,0,7.470588235294118
818,28,0,7.166666666666667
818,29,0,7.8
818,30,0,7.8
818,31,0,8.333333333333334
818,32,0,8.409090909090908
818,33,0,8.409090909090908
818,34,0,8.76
819,0,0,0
819,1,0,0
819,2,0,2.0
819,3,0,2.5
819,4,0,2.6666666666666665
819,5,0,3.0
819,6,0,2.8
819,7,0,3.1666666666666665
819,8,0,3.142857142857143
819,9,0,3.25
819,10,0,3.25
819,11,0,3.4444444444444446
819,12,0,3.4
819,13,0,3.4
819,14,0,3.4
819,15,0,3.727272727272727
819,16,0,3.769230769230769
819,17,0,3.769230769230769
819,18,0,4.0
819,19,0,4.0
819,20,0,3.875
819,21,0,4.235294117647059
819,22,0,4.166666666666667
819,23,0,4.45
819,24,0,4.45
819,25,0,4.45
819,26,0,4.666666666666667
819,27,0,4.666666666666667
819,28,0,4.782608695652174
819,29,0,4.75
819,30,0,4.75
819,31,0,4.75
819,32,0,5.0
819,33,0,5.0
819,34,0,4.961538461538462
820,0,0,0
820,1,0,0
820,2,0,2.0
820,3,1,2.0
820,4,1,2.5
820,5,0,2.5
820,6,0,2.8
820,7,1,2.8
820,8,0,3.0
820,9,0,3.0
820,10,0,3.4
820,11,0,3.3636363636363638
820,12,0,3.3636363636363638
820,13,0,3.4615384615384617
820,14,0,3.4615384615384617
820,15,0,3.357142857142857
820,16,0,3.357142857142857
820,17,0,3.5625
820,18,0,3.5625
820,19,0,3.5625
820,20,0,3.8333333333333335
820,21,0,3.8333333333333335
820,22,0,4.0
820,23,0,4.0
820,24,0,4.0
820,25,0,4.190476190476191
820,26,0,4.2727272727272725
820,27,0,4.2727272727272725
820,28,0,4.333333333333333
820,29,0,4.333333333333333
820,30,0,4.6923076923076925
820,31,0,4.6923076923076925
820,32,0,4.851851851851852
820,33,0,5.071428571428571
820,34,0,5.137931034482759
821,0,0,0
821,1,0,0
821,2,0,2.0
821,3,0,2.0
821,4,0,2.0
821,5,0,2.0
821,6,0,2.0
821,7,0,2.0
821,8,0,2.4
821,9,0,2.4
821,10,0,2.4
821,11,0,2.6666666666666665
821,12,0,3.2857142857142856
821,13,0,3.2857142857142856
821,14,0,3.2857142857142856
821,15,0,4.111111111111111
821,16,0,4.111111111111111
821,17,0,4.090909090909091
821,18,0,4.090909090909091
821,19,0,4.538461538461538
821,20,0,4.785714285714286
821,21,0,4.785714285714286
821,22,0,4.785714285714286
821,23,0,5.5625
821,24,0,5.5625
821,25,0,6.117647058823529
821,26,0,6.222222222222222
821,27,0,6.222222222222222
821,28,0,6.0
821,29,0,6.714285714285714
821,30,0,6.714285714285714
821,31,0,7.130434782608695
821,32,0,7.130434782608695
821,33,0,7.130434782608695
821,34,0,7.125
822,0,0,0
822,1,0,0
822,2,0,0
822,3,0,0
822,4,0,3.5
822,5,0,3.5
822,6,0,3.5
822,7,0,3.75
822,8,0,3.75
822,9,0,3.8
822,10,0,4.166666666666667
822,11,0,4.166666666666667
822,12,0,4.428571428571429
822,13,0,4.0
822,14,0,4.2
822,15,0,4.090909090909091
822,16,0,4.090909090909091
822,17,0,4.083333333333333
822,18,0,4.0
822,19,0,4.066666666666666
822,20,0,4.066666666666666
822,21,0,4.066666666666666
822,22,0,4.411764705882353
822,23,0,4.411764705882353
822,24,0,4.5
822,25,0,4.473684210526316
822,26,0,4.6
822,27,0,4.619047619047619
822,28,0,4.619047619047619
822,29,0,4.5
822,30,0,4.75
822,31,0,4.75
822,32,0,4.75
822,33,0,5.038461538461538
822,34,0,4.925925925925926
823,0,0,0
823,1,0,0
823,2,0,2.0
823,3,0,2.5
823,4,0,2.6666666666666665
823,5,0,2.6666666666666665
823,6,0,2.6666666666666665
823,7,0,2.75
823,8,0,2.75
823,9,0,3.0
823,10,0,3.0
823,11,0,3.7142857142857144
823,12,0,3.5
823,13,0,3.5
823,14,0,3.5
823,15,0,4.3
823,16,0,4.3
823,17,0,4.3
823,18,0,4.818181818181818
823,19,0,4.916666666666667
823,20,0,5.384615384615385
823,21,0,5.384615384615385
823,22,0,5.428571428571429
823,23,0,5.428571428571429
823,24,0,6.0
823,25,0,6.0
823,26,0,5.9375
823,27,0,6.352941176470588
823,28,0,6.352941176470588
823,29,0,6.352941176470588
823,30,0,6.894736842105263
823,31,0,6.894736842105263
823,32,0,6.894736842105263
823,33,0,7.25
823,34,0,7.428571428571429
824,0,0,0
824,1,0,0
824,2,0,2.0
824,3,0,2.5
824,4,0,2.5
824,5,0,2.5
824,6,0,2.75
824,7,0,2.75
824,8,0,3.2
824,9,0,3.2
824,10,0,3.1666666666666665
824,11,0,3.1666666666666665
824,12,0,3.5714285714285716
824,13,0,3.5714285714285716
824,14,0,3.5714285714285716
824,15,0,3.375
824,16,0,3.888888888888889
824,17,0,3.888888888888889
824,18,0,4.4
824,19,0,4.181818181818182
824,20,0,4.181818181818182
824,21,0,4.166666666666667
824,22,0,4.6923076923076925
824,23,0,4.6923076923076925
824,24,0,4.6923076923076925
824,25,0,4.571428571428571
824,26,0,4.933333333333334
824,27,0,4.933333333333334
824,28,0,4.75
824,29,0,4.75
824,30,0,5.0
824,31,0,5.0
824,32,0,5.421052631578948
824,33,0,5.25
824,34,0,5.25
825,0,0,0
825,1,0,0
825,2,0,2.0
825,3,0,2.0
825,4,0,2.0
825,5,0,2.5
825,6,0,2.5
825,7,0,2.6
825,8,0,3.0
825,9,0,3.0
825,10,0,3.0
825,11,0,3.2857142857142856
825,12,0,3.5
825,13,0,3.7777777777777777
825,14,0,3.6
825,15,0,3.909090909090909
825,16,0,4.25
825,17,0,4.25
825,18,0,4.428571428571429
825,19,0,4.4
825,20,0,4.588235294117647
825,21,0,4.555555555555555
825,22,0,4.473684210526316
825,23,0,4.5
825,24,0,4.857142857142857
825,25,0,4.863636363636363
825,26,0,4.863636363636363
825,27,0,5.166666666666667
825,28,0,5.166666666666667
825,29,0,5.04
825,30,0,5.04
825,31,0,5.444444444444445
825,32,0,5.444444444444445
825,33,0,5.678571428571429
825,34,0,5.678571428571429
826,0,0,0
826,1,0,0
826,2,0,2.0
826,3,0,2.0
826,4,0,2.0
826,5,0,2.0
826,6,0,3.0
826,7,0,3.5
826,8,0,3.5
826,9,0,4.0
826,10,0,4.0
826,11,0,4.428571428571429
826,12,0,4.428571428571429
826,13,0,4.428571428571429
826,14,0,4.428571428571429
826,15,0,4.888888888888889
826,16,0,4.888888888888889
826,17,0,5.1
826,18,0,5.363636363636363
826,19,0,5.333333333333333
826,20,0,5.615384615384615
826,21,0,5.357142857142857
826,22,0,5.466666666666667
826,23,0,5.75
826,24,0,5.75
826,25,0,6.0588235294117645
826,26,0,6.277777777777778
826,27,0,6.277777777777778
826,28,0,6.578947368421052
826,29,0,6.578947368421052
826,30,0,6.65
826,31,0,6.65
826,32,0,7.0
826,33,0,7.0
826,34,0,7.130434782608695
827,0,0,0
827,1,0,0
827,2,0,0
827,3,0,0
827,4,0,4.0
827,5,0,3.5
827,6,0,3.5
827,7,0,4.333333333333333
827,8,0,4.333333333333333
827,9,0,4.333333333333333
827,10,0,4.6
827,11,0,4.6
827,12,0,4.6
827,13,0,4.666666666666667
827,14,0,5.0
827,15,0,5.125
827,16,0,5.125
827,17,0,5.111111111111111
827,18,0,5.6
827,19,0,5.6
827,20,0,5.6
827,21,0,6.25
827,22,0,6.25
827,23,0,6.384615384615385
827,24,0,6.642857142857143
827,25,0,6.666666666666667
827,26,0,6.666666666666667
827,27,0,6.705882352941177
827,28,0,6.833333333333333
827,29,0,7.052631578947368
827,30,0,7.052631578947368
827,31,0,7.25
827,32,0,7.523809523809524
827,33,0,7.523809523809524
827,34,0,7.523809523809524
828,0,0,0
828,1,0,0
828,2,0,0
828,3,0,0
828,4,0,0
828,5,0,2.0
828,6,0,3.0
828,7,0,2.6666666666666665
828,8,0,3.0
828,9,0,3.2
828,10,0,3.3333333333333335
828,11,0,3.3333333333333335
828,12,0,3.7142857142857144
828,13,0,3.7142857142857144
828,14,0,4.125
828,15,0,4.555555555555555
828,16,0,4.8
828,17,0,4.545454545454546
828,18,0,4.545454545454546
828,19,0,5.083333333333333
828,20,0,5.461538461538462
828,21,0,5.461538461538462
828,22,0,6.266666666666667
828,23,0,6.266666666666667
828,24,0,6.266666666666667
828,25,0,6.75
828,26,0,7.176470588235294
828,27,0,7.176470588235294
828,28,0,7.368421052631579
828,29,0,7.368421052631579
828,30,0,7.55
828,31,0,7.7727272727272725
828,32,0,7.7727272727272725
828,33,0,7.7727272727272725
828,34,0,7.739130434782608
829,0,0,0
829,1,0,0
829,2,0,0
829,3,0,2.0
829,4,0,3.0
829,5,0,3.0
829,6,0,3.0
829,7,0,3.0
829,8,0,3.0
829,9,0,3.0
829,10,0,3.0
829,11,0,3.0
829,12,0,3.0
829,13,0,3.0
829,14,0,3.5
829,15,0,3.5
829,16,0,3.25
829,17,0,3.7777777777777777
829,18,0,3.6
829,19,0,3.6363636363636362
829,20,0,3.5384615384615383
829,21,0,3.5384615384615383
829,22,0,3.5
829,23,0,3.5
829,24,0,3.466666666666667
829,25,0,3.5
829,26,0,3.5
829,27,0,3.588235294117647
829,28,0,3.6666666666666665
829,29,0,3.6666666666666665
829,30,0,3.95
829,31,0,3.95
829,32,0,3.9523809523809526
829,33,0,3.9523809523809526
829,34,0,4.181818181818182
830,0,0,0
830,1,0,0
830,2,1,2.0
830,3,0,2.0
830,4,0,2.6666666666666665
830,5,0,3.0
830,6,0,3.0
830,7,0,3.1666666666666665
830,8,0,3.1666666666666665
830,9,0,3.1666666666666665
830,10,0,3.1666666666666665
830,11,0,3.5714285714285716
830,12,0,3.625
830,13,0,3.625
830,14,0,4.0
830,15,0,4.0
830,16,0,4.545454545454546
830,17,0,4.545454545454546
830,18,0,4.545454545454546
830,19,0,5.076923076923077
830,20,0,5.076923076923077
830,21,0,5.357142857142857
830,22,0,5.357142857142857
830,23,0,5.6
830,24,0,5.875
830,25,0,5.875
830,26,0,6.333333333333333
830,27,0,6.333333333333333
830,28,0,6.526315789473684
830,29,0,6.75
830,30,0,6.75
830,31,0,6.75
830,32,0,7.0
830,33,0,7.318181818181818
830,34,0,7.318181818181818
831,0,0,0
831,1,0,0
831,2,0,2.0
831,3,0,2.0
831,4,0,2.5
831,5,0,2.3333333333333335
831,6,0,3.0
831,7,0,3.0
831,8,0,3.25
831,9,0,3.25
831,10,0,3.25
831,11,0,3.25
831,12,0,3.5
831,13,0,3.5
831,14,0,3.8181818181818183
831,15,0,3.8181818181818183
831,16,0,3.8181818181818183
831,17,0,4.076923076923077
831,18,0,4.076923076923077
831,19,0,4.076923076923077
831,20,0,4.076923076923077
831,21,0,4.2
831,22,0,4.2
831,23,0,4.125
831,24,0,4.352941176470588
831,25,0,4.352941176470588
831,26,0,4.611111111111111
831,27,0,4.631578947368421
831,28,0,4.631578947368421
831,29,0,4.631578947368421
831,30,0,4.714285714285714
831,31,0,4.863636363636363
831,32,0,4.863636363636363
831,33,0,4.863636363636363
831,34,0,5.173913043478261
832,0,0,0
832,1,0,0
832,2,0,0
832,3,0,0
832,4,0,2.5
832,5,0,2.5
832,6,0,2.5
832,7,0,2.6666666666666665
832,8,0,2.5
832,9,0,2.5
832,10,0,3.0
832,11,0,3.0
832,12,0,3.0
832,13,0,3.0
832,14,0,3.142857142857143
832,15,0,3.25
832,16,0,3.25
832,17,0,3.25
832,18,0,3.9
832,19,0,3.9
832,20,0,3.9
832,21,0,3.9
832,22,0,4.833333333333333
832,23,0,4.833333333333333
832,24,0,4.833333333333333
832,25,0,5.5
832,26,0,5.5
832,27,0,5.266666666666667
832,28,0,5.6875
832,29,0,6.0588235294117645
832,30,0,6.0588235294117645
832,31,0,6.0588235294117645
832,32,0,6.5
832,33,0,6.947368421052632
832,34,0,6.947368421052632
833,0,0,0
833,1,0,0
833,2,0,2.0
833,3,0,2.5
833,4,0,2.5
833,5,0,2.3333333333333335
833,6,0,2.6
833,7,0,2.6
833,8,0,2.6666666666666665
833,9,0,3.0
833,10,0,3.125
833,11,0,3.125
833,12,0,3.2222222222222223
833,13,0,3.5
833,14,0,3.5
833,15,0,3.5
833,16,0,4.083333333333333
833,17,0,4.083333333333333
833,18,0,4.071428571428571
833,19,0,4.333333333333333
833,20,0,4.333333333333333
833,21,0,4.5625
833,22,0,4.882352941176471
833,23,0,4.882352941176471
833,24,0,5.166666666666667
833,25,0,5.166666666666667
833,26,0,5.578947368421052
833,27,0,5.578947368421052
833,28,0,5.85
833,29,0,6.285714285714286
833,30,0,6.285714285714286
833,31,0,6.590909090909091
833,32,0,7.043478260869565
833,33,0,7.043478260869565
833,34,0,7.5
834,0,0,0
834,1,0,0
834,2,1,0
834,3,0,2.5
834,4,0,3.0
834,5,0,3.25
834,6,0,3.3333333333333335
834,7,0,3.142857142857143
834,8,0,3.4444444444444446
834,9,0,3.4444444444444446
834,10,0,3.3
834,11,0,3.3
834,12,0,3.4545454545454546
834,13,0,3.5
834,14,0,3.5
834,15,0,3.6923076923076925
834,16,0,3.6923076923076925
834,17,0,3.6923076923076925
834,18,0,3.6923076923076925
834,19,0,4.066666666666666
834,20,0,4.066666666666666
834,21,0,4.066666666666666
834,22,0,4.5
834,23,0,4.5
834,24,0,4.5
834,25,0,4.5
834,26,0,4.882352941176471
834,27,0,4.882352941176471
834,28,0,4.833333333333333
834,29,0,5.2631578947368425
834,30,0,5.25
834,31,0,5.25
834,32,0,5.238095238095238
834,33,0,5.590909090909091
834,34,0,5.590909090909091
835,0,0,0
835,1,0,0
835,2,0,0
835,3,0,3.0
835,4,0,3.0
835,5,0,2.6666666666666665
835,6,0,2.6666666666666665
835,7,0,2.75
835,8,0,2.75
835,9,0,3.2
835,10,0,3.2
835,11,0,3.7142857142857144
835,12,0,3.7142857142857144
835,13,0,3.7777777777777777
835,14,0,4.0
835,15,0,4.0
835,16,0,4.0
835,17,0,4.363636363636363
835,18,0,4.384615384615385
835,19,0,4.571428571428571
835,20,0,4.571428571428571
835,21,0,4.8125
835,22,0,4.8125
835,23,0,4.8125
835,24,0,5.0588235294117645
835,25,0,5.277777777777778
835,26,0,5.277777777777778
835,27,0,5.315789473684211
835,28,0,5.6
835,29,0,5.6
835,30,0,5.714285714285714
835,31,0,6.0
835,32,0,6.0
835,33,0,6.0
835,34,0,6.541666666666667
836,0,0,0
836,1,0,0
836,2,0,2.0
836,3,0,2.0
836,4,0,2.0
836,5,0,2.5
836,6,0,2.5
836,7,0,2.5
836,8,0,3.3333333333333335
836,9,0,3.3333333333333335
836,10,0,3.3333333333333335
836,11,0,3.5
836,12,0,3.5
836,13,0,3.4
836,14,0,3.8333333333333335
836,15,0,3.8333333333333335
836,16,0,4.285714285714286
836,17,0,4.125
836,18,0,4.125
836,19,0,4.125
836,20,0,4.666666666666667
836,21,0,4.8
836,22,0,4.8
836,23,0,5.166666666666667
836,24,0,5.166666666666667
836,25,0,5.384615384615385
836,26,0,5.384615384615385
836,27,0,5.466666666666667
836,28,0,5.6875
836,29,0,5.6875
836,30,0,5.6875
836,31,0,6.277777777777778
836,32,0,6.277777777777778
836,33,0,6.277777777777778
836,34,0,6.631578947368421
837,0,0,0
837,1,0,0
837,2,0,0
837,3,0,0
837,4,0,4.0
837,5,0,4.0
837,6,0,4.0
837,7,0,4.0
837,8,0,4.333333333333333
837,9,0,4.571428571428571
837,10,0,4.571428571428571
837,11,0,4.625
837,12,0,4.777777777777778
837,13,0,4.777777777777778
837,14,0,5.0
837,15,0,5.181818181818182
837,16,0,5.181818181818182
837,17,0,5.181818181818182
837,18,0,5.416666666666667
837,19,0,5.416666666666667
837,20,0,5.153846153846154
837,21,0,5.153846153846154
837,22,0,5.571428571428571
837,23,0,5.333333333333333
837,24,0,5.333333333333333
837,25,0,5.333333333333333
837,26,0,5.764705882352941
837,27,0,5.764705882352941
837,28,0,5.764705882352941
837,29,0,6.222222222222222
837,30,0,6.2631578947368425
837,31,0,6.2631578947368425
837,32,0,6.3
837,33,0,6.809523809523809
837,34,0,6.809523809523809
838,0,0,0
838,1,0,0
838,2,0,2.0
838,3,0,2.0
838,4,0,3.0
838,5,0,3.3333333333333335
838,6,0,3.3333333333333335
838,7,0,3.75
838,8,0,3.75
838,9,0,4.4
838,10,0,4.4
838,11,0,4.833333333333333
838,12,0,5.428571428571429
838,13,0,5.222222222222222
838,14,0,5.222222222222222
838,15,0,5.8
838,16,0,6.0
838,17,0,6.0
838,18,0,6.5
838,19,0,6.538461538461538
838,20,0,6.538461538461538
838,21,0,6.538461538461538
838,22,0,7.133333333333334
838,23,0,7.133333333333334
838,24,0,7.5625
838,25,0,7.5625
838,26,0,7.823529411764706
838,27,0,8.166666666666666
838,28,0,8.166666666666666
838,29,0,7.842105263157895
838,30,0,8.1
838,31,0,8.523809523809524
838,32,0,8.772727272727273
838,33,0,8.772727272727273
838,34,0,8.772727272727273
839,0,0,0
839,1,0,0
839,2,0,0
839,3,0,3.0
839,4,0,3.0
839,5,0,2.75
839,6,0,2.75
839,7,0,3.2
839,8,0,3.2
839,9,0,3.2
839,10,0,3.5714285714285716
839,11,0,3.5714285714285716
839,12,0,3.5714285714285716
839,13,0,3.875
839,14,0,4.0
839,15,0,4.0
839,16,0,4.0
839,17,0,4.083333333333333
839,18,0,4.0
839,19,0,4.142857142857143
839,20,0,4.142857142857143
839,21,0,4.133333333333334
839,22,0,4.133333333333334
839,23,0,4.411764705882353
839,24,0,4.411764705882353
839,25,0,4.444444444444445
839,26,0,4.7894736842105265
839,27,0,4.75
839,28,0,4.75
839,29,0,5.142857142857143
839,30,0,5.136363636363637
839,31,0,5.136363636363637
839,32,0,5.136363636363637
839,33,0,5.666666666666667
839,34,0,5.666666666666667
840,0,0,0
840,1,0,0
840,2,1,0
840,3,0,2.0
840,4,0,3.0
840,5,0,3.3333333333333335
840,6,0,3.25
840,7,0,3.25
840,8,0,3.2
840,9,0,3.2
840,10,0,3.2
840,11,0,3.2
840,12,0,3.4285714285714284
840,13,0,3.4285714285714284
840,14,0,3.25
840,15,0,3.6
840,16,0,3.6
840,17,0,3.6
840,18,0,3.6
840,19,0,4.181818181818182
840,20,0,4.0
840,21,0,4.0
840,22,0,3.8461538461538463
840,23,0,4.4
840,24,0,4.4
840,25,0,4.4
840,26,0,4.823529411764706
840,27,0,4.823529411764706
840,28,0,4.823529411764706
840,29,0,5.105263157894737
840,30,0,4.95
840,31,0,5.0476190476190474
840,32,0,5.0476190476190474
840,33,0,5.2727272727272725
840,34,0,5.2727272727272725
841,0,0,0
841,1,0,0
841,2,0,0
841,3,0,0
841,4,0,4.0
841,5,0,3.0
841,6,0,3.0
841,7,0,3.0
841,8,0,4.0
841,9,0,4.0
841,10,0,4.2
841,11,0,4.333333333333333
841,12,0,4.333333333333333
841,13,0,4.714285714285714
841,14,0,5.0
841,15,0,5.0
841,16,0,5.5
841,17,0,5.5
841,18,0,5.333333333333333
841,19,0,5.333333333333333
841,20,0,5.333333333333333
841,21,0,5.5
841,22,0,5.5
841,23,0,5.5
841,24,0,5.5
841,25,0,5.75
841,26,0,5.75
841,27,0,6.0588235294117645
841,28,0,6.0588235294117645
841,29,0,6.368421052631579
841,30,0,6.368421052631579
841,31,0,6.368421052631579
841,32,0,6.368421052631579
841,33,0,6.904761904761905
841,34,0,6.904761904761905
842,0,0,0
842,1,0,0
842,2,0,0
842,3,0,0
842,4,0,4.0
842,5,0,4.0
842,6,0,4.333333333333333
842,7,0,4.333333333333333
842,8,0,4.75
842,9,0,5.0
842,10,0,5.0
842,11,0,5.166666666666667
842,12,0,5.428571428571429
842,13,0,5.428571428571429
842,14,0,5.75
842,15,0,5.75
842,16,0,6.222222222222222
842,17,0,6.222222222222222
842,18,0,6.6
842,19,0,7.0
842,20,0,7.0
842,21,0,7.416666666666667
842,22,0,7.0
842,23,0,7.285714285714286
842,24,0,7.6
842,25,0,7.6
842,26,0,7.75
842,27,0,8.117647058823529
842,28,0,8.117647058823529
842,29,0,8.117647058823529
842,30,0,8.333333333333334
842,31,0,8.736842105263158
842,32,0,8.736842105263158
842,33,0,9.0
842,34,0,9.0
843,0,0,0
843,1,0,0
843,2,0,0
843,3,0,2.5
843,4,0,3.0
843,5,0,2.75
843,6,0,2.75
843,7,0,3.2
843,8,0,3.3333333333333335
843,9,0,3.3333333333333335
843,10,0,3.7142857142857144
843,11,0,3.7142857142857144
843,12,0,4.222222222222222
843,13,0,4.0
843,14,0,4.0
843,15,0,4.5
843,16,0,4.5
843,17,0,4.846153846153846
843,18,0,4.846153846153846
843,19,0,4.866666666666666
843,20,0,4.866666666666666
843,21,0,5.25
843,22,0,5.411764705882353
843,23,0,5.411764705882353
843,24,0,5.722222222222222
843,25,0,5.722222222222222
843,26,0,5.95
843,27,0,5.95
843,28,0,5.95
843,29,0,6.2727272727272725
843,30,0,6.2727272727272725
843,31,0,6.2727272727272725
843,32,0,6.625
843,33,0,6.625
843,34,0,6.72
844,0,0,0
844,1,0,0
844,2,0,2.0
844,3,0,2.0
844,4,0,2.0
844,5,0,2.25
844,6,0,2.8
844,7,0,2.8
844,8,0,2.8
844,9,0,2.8333333333333335
844,10,0,3.2857142857142856
844,11,0,3.2857142857142856
844,12,0,3.5
844,13,0,4.0
844,14,0,3.8
844,15,0,4.2727272727272725
844,16,0,4.5
844,17,0,4.923076923076923
844,18,0,4.923076923076923
844,19,0,5.0
844,20,0,4.8
844,21,0,5.411764705882353
844,22,0,5.411764705882353
844,23,0,5.555555555555555
844,24,0,5.555555555555555
844,25,0,6.105263157894737
844,26,0,6.3
844,27,0,6.809523809523809
844,28,0,6.809523809523809
844,29,0,7.3478260869565215
844,30,0,7.3478260869565215
844,31,0,7.3478260869565215
844,32,0,7.791666666666667
844,33,0,7.92
844,34,0,8.346153846153847
845,0,0,0
845,1,0,0
845,2,0,0
845,3,0,2.0
845,4,0,3.0
845,5,0,3.0
845,6,0,2.6666666666666665
845,7,0,3.5
845,8,0,3.5
845,9,0,4.166666666666667
845,10,0,4.166666666666667
845,11,0,4.625
845,12,0,4.625
845,13,0,4.777777777777778
845,14,0,5.2
845,15,0,5.2
845,16,0,5.181818181818182
845,17,0,5.181818181818182
845,18,0,5.666666666666667
845,19,0,5.769230769230769
845,20,0,6.214285714285714
845,21,0,6.214285714285714
845,22,0,6.266666666666667
845,23,0,6.75
845,24,0,6.75
845,25,0,6.882352941176471
845,26,0,6.882352941176471
845,27,0,7.388888888888889
845,28,0,7.388888888888889
845,29,0,7.631578947368421
845,30,0,8.15
845,31,0,8.15
845,32,0,8.428571428571429
845,33,0,8.428571428571429
845,34,0,9.217391304347826
846,0,0,0
846,1,0,0
846,2,0,2.0
846,3,0,2.0
846,4,0,2.0
846,5,0,2.0
846,6,0,3.3333333333333335
846,7,0,3.3333333333333335
846,8,0,3.25
846,9,0,4.0
846,10,0,4.0
846,11,0,4.5
846,12,0,4.714285714285714
846,13,0,4.375
846,14,0,4.555555555555555
846,15,0,5.0
846,16,0,5.0
846,17,0,5.0
846,18,0,5.583333333333333
846,19,0,5.583333333333333
846,20,0,5.583333333333333
846,21,0,5.769230769230769
846,22,0,6.071428571428571
846,23,0,6.071428571428571
846,24,0,6.2
846,25,0,6.2
846,26,0,6.625
846,27,0,6.705882352941177
846,28,0,6.705882352941177
846,29,0,7.2631578947368425
846,30,0,7.2631578947368425
846,31,0,7.2631578947368425
846,32,0,7.2631578947368425
846,33,0,7.857142857142857
846,34,0,7.857142857142857
847,0,0,0
847,1,0,0
847,2,0,0
847,3,0,0
847,4,0,4.0
847,5,0,3.0
847,6,0,3.0
847,7,0,3.2
847,8,0,3.2
847,9,0,3.2
847,10,0,3.7142857142857144
847,11,0,3.7142857142857144
847,12,0,4.25
847,13,0,4.25
847,14,0,4.1
847,15,0,4.636363636363637
847,16,0,4.636363636363637
847,17,0,4.538461538461538
847,18,0,4.785714285714286
847,19,0,4.866666666666666
847,20,0,4.866666666666666
847,21,0,4.8125
847,22,0,5.176470588235294
847,23,0,5.176470588235294
847,24,0,5.555555555555555
847,25,0,5.631578947368421
847,26,0,5.631578947368421
847,27,0,5.631578947368421
847,28,0,6.1
847,29,0,6.238095238095238
847,30,0,6.238095238095238
847,31,0,6.681818181818182
847,32,0,6.681818181818182
847,33,0,7.208333333333333
847,34,0,7.208333333333333
848,0,0,0
848,1,0,0
848,2,0,0
848,3,0,2.0
848,4,0,2.0
848,5,0,2.5
848,6,0,2.3333333333333335
848,7,0,2.3333333333333335
848,8,0,2.8
848,9,0,2.8
848,10,0,2.6666666666666665
848,11,0,2.6666666666666665
848,12,0,3.2857142857142856
848,13,0,3.2857142857142856
848,14,0,3.125
848,15,0,3.7777777777777777
848,16,0,3.7777777777777777
848,17,0,3.7777777777777777
848,18,0,4.454545454545454
848,19,0,4.454545454545454
848,20,0,4.454545454545454
848,21,0,5.0
848,22,0,5.076923076923077
848,23,0,5.076923076923077
848,24,0,5.076923076923077
848,25,0,5.6
848,26,0,5.6
848,27,0,6.0
848,28,0,6.0
848,29,0,6.176470588235294
848,30,0,6.176470588235294
848,31,0,6.666666666666667
848,32,0,6.666666666666667
848,33,0,6.7894736842105265
848,34,0,6.7894736842105265
849,0,0,0
849,1,0,0
849,2,0,2.0
849,3,0,2.0
849,4,0,3.0
849,5,0,3.0
849,6,0,3.3333333333333335
849,7,0,3.75
849,8,0,3.75
849,9,0,3.75
849,10,0,3.75
849,11,0,4.166666666666667
849,12,0,4.166666666666667
849,13,0,4.25
849,14,0,4.333333333333333
849,15,0,4.7
849,16,0,4.7
849,17,0,4.909090909090909
849,18,0,4.833333333333333
849,19,0,4.833333333333333
849,20,0,5.076923076923077
849,21,0,4.928571428571429
849,22,0,4.928571428571429
849,23,0,4.928571428571429
849,24,0,5.25
849,25,0,5.25
849,26,0,5.588235294117647
849,27,0,5.555555555555555
849,28,0,5.368421052631579
849,29,0,5.4
849,30,0,5.809523809523809
849,31,0,5.636363636363637
849,32,0,6.083333333333333
849,33,0,6.083333333333333
849,34,0,6.3076923076923075
850,0,0,0
850,1,0,0
850,2,0,0
850,3,0,3.0
850,4,0,3.0
850,5,0,3.5
850,6,0,3.0
850,7,0,3.2
850,8,0,3.6666666666666665
850,9,0,3.6666666666666665
850,10,0,3.6666666666666665
850,11,0,3.857142857142857
850,12,0,4.5
850,13,0,4.5
850,14,0,4.9
850,15,0,4.9
850,16,0,4.9
850,17,0,4.583333333333333
850,18,0,4.923076923076923
850,19,0,4.923076923076923
850,20,0,5.214285714285714
850,21,0,5.2
850,22,0,5.5
850,23,0,5.470588235294118
850,24,0,5.470588235294118
850,25,0,5.470588235294118
850,26,0,5.842105263157895
850,27,0,5.842105263157895
850,28,0,5.842105263157895
850,29,0,5.65
850,30,0,6.181818181818182
850,31,0,6.181818181818182
850,32,0,6.181818181818182
850,33,0,6.375
850,34,0,6.375
851,0,0,0
851,1,0,0
851,2,0,0
851,3,0,2.5
851,4,0,2.5
851,5,0,2.3333333333333335
851,6,0,2.3333333333333335
851,7,0,2.75
851,8,0,3.0
851,9,0,3.3333333333333335
851,10,0,3.3333333333333335
851,11,0,3.4285714285714284
851,12,0,3.25
851,13,0,3.6
851,14,0,3.6
851,15,0,3.4545454545454546
851,16,0,4.0
851,17,0,4.0
851,18,0,4.0
851,19,0,4.0
851,20,0,4.428571428571429
851,21,0,4.533333333333333
851,22,0,4.533333333333333
851,23,0,4.875
851,24,0,5.0588235294117645
851,25,0,5.0588235294117645
851,26,0,5.111111111111111
851,27,0,5.2631578947368425
851,28,0,5.3
851,29,0,5.3
851,30,0,5.2727272727272725
851,31,0,5.2727272727272725
851,32,0,5.458333333333333
851,33,0,5.458333333333333
851,34,0,5.458333333333333
852,0,0,0
852,1,0,0
852,2,0,0
852,3,0,3.0
852,4,0,2.6666666666666665
852,5,0,2.6666666666666665
852,6,0,2.6666666666666665
852,7,0,3.2
852,8,0,3.2
852,9,0,3.2857142857142856
852,10,0,3.2857142857142856
852,11,0,3.5555555555555554
852,12,0,3.4
852,13,0,3.1666666666666665
852,14,0,3.5384615384615383
852,15,0,3.5
852,16,0,3.5
852,17,0,3.5
852,18,0,3.933333333333333
852,19,0,3.875
852,20,0,3.875
852,21,0,3.764705882352941
852,22,0,4.2105263157894735
852,23,0,4.2105263157894735
852,24,0,4.2105263157894735
852,25,0,4.2
852,26,0,4.476190476190476
852,27,0,4.476190476190476
852,28,0,4.476190476190476
852,29,0,4.913043478260869
852,30,0,4.913043478260869
852,31,0,4.791666666666667
852,32,0,4.96
852,33,0,5.346153846153846
852,34,0,5.346153846153846
853,0,0,0
853,1,0,0
853,2,0,2.0
853,3,0,2.0
853,4,0,2.5
853,5,0,3.0
853,6,0,3.0
853,7,0,3.25
853,8,0,3.6
853,9,0,3.6
853,10,0,4.0
853,11,0,4.0
853,12,0,4.875
853,13,0,4.875
853,14,0,4.875
853,15,0,5.444444444444445
853,16,0,5.8
853,17,0,5.8
853,18,0,5.8
853,19,0,6.181818181818182
853,20,0,6.583333333333333
853,21,0,6.846153846153846
853,22,0,7.0
853,23,0,7.0
853,24,0,7.0
853,25,0,7.5
853,26,0,7.5
853,27,0,8.0
853,28,0,8.0
853,29,0,8.0
853,30,0,8.052631578947368
853,31,0,8.4
853,32,0,8.476190476190476
853,33,0,8.476190476190476
853,34,0,8.863636363636363
854,0,0,0
854,1,0,0
854,2,0,0
854,3,0,2.0
854,4,0,2.0
854,5,0,2.5
854,6,0,3.0
854,7,0,3.0
854,8,0,3.0
854,9,0,3.8
854,10,0,3.8
854,11,0,3.8
854,12,0,4.714285714285714
854,13,0,4.714285714285714
854,14,0,4.714285714285714
854,15,0,4.714285714285714
854,16,0,5.666666666666667
854,17,0,5.666666666666667
854,18,0,5.9
854,19,0,6.545454545454546
854,20,0,6.545454545454546
854,21,0,6.583333333333333
854,22,0,6.583333333333333
854,23,0,7.357142857142857
854,24,0,7.357142857142857
854,25,0,7.9375
854,26,0,7.9375
854,27,0,8.38888888888889
854,28,0,8.38888888888889
854,29,0,8.38888888888889
854,30,0,8.578947368421053
854,31,0,8.95
854,32,0,8.95
854,33,0,9.047619047619047
854,34,0,9.047619047619047
855,0,0,0
855,1,0,0
855,2,0,0
855,3,0,3.0
855,4,0,3.0
855,5,0,3.0
855,6,0,2.6666666666666665
855,7,0,3.0
855,8,0,3.0
855,9,0,3.4
855,10,0,3.1666666666666665
855,11,0,3.4285714285714284
855,12,0,3.4285714285714284
855,13,0,3.4285714285714284
855,14,0,3.5555555555555554
855,15,0,3.5555555555555554
855,16,0,3.5555555555555554
855,17,0,4.0
855,18,0,4.0
855,19,0,4.333333333333333
855,20,0,4.333333333333333
855,21,0,4.615384615384615
855,22,0,4.857142857142857
855,23,0,4.857142857142857
855,24,0,5.2
855,25,0,5.2
855,26,0,5.5
855,27,0,5.705882352941177
855,28,0,5.5
855,29,0,6.0
855,30,0,6.0
855,31,0,6.0
855,32,0,6.0
855,33,0,6.409090909090909
855,34,0,6.409090909090909
856,0,0,0
856,1,0,0
856,2,0,2.0
856,3,0,2.0
856,4,0,3.0
856,5,0,3.0
856,6,0,2.75
856,7,0,2.8
856,8,0,2.8333333333333335
856,9,0,2.8333333333333335
856,10,0,2.8333333333333335
856,11,0,3.2857142857142856
856,12,0,3.375
856,13,0,3.375
856,14,0,3.4444444444444446
856,15,0,3.9
856,16,0,3.9
856,17,0,4.416666666666667
856,18,0,4.416666666666667
856,19,0,4.846153846153846
856,20,0,4.846153846153846
856,21,0,4.8
856,22,0,5.25
856,23,0,5.25
856,24,0,5.411764705882353
856,25,0,5.411764705882353
856,26,0,6.052631578947368
856,27,0,6.052631578947368
856,28,0,6.052631578947368
856,29,0,6.380952380952381
856,30,0,6.545454545454546
856,31,0,6.545454545454546
856,32,0,7.043478260869565
856,33,0,7.125
856,34,0,7.48
857,0,0,0
857,1,0,0
857,2,0,2.0
857,3,0,2.0
857,4,0,2.0
857,5,0,2.5
857,6,0,2.5
857,7,0,2.5
857,8,0,2.6666666666666665
857,9,0,2.6666666666666665
857,10,0,3.0
857,11,0,3.4
857,12,0,3.4
857,13,0,3.6666666666666665
857,14,0,4.0
857,15,0,3.875
857,16,0,3.875
857,17,0,4.222222222222222
857,18,0,4.3
857,19,0,4.090909090909091
857,20,0,4.615384615384615
857,21,0,4.615384615384615
857,22,0,4.928571428571429
857,23,0,4.8125
857,24,0,4.8125
857,25,0,4.8125
857,26,0,5.176470588235294
857,27,0,5.333333333333333
857,28,0,5.333333333333333
857,29,0,5.35
857,30,0,5.761904761904762
857,31,0,5.761904761904762
857,32,0,6.045454545454546
857,33,0,6.083333333333333
857,34,0,6.083333333333333
858,0,0,0
858,1,0,0
858,2,0,0
858,3,0,0
858,4,0,4.0
858,5,0,3.0
858,6,0,3.25
858,7,0,3.25
858,8,0,3.8
858,9,0,3.8
858,10,0,4.0
858,11,0,4.428571428571429
858,12,0,4.333333333333333
858,13,0,4.333333333333333
858,14,0,4.333333333333333
858,15,0,4.7272727272727275
858,16,0,4.7272727272727275
858,17,0,4.7272727272727275
858,18,0,4.7272727272727275
858,19,0,5.461538461538462
858,20,0,5.461538461538462
858,21,0,5.357142857142857
858,22,0,5.357142857142857
858,23,0,6.0
858,24,0,6.0
858,25,0,6.588235294117647
858,26,0,6.611111111111111
858,27,0,6.368421052631579
858,28,0,6.45
858,29,0,7.0476190476190474
858,30,0,6.818181818181818
858,31,0,6.956521739130435
858,32,0,7.458333333333333
858,33,0,7.458333333333333
858,34,0,7.458333333333333
859,0,0,0
859,1,0,0
859,2,0,0
859,3,0,2.0
859,4,0,2.6666666666666665
859,5,0,2.5
859,6,0,2.5
859,7,0,3.3333333333333335
859,8,0,3.3333333333333335
859,9,0,3.3333333333333335
859,10,0,4.0
859,11,0,4.0
859,12,0,4.111111111111111
859,13,0,4.1
859,14,0,4.1
859,15,0,4.0
859,16,0,4.333333333333333
859,17,0,4.333333333333333
859,18,0,4.615384615384615
859,19,0,4.5
859,20,0,4.5
859,21,0,4.866666666666666
859,22,0,4.875
859,23,0,4.875
859,24,0,4.875
859,25,0,5.388888888888889
859,26,0,5.388888888888889
859,27,0,5.388888888888889
859,28,0,5.9
859,29,0,5.9
859,30,0,6.238095238095238
859,31,0,6.238095238095238
859,32,0,6.782608695652174
859,33,0,6.782608695652174
859,34,0,6.782608695652174
860,0,0,0
860,1,0,0
860,2,0,0
860,3,0,3.0
860,4,0,3.0
860,5,0,3.0
860,6,0,3.0
860,7,0,2.8
860,8,0,2.8
860,9,0,3.1666666666666665
860,10,0,3.2857142857142856
860,11,0,3.2857142857142856
860,12,0,3.5
860,13,0,3.7777777777777777
860,14,0,3.6
860,15,0,3.909090909090909
860,16,0,3.909090909090909
860,17,0,3.6923076923076925
860,18,0,3.6923076923076925
860,19,0,4.071428571428571
860,20,0,4.071428571428571
860,21,0,4.133333333333334
860,22,0,4.3125
860,23,0,4.3125
860,24,0,4.411764705882353
860,25,0,4.411764705882353
860,26,0,4.722222222222222
860,27,0,4.722222222222222
860,28,0,4.842105263157895
860,29,0,4.95
860,30,0,4.809523809523809
860,31,0,4.809523809523809
860,32,0,5.173913043478261
860,33,0,5.173913043478261
860,34,0,5.173913043478261
861,0,0,0
861,1,0,0
861,2,0,0
861,3,0,0
861,4,0,2.0
861,5,0,2.0
861,6,0,2.0
861,7,0,2.3333333333333335
861,8,0,2.3333333333333335
861,9,0,2.3333333333333335
861,10,0,3.0
861,11,0,3.2
861,12,0,3.2
861,13,0,3.5
861,14,0,4.142857142857143
861,15,0,3.875
861,16,0,3.888888888888889
861,17,0,3.8181818181818183
861,18,0,3.8181818181818183
861,19,0,3.8333333333333335
861,20,0,3.769230769230769
861,21,0,3.769230769230769
861,22,0,3.7142857142857144
861,23,0,3.7333333333333334
861,24,0,3.75
861,25,0,3.75
861,26,0,3.75
861,27,0,3.8823529411764706
861,28,0,3.7777777777777777
861,29,0,3.7777777777777777
861,30,0,3.85
861,31,0,3.85
861,32,0,3.772727272727273
861,33,0,3.869565217391304
861,34,0,3.869565217391304
862,0,0,0
862,1,0,0
862,2,0,0
862,3,0,2.0
862,4,0,2.0
862,5,0,2.6666666666666665
862,6,0,2.6666666666666665
862,7,0,2.6666666666666665
862,8,0,2.5
862,9,0,2.8
862,10,0,2.8
862,11,0,3.1666666666666665
862,12,0,3.2857142857142856
862,13,0,3.2857142857142856
862,14,0,3.125
862,15,0,3.9
862,16,0,3.9
862,17,0,4.363636363636363
862,18,0,4.666666666666667
862,19,0,4.666666666666667
862,20,0,5.076923076923077
862,21,0,5.076923076923077
862,22,0,5.5
862,23,0,5.933333333333334
862,24,0,5.933333333333334
862,25,0,5.933333333333334
862,26,0,6.764705882352941
862,27,0,6.764705882352941
862,28,0,6.764705882352941
862,29,0,7.315789473684211
862,30,0,7.315789473684211
862,31,0,7.7
862,32,0,7.7
862,33,0,7.9523809523809526
862,34,0,7.9523809523809526
863,0,0,0
863,1,0,0
863,2,0,2.0
863,3,0,2.5
863,4,0,2.5
863,5,0,3.25
863,6,0,3.25
863,7,0,3.25
863,8,0,3.25
863,9,0,4.166666666666667
863,10,0,4.166666666666667
863,11,0,4.571428571428571
863,12,0,4.875
863,13,0,4.875
863,14,0,5.0
863,15,0,5.4
863,16,0,5.545454545454546
863,17,0,5.545454545454546
863,18,0,6.0
863,19,0,6.0
863,20,0,6.3076923076923075
863,21,0,6.785714285714286
863,22,0,6.785714285714286
863,23,0,6.785714285714286
863,24,0,7.6875
863,25,0,7.6875
863,26,0,7.6875
863,27,0,8.117647058823529
863,28,0,8.61111111111111
863,29,0,8.65
863,30,0,8.65
863,31,0,9.095238095238095
863,32,0,9.5
863,33,0,9.173913043478262
863,34,0,9.625
864,0,0,0
864,1,0,0
864,2,0,0
864,3,0,2.0
864,4,0,2.0
864,5,0,2.0
864,6,0,2.6666666666666665
864,7,0,2.6666666666666665
864,8,0,3.0
864,9,0,3.0
864,10,0,3.2
864,11,0,3.2
864,12,0,3.7142857142857144
864,13,0,3.7142857142857144
864,14,0,3.7142857142857144
864,15,0,3.7142857142857144
864,16,0,4.444444444444445
864,17,0,4.444444444444445
864,18,0,4.7
864,19,0,4.818181818181818
864,20,0,5.083333333333333
864,21,0,5.230769230769231
864,22,0,5.428571428571429
864,23,0,5.428571428571429
864,24,0,5.666666666666667
864,25,0,5.75
864,26,0,5.75
864,27,0,5.75
864,28,0,6.0588235294117645
864,29,0,6.166666666666667
864,30,0,6.473684210526316
864,31,0,6.473684210526316
864,32,0,6.75
864,33,0,6.9523809523809526
864,34,0,7.2272727272727275
865,0,0,0
865,1,0,0
865,2,0,0
865,3,0,3.0
865,4,0,2.6666666666666665
865,5,0,2.6666666666666665
865,6,0,2.6666666666666665
865,7,0,2.75
865,8,0,3.2
865,9,0,3.2
865,10,0,3.3333333333333335
865,11,0,3.3333333333333335
865,12,0,3.875
865,13,0,3.875
865,14,0,3.6666666666666665
865,15,0,4.2
865,16,0,4.2
865,17,0,4.181818181818182
865,18,0,4.666666666666667
865,19,0,4.666666666666667
865,20,0,4.769230769230769
865,21,0,5.0
865,22,0,5.0
865,23,0,5.0
865,24,0,5.5
865,25,0,5.5
865,26,0,5.722222222222222
865,27,0,5.722222222222222
865,28,0,6.0
865,29,0,6.0
865,30,0,6.238095238095238
865,31,0,6.363636363636363
865,32,0,6.363636363636363
865,33,0,6.434782608695652
865,34,0,6.75
866,0,0,0
866,1,0,0
866,2,0,0
866,3,0,0
866,4,0,3.0
866,5,0,3.5
866,6,0,3.5
866,7,0,3.5
866,8,0,4.5
866,9,0,4.5
866,10,0,4.6
866,11,0,4.666666666666667
866,12,0,4.666666666666667
866,13,0,4.666666666666667
866,14,0,5.0
866,15,0,5.0
866,16,0,4.666666666666667
866,17,0,5.0
866,18,0,5.363636363636363
866,19,0,5.363636363636363
866,20,0,5.461538461538462
866,21,0,5.461538461538462
866,22,0,5.714285714285714
866,23,0,5.714285714285714
866,24,0,6.133333333333334
866,25,0,6.133333333333334
866,26,0,6.4375
866,27,0,6.882352941176471
866,28,0,6.882352941176471
866,29,0,6.882352941176471
866,30,0,7.315789473684211
866,31,0,7.315789473684211
866,32,0,7.315789473684211
866,33,0,7.857142857142857
866,34,0,7.857142857142857
867,0,0,0
867,1,0,0
867,2,0,0
867,3,0,0
867,4,0,2.0
867,5,0,2.6666666666666665
867,6,0,2.75
867,7,0,2.75
867,8,0,2.75
867,9,0,3.0
867,10,0,3.0
867,11,0,3.1666666666666665
867,12,0,3.5714285714285716
867,13,0,3.375
867,14,0,3.6666666666666665
867,15,0,3.6666666666666665
867,16,0,4.2
867,17,0,4.545454545454546
867,18,0,4.538461538461538
867,19,0,4.538461538461538
867,20,0,4.538461538461538
867,21,0,5.266666666666667
867,22,0,5.266666666666667
867,23,0,5.266666666666667
867,24,0,5.823529411764706
867,25,0,5.823529411764706
867,26,0,5.823529411764706
867,27,0,5.823529411764706
867,28,0,6.526315789473684
867,29,0,6.526315789473684
867,30,0,6.526315789473684
867,31,0,7.095238095238095
867,32,0,7.095238095238095
867,33,0,7.454545454545454
867,34,0,7.454545454545454
868,0,0,0
868,1,0,0
868,2,0,0
868,3,0,2.0
868,4,0,2.0
868,5,0,2.3333333333333335
868,6,0,2.25
868,7,0,2.25
868,8,0,2.25
868,9,0,3.0
868,10,0,3.3333333333333335
868,11,0,3.857142857142857
868,12,0,4.125
868,13,0,4.125
868,14,0,4.6
868,15,0,4.6
868,16,0,4.545454545454546
868,17,0,4.75
868,18,0,4.538461538461538
868,19,0,4.642857142857143
868,20,0,4.533333333333333
868,21,0,5.0
868,22,0,5.0
868,23,0,5.421052631578948
868,24,0,5.421052631578948
868,25,0,5.421052631578948
868,26,0,5.55
868,27,0,5.714285714285714
868,28,0,5.714285714285714
868,29,0,5.818181818181818
868,30,0,5.913043478260869
868,31,0,6.0
868,32,0,6.12
868,33,0,6.12
868,34,0,6.37037037037037
869,0,0,0
869,1,0,0
869,2,0,0
869,3,0,3.0
869,4,0,2.5
869,5,0,2.5
869,6,0,3.0
869,7,0,3.0
869,8,0,3.0
869,9,0,3.6
869,10,0,3.6
869,11,0,3.6
869,12,0,4.285714285714286
869,13,0,4.285714285714286
869,14,0,4.875
869,15,0,5.0
869,16,0,5.0
869,17,0,5.5
869,18,0,5.7272727272727275
869,19,0,6.166666666666667
869,20,0,6.384615384615385
869,21,0,6.384615384615385
869,22,0,6.933333333333334
869,23,0,6.933333333333334
869,24,0,6.933333333333334
869,25,0,7.470588235294118
869,26,0,7.470588235294118
869,27,0,7.611111111111111
869,28,0,8.052631578947368
869,29,0,8.0
869,30,0,8.0
869,31,0,8.476190476190476
869,32,0,8.272727272727273
869,33,0,8.73913043478261
869,34,0,8.73913043478261
870,0,0,0
870,1,0,0
870,2,0,0
870,3,0,2.0
870,4,0,2.0
870,5,0,2.0
870,6,0,2.0
870,7,0,2.25
870,8,0,2.25
870,9,0,2.6
870,10,0,2.6
870,11,0,2.6666666666666665
870,12,0,2.6666666666666665
870,13,0,3.142857142857143
870,14,0,3.142857142857143
870,15,0,3.0
870,16,0,3.4
870,17,0,3.4545454545454546
870,18,0,3.4545454545454546
870,19,0,3.8333333333333335
870,20,0,3.8333333333333335
870,21,0,4.0
870,22,0,4.285714285714286
870,23,0,4.285714285714286
870,24,0,4.533333333333333
870,25,0,4.75
870,26,0,4.75
870,27,0,4.823529411764706
870,28,0,5.111111111111111
870,29,0,5.157894736842105
870,30,0,5.157894736842105
870,31,0,5.5
870,32,0,5.5
870,33,0,5.619047619047619
870,34,0,6.0
871,0,0,0
871,1,0,0
871,2,0,0
871,3,0,3.0
871,4,0,3.0
871,5,0,3.0
871,6,0,3.0
871,7,0,3.0
871,8,0,4.0
871,9,0,4.0
871,10,0,4.0
871,11,0,4.0
871,12,0,4.375
871,13,0,4.375
871,14,0,4.375
871,15,0,5.0
871,16,0,5.0
871,17,0,5.363636363636363
871,18,0,5.666666666666667
871,19,0,5.846153846153846
871,20,0,5.571428571428571
871,21,0,5.571428571428571
871,22,0,6.0
871,23,0,6.0
871,24,0,6.294117647058823
871,25,0,6.333333333333333
871,26,0,6.333333333333333
871,27,0,6.421052631578948
871,28,0,6.8
871,29,0,6.8
871,30,0,6.8
871,31,0,6.9523809523809526
871,32,0,7.318181818181818
871,33,0,7.318181818181818
871,34,0,7.434782608695652
872,0,0,0
872,1,0,0
872,2,0,0
872,3,0,2.0
872,4,0,2.0
872,5,0,2.3333333333333335
872,6,0,2.3333333333333335
872,7,0,2.25
872,8,0,2.25
872,9,0,2.25
872,10,0,2.4
872,11,0,2.4
872,12,0,2.6666666666666665
872,13,0,2.6666666666666665
872,14,0,3.0
872,15,0,3.2222222222222223
872,16,0,3.2222222222222223
872,17,0,3.5
872,18,0,4.0
872,19,0,4.0
872,20,0,4.333333333333333
872,21,0,4.846153846153846
872,22,0,4.846153846153846
872,23,0,5.214285714285714
872,24,0,5.214285714285714
872,25,0,5.8
872,26,0,5.875
872,27,0,5.875
872,28,0,6.294117647058823
872,29,0,6.294117647058823
872,30,0,6.444444444444445
872,31,0,6.444444444444445
872,32,0,6.947368421052632
872,33,0,7.1
872,34,0,7.1
873,0,0,0
873,1,0,0
873,2,0,0
873,3,0,2.0
873,4,0,3.0
873,5,0,3.0
873,6,0,2.75
873,7,0,3.4
873,8,0,3.6666666666666665
873,9,0,4.142857142857143
873,10,0,4.0
873,11,0,4.0
873,12,0,4.0
873,13,0,4.444444444444445
873,14,0,4.6
873,15,0,4.6
873,16,0,5.0
873,17,0,5.25
873,18,0,5.615384615384615
873,19,0,5.785714285714286
873,20,0,5.785714285714286
873,21,0,6.133333333333334
873,22,0,6.25
873,23,0,6.25
873,24,0,6.647058823529412
873,25,0,6.611111111111111
873,26,0,6.7894736842105265
873,27,0,6.55
873,28,0,6.55
873,29,0,6.5
873,30,0,6.782608695652174
873,31,0,6.782608695652174
873,32,0,6.782608695652174
873,33,0,6.875
873,34,0,7.2
874,0,0,0
874,1,0,0
874,2,0,2.0
874,3,0,2.0
874,4,0,2.3333333333333335
874,5,0,2.3333333333333335
874,6,0,2.25
874,7,0,2.8
874,8,0,3.1666666666666665
874,9,0,3.1666666666666665
874,10,0,3.2857142857142856
874,11,0,3.25
874,12,0,3.25
874,13,1,3.111111111111111
874,14,1,3.4
874,15,0,3.5833333333333335
874,16,1,3.5384615384615383
874,17,0,3.8666666666666667
874,18,0,3.8666666666666667
874,19,0,3.875
874,20,0,4.176470588235294
874,21,0,4.055555555555555
874,22,0,3.9473684210526314
874,23,0,4.0
874,24,0,4.0
874,25,0,3.9523809523809526
874,26,0,3.9545454545454546
874,27,0,3.9545454545454546
874,28,0,3.9166666666666665
874,29,0,3.9166666666666665
874,30,0,4.0
874,31,0,4.115384615384615
874,32,0,4.115384615384615
874,33,0,4.2592592592592595
874,34,0,4.428571428571429
875,0,0,0
875,1,0,0
875,2,0,0
875,3,0,0
875,4,0,4.0
875,5,0,4.0
875,6,0,3.0
875,7,0,3.0
875,8,0,3.0
875,9,0,3.0
875,10,0,3.5
875,11,0,3.5
875,12,0,3.6
875,13,0,4.166666666666667
875,14,1,4.142857142857143
875,15,1,3.875
875,16,1,4.333333333333333
875,17,0,4.3
875,18,0,4.181818181818182
875,19,0,4.615384615384615
875,20,0,4.615384615384615
875,21,0,4.571428571428571
875,22,0,4.571428571428571
875,23,0,4.866666666666666
875,24,0,4.75
875,25,0,4.75
875,26,0,5.0588235294117645
875,27,0,5.0588235294117645
875,28,0,5.333333333333333
875,29,0,5.2105263157894735
875,30,0,5.2105263157894735
875,31,0,5.05
875,32,0,5.2727272727272725
875,33,0,5.2727272727272725
875,34,0,5.2727272727272725
876,0,0,0
876,1,0,0
876,2,0,0
876,3,0,0
876,4,0,4.0
876,5,0,4.0
876,6,0,4.0
876,7,0,4.666666666666667
876,8,0,4.666666666666667
876,9,0,4.0
876,10,0,4.0
876,11,0,5.0
876,12,0,4.833333333333333
876,13,0,4.833333333333333
876,14,0,5.375
876,15,0,5.375
876,16,0,5.333333333333333
876,17,0,5.333333333333333
876,18,0,6.0
876,19,0,6.0
876,20,0,6.333333333333333
876,21,0,6.333333333333333
876,22,0,6.333333333333333
876,23,0,6.928571428571429
876,24,0,6.928571428571429
876,25,0,7.375
876,26,0,7.375
876,27,0,7.375
876,28,0,7.705882352941177
876,29,0,8.0
876,30,0,8.0
876,31,0,8.35
876,32,0,8.35
876,33,0,8.285714285714286
876,34,0,8.285714285714286
877,0,0,0
877,1,0,0
877,2,0,0
877,3,0,0
877,4,0,3.0
877,5,0,3.0
877,6,0,3.0
877,7,0,3.0
877,8,0,3.6666666666666665
877,9,0,3.5
877,10,0,3.5
877,11,0,3.8
877,12,0,3.8
877,13,0,3.857142857142857
877,14,0,4.125
877,15,0,4.333333333333333
877,16,0,4.1
877,17,0,4.1
877,18,0,4.333333333333333
877,19,0,4.333333333333333
877,20,0,4.333333333333333
877,21,0,4.769230769230769
877,22,0,4.769230769230769
877,23,0,4.571428571428571
877,24,0,4.571428571428571
877,25,0,5.133333333333334
877,26,0,5.133333333333334
877,27,0,5.133333333333334
877,28,0,4.9375
877,29,0,5.352941176470588
877,30,0,5.352941176470588
877,31,0,5.352941176470588
877,32,0,5.833333333333333
877,33,0,5.833333333333333
877,34,0,6.05
878,0,0,0
878,1,0,0
878,2,0,2.0
878,3,0,2.0
878,4,1,2.0
878,5,0,2.0
878,6,0,2.0
878,7,0,2.6
878,8,0,2.6
878,9,0,3.0
878,10,0,3.0
878,11,0,3.0
878,12,0,3.375
878,13,0,3.5555555555555554
878,14,0,3.5555555555555554
878,15,0,3.4
878,16,0,3.909090909090909
878,17,0,4.25
878,18,0,4.25
878,19,0,4.25
878,20,0,4.769230769230769
878,21,0,5.214285714285714
878,22,0,5.214285714285714
878,23,0,5.733333333333333
878,24,0,6.125
878,25,0,6.588235294117647
878,26,0,6.888888888888889
878,27,0,7.2631578947368425
878,28,0,7.2631578947368425
878,29,0,7.6
878,30,0,7.9523809523809526
878,31,0,7.9523809523809526
878,32,0,8.318181818181818
878,33,0,8.318181818181818
878,34,0,8.73913043478261
879,0,0,0
879,1,0,0
879,2,0,0
879,3,0,3.0
879,4,0,3.5
879,5,0,3.5
879,6,0,3.0
879,7,0,3.5
879,8,0,3.4
879,9,0,3.8333333333333335
879,10,0,3.8333333333333335
879,11,0,3.857142857142857
879,12,0,3.857142857142857
879,13,0,4.222222222222222
879,14,0,4.222222222222222
879,15,0,4.222222222222222
879,16,0,4.818181818181818
879,17,0,4.818181818181818
879,18,0,5.0
879,19,0,5.3076923076923075
879,20,0,5.3076923076923075
879,21,0,5.571428571428571
879,22,0,5.866666666666666
879,23,0,5.866666666666666
879,24,0,6.0625
879,25,0,6.294117647058823
879,26,0,6.5
879,27,0,6.5
879,28,0,6.7368421052631575
879,29,0,7.0
879,30,0,7.0
879,31,0,7.285714285714286
879,32,0,7.5
879,33,0,7.782608695652174
879,34,0,7.782608695652174
880,0,0,0
880,1,0,0
880,2,0,0
880,3,0,0
880,4,0,3.0
880,5,0,2.5
880,6,0,2.5
880,7,0,2.75
880,8,0,2.75
880,9,0,3.0
880,10,0,3.0
880,11,0,3.2857142857142856
880,12,0,3.2857142857142856
880,13,0,3.25
880,14,0,3.3333333333333335
880,15,0,3.3333333333333335
880,16,0,3.3636363636363638
880,17,0,3.4166666666666665
880,18,0,3.3846153846153846
880,19,0,3.533333333333333
880,20,0,3.533333333333333
880,21,0,3.8125
880,22,0,3.6666666666666665
880,23,0,3.6666666666666665
880,24,0,3.5789473684210527
880,25,0,3.6
880,26,0,3.6
880,27,0,3.6
880,28,0,3.6666666666666665
880,29,0,3.8181818181818183
880,30,0,3.9130434782608696
880,31,0,3.9130434782608696
880,32,0,4.083333333333333
880,33,0,4.083333333333333
880,34,0,4.28
881,0,0,0
881,1,0,0
881,2,0,0
881,3,0,2.0
881,4,0,2.0
881,5,0,2.0
881,6,0,2.0
881,7,0,2.0
881,8,0,2.0
881,9,0,2.2
881,10,0,2.2
881,11,0,2.7142857142857144
881,12,0,2.7142857142857144
881,13,0,2.7142857142857144
881,14,0,2.875
881,15,0,3.2222222222222223
881,16,0,3.2222222222222223
881,17,0,3.0833333333333335
881,18,1,3.0833333333333335
881,19,0,3.076923076923077
881,20,0,3.2857142857142856
881,21,0,3.3125
881,22,0,3.3529411764705883
881,23,0,3.3529411764705883
881,24,0,3.3333333333333335
881,25,0,3.4210526315789473
881,26,0,3.4
881,27,0,3.3333333333333335
881,28,0,3.3333333333333335
881,29,0,3.5652173913043477
881,30,0,3.5
881,31,0,3.5
881,32,0,3.730769230769231
881,33,0,3.730769230769231
881,34,0,3.730769230769231
882,0,0,0
882,1,0,0
882,2,0,0
882,3,0,0
882,4,0,3.0
882,5,0,3.0
882,6,0,3.5
882,7,0,3.5
882,8,0,4.0
882,9,0,4.0
882,10,0,4.0
882,11,0,4.285714285714286
882,12,0,4.875
882,13,0,4.888888888888889
882,14,0,4.888888888888889
882,15,0,5.090909090909091
882,16,0,5.166666666666667
882,17,0,4.923076923076923
882,18,0,4.923076923076923
882,19,0,5.5
882,20,0,5.666666666666667
882,21,0,5.666666666666667
882,22,0,5.8125
882,23,0,6.411764705882353
882,24,0,6.388888888888889
882,25,0,6.388888888888889
882,26,0,6.388888888888889
882,27,0,7.1
882,28,0,7.1
882,29,0,7.1
882,30,0,7.238095238095238
882,31,0,7.909090909090909
882,32,0,7.909090909090909
882,33,0,8.08695652173913
882,34,0,8.75
883,0,0,0
883,1,0,0
883,2,0,2.0
883,3,0,2.0
883,4,0,3.0
883,5,0,3.0
883,6,0,2.75
883,7,0,2.75
883,8,0,2.8
883,9,0,3.1666666666666665
883,10,0,3.142857142857143
883,11,0,3.5
883,12,0,3.4
883,13,0,3.4
883,14,0,3.4
883,15,0,3.75
883,16,0,3.75
883,17,0,3.5714285714285716
883,18,0,3.933333333333333
883,19,0,3.933333333333333
883,20,0,3.8823529411764706
883,21,0,4.166666666666667
883,22,0,4.105263157894737
883,23,0,4.523809523809524
883,24,0,4.523809523809524
883,25,0,4.818181818181818
883,26,0,4.956521739130435
883,27,0,5.208333333333333
883,28,0,5.208333333333333
883,29,0,5.538461538461538
883,30,0,5.407407407407407
883,31,0,5.571428571428571
883,32,0,5.758620689655173
883,33,0,5.758620689655173
883,34,0,5.9
884,0,0,0
884,1,0,0
884,2,0,0
884,3,0,2.5
884,4,0,2.6666666666666665
884,5,0,2.5
884,6,0,2.8
884,7,0,2.8333333333333335
884,8,0,2.8333333333333335
884,9,0,3.142857142857143
884,10,0,3.142857142857143
884,11,0,3.5
884,12,0,3.6
884,13,0,3.6
884,14,0,4.0
884,15,0,4.25
884,16,0,4.538461538461538
884,17,0,4.357142857142857
884,18,0,4.6
884,19,0,4.8125
884,20,0,4.833333333333333
884,21,0,4.833333333333333
884,22,0,5.3
884,23,0,5.3
884,24,0,5.3
884,25,0,5.523809523809524
884,26,0,5.863636363636363
884,27,0,5.863636363636363
884,28,0,6.333333333333333
884,29,0,6.333333333333333
884,30,0,6.333333333333333
884,31,0,6.8076923076923075
884,32,0,6.8076923076923075
884,33,0,6.8076923076923075
884,34,0,7.148148148148148
885,0,0,0
885,1,0,0
885,2,0,0
885,3,0,2.0
885,4,0,3.0
885,5,0,2.6666666666666665
885,6,0,2.6666666666666665
885,7,0,2.5
885,8,0,2.5
885,9,0,2.5
885,10,0,2.6
885,11,0,2.6
885,12,0,2.5
885,13,0,2.5
885,14,0,2.75
885,15,0,2.75
885,16,0,2.888888888888889
885,17,0,3.090909090909091
885,18,0,3.0833333333333335
885,19,0,3.2857142857142856
885,20,0,3.2857142857142856
885,21,0,3.625
885,22,0,3.5294117647058822
885,23,0,3.5294117647058822
885,24,0,3.6842105263157894
885,25,0,3.6842105263157894
885,26,0,3.7
885,27,0,3.7
885,28,0,3.8181818181818183
885,29,0,3.8181818181818183
885,30,0,3.9565217391304346
885,31,0,4.125
885,32,0,4.125
885,33,0,4.125
885,34,0,4.36
886,0,0,0
886,1,0,0
886,2,0,0
886,3,0,3.0
886,4,0,3.0
886,5,0,2.5
886,6,0,3.3333333333333335
886,7,0,3.25
886,8,0,3.2
886,9,0,3.8333333333333335
886,10,0,3.8333333333333335
886,11,0,3.8333333333333335
886,12,0,4.75
886,13,0,4.75
886,14,0,5.333333333333333
886,15,0,5.333333333333333
886,16,0,5.7
886,17,0,5.7
886,18,0,6.666666666666667
886,19,0,6.666666666666667
886,20,0,7.0
886,21,0,7.2
886,22,0,7.2
886,23,0,7.2
886,24,0,7.625
886,25,0,8.235294117647058
886,26,0,8.235294117647058
886,27,0,8.5
886,28,0,8.157894736842104
886,29,0,8.6
886,30,0,8.333333333333334
886,31,0,9.043478260869565
886,32,0,9.043478260869565
886,33,0,9.375
886,34,0,9.76
887,0,0,0
887,1,0,0
887,2,0,0
887,3,0,3.0
887,4,0,3.0
887,5,0,2.5
887,6,0,2.5
887,7,0,2.5
887,8,0,2.75
887,9,0,2.75
887,10,0,2.6
887,11,0,2.6
887,12,0,3.3333333333333335
887,13,0,3.142857142857143
887,14,0,3.0
887,15,0,3.0
887,16,0,3.7777777777777777
887,17,0,3.8
887,18,0,4.454545454545454
887,19,0,4.5
887,20,0,5.076923076923077
887,21,0,4.857142857142857
887,22,0,4.857142857142857
887,23,0,5.066666666666666
887,24,0,5.6875
887,25,0,5.6875
887,26,0,5.6875
887,27,0,6.333333333333333
887,28,0,6.333333333333333
887,29,0,6.2105263157894735
887,30,0,6.619047619047619
887,31,0,6.619047619047619
887,32,0,6.409090909090909
887,33,0,6.916666666666667
887,34,0,6.76
888,0,0,0
888,1,0,0
888,2,0,0
888,3,0,3.0
888,4,0,3.0
888,5,0,3.0
888,6,0,3.0
888,7,0,3.0
888,8,0,3.6666666666666665
888,9,0,3.6666666666666665
888,10,0,3.6666666666666665
888,11,0,4.25
888,12,0,4.25
888,13,0,4.666666666666667
888,14,0,4.8
888,15,0,4.8
888,16,0,4.909090909090909
888,17,0,5.416666666666667
888,18,0,5.461538461538462
888,19,0,5.461538461538462
888,20,0,5.785714285714286
888,21,0,5.733333333333333
888,22,0,5.733333333333333
888,23,0,6.125
888,24,0,6.125
888,25,0,5.888888888888889
888,26,0,6.315789473684211
888,27,0,6.3
888,28,0,6.3
888,29,0,6.333333333333333
888,30,0,6.7272727272727275
888,31,0,6.521739130434782
888,32,0,6.583333333333333
888,33,0,6.88
888,34,0,6.88
889,0,0,0
889,1,0,0
889,2,0,2.0
889,3,0,2.5
889,4,0,2.5
889,5,0,3.0
889,6,0,2.75
889,7,0,2.6
889,8,0,2.6
889,9,0,2.6
889,10,0,3.0
889,11,0,3.2857142857142856
889,12,0,3.2857142857142856
889,13,0,3.2857142857142856
889,14,0,3.75
889,15,0,4.222222222222222
889,16,0,4.0
889,17,0,4.454545454545454
889,18,0,4.833333333333333
889,19,0,4.833333333333333
889,20,0,5.571428571428571
889,21,0,5.571428571428571
889,22,0,5.571428571428571
889,23,0,5.933333333333334
889,24,0,6.4375
889,25,0,6.764705882352941
889,26,0,7.222222222222222
889,27,0,7.15
889,28,0,7.15
889,29,0,7.476190476190476
889,30,0,7.681818181818182
889,31,0,7.681818181818182
889,32,0,7.681818181818182
889,33,0,8.291666666666666
889,34,0,8.291666666666666
890,0,0,0
890,1,0,0
890,2,0,0
890,3,0,2.5
890,4,0,2.5
890,5,0,2.5
890,6,0,3.0
890,7,0,3.75
890,8,0,3.75
890,9,0,4.2
890,10,0,4.2
890,11,0,5.0
890,12,0,5.428571428571429
890,13,0,5.428571428571429
890,14,0,5.428571428571429
890,15,0,6.0
890,16,0,6.0
890,17,0,5.6
890,18,0,5.454545454545454
890,19,0,6.166666666666667
890,20,0,6.166666666666667
890,21,0,6.166666666666667
890,22,0,6.923076923076923
890,23,0,6.642857142857143
890,24,0,6.642857142857143
890,25,0,6.466666666666667
890,26,0,7.25
890,27,0,7.25
890,28,0,7.722222222222222
890,29,0,7.722222222222222
890,30,0,8.31578947368421
890,31,0,8.15
890,32,0,8.15
890,33,0,8.5
890,34,0,8.5
891,0,0,0
891,1,0,0
891,2,0,0
891,3,0,0
891,4,0,3.0
891,5,0,3.0
891,6,0,3.6666666666666665
891,7,0,3.5
891,8,0,3.5
891,9,0,4.2
891,10,0,4.333333333333333
891,11,0,4.333333333333333
891,12,0,4.333333333333333
891,13,0,4.857142857142857
891,14,0,5.125
891,15,0,5.125
891,16,0,5.333333333333333
891,17,0,5.2727272727272725
891,18,0,5.2727272727272725
891,19,0,5.0
891,20,0,5.384615384615385
891,21,0,5.642857142857143
891,22,0,5.666666666666667
891,23,0,5.666666666666667
891,24,0,5.6875
891,25,0,5.764705882352941
891,26,0,5.764705882352941
891,27,0,5.777777777777778
891,28,0,5.777777777777778
891,29,0,6.0
891,30,0,6.0
891,31,0,6.15
891,32,0,6.15
891,33,0,6.2272727272727275
891,34,0,6.217391304347826
892,0,0,0
892,1,0,0
892,2,0,0
892,3,0,0
892,4,0,2.5
892,5,0,2.6666666666666665
892,6,0,2.6666666666666665
892,7,0,2.6666666666666665
892,8,0,3.25
892,9,0,3.25
892,10,0,3.25
892,11,0,3.4
892,12,0,4.0
892,13,0,4.0
892,14,0,4.5
892,15,0,4.5
892,16,0,5.0
892,17,0,5.0
892,18,0,5.363636363636363
892,19,0,5.416666666666667
892,20,0,5.416666666666667
892,21,0,5.846153846153846
892,22,0,5.846153846153846
892,23,0,5.928571428571429
892,24,0,6.333333333333333
892,25,0,6.333333333333333
892,26,0,6.4375
892,27,0,6.882352941176471
892,28,0,6.722222222222222
892,29,0,6.722222222222222
892,30,0,7.2105263157894735
892,31,0,6.857142857142857
892,32,0,6.857142857142857
892,33,0,7.2727272727272725
892,34,0,7.173913043478261
893,0,0,0
893,1,0,0
893,2,0,2.0
893,3,0,2.0
893,4,0,2.0
893,5,0,2.6666666666666665
893,6,0,2.6666666666666665
893,7,0,3.25
893,8,0,3.2
893,9,0,3.6666666666666665
893,10,0,3.6666666666666665
893,11,0,3.857142857142857
893,12,0,3.857142857142857
893,13,0,4.25
893,14,0,4.444444444444445
893,15,0,4.444444444444445
893,16,0,4.7
893,17,0,4.583333333333333
893,18,0,4.583333333333333
893,19,0,4.846153846153846
893,20,0,4.846153846153846
893,21,0,5.142857142857143
893,22,0,5.466666666666667
893,23,0,5.466666666666667
893,24,0,5.466666666666667
893,25,0,6.235294117647059
893,26,0,6.235294117647059
893,27,0,6.555555555555555
893,28,0,6.555555555555555
893,29,0,6.7894736842105265
893,30,0,6.7894736842105265
893,31,0,7.05
893,32,0,7.05
893,33,0,7.333333333333333
893,34,0,7.636363636363637
894,0,0,0
894,1,0,0
894,2,0,0
894,3,0,2.0
894,4,0,2.0
894,5,0,2.0
894,6,0,2.0
894,7,0,2.25
894,8,0,2.25
894,9,0,2.25
894,10,0,2.6
894,11,0,2.6
894,12,0,2.6
894,13,0,2.8333333333333335
894,14,0,3.2857142857142856
894,15,0,3.2857142857142856
894,16,0,3.3333333333333335
894,17,0,3.3333333333333335
894,18,0,3.8
894,19,0,4.0
894,20,0,4.153846153846154
894,21,0,4.153846153846154
894,22,0,4.428571428571429
894,23,0,4.428571428571429
894,24,0,4.625
894,25,0,4.625
894,26,0,4.611111111111111
894,27,0,4.611111111111111
894,28,0,4.473684210526316
894,29,0,4.7
894,30,0,4.619047619047619
894,31,0,4.7727272727272725
894,32,0,4.7727272727272725
894,33,0,4.7727272727272725
894,34,0,4.7727272727272725
895,0,0,0
895,1,0,0
895,2,0,2.0
895,3,0,2.0
895,4,0,2.5
895,5,0,2.3333333333333335
895,6,0,2.75
895,7,0,2.8
895,8,0,3.1666666666666665
895,9,0,3.2857142857142856
895,10,0,3.2857142857142856
895,11,0,3.625
895,12,0,3.888888888888889
895,13,0,3.888888888888889
895,14,0,3.8333333333333335
895,15,0,3.8333333333333335
895,16,0,3.6923076923076925
895,17,0,3.6923076923076925
895,18,0,4.133333333333334
895,19,0,4.133333333333334
895,20,0,4.133333333333334
895,21,0,4.529411764705882
895,22,0,4.529411764705882
895,23,0,4.684210526315789
895,24,0,4.684210526315789
895,25,0,4.684210526315789
895,26,0,4.809523809523809
895,27,0,4.809523809523809
895,28,0,5.0
895,29,0,5.0
895,30,0,5.291666666666667
895,31,0,5.291666666666667
895,32,0,5.269230769230769
895,33,0,5.269230769230769
895,34,0,5.607142857142857
896,0,0,0
896,1,0,0
896,2,0,0
896,3,0,2.5
896,4,0,2.5
896,5,0,3.0
896,6,0,3.0
896,7,0,3.0
896,8,0,3.0
896,9,0,4.0
896,10,0,4.0
896,11,0,4.0
896,12,0,4.714285714285714
896,13,0,5.125
896,14,0,5.125
896,15,0,5.777777777777778
896,16,0,5.777777777777778
896,17,0,5.9
896,18,0,6.545454545454546
896,19,0,6.166666666666667
896,20,0,6.384615384615385
896,21,0,6.466666666666667
896,22,0,6.466666666666667
896,23,0,6.75
896,24,0,7.176470588235294
896,25,0,7.176470588235294
896,26,0,7.176470588235294
896,27,0,7.631578947368421
896,28,0,7.35
896,29,0,7.35
896,30,0,7.478260869565218
896,31,0,7.478260869565218
896,32,0,7.478260869565218
896,33,0,8.0
896,34,0,7.76
897,0,0,0
897,1,0,0
897,2,0,0
897,3,0,0
897,4,0,0
897,5,0,3.0
897,6,0,3.0
897,7,0,2.6666666666666665
897,8,0,2.75
897,9,0,2.75
897,10,0,2.8
897,11,0,3.1666666666666665
897,12,0,3.142857142857143
897,13,0,3.0
897,14,0,3.0
897,15,0,3.3
897,16,0,3.3
897,17,0,3.727272727272727
897,18,0,3.75
897,19,0,3.75
897,20,0,3.75
897,21,0,4.142857142857143
897,22,0,4.142857142857143
897,23,0,4.2
897,24,0,4.625
897,25,0,4.625
897,26,0,4.647058823529412
897,27,0,5.055555555555555
897,28,0,5.0
897,29,0,5.0
897,30,0,5.4
897,31,0,5.4
897,32,0,5.863636363636363
897,33,0,5.863636363636363
897,34,0,5.863636363636363
898,0,0,0
898,1,0,0
898,2,0,2.0
898,3,0,2.3333333333333335
898,4,0,2.5
898,5,0,2.5
898,6,0,2.5
898,7,0,3.0
898,8,0,3.5
898,9,0,3.7142857142857144
898,10,0,3.7142857142857144
898,11,0,3.888888888888889
898,12,0,3.888888888888889
898,13,0,4.090909090909091
898,14,0,3.9166666666666665
898,15,0,3.9166666666666665
898,16,0,4.071428571428571
898,17,0,4.071428571428571
898,18,0,3.875
898,19,0,3.875
898,20,0,4.166666666666667
898,21,0,4.052631578947368
898,22,0,4.190476190476191
898,23,0,4.190476190476191
898,24,0,4.190476190476191
898,25,0,4.5
898,26,0,4.478260869565218
898,27,0,4.478260869565218
898,28,0,4.478260869565218
898,29,0,4.75
898,30,0,4.75
898,31,0,4.75
898,32,0,5.0
898,33,0,5.0
898,34,0,5.0
899,0,0,0
899,1,0,0
899,2,0,2.0
899,3,0,2.0
899,4,0,2.3333333333333335
899,5,0,2.25
899,6,0,2.2
899,7,0,2.2857142857142856
899,8,0,2.375
899,9,0,2.375
899,10,0,2.3333333333333335
899,11,0,2.3333333333333335
899,12,0,2.5454545454545454
899,13,0,2.5454545454545454
899,14,0,2.75
899,15,0,2.75
899,16,0,2.75
899,17,0,2.75
899,18,0,3.076923076923077
899,19,0,3.0
899,20,0,3.3125
899,21,0,3.3125
899,22,0,3.3125
899,23,0,3.411764705882353
899,24,0,3.7222222222222223
899,25,0,3.7222222222222223
899,26,0,3.8421052631578947
899,27,0,3.8421052631578947
899,28,0,4.15
899,29,0,4.15
899,30,0,4.2272727272727275
899,31,0,4.2272727272727275
899,32,0,4.791666666666667
899,33,0,4.791666666666667
899,34,0,4.791666666666667
900,0,0,0
900,1,0,0
900,2,0,0
900,3,0,2.0
900,4,0,2.5
900,5,0,2.5
900,6,0,3.0
900,7,0,3.25
900,8,0,3.6
900,9,0,3.6
900,10,0,3.3333333333333335
900,11,0,3.5714285714285716
900,12,0,3.5714285714285716
900,13,0,3.875
900,14,0,3.888888888888889
900,15,0,3.888888888888889
900,16,0,4.090909090909091
900,17,0,4.090909090909091
900,18,0,4.0
900,19,0,4.357142857142857
900,20,0,4.2
900,21,0,4.2
900,22,0,4.588235294117647
900,23,0,4.588235294117647
900,24,0,4.588235294117647
900,25,0,5.111111111111111
900,26,0,5.111111111111111
900,27,0,5.052631578947368
900,28,0,5.5
900,29,0,5.476190476190476
900,30,0,5.476190476190476
900,31,0,5.826086956521739
900,32,0,5.826086956521739
900,33,0,6.166666666666667
900,34,0,6.2
901,0,0,0
901,1,0,0
901,2,0,0
901,3,0,2.0
901,4,0,2.0
901,5,0,2.0
901,6,0,2.0
901,7,0,2.0
901,8,0,3.0
901,9,0,3.0
901,10,0,3.0
901,11,0,2.6666666666666665
901,12,0,3.75
901,13,0,3.75
901,14,0,3.8
901,15,0,3.5714285714285716
901,16,0,3.5
901,17,0,3.5
901,18,0,3.4444444444444446
901,19,0,3.6
901,20,0,3.6363636363636362
901,21,0,3.6363636363636362
901,22,0,3.9166666666666665
901,23,0,3.9166666666666665
901,24,0,4.357142857142857
901,25,0,4.357142857142857
901,26,0,4.6
901,27,0,4.875
901,28,0,4.875
901,29,0,5.0
901,30,0,5.315789473684211
901,31,0,5.315789473684211
901,32,0,5.315789473684211
901,33,0,5.809523809523809
901,34,0,5.809523809523809
902,0,0,0
902,1,0,0
902,2,0,0
902,3,0,3.0
902,4,0,2.5
902,5,0,2.5
902,6,0,3.25
902,7,0,3.25
902,8,0,3.25
902,9,0,4.166666666666667
902,10,0,4.166666666666667
902,11,0,4.0
902,12,0,4.375
902,13,0,4.375
902,14,0,4.375
902,15,0,4.1
902,16,0,4.636363636363637
902,17,0,4.5
902,18,0,4.5
902,19,0,4.857142857142857
902,20,0,4.857142857142857
902,21,0,4.733333333333333
902,22,0,4.875
902,23,0,4.823529411764706
902,24,0,4.823529411764706
902,25,0,5.0
902,26,0,5.0
902,27,0,4.85
902,28,0,4.85
902,29,0,5.181818181818182
902,30,0,5.043478260869565
902,31,0,4.916666666666667
902,32,0,5.24
902,33,0,5.153846153846154
902,34,0,5.153846153846154
903,0,0,0
903,1,0,0
903,2,0,0
903,3,0,2.0
903,4,0,2.5
903,5,0,2.6666666666666665
903,6,0,3.0
903,7,0,3.0
903,8,0,3.0
903,9,0,3.0
903,10,0,3.6666666666666665
903,11,0,3.6666666666666665
903,12,0,3.4285714285714284
903,13,0,3.4285714285714284
903,14,0,4.0
903,15,0,4.0
903,16,0,3.9
903,17,0,4.454545454545454
903,18,0,4.454545454545454
903,19,0,4.454545454545454
903,20,0,5.0
903,21,0,4.846153846153846
903,22,0,4.846153846153846
903,23,0,5.428571428571429
903,24,0,5.428571428571429
903,25,0,5.466666666666667
903,26,0,5.875
903,27,0,5.875
903,28,0,6.0
903,29,0,6.166666666666667
903,30,0,6.2631578947368425
903,31,0,6.2631578947368425
903,32,0,6.2631578947368425
903,33,0,6.5
903,34,0,6.666666666666667
904,0,0,0
904,1,0,0
904,2,0,0
904,3,0,0
904,4,0,4.0
904,5,0,4.0
904,6,0,3.5
904,7,0,3.5
904,8,0,3.75
904,9,0,3.75
904,10,0,3.75
904,11,0,4.0
904,12,0,4.5
904,13,0,4.5
904,14,0,4.5
904,15,0,5.0
904,16,0,5.5
904,17,0,5.5
904,18,0,6.3
904,19,0,6.3
904,20,0,6.083333333333333
904,21,0,6.538461538461538
904,22,0,6.538461538461538
904,23,0,6.714285714285714
904,24,0,7.2
904,25,0,7.2
904,26,0,7.2
904,27,0,7.375
904,28,0,7.764705882352941
904,29,0,7.764705882352941
904,30,0,7.888888888888889
904,31,0,7.888888888888889
904,32,0,8.5
904,33,0,8.5
904,34,0,8.5
905,0,0,0
905,1,0,0
905,2,0,2.0
905,3,0,2.5
905,4,0,2.6666666666666665
905,5,0,2.6666666666666665
905,6,0,3.25
905,7,0,3.4
905,8,0,3.4
905,9,0,3.4
905,10,0,4.0
905,11,0,4.0
905,12,0,3.75
905,13,0,4.222222222222222
905,14,0,4.6
905,15,0,4.583333333333333
905,16,0,4.583333333333333
905,17,0,4.846153846153846
905,18,0,4.933333333333334
905,19,0,5.125
905,20,0,5.352941176470588
905,21,0,5.105263157894737
905,22,0,5.105263157894737
905,23,0,5.380952380952381
905,24,0,5.380952380952381
905,25,0,5.363636363636363
905,26,0,5.6521739130434785
905,27,0,5.6521739130434785
905,28,0,5.666666666666667
905,29,0,5.666666666666667
905,30,0,6.04
905,31,0,6.076923076923077
905,32,0,6.37037037037037
905,33,0,6.428571428571429
905,34,0,6.428571428571429
906,0,0,0
906,1,0,0
906,2,0,0
906,3,0,3.0
906,4,1,3.0
906,5,0,2.6666666666666665
906,6,0,2.6666666666666665
906,7,0,3.0
906,8,0,3.0
906,9,0,3.0
906,10,0,3.2857142857142856
906,11,0,3.2857142857142856
906,12,0,3.2857142857142856
906,13,0,3.2857142857142856
906,14,0,4.0
906,15,0,4.0
906,16,0,4.181818181818182
906,17,0,4.333333333333333
906,18,0,4.153846153846154
906,19,0,4.153846153846154
906,20,0,4.733333333333333
906,21,0,4.5625
906,22,0,4.882352941176471
906,23,0,4.882352941176471
906,24,0,5.111111111111111
906,25,0,5.315789473684211
906,26,0,5.5
906,27,0,5.5
906,28,0,5.666666666666667
906,29,0,5.7727272727272725
906,30,0,5.7727272727272725
906,31,0,5.7727272727272725
906,32,0,6.043478260869565
906,33,0,6.25
906,34,0,6.25
907,0,0,0
907,1,0,0
907,2,0,2.0
907,3,0,2.0
907,4,0,2.0
907,5,0,2.0
907,6,0,2.6
907,7,0,2.6
907,8,0,2.8333333333333335
907,9,0,2.8333333333333335
907,10,0,3.142857142857143
907,11,0,3.142857142857143
907,12,0,3.3333333333333335
907,13,0,3.3333333333333335
907,14,0,3.75
907,15,0,3.75
907,16,0,3.75
907,17,0,4.142857142857143
907,18,0,4.142857142857143
907,19,0,4.4
907,20,0,4.5
907,21,0,4.764705882352941
907,22,0,4.764705882352941
907,23,0,4.888888888888889
907,24,0,5.105263157894737
907,25,0,5.105263157894737
907,26,0,5.3
907,27,0,5.3
907,28,0,5.318181818181818
907,29,1,5.318181818181818
907,30,0,5.416666666666667
907,31,0,5.416666666666667
907,32,0,5.36
907,33,0,5.269230769230769
907,34,0,5.555555555555555
908,0,0,0
908,1,0,0
908,2,0,2.0
908,3,0,2.0
908,4,1,2.0
908,5,0,2.75
908,6,0,2.75
908,7,0,3.0
908,8,0,3.142857142857143
908,9,0,3.142857142857143
908,10,0,3.142857142857143
908,11,0,3.25
908,12,0,3.5555555555555554
908,13,0,3.7
908,14,0,3.7
908,15,0,4.090909090909091
908,16,0,4.333333333333333
908,17,0,4.333333333333333
908,18,0,4.333333333333333
908,19,0,4.928571428571429
908,20,0,4.733333333333333
908,21,0,5.125
908,22,0,5.294117647058823
908,23,0,5.294117647058823
908,24,0,5.722222222222222
908,25,0,5.722222222222222
908,26,0,6.0
908,27,0,6.45
908,28,0,6.714285714285714
908,29,0,6.714285714285714
908,30,0,7.181818181818182
908,31,0,7.478260869565218
908,32,0,7.916666666666667
908,33,0,7.916666666666667
908,34,0,7.916666666666667
909,0,0,0
909,1,0,0
909,2,0,2.0
909,3,0,2.0
909,4,0,2.0
909,5,0,2.0
909,6,0,2.8
909,7,0,2.8333333333333335
909,8,0,2.8333333333333335
909,9,0,3.0
909,10,0,3.5
909,11,0,3.5
909,12,0,4.2
909,13,0,4.2
909,14,0,4.2
909,15,0,4.916666666666667
909,16,0,4.916666666666667
909,17,0,4.916666666666667
909,18,0,4.916666666666667
909,19,0,5.6
909,20,0,5.6
909,21,0,5.6
909,22,0,6.294117647058823
909,23,0,6.294117647058823
909,24,0,6.277777777777778
909,25,0,6.7894736842105265
909,26,0,6.7894736842105265
909,27,0,7.333333333333333
909,28,0,7.333333333333333
909,29,0,7.7727272727272725
909,30,0,7.869565217391305
909,31,0,7.869565217391305
909,32,0,7.869565217391305
909,33,0,8.26923076923077
909,34,0,8.26923076923077
910,0,0,0
910,1,0,0
910,2,0,0
910,3,0,3.0
910,4,0,3.0
910,5,0,3.5
910,6,0,4.0
910,7,0,4.0
910,8,0,4.5
910,9,0,5.0
910,10,0,5.0
910,11,0,5.0
910,12,0,5.857142857142857
910,13,0,5.857142857142857
910,14,0,6.25
910,15,0,6.25
910,16,0,6.444444444444445
910,17,0,6.444444444444445
910,18,0,6.7272727272727275
910,19,0,6.7272727272727275
910,20,0,6.7272727272727275
910,21,0,6.916666666666667
910,22,0,7.3076923076923075
910,23,0,7.5
910,24,0,7.866666666666666
910,25,0,8.0625
910,26,0,8.0625
910,27,0,8.470588235294118
910,28,0,8.470588235294118
910,29,0,8.722222222222221
910,30,0,8.722222222222221
910,31,0,9.157894736842104
910,32,0,9.45
910,33,0,9.45
910,34,0,9.45
911,0,0,0
911,1,0,0
911,2,0,0
911,3,0,2.5
911,4,0,2.5
911,5,0,2.5
911,6,0,2.8
911,7,0,2.6666666666666665
911,8,0,3.142857142857143
911,9,0,3.5
911,10,0,3.5
911,11,0,3.5555555555555554
911,12,0,3.727272727272727
911,13,0,3.727272727272727
911,14,0,3.727272727272727
911,15,0,4.3076923076923075
911,16,0,4.3076923076923075
911,17,0,4.714285714285714
911,18,0,4.866666666666666
911,19,0,4.6875
911,20,0,5.222222222222222
911,21,0,5.222222222222222
911,22,0,5.222222222222222
911,23,0,5.473684210526316
911,24,0,5.75
911,25,0,6.0
911,26,0,6.0
911,27,0,6.318181818181818
911,28,0,6.478260869565218
911,29,0,6.478260869565218
911,30,0,6.291666666666667
911,31,0,6.64
911,32,0,6.846153846153846
911,33,0,7.185185185185185
911,34,0,7.185185185185185
912,0,0,0
912,1,0,0
912,2,0,0
912,3,0,3.0
912,4,0,3.0
912,5,0,3.0
912,6,0,3.5
912,7,0,3.5
912,8,0,3.5
912,9,0,3.4
912,10,0,3.6666666666666665
912,11,0,3.6666666666666665
912,12,0,3.6666666666666665
912,13,0,4.0
912,14,0,4.25
912,15,0,4.25
912,16,0,4.4
912,17,0,4.4
912,18,0,4.363636363636363
912,19,0,4.363636363636363
912,20,0,4.5
912,21,0,4.5
912,22,0,4.785714285714286
912,23,0,4.785714285714286
912,24,0,5.0
912,25,0,5.1875
912,26,0,5.352941176470588
912,27,0,5.5
912,28,0,5.631578947368421
912,29,0,5.631578947368421
912,30,0,5.631578947368421
912,31,0,5.85
912,32,0,6.095238095238095
912,33,0,6.095238095238095
912,34,0,6.318181818181818
913,0,0,0
913,1,0,0
913,2,0,0
913,3,0,0
913,4,0,4.0
913,5,0,4.0
913,6,0,3.5
913,7,0,3.5
913,8,0,3.0
913,9,0,3.0
913,10,0,2.75
913,11,0,3.0
913,12,0,3.0
913,13,1,3.0
913,14,0,2.8333333333333335
913,15,0,3.2857142857142856
913,16,0,3.375
913,17,0,3.375
913,18,0,3.3333333333333335
913,19,0,3.3333333333333335
913,20,0,3.3333333333333335
913,21,0,3.4
913,22,0,3.272727272727273
913,23,0,3.272727272727273
913,24,0,3.3333333333333335
913,25,0,3.230769230769231
913,26,0,3.230769230769231
913,27,0,3.142857142857143
913,28,0,3.4
913,29,0,3.3125
913,30,0,3.3125
913,31,0,3.4444444444444446
913,32,0,3.4444444444444446
913,33,0,3.6842105263157894
913,34,0,3.6842105263157894
914,0,0,0
914,1,0,0
914,2,0,0
914,3,0,0
914,4,0,2.0
914,5,0,2.5
914,6,0,2.75
914,7,0,2.8
914,8,0,3.0
914,9,0,2.857142857142857
914,10,0,2.857142857142857
914,11,0,2.875
914,12,0,3.0
914,13,0,3.0
914,14,0,3.0
914,15,1,3.3
914,16,0,3.3333333333333335
914,17,1,3.3333333333333335
914,18,0,3.3846153846153846
914,19,1,3.8
914,20,0,3.8125
914,21,0,3.8125
914,22,0,3.8421052631578947
914,23,0,3.8
914,24,0,3.9047619047619047
914,25,0,3.9047619047619047
914,26,0,3.9047619047619047
914,27,0,4.130434782608695
914,28,0,4.130434782608695
914,29,0,4.041666666666667
914,30,0,4.2
914,31,0,4.346153846153846
914,32,0,4.333333333333333
914,33,0,4.333333333333333
914,34,0,4.321428571428571
915,0,0,0
915,1,0,0
915,2,0,2.0
915,3,0,2.3333333333333335
915,4,0,2.3333333333333335
915,5,0,2.25
915,6,0,2.8
915,7,0,2.8333333333333335
915,8,0,2.8333333333333335
915,9,0,3.4285714285714284
915,10,0,3.5
915,11,0,4.0
915,12,0,4.0
915,13,0,4.0
915,14,0,4.2
915,15,0,4.7272727272727275
915,16,0,4.7272727272727275
915,17,0,5.0
915,18,0,4.769230769230769
915,19,0,5.285714285714286
915,20,0,5.0625
915,21,0,5.0625
915,22,0,5.444444444444445
915,23,0,5.315789473684211
915,24,0,5.315789473684211
915,25,0,5.315789473684211
915,26,0,5.666666666666667
915,27,0,5.666666666666667
915,28,0,6.0
915,29,0,6.0
915,30,0,6.125
915,31,0,5.884615384615385
915,32,0,5.884615384615385
915,33,0,5.892857142857143
915,34,0,5.892857142857143
916,0,0,0
916,1,0,0
916,2,0,2.0
916,3,0,2.5
916,4,0,2.5
916,5,0,2.5
916,6,0,2.6666666666666665
916,7,0,3.25
916,8,0,3.25
916,9,0,3.25
916,10,0,3.3333333333333335
916,11,0,3.3333333333333335
916,12,0,3.2857142857142856
916,13,0,3.5
916,14,0,3.5
916,15,0,3.4
916,16,0,3.6363636363636362
916,17,0,3.6363636363636362
916,18,0,3.6923076923076925
916,19,0,4.0
916,20,0,4.2
916,21,0,4.375
916,22,0,4.375
916,23,0,4.375
916,24,0,4.777777777777778
916,25,0,4.777777777777778
916,26,0,5.2
916,27,0,5.0476190476190474
916,28,0,5.136363636363637
916,29,0,5.136363636363637
916,30,0,5.260869565217392
916,31,0,5.416666666666667
916,32,0,5.416666666666667
916,33,0,5.6
916,34,0,5.8076923076923075
917,0,0,0
917,1,0,0
917,2,0,2.0
917,3,0,2.0
917,4,0,2.6666666666666665
917,5,0,2.8
917,6,0,2.8333333333333335
917,7,0,2.857142857142857
917,8,0,2.857142857142857
917,9,0,3.2222222222222223
917,10,0,3.2222222222222223
917,11,0,3.2222222222222223
917,12,0,3.8181818181818183
917,13,0,3.8181818181818183
917,14,0,4.166666666666667
917,15,0,4.166666666666667
917,16,0,4.357142857142857
917,17,0,4.533333333333333
917,18,0,4.705882352941177
917,19,0,4.777777777777778
917,20,0,4.8
917,21,0,4.857142857142857
917,22,0,4.857142857142857
917,23,0,5.0
917,24,0,5.0
917,25,0,5.166666666666667
917,26,0,5.166666666666667
917,27,0,5.08
917,28,0,5.230769230769231
917,29,0,5.230769230769231
917,30,0,5.107142857142857
917,31,0,5.107142857142857
917,32,0,5.344827586206897
917,33,0,5.344827586206897
917,34,0,5.6
918,0,0,0
918,1,0,0
918,2,0,0
918,3,0,0
918,4,0,3.0
918,5,0,3.0
918,6,0,2.75
918,7,0,3.0
918,8,0,3.0
918,9,0,3.1666666666666665
918,10,0,3.1666666666666665
918,11,0,3.2857142857142856
918,12,0,3.2857142857142856
918,13,0,3.888888888888889
918,14,0,3.888888888888889
918,15,0,4.3
918,16,0,4.090909090909091
918,17,0,4.5
918,18,0,4.384615384615385
918,19,0,4.785714285714286
918,20,0,4.6
918,21,0,4.625
918,22,0,5.0588235294117645
918,23,0,5.0588235294117645
918,24,0,5.166666666666667
918,25,0,5.631578947368421
918,26,0,5.631578947368421
918,27,0,6.238095238095238
918,28,0,6.238095238095238
918,29,0,6.238095238095238
918,30,0,6.681818181818182
918,31,0,6.782608695652174
918,32,0,6.782608695652174
918,33,0,6.75
918,34,0,7.24
919,0,0,0
919,1,0,0
919,2,0,0
919,3,0,3.0
919,4,0,2.5
919,5,0,3.0
919,6,0,2.8
919,7,0,2.8
919,8,0,3.1666666666666665
919,9,0,3.1666666666666665
919,10,0,3.25
919,11,0,3.25
919,12,0,3.3333333333333335
919,13,0,3.5
919,14,0,3.5
919,15,0,3.727272727272727
919,16,0,3.6666666666666665
919,17,0,3.7142857142857144
919,18,0,3.7142857142857144
919,19,0,3.7333333333333334
919,20,0,4.0
919,21,0,4.0
919,22,0,4.388888888888889
919,23,0,4.388888888888889
919,24,0,4.388888888888889
919,25,0,4.421052631578948
919,26,0,4.65
919,27,0,4.65
919,28,0,4.904761904761905
919,29,0,4.913043478260869
919,30,0,4.913043478260869
919,31,0,4.913043478260869
919,32,0,5.0
919,33,0,5.115384615384615
919,34,0,5.115384615384615
920,0,0,0
920,1,0,0
920,2,0,0
920,3,0,2.5
920,4,0,2.5
920,5,0,2.5
920,6,0,3.0
920,7,0,3.0
920,8,0,3.0
920,9,0,3.8333333333333335
920,10,0,3.8333333333333335
920,11,0,4.285714285714286
920,12,0,4.285714285714286
920,13,0,4.625
920,14,0,5.111111111111111
920,15,0,5.111111111111111
920,16,0,5.909090909090909
920,17,0,5.909090909090909
920,18,0,5.909090909090909
920,19,0,5.909090909090909
920,20,0,6.6923076923076925
920,21,0,6.6923076923076925
920,22,0,6.857142857142857
920,23,0,6.857142857142857
920,24,0,7.266666666666667
920,25,0,7.266666666666667
920,26,0,7.9411764705882355
920,27,0,7.9411764705882355
920,28,0,8.0
920,29,0,8.210526315789474
920,30,0,8.210526315789474
920,31,0,8.210526315789474
920,32,0,8.35
920,33,0,8.666666666666666
920,34,0,8.818181818181818
921,0,0,0
921,1,0,0
921,2,0,2.0
921,3,0,2.0
921,4,0,2.5
921,5,0,2.6666666666666665
921,6,0,2.6666666666666665
921,7,0,2.6666666666666665
921,8,0,3.8
921,9,0,3.8
921,10,0,3.8
921,11,0,4.428571428571429
921,12,0,4.125
921,13,0,4.333333333333333
921,14,0,4.333333333333333
921,15,0,4.9
921,16,0,4.636363636363637
921,17,0,5.0
921,18,0,4.769230769230769
921,19,0,5.357142857142857
921,20,0,5.733333333333333
921,21,0,5.5
921,22,0,5.5
921,23,0,6.055555555555555
921,24,0,6.055555555555555
921,25,0,6.473684210526316
921,26,0,6.473684210526316
921,27,0,6.45
921,28,0,6.45
921,29,0,6.761904761904762
921,30,0,6.761904761904762
921,31,0,6.863636363636363
921,32,0,7.217391304347826
921,33,0,7.0
921,34,0,7.16
922,0,0,0
922,1,0,0
922,2,0,2.0
922,3,0,2.0
922,4,0,2.0
922,5,0,2.3333333333333335
922,6,0,2.25
922,7,0,2.6
922,8,0,2.6666666666666665
922,9,0,2.6666666666666665
922,10,0,2.6666666666666665
922,11,0,3.125
922,12,0,3.125
922,13,0,3.3333333333333335
922,14,0,3.2
922,15,0,3.6363636363636362
922,16,0,3.6363636363636362
922,17,0,3.6363636363636362
922,18,0,4.153846153846154
922,19,0,4.153846153846154
922,20,0,4.153846153846154
922,21,0,4.8
922,22,0,4.8
922,23,0,4.875
922,24,0,5.411764705882353
922,25,0,5.411764705882353
922,26,0,5.833333333333333
922,27,0,6.0
922,28,0,6.0
922,29,0,6.45
922,30,0,6.666666666666667
922,31,0,7.045454545454546
922,32,0,7.045454545454546
922,33,0,7.304347826086956
922,34,0,7.708333333333333
923,0,0,0
923,1,0,0
923,2,0,0
923,3,0,3.0
923,4,0,3.0
923,5,0,3.0
923,6,0,2.6666666666666665
923,7,0,2.5
923,8,0,2.6
923,9,0,2.6
923,10,0,2.6666666666666665
923,11,0,3.0
923,12,0,3.0
923,13,0,3.25
923,14,0,3.6666666666666665
923,15,0,3.6666666666666665
923,16,0,3.9
923,17,0,4.2727272727272725
923,18,0,4.2727272727272725
923,19,0,4.583333333333333
923,20,0,4.583333333333333
923,21,0,4.583333333333333
923,22,0,4.642857142857143
923,23,0,4.642857142857143
923,24,0,4.733333333333333
923,25,0,4.75
923,26,0,4.75
923,27,0,4.588235294117647
923,28,0,4.777777777777778
923,29,0,4.7894736842105265
923,30,0,4.7894736842105265
923,31,0,4.9
923,32,0,4.9
923,33,0,4.7727272727272725
923,34,0,4.913043478260869
924,0,0,0
924,1,0,0
924,2,0,2.0
924,3,0,2.0
924,4,0,2.0
924,5,0,2.0
924,6,0,2.0
924,7,0,2.75
924,8,0,2.75
924,9,0,3.1666666666666665
924,10,0,3.1666666666666665
924,11,0,3.1666666666666665
924,12,0,3.0
924,13,0,3.25
924,14,0,3.25
924,15,0,3.25
924,16,0,3.6
924,17,0,3.6
924,18,0,4.0
924,19,0,4.0
924,20,0,4.0
924,21,0,4.0
924,22,0,4.5
924,23,0,4.5
924,24,0,4.461538461538462
924,25,0,4.928571428571429
924,26,0,4.928571428571429
924,27,0,4.9375
924,28,0,4.764705882352941
924,29,0,4.764705882352941
924,30,0,4.894736842105263
924,31,0,4.894736842105263
924,32,0,5.15
924,33,0,5.15
924,34,0,5.428571428571429
925,0,0,0
925,1,0,0
925,2,0,2.0
925,3,0,2.3333333333333335
925,4,0,2.3333333333333335
925,5,0,2.3333333333333335
925,6,0,2.75
925,7,0,2.8
925,8,0,2.8
925,9,0,3.3333333333333335
925,10,0,3.5714285714285716
925,11,0,3.5714285714285716
925,12,0,3.888888888888889
925,13,0,3.7
925,14,0,3.7
925,15,0,3.7
925,16,0,4.363636363636363
925,17,0,4.363636363636363
925,18,0,4.25
925,19,0,4.5
925,20,0,4.5
925,21,0,4.4
925,22,0,4.8125
925,23,0,4.8125
925,24,0,4.823529411764706
925,25,0,5.277777777777778
925,26,0,5.315789473684211
925,27,0,5.75
925,28,0,5.75
925,29,0,5.75
925,30,0,6.2727272727272725
925,31,0,6.2727272727272725
925,32,0,6.2727272727272725
925,33,0,6.434782608695652
925,34,0,6.875
926,0,0,0
926,1,0,0
926,2,0,0
926,3,0,0
926,4,0,3.0
926,5,0,2.6666666666666665
926,6,0,2.6666666666666665
926,7,0,2.6666666666666665
926,8,0,3.5
926,9,0,3.4
926,10,0,3.4
926,11,0,4.166666666666667
926,12,0,4.142857142857143
926,13,0,3.875
926,14,0,4.6
926,15,0,4.6
926,16,0,5.090909090909091
926,17,0,5.083333333333333
926,18,0,5.461538461538462
926,19,0,5.461538461538462
926,20,0,5.461538461538462
926,21,0,6.0
926,22,0,6.0
926,23,0,6.0
926,24,0,6.5
926,25,0,6.647058823529412
926,26,0,6.647058823529412
926,27,0,6.647058823529412
926,28,0,7.421052631578948
926,29,0,7.421052631578948
926,30,0,7.333333333333333
926,31,0,7.333333333333333
926,32,0,7.956521739130435
926,33,0,7.708333333333333
926,34,1,7.84
927,0,0,0
927,1,0,0
927,2,0,2.0
927,3,0,2.0
927,4,0,2.0
927,5,0,2.5
927,6,0,2.4
927,7,0,2.6666666666666665
927,8,0,2.6666666666666665
927,9,0,2.857142857142857
927,10,0,3.125
927,11,0,3.125
927,12,0,3.7
927,13,0,3.7
927,14,0,3.7
927,15,0,4.090909090909091
927,16,0,4.5
927,17,0,4.384615384615385
927,18,0,4.384615384615385
927,19,0,4.285714285714286
927,20,0,4.733333333333333
927,21,0,4.733333333333333
927,22,0,4.733333333333333
927,23,0,5.25
927,24,0,5.25
927,25,0,5.588235294117647
927,26,0,5.5
927,27,0,5.5
927,28,0,5.75
927,29,0,5.75
927,30,0,5.666666666666667
927,31,0,6.0
927,32,0,5.913043478260869
927,33,0,6.083333333333333
927,34,0,6.083333333333333
928,0,0,0
928,1,0,0
928,2,0,2.0
928,3,0,2.0
928,4,0,2.25
928,5,0,2.25
928,6,0,2.4
928,7,0,2.4285714285714284
928,8,0,2.4285714285714284
928,9,0,2.75
928,10,0,2.75
928,11,0,3.0
928,12,1,3.0
928,13,0,3.272727272727273
928,14,1,3.272727272727273
928,15,0,3.3076923076923075
928,16,1,3.5714285714285716
928,17,0,3.6
928,18,0,3.6875
928,19,0,3.7058823529411766
928,20,0,3.736842105263158
928,21,0,3.736842105263158
928,22,0,3.75
928,23,0,3.75
928,24,0,3.9523809523809526
928,25,0,4.045454545454546
928,26,0,4.130434782608695
928,27,0,4.130434782608695
928,28,0,4.32
928,29,0,4.32
928,30,0,4.37037037037037
928,31,0,4.392857142857143
928,32,0,4.517241379310345
928,33,0,4.433333333333334
928,34,0,4.419354838709677
929,0,0,0
929,1,0,0
929,2,0,0
929,3,0,0
929,4,0,2.6666666666666665
929,5,0,2.6666666666666665
929,6,0,2.6666666666666665
929,7,0,3.0
929,8,0,3.0
929,9,0,3.0
929,10,0,3.0
929,11,0,3.0
929,12,0,3.2857142857142856
929,13,0,3.125
929,14,0,3.3
929,15,0,3.3
929,16,0,3.5
929,17,0,3.3846153846153846
929,18,0,3.4285714285714284
929,19,0,3.375
929,20,0,3.375
929,21,0,3.4705882352941178
929,22,0,3.5
929,23,0,3.5
929,24,0,3.7
929,25,0,3.7
929,26,0,3.6666666666666665
929,27,0,3.6666666666666665
929,28,0,3.6666666666666665
929,29,0,3.6363636363636362
929,30,0,3.6363636363636362
929,31,0,3.5652173913043477
929,32,0,3.5
929,33,0,3.5
929,34,0,3.5
930,0,0,0
930,1,0,0
930,2,0,2.0
930,3,0,2.0
930,4,0,2.5
930,5,0,2.5
930,6,0,2.3333333333333335
930,7,0,2.3333333333333335
930,8,0,2.5
930,9,0,2.5
930,10,0,2.8
930,11,0,3.0
930,12,0,3.0
930,13,0,3.25
930,14,0,3.5555555555555554
930,15,0,3.5555555555555554
930,16,0,3.727272727272727
930,17,0,3.727272727272727
930,18,0,3.8333333333333335
930,19,0,3.6923076923076925
930,20,0,3.6923076923076925
930,21,0,3.642857142857143
930,22,0,3.8
930,23,0,3.8
930,24,0,3.8125
930,25,0,4.0
930,26,0,4.0
930,27,0,4.111111111111111
930,28,0,4.111111111111111
930,29,0,4.2105263157894735
930,30,0,4.2105263157894735
930,31,0,4.2105263157894735
930,32,0,4.1
930,33,0,4.333333333333333
930,34,0,4.2727272727272725
931,0,0,0
931,1,0,0
931,2,0,0
931,3,0,0
931,4,0,3.5
931,5,0,3.5
931,6,0,3.75
931,7,0,3.75
931,8,0,3.75
931,9,0,3.75
931,10,0,4.666666666666667
931,11,0,4.666666666666667
931,12,0,4.428571428571429
931,13,0,4.428571428571429
931,14,0,5.111111111111111
931,15,0,5.111111111111111
931,16,0,5.1
931,17,0,5.1
931,18,0,5.7272727272727275
931,19,0,5.7272727272727275
931,20,0,5.5
931,21,0,6.153846153846154
931,22,0,6.153846153846154
931,23,0,6.533333333333333
931,24,0,6.1875
931,25,0,6.1875
931,26,0,6.705882352941177
931,27,0,6.722222222222222
931,28,0,6.473684210526316
931,29,0,6.473684210526316
931,30,0,7.0
931,31,0,7.095238095238095
931,32,0,7.095238095238095
931,33,0,7.095238095238095
931,34,0,7.565217391304348
932,0,0,0
932,1,0,0
932,2,0,2.0
932,3,0,2.0
932,4,0,2.0
932,5,0,3.3333333333333335
932,6,0,3.3333333333333335
932,7,0,3.3333333333333335
932,8,0,4.2
932,9,0,4.2
932,10,0,4.2
932,11,0,4.833333333333333
932,12,0,5.142857142857143
932,13,0,5.142857142857143
932,14,0,5.25
932,15,0,5.25
932,16,0,5.666666666666667
932,17,0,5.9
932,18,0,5.545454545454546
932,19,0,5.833333333333333
932,20,0,5.928571428571429
932,21,0,5.928571428571429
932,22,0,6.266666666666667
932,23,0,6.625
932,24,0,6.625
932,25,0,6.9411764705882355
932,26,0,7.222222222222222
932,27,0,7.15
932,28,0,7.333333333333333
932,29,0,7.136363636363637
932,30,0,7.136363636363637
932,31,0,7.3478260869565215
932,32,0,7.625
932,33,0,7.84
932,34,0,7.814814814814815
933,0,0,0
933,1,0,0
933,2,0,0
933,3,0,3.0
933,4,0,3.0
933,5,0,3.0
933,6,0,3.5
933,7,0,3.3333333333333335
933,8,0,3.5
933,9,0,3.2
933,10,0,3.2
933,11,0,3.2
933,12,0,3.857142857142857
933,13,0,3.625
933,14,0,3.625
933,15,0,3.7
933,16,0,4.090909090909091
933,17,0,4.25
933,18,0,4.615384615384615
933,19,0,4.5
933,20,0,4.333333333333333
933,21,0,4.375
933,22,0,4.375
933,23,0,4.375
933,24,0,4.375
933,25,0,4.588235294117647
933,26,0,4.588235294117647
933,27,0,4.833333333333333
933,28,0,4.833333333333333
933,29,0,4.833333333333333
933,30,0,5.157894736842105
933,31,0,5.157894736842105
933,32,0,5.1
933,33,0,5.1
933,34,0,5.523809523809524
934,0,0,0
934,1,0,0
934,2,0,0
934,3,0,0
934,4,0,2.5
934,5,0,2.5
934,6,0,2.5
934,7,0,3.25
934,8,0,3.25
934,9,0,3.25
934,10,0,3.8
934,11,0,3.6666666666666665
934,12,0,3.857142857142857
934,13,0,3.5555555555555554
934,14,0,3.5555555555555554
934,15,0,3.4
934,16,0,3.4
934,17,0,3.4
934,18,0,3.4
934,19,0,3.272727272727273
934,20,0,3.076923076923077
934,21,0,3.076923076923077
934,22,0,3.076923076923077
934,23,0,3.142857142857143
934,24,0,3.142857142857143
934,25,0,3.1333333333333333
934,26,0,3.125
934,27,0,3.125
934,28,0,3.235294117647059
934,29,0,3.3333333333333335
934,30,0,3.3333333333333335
934,31,0,3.526315789473684
934,32,0,3.5
934,33,0,3.7142857142857144
934,34,0,3.652173913043478
935,0,0,0
935,1,0,0
935,2,0,0
935,3,0,2.0
935,4,0,2.6666666666666665
935,5,0,2.6666666666666665
935,6,0,3.25
935,7,0,3.4
935,8,0,3.6666666666666665
935,9,0,3.4285714285714284
935,10,0,3.625
935,11,0,3.7777777777777777
935,12,0,3.8
935,13,0,3.8
935,14,0,3.8461538461538463
935,15,0,3.8461538461538463
935,16,0,3.8461538461538463
935,17,0,4.066666666666666
935,18,0,4.066666666666666
935,19,0,4.066666666666666
935,20,0,4.125
935,21,0,4.529411764705882
935,22,0,4.611111111111111
935,23,0,4.611111111111111
935,24,0,4.611111111111111
935,25,0,5.25
935,26,0,5.25
935,27,0,5.25
935,28,0,5.666666666666667
935,29,0,5.909090909090909
935,30,0,6.304347826086956
935,31,0,6.304347826086956
935,32,0,6.583333333333333
935,33,0,7.0
935,34,0,7.269230769230769
936,0,0,0
936,1,0,0
936,2,0,0
936,3,0,3.0
936,4,0,2.5
936,5,0,2.5
936,6,0,2.5
936,7,0,2.5
936,8,0,2.75
936,9,0,2.75
936,10,0,2.75
936,11,0,3.0
936,12,0,3.0
936,13,0,3.3333333333333335
936,14,0,3.25
936,15,1,3.25
936,16,1,3.3
936,17,1,3.3
936,18,0,3.3333333333333335
936,19,1,3.4615384615384617
936,20,0,3.5714285714285716
936,21,0,3.6
936,22,0,3.6666666666666665
936,23,0,3.6842105263157894
936,24,0,3.6842105263157894
936,25,0,3.65
936,26,0,3.6666666666666665
936,27,0,3.6666666666666665
936,28,0,3.6666666666666665
936,29,0,3.6666666666666665
936,30,0,3.6666666666666665
936,31,0,3.72
936,32,0,3.6923076923076925
936,33,0,3.6296296296296298
936,34,0,3.5714285714285716
937,0,0,0
937,1,0,0
937,2,0,0
937,3,0,0
937,4,0,2.6666666666666665
937,5,0,2.6666666666666665
937,6,0,2.6666666666666665
937,7,0,3.0
937,8,0,3.0
937,9,0,3.0
937,10,0,3.0
937,11,0,3.5
937,12,0,3.5
937,13,0,3.375
937,14,0,3.888888888888889
937,15,0,3.7
937,16,0,3.727272727272727
937,17,0,3.727272727272727
937,18,0,4.333333333333333
937,19,0,4.153846153846154
937,20,0,4.153846153846154
937,21,0,4.153846153846154
937,22,0,4.733333333333333
937,23,0,4.733333333333333
937,24,0,4.733333333333333
937,25,0,4.733333333333333
937,26,0,5.277777777777778
937,27,0,5.277777777777778
937,28,1,5.105263157894737
937,29,1,5.809523809523809
937,30,0,5.681818181818182
937,31,0,5.681818181818182
937,32,0,6.2
937,33,0,6.2
937,34,0,6.2
938,0,0,0
938,1,0,0
938,2,0,0
938,3,0,2.0
938,4,0,2.0
938,5,0,2.5
938,6,0,2.3333333333333335
938,7,0,2.3333333333333335
938,8,0,2.25
938,9,0,2.2
938,10,0,2.2
938,11,0,2.3333333333333335
938,12,0,2.5714285714285716
938,13,0,2.5
938,14,0,2.5
938,15,0,2.6
938,16,0,2.6
938,17,0,2.6666666666666665
938,18,0,2.8461538461538463
938,19,0,2.857142857142857
938,20,0,3.066666666666667
938,21,0,3.066666666666667
938,22,0,3.0625
938,23,0,3.0625
938,24,0,3.3529411764705883
938,25,0,3.3333333333333335
938,26,0,3.6315789473684212
938,27,0,3.65
938,28,0,3.9523809523809526
938,29,0,3.9523809523809526
938,30,0,4.045454545454546
938,31,0,4.3478260869565215
938,32,0,4.416666666666667
938,33,0,4.68
938,34,0,4.68
939,0,0,0
939,1,0,0
939,2,0,0
939,3,0,3.0
939,4,0,3.0
939,5,0,2.5
939,6,0,3.0
939,7,0,3.0
939,8,0,3.2
939,9,0,3.2
939,10,0,3.5
939,11,0,3.2857142857142856
939,12,0,3.2857142857142856
939,13,0,3.2857142857142856
939,14,0,3.7777777777777777
939,15,0,3.6
939,16,0,3.727272727272727
939,17,0,4.083333333333333
939,18,0,3.923076923076923
939,19,0,4.266666666666667
939,20,0,4.266666666666667
939,21,0,4.266666666666667
939,22,0,4.588235294117647
939,23,0,4.588235294117647
939,24,0,4.588235294117647
939,25,0,5.055555555555555
939,26,0,5.105263157894737
939,27,0,5.45
939,28,0,5.45
939,29,0,5.45
939,30,0,5.857142857142857
939,31,0,5.857142857142857
939,32,0,5.857142857142857
939,33,0,5.857142857142857
939,34,0,6.363636363636363
940,0,0,0
940,1,0,0
940,2,0,0
940,3,0,0
940,4,0,4.0
940,5,0,4.0
940,6,0,4.0
940,7,0,3.0
940,8,0,3.0
940,9,0,3.0
940,10,0,3.0
940,11,0,3.25
940,12,0,3.1666666666666665
940,13,0,3.1666666666666665
940,14,0,3.5714285714285716
940,15,0,3.625
940,16,0,3.625
940,17,0,3.625
940,18,0,4.090909090909091
940,19,0,4.090909090909091
940,20,0,4.25
940,21,0,4.25
940,22,0,4.846153846153846
940,23,0,4.846153846153846
940,24,0,5.0
940,25,0,5.466666666666667
940,26,0,5.625
940,27,0,5.625
940,28,0,6.117647058823529
940,29,0,6.117647058823529
940,30,0,6.473684210526316
940,31,0,6.473684210526316
940,32,0,6.523809523809524
940,33,0,6.636363636363637
940,34,0,6.636363636363637
941,0,0,0
941,1,0,0
941,2,0,2.0
941,3,0,2.0
941,4,0,2.0
941,5,0,2.25
941,6,0,2.6
941,7,0,2.6
941,8,0,2.8333333333333335
941,9,0,3.142857142857143
941,10,0,3.142857142857143
941,11,0,3.25
941,12,0,3.111111111111111
941,13,0,3.4
941,14,0,3.4
941,15,0,3.4
941,16,0,3.6666666666666665
941,17,0,3.6153846153846154
941,18,0,3.7857142857142856
941,19,0,3.7857142857142856
941,20,0,3.875
941,21,0,3.875
941,22,0,3.875
941,23,0,4.166666666666667
941,24,0,4.166666666666667
941,25,0,4.166666666666667
941,26,0,4.2631578947368425
941,27,0,4.5
941,28,0,4.5
941,29,0,4.666666666666667
941,30,0,4.954545454545454
941,31,0,5.130434782608695
941,32,0,5.25
941,33,0,5.25
941,34,0,5.615384615384615
942,0,0,0
942,1,0,0
942,2,0,0
942,3,0,3.0
942,4,0,3.5
942,5,0,3.25
942,6,0,3.25
942,7,0,4.0
942,8,0,4.0
942,9,0,4.0
942,10,0,4.625
942,11,0,4.625
942,12,0,4.625
942,13,0,4.8
942,14,0,5.090909090909091
942,15,0,5.3076923076923075
942,16,0,5.571428571428571
942,17,0,5.333333333333333
942,18,0,5.75
942,19,0,5.75
942,20,0,6.117647058823529
942,21,0,6.117647058823529
942,22,0,6.555555555555555
942,23,0,6.7894736842105265
942,24,0,6.7894736842105265
942,25,0,7.0
942,26,0,7.285714285714286
942,27,0,7.045454545454546
942,28,0,7.260869565217392
942,29,0,7.583333333333333
942,30,0,7.8
942,31,0,7.8
942,32,0,7.8
942,33,0,8.153846153846153
942,34,0,8.333333333333334
943,0,0,0
943,1,0,0
943,2,0,0
943,3,0,2.0
943,4,0,2.5
943,5,0,2.5
943,6,0,3.0
943,7,0,3.0
943,8,0,3.0
943,9,0,3.0
943,10,0,3.8333333333333335
943,11,0,3.8333333333333335
943,12,0,4.428571428571429
943,13,0,4.428571428571429
943,14,0,5.0
943,15,0,5.0
943,16,0,5.0
943,17,0,5.454545454545454
943,18,0,5.166666666666667
943,19,0,5.166666666666667
943,20,0,5.166666666666667
943,21,0,5.714285714285714
943,22,0,5.714285714285714
943,23,0,5.714285714285714
943,24,0,6.3125
943,25,0,6.3125
943,26,0,6.470588235294118
943,27,0,6.470588235294118
943,28,0,7.052631578947368
943,29,0,7.052631578947368
943,30,0,7.45
943,31,0,7.619047619047619
943,32,0,7.619047619047619
943,33,0,7.7727272727272725
943,34,0,8.0
944,0,0,0
944,1,0,0
944,2,0,2.0
944,3,0,2.5
944,4,0,2.3333333333333335
944,5,0,2.75
944,6,0,2.6
944,7,0,2.6
944,8,0,3.142857142857143
944,9,0,3.142857142857143
944,10,0,3.142857142857143
944,11,0,3.7777777777777777
944,12,0,3.7777777777777777
944,13,0,4.2727272727272725
944,14,0,4.2727272727272725
944,15,0,4.083333333333333
944,16,0,4.076923076923077
944,17,0,4.642857142857143
944,18,0,4.6
944,19,0,4.6
944,20,0,4.4375
944,21,0,4.833333333333333
944,22,0,4.833333333333333
944,23,0,5.0
944,24,0,5.0
944,25,0,5.1
944,26,0,5.1
944,27,0,5.238095238095238
944,28,0,5.409090909090909
944,29,0,5.25
944,30,0,5.25
944,31,0,5.48
944,32,0,5.37037037037037
944,33,0,5.37037037037037
944,34,0,5.172413793103448
945,0,0,0
945,1,0,0
945,2,0,0
945,3,0,3.0
945,4,0,2.5
945,5,0,2.5
945,6,0,2.6
945,7,0,2.6
945,8,0,2.6
945,9,0,2.6
945,10,0,3.0
945,11,0,3.0
945,12,0,3.0
945,13,0,3.111111111111111
945,14,0,3.111111111111111
945,15,0,3.3
945,16,0,3.4545454545454546
945,17,0,3.4545454545454546
945,18,0,3.75
945,19,0,3.923076923076923
945,20,0,3.923076923076923
945,21,0,3.923076923076923
945,22,0,4.466666666666667
945,23,0,4.466666666666667
945,24,0,4.466666666666667
945,25,0,5.0
945,26,0,5.0
945,27,0,5.222222222222222
945,28,0,5.222222222222222
945,29,0,5.222222222222222
945,30,0,5.105263157894737
945,31,0,5.4
945,32,0,5.4
945,33,0,5.333333333333333
945,34,0,5.545454545454546
946,0,0,0
946,1,0,0
946,2,0,2.0
946,3,0,2.0
946,4,0,2.0
946,5,0,2.3333333333333335
946,6,0,2.3333333333333335
946,7,0,2.75
946,8,0,2.8
946,9,0,3.1666666666666665
946,10,0,3.1666666666666665
946,11,0,3.1666666666666665
946,12,0,3.5714285714285716
946,13,0,3.875
946,14,0,4.222222222222222
946,15,0,4.0
946,16,0,4.2727272727272725
946,17,0,4.166666666666667
946,18,0,4.538461538461538
946,19,0,4.714285714285714
946,20,0,4.714285714285714
946,21,0,4.714285714285714
946,22,0,5.117647058823529
946,23,0,5.117647058823529
946,24,0,5.555555555555555
946,25,0,5.7368421052631575
946,26,0,5.7368421052631575
946,27,0,5.9
946,28,0,6.285714285714286
946,29,0,6.285714285714286
946,30,0,6.782608695652174
946,31,0,6.782608695652174
946,32,0,6.782608695652174
946,33,0,7.083333333333333
946,34,0,7.12
947,0,0,0
947,1,0,0
947,2,0,0
947,3,0,2.0
947,4,0,3.0
947,5,0,2.6666666666666665
947,6,0,2.75
947,7,0,2.6
947,8,0,2.6
947,9,0,2.6666666666666665
947,10,0,2.6666666666666665
947,11,0,2.75
947,12,0,2.6666666666666665
947,13,0,2.6666666666666665
947,14,0,2.909090909090909
947,15,0,3.1666666666666665
947,16,0,3.0714285714285716
947,17,0,3.066666666666667
947,18,0,3.066666666666667
947,19,0,3.0588235294117645
947,20,0,3.0588235294117645
947,21,0,3.1
947,22,0,3.1
947,23,0,3.238095238095238
947,24,0,3.272727272727273
947,25,0,3.272727272727273
947,26,0,3.4782608695652173
947,27,0,3.4583333333333335
947,28,0,3.56
947,29,0,3.56
947,30,0,3.6296296296296298
947,31,0,3.6296296296296298
947,32,0,3.6296296296296298
947,33,0,3.6206896551724137
947,34,0,3.6206896551724137
948,0,0,0
948,1,0,0
948,2,0,0
948,3,0,3.0
948,4,0,3.0
948,5,0,3.0
948,6,0,3.0
948,7,0,3.0
948,8,0,2.75
948,9,0,2.75
948,10,0,3.2
948,11,0,3.5
948,12,0,3.5
948,13,0,3.2857142857142856
948,14,0,3.2857142857142856
948,15,0,3.75
948,16,0,3.75
948,17,0,3.6666666666666665
948,18,0,4.1
948,19,0,4.090909090909091
948,20,0,4.090909090909091
948,21,0,4.416666666666667
948,22,0,4.384615384615385
948,23,0,4.384615384615385
948,24,0,4.785714285714286
948,25,0,4.866666666666666
948,26,0,5.25
948,27,0,5.25
948,28,0,5.294117647058823
948,29,0,5.111111111111111
948,30,0,5.473684210526316
948,31,0,5.55
948,32,0,5.380952380952381
948,33,0,5.454545454545454
948,34,0,5.782608695652174
949,0,0,0
949,1,0,0
949,2,0,0
949,3,0,0
949,4,0,3.0
949,5,0,3.0
949,6,0,3.5
949,7,0,3.5
949,8,0,3.6666666666666665
949,9,0,3.6666666666666665
949,10,0,3.6666666666666665
949,11,0,4.125
949,12,0,4.125
949,13,0,4.333333333333333
949,14,0,4.333333333333333
949,15,0,4.7
949,16,0,4.454545454545454
949,17,0,4.75
949,18,0,4.615384615384615
949,19,0,5.266666666666667
949,20,0,5.266666666666667
949,21,0,5.266666666666667
949,22,0,6.0
949,23,0,6.0
949,24,0,6.0
949,25,0,6.0
949,26,0,6.473684210526316
949,27,0,6.473684210526316
949,28,0,6.473684210526316
949,29,0,6.863636363636363
949,30,0,6.863636363636363
949,31,0,6.695652173913044
949,32,0,7.208333333333333
949,33,0,7.1923076923076925
949,34,0,7.1923076923076925
950,0,0,0
950,1,0,0
950,2,0,0
950,3,0,2.0
950,4,0,2.0
950,5,0,2.6666666666666665
950,6,0,2.5
950,7,0,2.8
950,8,0,3.1666666666666665
950,9,0,3.1666666666666665
950,10,0,3.1666666666666665
950,11,0,3.1666666666666665
950,12,0,3.5
950,13,0,3.5
950,14,0,3.7
950,15,0,3.6363636363636362
950,16,0,3.8461538461538463
950,17,1,3.8461538461538463
950,18,1,3.7857142857142856
950,19,1,3.8666666666666667
950,20,0,3.823529411764706
950,21,0,3.823529411764706
950,22,0,3.789473684210526
950,23,0,3.75
950,24,0,3.75
950,25,0,3.75
950,26,0,3.8181818181818183
950,27,0,3.8181818181818183
950,28,0,3.8181818181818183
950,29,0,3.8260869565217392
950,30,0,3.9166666666666665
950,31,0,3.9166666666666665
950,32,0,3.96
950,33,0,4.076923076923077
950,34,0,4.076923076923077
951,0,0,0
951,1,0,0
951,2,0,2.0
951,3,0,2.3333333333333335
951,4,0,2.3333333333333335
951,5,0,2.75
951,6,0,3.0
951,7,0,3.0
951,8,0,3.3333333333333335
951,9,0,3.3333333333333335
951,10,0,3.5714285714285716
951,11,0,3.875
951,12,0,3.875
951,13,0,3.875
951,14,0,4.111111111111111
951,15,0,4.6
951,16,0,4.6
951,17,0,4.909090909090909
951,18,0,4.909090909090909
951,19,0,5.5
951,20,0,5.5
951,21,0,5.8
951,22,0,5.8125
951,23,0,6.0588235294117645
951,24,0,6.111111111111111
951,25,0,6.315789473684211
951,26,0,6.35
951,27,0,6.35
951,28,0,6.35
951,29,0,6.571428571428571
951,30,0,6.478260869565218
951,31,0,6.478260869565218
951,32,0,6.478260869565218
951,33,0,6.791666666666667
951,34,0,6.96
952,0,0,0
952,1,0,0
952,2,0,0
952,3,0,0
952,4,0,2.5
952,5,0,2.5
952,6,0,2.3333333333333335
952,7,0,2.3333333333333335
952,8,0,3.2
952,9,0,3.2
952,10,0,3.2
952,11,0,3.1666666666666665
952,12,0,3.7142857142857144
952,13,0,3.75
952,14,0,4.222222222222222
952,15,0,4.222222222222222
952,16,0,4.222222222222222
952,17,0,5.0
952,18,0,5.0
952,19,0,5.0
952,20,0,4.75
952,21,0,5.428571428571429
952,22,0,5.428571428571429
952,23,0,5.666666666666667
952,24,0,6.0
952,25,0,6.0
952,26,0,6.0588235294117645
952,27,0,5.833333333333333
952,28,0,6.2631578947368425
952,29,0,6.2631578947368425
952,30,0,6.666666666666667
952,31,0,6.454545454545454
952,32,0,6.454545454545454
952,33,0,6.869565217391305
952,34,0,7.0
953,0,0,0
953,1,0,0
953,2,0,0
953,3,0,0
953,4,0,4.0
953,5,0,4.0
953,6,0,4.0
953,7,0,4.666666666666667
953,8,0,4.666666666666667
953,9,0,4.75
953,10,0,4.8
953,11,0,4.8
953,12,0,4.8
953,13,0,5.0
953,14,0,5.142857142857143
953,15,0,5.375
953,16,0,5.375
953,17,0,5.444444444444445
953,18,0,5.6
953,19,0,5.6
953,20,0,5.916666666666667
953,21,0,5.916666666666667
953,22,0,6.0
953,23,0,6.214285714285714
953,24,0,6.214285714285714
953,25,0,6.214285714285714
953,26,0,6.6875
953,27,0,6.6875
953,28,0,7.0
953,29,0,7.0
953,30,0,7.0
953,31,0,7.0
953,32,0,7.666666666666667
953,33,0,7.666666666666667
953,34,0,7.666666666666667
954,0,0,0
954,1,0,0
954,2,0,2.0
954,3,0,2.0
954,4,0,2.5
954,5,0,2.5
954,6,0,2.5
954,7,0,2.4
954,8,0,2.4
954,9,0,2.8333333333333335
954,10,0,3.0
954,11,0,3.25
954,12,0,3.25
954,13,0,3.4545454545454546
954,14,0,3.4545454545454546
954,15,0,3.6153846153846154
954,16,0,3.5
954,17,2,3.5
954,18,1,3.823529411764706
954,19,2,3.823529411764706
954,20,0,3.8333333333333335
954,21,0,4.105263157894737
954,22,1,4.333333333333333
954,23,0,4.363636363636363
954,24,0,4.625
954,25,0,4.68
954,26,0,4.68
954,27,0,4.68
954,28,0,4.678571428571429
954,29,0,4.678571428571429
954,30,0,4.678571428571429
954,31,0,4.793103448275862
954,32,0,4.933333333333334
954,33,0,4.933333333333334
954,34,0,5.0
955,0,0,0
955,1,0,0
955,2,0,0
955,3,0,2.0
955,4,0,2.0
955,5,0,2.0
955,6,0,2.0
955,7,0,2.0
955,8,0,2.3333333333333335
955,9,0,2.3333333333333335
955,10,0,2.75
955,11,0,2.75
955,12,0,3.2
955,13,0,3.1666666666666665
955,14,0,3.0
955,15,0,3.5
955,16,0,3.6666666666666665
955,17,0,3.6666666666666665
955,18,0,3.6666666666666665
955,19,0,4.090909090909091
955,20,0,4.333333333333333
955,21,0,4.571428571428571
955,22,0,4.466666666666667
955,23,0,4.466666666666667
955,24,0,4.875
955,25,0,4.764705882352941
955,26,0,4.764705882352941
955,27,0,5.166666666666667
955,28,0,5.166666666666667
955,29,0,5.157894736842105
955,30,0,5.55
955,31,0,5.571428571428571
955,32,0,5.571428571428571
955,33,0,6.0
955,34,0,6.086956521739131
956,0,0,0
956,1,0,0
956,2,0,0
956,3,0,0
956,4,0,4.0
956,5,0,3.5
956,6,0,3.5
956,7,0,4.333333333333333
956,8,0,4.5
956,9,0,4.5
956,10,0,4.8
956,11,0,4.8
956,12,0,5.333333333333333
956,13,0,5.333333333333333
956,14,0,5.571428571428571
956,15,0,6.0
956,16,0,6.0
956,17,0,6.5
956,18,0,6.5
956,19,0,6.363636363636363
956,20,0,6.416666666666667
956,21,0,6.076923076923077
956,22,0,6.0
956,23,0,6.0
956,24,0,6.0
956,25,0,6.0
956,26,0,6.066666666666666
956,27,0,5.8125
956,28,0,5.8125
956,29,0,5.833333333333333
956,30,0,5.833333333333333
956,31,0,6.0
956,32,0,5.95
956,33,0,5.9523809523809526
956,34,0,5.954545454545454
957,0,0,0
957,1,0,0
957,2,0,0
957,3,0,3.0
957,4,0,3.0
957,5,0,3.3333333333333335
957,6,0,3.3333333333333335
957,7,0,3.8
957,8,0,3.8
957,9,0,3.8333333333333335
957,10,0,4.0
957,11,0,4.0
957,12,0,4.0
957,13,0,4.363636363636363
957,14,0,4.363636363636363
957,15,0,4.076923076923077
957,16,0,4.285714285714286
957,17,0,4.2
957,18,0,4.125
957,19,0,4.166666666666667
957,20,0,4.166666666666667
957,21,0,4.166666666666667
957,22,0,4.2105263157894735
957,23,0,4.45
957,24,0,4.45
957,25,0,4.571428571428571
957,26,0,4.863636363636363
957,27,0,4.863636363636363
957,28,0,4.956521739130435
957,29,0,5.25
957,30,0,5.25
957,31,0,5.4
957,32,0,5.6923076923076925
957,33,0,5.6923076923076925
957,34,0,5.6923076923076925
958,0,0,0
958,1,0,0
958,2,0,0
958,3,0,3.0
958,4,0,2.3333333333333335
958,5,0,2.3333333333333335
958,6,0,2.5
958,7,0,2.5
958,8,0,2.8
958,9,0,2.8333333333333335
958,10,0,2.7142857142857144
958,11,0,2.875
958,12,0,2.8
958,13,0,2.8
958,14,0,2.8181818181818183
958,15,0,3.0833333333333335
958,16,0,3.0833333333333335
958,17,0,3.0833333333333335
958,18,0,3.2857142857142856
958,19,0,3.2857142857142856
958,20,0,3.2666666666666666
958,21,0,3.5294117647058822
958,22,0,3.5294117647058822
958,23,0,3.5
958,24,0,3.789473684210526
958,25,0,3.8
958,26,0,3.8
958,27,0,3.8
958,28,0,4.090909090909091
958,29,0,4.0
958,30,0,4.333333333333333
958,31,0,4.333333333333333
958,32,0,4.333333333333333
958,33,0,4.4
958,34,0,4.4
959,0,0,0
959,1,0,0
959,2,0,0
959,3,0,0
959,4,0,0
959,5,0,0
959,6,0,0
959,7,0,2.5
959,8,0,2.5
959,9,0,2.5
959,10,0,3.25
959,11,0,3.25
959,12,0,3.25
959,13,0,3.2
959,14,0,3.2857142857142856
959,15,0,3.25
959,16,0,3.4
959,17,0,3.4
959,18,0,3.5833333333333335
959,19,0,3.769230769230769
959,20,0,3.769230769230769
959,21,0,3.7857142857142856
959,22,0,4.133333333333334
959,23,0,4.133333333333334
959,24,0,4.3125
959,25,0,4.470588235294118
959,26,0,4.470588235294118
959,27,0,4.7894736842105265
959,28,0,4.7894736842105265
959,29,0,4.7894736842105265
959,30,0,5.238095238095238
959,31,0,5.238095238095238
959,32,0,5.238095238095238
959,33,0,5.2727272727272725
959,34,0,5.478260869565218
960,0,0,0
960,1,0,0
960,2,0,2.0
960,3,0,2.0
960,4,0,2.0
960,5,0,2.0
960,6,0,2.0
960,7,0,2.0
960,8,0,2.0
960,9,0,2.0
960,10,0,2.0
960,11,0,3.0
960,12,0,2.75
960,13,0,2.75
960,14,0,3.0
960,15,0,3.2857142857142856
960,16,0,3.2857142857142856
960,17,0,3.111111111111111
960,18,0,3.111111111111111
960,19,0,3.111111111111111
960,20,0,3.0
960,21,0,3.0
960,22,0,3.0
960,23,0,3.0
960,24,0,3.0
960,25,0,3.0
960,26,0,3.0
960,27,0,3.0
960,28,0,3.0
960,29,0,3.111111111111111
960,30,0,3.111111111111111
960,31,0,3.2
960,32,0,3.2
960,33,0,3.5454545454545454
960,34,0,3.5454545454545454
961,0,0,0
961,1,0,0
961,2,1,0
961,3,0,2.0
961,4,1,2.0
961,5,0,3.0
961,6,0,3.0
961,7,0,3.2
961,8,0,3.3333333333333335
961,9,0,3.3333333333333335
961,10,0,3.4285714285714284
961,11,0,3.625
961,12,0,3.6666666666666665
961,13,0,3.727272727272727
961,14,1,3.727272727272727
961,15,0,3.6666666666666665
961,16,1,3.8461538461538463
961,17,0,3.857142857142857
961,18,0,3.857142857142857
961,19,0,3.8666666666666667
961,20,0,4.125
961,21,0,3.9444444444444446
961,22,0,3.9444444444444446
961,23,0,4.0
961,24,0,4.0
961,25,0,4.0476190476190474
961,26,0,4.136363636363637
961,27,0,4.136363636363637
961,28,0,4.260869565217392
961,29,0,4.32
961,30,0,4.32
961,31,0,4.5
961,32,0,4.5
961,33,0,4.5
961,34,0,4.5
962,0,0,0
962,1,0,0
962,2,0,0
962,3,0,0
962,4,0,4.0
962,5,0,4.0
962,6,0,4.0
962,7,0,4.5
962,8,0,4.5
962,9,0,4.666666666666667
962,10,0,4.666666666666667
962,11,0,4.666666666666667
962,12,0,4.666666666666667
962,13,0,4.2
962,14,0,4.2
962,15,0,3.8333333333333335
962,16,0,3.8333333333333335
962,17,0,3.8333333333333335
962,18,0,3.857142857142857
962,19,0,3.625
962,20,0,3.4444444444444446
962,21,0,3.4444444444444446
962,22,0,3.4
962,23,0,3.4545454545454546
962,24,0,3.4545454545454546
962,25,0,3.4545454545454546
962,26,0,3.4545454545454546
962,27,0,3.4545454545454546
962,28,0,3.3076923076923075
962,29,0,3.3076923076923075
962,30,0,3.2142857142857144
962,31,0,3.1333333333333333
962,32,0,3.1333333333333333
962,33,0,3.1333333333333333
962,34,0,3.1875
963,0,0,0
963,1,0,0
963,2,1,2.0
963,3,1,2.0
963,4,0,2.3333333333333335
963,5,0,2.3333333333333335
963,6,0,3.0
963,7,0,3.0
963,8,0,3.0
963,9,0,3.0
963,10,0,3.0
963,11,0,3.0
963,12,0,3.0
963,13,0,3.0
963,14,0,3.1818181818181817
963,15,0,3.1818181818181817
963,16,0,3.1818181818181817
963,17,0,3.5833333333333335
963,18,0,3.5833333333333335
963,19,0,3.5833333333333335
963,20,0,3.5714285714285716
963,21,0,3.5714285714285716
963,22,0,3.466666666666667
963,23,0,3.6875
963,24,0,3.6875
963,25,0,3.8823529411764706
963,26,0,3.8823529411764706
963,27,0,3.7777777777777777
963,28,0,3.9473684210526314
963,29,0,3.9473684210526314
963,30,0,3.9473684210526314
963,31,0,4.142857142857143
963,32,0,4.142857142857143
963,33,0,4.142857142857143
963,34,0,4.142857142857143
964,0,0,0
964,1,0,0
964,2,0,2.0
964,3,0,2.0
964,4,0,2.5
964,5,0,2.5
964,6,0,3.0
964,7,0,3.0
964,8,0,3.5
964,9,0,3.5
964,10,0,3.6
964,11,0,4.166666666666667
964,12,0,4.166666666666667
964,13,0,4.333333333333333
964,14,0,4.333333333333333
964,15,0,4.333333333333333
964,16,0,4.6
964,17,0,4.909090909090909
964,18,0,5.0
964,19,0,5.153846153846154
964,20,0,5.0
964,21,0,5.0
964,22,0,5.125
964,23,0,5.294117647058823
964,24,0,5.294117647058823
964,25,0,5.277777777777778
964,26,1,5.526315789473684
964,27,0,5.35
964,28,1,5.35
964,29,0,5.285714285714286
964,30,0,5.636363636363637
964,31,0,5.416666666666667
964,32,0,5.416666666666667
964,33,0,5.72
964,34,0,5.72
965,0,0,0
965,1,0,0
965,2,0,0
965,3,0,3.0
965,4,0,3.0
965,5,0,2.6666666666666665
965,6,0,3.0
965,7,0,3.6
965,8,0,3.6666666666666665
965,9,0,3.6666666666666665
965,10,0,3.6666666666666665
965,11,0,4.285714285714286
965,12,0,4.285714285714286
965,13,0,4.285714285714286
965,14,0,4.285714285714286
965,15,0,4.3
965,16,0,4.3
965,17,0,4.3
965,18,0,4.3
965,19,0,4.666666666666667
965,20,0,4.666666666666667
965,21,0,4.666666666666667
965,22,0,4.538461538461538
965,23,0,5.214285714285714
965,24,0,5.214285714285714
965,25,0,5.2
965,26,0,5.2
965,27,0,5.875
965,28,0,5.875
965,29,0,6.388888888888889
965,30,0,6.388888888888889
965,31,0,6.7894736842105265
965,32,0,6.7894736842105265
965,33,0,7.0
965,34,0,7.0
966,0,0,0
966,1,0,0
966,2,0,0
966,3,0,2.5
966,4,0,2.5
966,5,0,2.5
966,6,0,2.6666666666666665
966,7,0,2.6666666666666665
966,8,0,2.75
966,9,0,3.2
966,10,0,3.2
966,11,0,3.2
966,12,0,3.6666666666666665
966,13,0,3.857142857142857
966,14,0,3.857142857142857
966,15,0,3.857142857142857
966,16,0,4.666666666666667
966,17,0,4.666666666666667
966,18,0,4.6
966,19,0,5.0
966,20,0,5.0
966,21,0,5.384615384615385
966,22,0,5.384615384615385
966,23,0,5.384615384615385
966,24,0,5.866666666666666
966,25,0,5.866666666666666
966,26,0,5.866666666666666
966,27,0,5.9375
966,28,0,6.411764705882353
966,29,0,6.411764705882353
966,30,0,6.444444444444445
966,31,0,6.947368421052632
966,32,0,6.947368421052632
966,33,0,6.947368421052632
966,34,0,7.523809523809524
967,0,0,0
967,1,0,0
967,2,0,0
967,3,0,3.0
967,4,0,2.5
967,5,0,2.5
967,6,0,2.5
967,7,0,2.5
967,8,0,3.0
967,9,0,3.0
967,10,0,3.6
967,11,0,3.6
967,12,0,3.5
967,13,0,3.857142857142857
967,14,0,3.857142857142857
967,15,0,3.857142857142857
967,16,0,4.222222222222222
967,17,0,4.222222222222222
967,18,0,4.4
967,19,0,4.636363636363637
967,20,0,4.636363636363637
967,21,0,4.636363636363637
967,22,0,4.833333333333333
967,23,0,5.153846153846154
967,24,0,5.153846153846154
967,25,0,5.666666666666667
967,26,0,5.666666666666667
967,27,0,5.705882352941177
967,28,0,5.705882352941177
967,29,0,6.0
967,30,0,5.7894736842105265
967,31,0,6.05
967,32,0,6.380952380952381
967,33,0,6.380952380952381
967,34,0,6.380952380952381
968,0,0,0
968,1,0,0
968,2,0,2.0
968,3,0,2.5
968,4,0,2.3333333333333335
968,5,0,2.3333333333333335
968,6,0,2.25
968,7,0,2.25
968,8,0,2.4
968,9,0,2.4
968,10,0,2.8333333333333335
968,11,0,2.857142857142857
968,12,0,2.75
968,13,0,2.75
968,14,0,3.2222222222222223
968,15,0,3.5
968,16,0,3.5
968,17,0,4.0
968,18,0,4.0
968,19,0,4.083333333333333
968,20,0,4.384615384615385
968,21,0,4.384615384615385
968,22,0,4.384615384615385
968,23,0,5.0
968,24,0,5.0
968,25,0,5.0
968,26,0,5.705882352941177
968,27,0,5.5
968,28,0,6.0
968,29,0,5.857142857142857
968,30,0,6.086956521739131
968,31,0,6.086956521739131
968,32,0,6.458333333333333
968,33,0,6.4
968,34,0,6.4
969,0,0,0
969,1,0,0
969,2,0,0
969,3,0,2.0
969,4,0,3.0
969,5,0,3.0
969,6,0,3.0
969,7,0,3.0
969,8,0,3.1666666666666665
969,9,0,3.1666666666666665
969,10,0,3.1666666666666665
969,11,0,3.625
969,12,0,3.625
969,13,0,3.625
969,14,0,4.0
969,15,0,4.4
969,16,0,4.181818181818182
969,17,0,4.181818181818182
969,18,0,4.714285714285714
969,19,0,4.714285714285714
969,20,0,4.714285714285714
969,21,0,5.0625
969,22,0,5.0625
969,23,0,5.388888888888889
969,24,0,5.388888888888889
969,25,0,5.388888888888889
969,26,0,5.75
969,27,0,5.75
969,28,0,6.095238095238095
969,29,0,6.095238095238095
969,30,0,6.136363636363637
969,31,0,6.136363636363637
969,32,0,6.5
969,33,0,6.5
969,34,0,6.5
970,0,0,0
970,1,0,0
970,2,0,0
970,3,0,2.0
970,4,0,2.5
970,5,0,2.6666666666666665
970,6,0,2.6666666666666665
970,7,0,2.5
970,8,0,2.4
970,9,0,2.4
970,10,0,2.6666666666666665
970,11,0,2.857142857142857
970,12,0,2.857142857142857
970,13,0,2.888888888888889
970,14,0,2.888888888888889
970,15,0,3.1
970,16,0,3.090909090909091
970,17,0,3.090909090909091
970,18,0,3.076923076923077
970,19,0,3.142857142857143
970,20,0,3.142857142857143
970,21,0,3.375
970,22,0,3.375
970,23,0,3.4705882352941178
970,24,0,3.7222222222222223
970,25,0,3.7222222222222223
970,26,0,3.7222222222222223
970,27,0,3.789473684210526
970,28,0,4.15
970,29,0,4.15
970,30,0,4.5
970,31,0,4.5
970,32,0,4.5
970,33,0,4.875
970,34,0,4.875
971,0,0,0
971,1,0,0
971,2,0,0
971,3,0,2.5
971,4,0,2.5
971,5,0,2.3333333333333335
971,6,0,2.25
971,7,0,2.25
971,8,0,2.4
971,9,0,2.6666666666666665
971,10,0,2.6666666666666665
971,11,0,2.7142857142857144
971,12,0,3.0
971,13,0,3.0
971,14,0,3.2222222222222223
971,15,0,3.2222222222222223
971,16,0,3.5454545454545454
971,17,0,3.75
971,18,0,4.0
971,19,0,4.214285714285714
971,20,0,4.214285714285714
971,21,0,4.214285714285714
971,22,0,4.466666666666667
971,23,0,4.4375
971,24,0,4.4375
971,25,0,4.647058823529412
971,26,0,4.647058823529412
971,27,0,4.631578947368421
971,28,0,4.631578947368421
971,29,0,4.8
971,30,0,4.9523809523809526
971,31,0,5.136363636363637
971,32,0,5.125
971,33,0,5.2
971,34,0,5.346153846153846
972,0,0,0
972,1,0,0
972,2,0,0
972,3,0,0
972,4,0,4.0
972,5,0,4.0
972,6,0,3.0
972,7,0,3.6666666666666665
972,8,0,3.6666666666666665
972,9,0,3.6666666666666665
972,10,0,4.6
972,11,0,4.6
972,12,0,4.6
972,13,0,4.833333333333333
972,14,0,5.285714285714286
972,15,0,4.875
972,16,0,4.875
972,17,0,5.222222222222222
972,18,0,5.7
972,19,0,5.7
972,20,0,6.333333333333333
972,21,0,6.333333333333333
972,22,0,6.333333333333333
972,23,0,6.538461538461538
972,24,0,6.5
972,25,0,6.666666666666667
972,26,0,6.666666666666667
972,27,0,6.6875
972,28,0,6.666666666666667
972,29,1,6.666666666666667
972,30,0,6.473684210526316
972,31,0,6.523809523809524
972,32,0,6.409090909090909
972,33,0,6.409090909090909
972,34,0,6.739130434782608
973,0,0,0
973,1,0,0
973,2,0,0
973,3,0,0
973,4,0,3.5
973,5,0,3.5
973,6,0,3.5
973,7,0,3.25
973,8,0,3.25
973,9,0,3.25
973,10,0,3.8
973,11,0,4.0
973,12,0,3.7142857142857144
973,13,0,3.5
973,14,0,3.3333333333333335
973,15,0,3.8
973,16,0,3.8
973,17,0,3.8
973,18,0,4.416666666666667
973,19,0,4.416666666666667
973,20,0,4.923076923076923
973,21,0,4.923076923076923
973,22,0,5.4
973,23,0,5.4
973,24,0,5.4375
973,25,0,5.4375
973,26,0,5.4375
973,27,0,5.529411764705882
973,28,0,5.529411764705882
973,29,0,5.2105263157894735
973,30,1,5.2105263157894735
973,31,1,5.333333333333333
973,32,2,5.333333333333333
973,33,1,5.2727272727272725
973,34,1,5.2727272727272725
974,0,0,0
974,1,0,0
974,2,0,2.0
974,3,0,2.0
974,4,0,2.5
974,5,0,2.5
974,6,0,2.3333333333333335
974,7,0,3.0
974,8,0,3.0
974,9,0,3.5
974,10,0,3.5
974,11,0,3.5
974,12,0,3.4285714285714284
974,13,0,3.888888888888889
974,14,0,3.888888888888889
974,15,0,3.8
974,16,0,4.454545454545454
974,17,0,4.454545454545454
974,18,0,4.416666666666667
974,19,0,4.416666666666667
974,20,0,5.153846153846154
974,21,0,5.071428571428571
974,22,0,5.071428571428571
974,23,0,5.0
974,24,0,5.6875
974,25,0,5.6875
974,26,0,5.6875
974,27,0,5.764705882352941
974,28,0,6.5
974,29,0,6.5
974,30,0,6.5
974,31,0,6.45
974,32,0,7.190476190476191
974,33,0,7.181818181818182
974,34,0,7.181818181818182
975,0,0,0
975,1,0,0
975,2,0,2.0
975,3,0,2.0
975,4,0,2.0
975,5,0,2.6666666666666665
975,6,0,2.6666666666666665
975,7,0,2.75
975,8,0,3.2
975,9,0,3.2
975,10,0,3.7142857142857144
975,11,0,3.7142857142857144
975,12,0,4.0
975,13,0,3.888888888888889
975,14,0,3.7
975,15,0,3.7
975,16,0,3.8461538461538463
975,17,0,3.8461538461538463
975,18,0,3.8461538461538463
975,19,0,3.8461538461538463
975,20,0,4.133333333333334
975,21,0,4.133333333333334
975,22,0,4.133333333333334
975,23,0,4.6875
975,24,0,4.6875
975,25,0,4.647058823529412
975,26,0,5.166666666666667
975,27,0,5.166666666666667
975,28,0,5.476190476190476
975,29,0,5.476190476190476
975,30,0,5.863636363636363
975,31,0,5.956521739130435
975,32,0,5.956521739130435
975,33,0,6.375
975,34,0,6.375
976,0,0,0
976,1,0,0
976,2,0,0
976,3,0,3.0
976,4,0,3.5
976,5,0,3.6666666666666665
976,6,0,3.6
976,7,0,3.8333333333333335
976,8,0,3.7142857142857144
976,9,0,3.7142857142857144
976,10,0,3.888888888888889
976,11,0,3.888888888888889
976,12,0,3.888888888888889
976,13,0,4.0
976,14,0,3.8333333333333335
976,15,0,3.6923076923076925
976,16,0,3.6923076923076925
976,17,0,4.071428571428571
976,18,0,4.071428571428571
976,19,0,4.066666666666666
976,20,0,4.1875
976,21,0,4.1875
976,22,0,4.294117647058823
976,23,0,4.444444444444445
976,24,0,4.444444444444445
976,25,0,4.444444444444445
976,26,0,4.55
976,27,0,4.428571428571429
976,28,0,4.428571428571429
976,29,0,4.565217391304348
976,30,0,4.565217391304348
976,31,0,4.44
976,32,0,4.615384615384615
976,33,0,4.615384615384615
976,34,0,4.666666666666667
977,0,0,0
977,1,0,0
977,2,0,2.0
977,3,0,2.0
977,4,0,2.5
977,5,0,2.5
977,6,0,2.3333333333333335
977,7,0,2.4
977,8,0,2.4
977,9,0,2.4
977,10,0,2.5
977,11,0,2.5
977,12,0,2.5
977,13,0,2.7142857142857144
977,14,0,2.875
977,15,0,2.875
977,16,0,2.875
977,17,0,3.2222222222222223
977,18,0,3.2222222222222223
977,19,0,3.6
977,20,0,3.4166666666666665
977,21,0,3.5384615384615383
977,22,0,3.5
977,23,0,3.6666666666666665
977,24,0,3.6666666666666665
977,25,0,3.6666666666666665
977,26,0,3.6666666666666665
977,27,0,3.764705882352941
977,28,0,3.764705882352941
977,29,0,3.75
977,30,0,3.75
977,31,0,3.75
977,32,0,3.857142857142857
977,33,0,4.0
977,34,0,4.0
978,0,0,0
978,1,0,0
978,2,0,0
978,3,0,2.0
978,4,0,2.5
978,5,0,2.3333333333333335
978,6,0,3.0
978,7,0,3.0
978,8,0,3.0
978,9,0,3.0
978,10,0,3.5714285714285716
978,11,0,3.625
978,12,0,3.625
978,13,0,3.7777777777777777
978,14,0,3.909090909090909
978,15,0,3.909090909090909
978,16,0,4.166666666666667
978,17,0,4.166666666666667
978,18,0,4.615384615384615
978,19,0,4.615384615384615
978,20,0,5.0
978,21,0,5.0
978,22,0,5.266666666666667
978,23,0,5.266666666666667
978,24,0,5.882352941176471
978,25,0,5.882352941176471
978,26,0,5.882352941176471
978,27,0,6.0
978,28,0,6.0
978,29,0,6.190476190476191
978,30,0,6.363636363636363
978,31,0,6.173913043478261
978,32,0,6.173913043478261
978,33,0,6.375
978,34,0,6.64
979,0,0,0
979,1,0,0
979,2,0,0
979,3,0,3.0
979,4,0,3.0
979,5,0,3.0
979,6,0,3.3333333333333335
979,7,0,3.3333333333333335
979,8,0,3.3333333333333335
979,9,0,3.5
979,10,0,3.5
979,11,0,3.5
979,12,0,3.5
979,13,0,4.0
979,14,0,4.0
979,15,0,4.0
979,16,0,3.5714285714285716
979,17,0,3.625
979,18,0,3.625
979,19,0,3.625
979,20,0,3.5555555555555554
979,21,0,3.5454545454545454
979,22,0,3.5454545454545454
979,23,0,3.6666666666666665
979,24,0,3.6923076923076925
979,25,0,3.857142857142857
979,26,0,3.857142857142857
979,27,0,3.933333333333333
979,28,0,4.0588235294117645
979,29,0,4.0588235294117645
979,30,0,4.157894736842105
979,31,0,4.05
979,32,0,4.095238095238095
979,33,0,4.181818181818182
979,34,0,4.181818181818182
980,0,0,0
980,1,0,0
980,2,0,2.0
980,3,0,2.0
980,4,0,2.0
980,5,0,2.0
980,6,0,2.0
980,7,0,2.3333333333333335
980,8,0,2.3333333333333335
980,9,0,2.5714285714285716
980,10,0,2.625
980,11,0,2.625
980,12,0,2.625
980,13,0,2.888888888888889
980,14,0,2.888888888888889
980,15,0,2.888888888888889
980,16,0,3.3636363636363638
980,17,0,3.25
980,18,0,3.25
980,19,0,3.6153846153846154
980,20,0,3.5714285714285716
980,21,0,3.5714285714285716
980,22,0,3.933333333333333
980,23,0,3.933333333333333
980,24,0,4.3125
980,25,0,4.3125
980,26,0,4.588235294117647
980,27,0,4.588235294117647
980,28,0,4.833333333333333
980,29,0,4.833333333333333
980,30,0,4.7368421052631575
980,31,0,4.95
980,32,0,4.95
980,33,0,5.0
980,34,0,5.0
981,0,0,0
981,1,0,0
981,2,0,0
981,3,0,2.5
981,4,0,3.0
981,5,0,3.0
981,6,0,2.75
981,7,0,2.6
981,8,0,2.6
981,9,0,2.6
981,10,0,2.6
981,11,0,2.8333333333333335
981,12,0,2.8333333333333335
981,13,0,2.857142857142857
981,14,0,2.857142857142857
981,15,0,3.2222222222222223
981,16,0,3.2222222222222223
981,17,0,3.2222222222222223
981,18,0,3.6363636363636362
981,19,0,3.6363636363636362
981,20,0,4.0
981,21,0,4.0
981,22,0,4.0
981,23,0,4.4
981,24,0,4.4
981,25,0,4.4
981,26,0,4.875
981,27,0,4.875
981,28,0,4.875
981,29,0,4.823529411764706
981,30,0,5.277777777777778
981,31,0,5.105263157894737
981,32,0,5.5
981,33,0,5.5
981,34,0,5.5
982,0,0,0
982,1,0,0
982,2,0,2.0
982,3,0,2.0
982,4,0,2.0
982,5,0,2.0
982,6,0,2.0
982,7,0,2.5
982,8,0,2.5
982,9,0,2.6
982,10,0,3.1666666666666665
982,11,0,3.1666666666666665
982,12,0,3.1666666666666665
982,13,0,3.7142857142857144
982,14,0,3.75
982,15,0,3.75
982,16,0,3.888888888888889
982,17,0,4.5
982,18,0,4.5
982,19,0,5.166666666666667
982,20,0,5.166666666666667
982,21,0,5.615384615384615
982,22,0,5.714285714285714
982,23,0,6.133333333333334
982,24,0,6.133333333333334
982,25,0,6.1875
982,26,0,6.1875
982,27,0,6.705882352941177
982,28,0,6.833333333333333
982,29,0,6.833333333333333
982,30,0,7.2631578947368425
982,31,0,7.2631578947368425
982,32,0,7.5
982,33,0,7.9523809523809526
982,34,0,7.681818181818182
983,0,0,0
983,1,0,0
983,2,0,2.0
983,3,0,2.0
983,4,0,2.5
983,5,0,2.3333333333333335
983,6,0,2.3333333333333335
983,7,0,2.3333333333333335
983,8,0,2.3333333333333335
983,9,0,3.0
983,10,0,3.0
983,11,0,3.3333333333333335
983,12,0,3.7142857142857144
983,13,0,3.7777777777777777
983,14,0,3.7777777777777777
983,15,0,4.1
983,16,0,4.454545454545454
983,17,0,4.454545454545454
983,18,0,4.833333333333333
983,19,0,5.0
983,20,0,5.357142857142857
983,21,0,5.133333333333334
983,22,0,5.294117647058823
983,23,0,5.294117647058823
983,24,0,5.5
983,25,0,5.473684210526316
983,26,0,5.473684210526316
983,27,0,5.473684210526316
983,28,0,5.409090909090909
983,29,0,5.409090909090909
983,30,0,5.409090909090909
983,31,0,5.521739130434782
983,32,0,5.666666666666667
983,33,0,5.666666666666667
983,34,0,5.8
984,0,0,0
984,1,0,0
984,2,0,0
984,3,0,0
984,4,0,4.0
984,5,0,3.3333333333333335
984,6,0,3.75
984,7,0,4.2
984,8,0,4.2
984,9,0,4.333333333333333
984,10,0,4.857142857142857
984,11,0,4.857142857142857
984,12,0,4.857142857142857
984,13,0,5.333333333333333
984,14,0,5.333333333333333
984,15,0,5.818181818181818
984,16,0,5.818181818181818
984,17,0,6.153846153846154
984,18,0,6.153846153846154
984,19,0,6.153846153846154
984,20,0,6.153846153846154
984,21,0,6.466666666666667
984,22,0,6.466666666666667
984,23,0,6.466666666666667
984,24,0,6.882352941176471
984,25,0,6.882352941176471
984,26,0,7.2105263157894735
984,27,0,7.2105263157894735
984,28,0,7.4
984,29,0,7.380952380952381
984,30,0,7.380952380952381
984,31,0,7.380952380952381
984,32,0,7.695652173913044
984,33,0,7.695652173913044
984,34,0,7.695652173913044
985,0,0,0
985,1,0,0
985,2,0,0
985,3,0,0
985,4,1,2.0
985,5,0,2.0
985,6,0,2.0
985,7,0,2.4
985,8,0,2.5
985,9,0,2.5
985,10,0,2.7142857142857144
985,11,0,2.7142857142857144
985,12,0,3.125
985,13,0,3.2
985,14,0,3.2
985,15,0,3.1818181818181817
985,16,0,3.1666666666666665
985,17,0,3.4615384615384617
985,18,0,3.4615384615384617
985,19,0,3.4615384615384617
985,20,0,3.933333333333333
985,21,0,3.933333333333333
985,22,0,4.176470588235294
985,23,0,4.176470588235294
985,24,0,4.111111111111111
985,25,0,4.111111111111111
985,26,0,4.5
985,27,0,4.5
985,28,0,4.5
985,29,0,5.0
985,30,0,5.0
985,31,0,4.956521739130435
985,32,0,5.291666666666667
985,33,0,5.28
985,34,0,5.28
986,0,0,0
986,1,0,0
986,2,0,0
986,3,0,2.0
986,4,0,2.0
986,5,0,3.0
986,6,0,3.0
986,7,0,3.0
986,8,0,3.75
986,9,0,3.75
986,10,0,4.666666666666667
986,11,0,4.666666666666667
986,12,0,4.666666666666667
986,13,0,4.666666666666667
986,14,0,5.875
986,15,0,5.875
986,16,0,6.222222222222222
986,17,0,6.222222222222222
986,18,0,7.0
986,19,0,7.0
986,20,0,7.0
986,21,0,7.25
986,22,0,7.846153846153846
986,23,0,7.846153846153846
986,24,0,8.142857142857142
986,25,0,8.733333333333333
986,26,0,8.733333333333333
986,27,0,8.733333333333333
986,28,0,9.125
986,29,0,9.764705882352942
986,30,0,9.333333333333334
986,31,0,9.333333333333334
986,32,0,10.35
986,33,0,10.35
986,34,0,10.714285714285714
987,0,0,0
987,1,0,0
987,2,0,2.0
987,3,0,2.0
987,4,0,2.3333333333333335
987,5,0,2.3333333333333335
987,6,0,2.6
987,7,0,2.6
987,8,0,3.0
987,9,0,3.142857142857143
987,10,0,3.142857142857143
987,11,0,3.375
987,12,0,3.6666666666666665
987,13,0,3.5
987,14,0,3.8181818181818183
987,15,0,3.8181818181818183
987,16,0,4.083333333333333
987,17,0,4.461538461538462
987,18,0,4.461538461538462
987,19,0,4.285714285714286
987,20,0,5.0
987,21,0,5.0
987,22,0,5.0
987,23,0,5.5
987,24,0,5.5
987,25,0,5.684210526315789
987,26,0,5.684210526315789
987,27,0,5.904761904761905
987,28,0,5.904761904761905
987,29,0,5.904761904761905
987,30,0,6.045454545454546
987,31,0,6.130434782608695
987,32,0,6.130434782608695
987,33,0,6.333333333333333
987,34,0,6.4
988,0,0,0
988,1,0,0
988,2,0,0
988,3,0,0
988,4,0,2.5
988,5,0,3.0
988,6,0,2.75
988,7,0,2.8
988,8,0,2.8333333333333335
988,9,0,3.0
988,10,0,3.125
988,11,0,3.125
988,12,0,3.125
988,13,0,3.4444444444444446
988,14,0,3.8
988,15,0,3.8
988,16,0,3.8
988,17,0,4.2727272727272725
988,18,0,4.666666666666667
988,19,0,4.666666666666667
988,20,0,4.666666666666667
988,21,0,5.571428571428571
988,22,0,5.571428571428571
988,23,0,5.933333333333334
988,24,0,6.4375
988,25,0,6.4375
988,26,0,6.764705882352941
988,27,0,6.764705882352941
988,28,0,7.578947368421052
988,29,0,7.578947368421052
988,30,0,7.578947368421052
988,31,0,8.19047619047619
988,32,0,8.19047619047619
988,33,0,8.19047619047619
988,34,0,8.73913043478261
989,0,0,0
989,1,0,0
989,2,0,0
989,3,0,2.6666666666666665
989,4,0,2.6666666666666665
989,5,0,2.5
989,6,0,3.0
989,7,0,3.0
989,8,0,3.0
989,9,0,3.0
989,10,0,3.142857142857143
989,11,0,3.375
989,12,0,3.2222222222222223
989,13,0,3.4
989,14,0,3.4
989,15,0,3.727272727272727
989,16,0,3.727272727272727
989,17,0,3.923076923076923
989,18,0,3.923076923076923
989,19,0,3.923076923076923
989,20,0,4.0
989,21,0,4.0
989,22,0,4.0
989,23,0,4.25
989,24,0,4.176470588235294
989,25,0,4.176470588235294
989,26,0,4.176470588235294
989,27,0,4.578947368421052
989,28,0,4.578947368421052
989,29,0,4.85
989,30,0,4.714285714285714
989,31,0,5.086956521739131
989,32,0,5.086956521739131
989,33,0,5.291666666666667
989,34,0,5.291666666666667
990,0,0,0
990,1,0,0
990,2,0,0
990,3,0,3.0
990,4,0,2.6666666666666665
990,5,0,2.6666666666666665
990,6,0,2.6666666666666665
990,7,0,2.6
990,8,0,2.3333333333333335
990,9,0,2.5714285714285716
990,10,0,2.5714285714285716
990,11,0,2.5714285714285716
990,12,0,2.5714285714285716
990,13,0,3.111111111111111
990,14,0,3.111111111111111
990,15,0,3.090909090909091
990,16,0,3.1666666666666665
990,17,0,3.3076923076923075
990,18,0,3.3076923076923075
990,19,0,3.357142857142857
990,20,0,3.533333333333333
990,21,0,3.533333333333333
990,22,0,3.6875
990,23,0,3.6875
990,24,0,3.6875
990,25,0,3.6470588235294117
990,26,0,3.888888888888889
990,27,0,3.8
990,28,0,3.9047619047619047
990,29,0,3.9130434782608696
990,30,0,3.9130434782608696
990,31,0,3.8333333333333335
990,32,0,3.8333333333333335
990,33,0,3.84
990,34,0,3.84
991,0,0,0
991,1,0,0
991,2,0,0
991,3,0,2.5
991,4,0,2.5
991,5,0,2.6666666666666665
991,6,0,2.75
991,7,0,2.75
991,8,0,2.75
991,9,0,3.2
991,10,0,3.3333333333333335
991,11,0,3.3333333333333335
991,12,0,3.7142857142857144
991,13,0,4.0
991,14,0,4.333333333333333
991,15,0,4.333333333333333
991,16,0,4.7
991,17,0,5.090909090909091
991,18,0,5.090909090909091
991,19,0,5.25
991,20,0,5.25
991,21,0,5.769230769230769
991,22,0,5.928571428571429
991,23,0,5.928571428571429
991,24,0,6.625
991,25,0,6.625
991,26,0,6.625
991,27,0,7.0588235294117645
991,28,0,7.055555555555555
991,29,0,7.473684210526316
991,30,0,7.2
991,31,0,7.619047619047619
991,32,0,7.521739130434782
991,33,0,7.875
991,34,0,7.875
992,0,0,0
992,1,0,0
992,2,0,0
992,3,0,3.0
992,4,0,3.0
992,5,0,3.0
992,6,0,3.5
992,7,0,3.0
992,8,0,3.0
992,9,0,3.0
992,10,0,3.25
992,11,0,3.25
992,12,0,3.25
992,13,0,3.5
992,14,0,3.5
992,15,0,3.625
992,16,0,3.4444444444444446
992,17,1,3.727272727272727
992,18,0,3.6666666666666665
992,19,0,3.6153846153846154
992,20,0,3.6
992,21,0,3.6
992,22,0,3.6
992,23,0,3.4705882352941178
992,24,0,3.4705882352941178
992,25,0,3.4705882352941178
992,26,0,3.4705882352941178
992,27,1,3.611111111111111
992,28,0,3.526315789473684
992,29,0,3.526315789473684
992,30,0,3.55
992,31,0,3.727272727272727
992,32,0,3.727272727272727
992,33,0,3.727272727272727
992,34,0,3.869565217391304
993,0,0,0
993,1,0,0
993,2,0,2.0
993,3,0,2.0
993,4,0,2.0
993,5,0,2.0
993,6,0,2.0
993,7,0,2.0
993,8,0,2.0
993,9,0,2.0
993,10,0,2.0
993,11,0,2.0
993,12,0,2.3333333333333335
993,13,0,2.3333333333333335
993,14,0,3.0
993,15,0,2.8333333333333335
993,16,0,2.8333333333333335
993,17,0,2.8333333333333335
993,18,0,2.857142857142857
993,19,0,2.75
993,20,0,2.6666666666666665
993,21,0,2.6666666666666665
993,22,0,2.7
993,23,0,2.7
993,24,0,2.7
993,25,0,2.727272727272727
993,26,0,2.75
993,27,0,2.75
993,28,0,2.75
993,29,0,3.0
993,30,0,3.2142857142857144
993,31,0,3.2142857142857144
993,32,0,3.533333333333333
993,33,0,3.533333333333333
993,34,0,3.533333333333333
994,0,0,0
994,1,0,0
994,2,0,2.0
994,3,0,2.0
994,4,0,2.0
994,5,0,2.0
994,6,0,2.6666666666666665
994,7,0,2.6666666666666665
994,8,0,2.75
994,9,0,2.75
994,10,0,3.5
994,11,0,3.5
994,12,0,3.5
994,13,0,3.5714285714285716
994,14,0,3.7777777777777777
994,15,0,3.7777777777777777
994,16,0,3.7
994,17,0,3.6363636363636362
994,18,0,3.5
994,19,0,3.5384615384615383
994,20,0,3.4285714285714284
994,21,0,3.3333333333333335
994,22,0,3.4375
994,23,0,3.4375
994,24,0,3.5294117647058822
994,25,0,3.611111111111111
994,26,0,3.611111111111111
994,27,0,3.8
994,28,0,3.7142857142857144
994,29,0,3.7142857142857144
994,30,0,3.9545454545454546
994,31,0,3.8333333333333335
994,32,0,3.8333333333333335
994,33,0,4.12
994,34,0,4.076923076923077
995,0,0,0
995,1,0,0
995,2,0,0
995,3,0,0
995,4,0,4.0
995,5,0,4.0
995,6,0,3.3333333333333335
995,7,0,3.3333333333333335
995,8,0,3.5
995,9,0,3.5
995,10,0,3.5
995,11,0,3.5
995,12,0,3.5
995,13,0,3.2857142857142856
995,14,0,3.75
995,15,0,3.6666666666666665
995,16,0,3.5
995,17,0,3.5
995,18,0,3.909090909090909
995,19,0,3.9166666666666665
995,20,0,3.769230769230769
995,21,0,4.214285714285714
995,22,0,4.214285714285714
995,23,0,4.8125
995,24,0,4.8125
995,25,0,4.8125
995,26,0,4.8125
995,27,0,5.222222222222222
995,28,0,5.222222222222222
995,29,0,5.222222222222222
995,30,0,5.523809523809524
995,31,0,5.523809523809524
995,32,0,5.523809523809524
995,33,0,5.909090909090909
995,34,0,5.869565217391305
996,0,0,0
996,1,0,0
996,2,0,2.0
996,3,0,2.0
996,4,0,2.0
996,5,0,2.6666666666666665
996,6,0,2.5
996,7,0,3.0
996,8,0,3.0
996,9,0,3.0
996,10,0,3.5714285714285716
996,11,0,3.5714285714285716
996,12,0,3.75
996,13,0,3.75
996,14,0,4.444444444444445
996,15,0,4.444444444444445
996,16,0,4.8
996,17,0,5.454545454545454
996,18,0,5.454545454545454
996,19,0,5.75
996,20,0,5.75
996,21,0,6.461538461538462
996,22,0,6.461538461538462
996,23,0,6.857142857142857
996,24,0,6.857142857142857
996,25,0,7.8125
996,26,0,7.8125
996,27,0,7.8125
996,28,0,8.411764705882353
996,29,0,8.666666666666666
996,30,0,8.666666666666666
996,31,0,8.666666666666666
996,32,0,9.6
996,33,0,9.238095238095237
996,34,0,9.238095238095237
997,0,0,0
997,1,0,0
997,2,0,2.0
997,3,0,2.0
997,4,0,2.5
997,5,0,2.5
997,6,0,2.5
997,7,0,2.5
997,8,0,3.5
997,9,0,3.5
997,10,0,3.5
997,11,0,3.7142857142857144
997,12,0,3.875
997,13,0,4.111111111111111
997,14,0,4.090909090909091
997,15,0,4.090909090909091
997,16,0,4.416666666666667
997,17,0,4.461538461538462
997,18,0,4.5
997,19,0,4.6
997,20,0,4.6
997,21,0,4.882352941176471
997,22,0,4.882352941176471
997,23,0,5.055555555555555
997,24,0,5.2105263157894735
997,25,0,5.2105263157894735
997,26,0,5.4
997,27,0,5.666666666666667
997,28,0,5.5
997,29,0,5.5
997,30,0,6.083333333333333
997,31,0,6.083333333333333
997,32,0,6.083333333333333
997,33,0,6.36
997,34,0,6.6923076923076925
998,0,0,0
998,1,0,0
998,2,0,0
998,3,0,0
998,4,0,2.0
998,5,0,2.0
998,6,0,2.0
998,7,0,2.0
998,8,0,2.0
998,9,0,2.0
998,10,0,2.8
998,11,0,2.8
998,12,0,2.6666666666666665
998,13,0,2.7142857142857144
998,14,0,2.7142857142857144
998,15,0,2.75
998,16,0,3.0
998,17,0,3.0
998,18,0,2.9
998,19,0,3.1818181818181817
998,20,0,3.1818181818181817
998,21,0,3.5384615384615383
998,22,0,3.5384615384615383
998,23,0,3.5384615384615383
998,24,0,4.0
998,25,0,4.0
998,26,0,4.0
998,27,0,4.4375
998,28,0,4.529411764705882
998,29,0,4.529411764705882
998,30,0,4.529411764705882
998,31,0,5.052631578947368
998,32,0,5.052631578947368
998,33,0,5.476190476190476
998,34,0,5.476190476190476
999,0,0,0
999,1,0,0
999,2,0,0
999,3,0,2.5
999,4,0,2.5
999,5,0,2.5
999,6,0,3.3333333333333335
999,7,0,3.75
999,8,0,3.75
999,9,0,4.5
999,10,0,4.5
999,11,0,4.5
999,12,0,4.5
999,13,0,5.375
999,14,0,5.375
999,15,0,5.375
999,16,0,5.777777777777778
999,17,0,6.1
999,18,0,6.1
999,19,0,6.1
999,20,0,6.916666666666667
999,21,0,6.538461538461538
999,22,0,7.0
999,23,0,7.333333333333333
999,24,0,7.333333333333333
999,25,0,7.8125
999,26,0,8.117647058823529
999,27,0,7.777777777777778
999,28,0,8.263157894736842
999,29,0,8.263157894736842
999,30,0,9.095238095238095
999,31,0,8.772727272727273
999,32,0,8.772727272727273
999,33,0,9.26086956521739
999,34,0,9.583333333333334
