episode,step,total_queue,avg_latency
0,0,0,0
0,1,0,0
0,2,0,0
0,3,0,3.0
0,4,0,2.6666666666666665
0,5,0,2.8
0,6,0,3.3333333333333335
0,7,0,3.142857142857143
0,8,0,3.25
0,9,0,3.6
0,10,0,3.6
0,11,0,3.4545454545454546
0,12,0,4.230769230769231
0,13,0,4.071428571428571
0,14,0,4.071428571428571
0,15,0,4.470588235294118
0,16,0,4.277777777777778
0,17,1,4.277777777777778
0,18,0,4.4
0,19,1,4.809523809523809
0,20,0,4.7727272727272725
0,21,2,4.958333333333333
0,22,2,5.230769230769231
0,23,2,5.071428571428571
0,24,2,5.612903225806452
0,25,2,5.612903225806452
0,26,3,5.545454545454546
0,27,3,6.083333333333333
0,28,3,6.083333333333333
0,29,4,6.081081081081081
0,30,4,6.081081081081081
0,31,3,6.725
0,32,4,6.725
0,33,4,7.095238095238095
0,34,5,7.095238095238095
1,0,0,0
1,1,1,1.0
1,2,2,1.0
1,3,2,2.0
1,4,2,2.0
1,5,0,3.25
1,6,0,3.2
1,7,3,3.4285714285714284
1,8,3,3.25
1,9,3,3.7
1,10,2,3.727272727272727
1,11,5,4.166666666666667
1,12,10,4.533333333333333
1,13,11,4.8125
1,14,13,4.8125
1,15,14,5.333333333333333
1,16,15,5.333333333333333
1,17,14,5.421052631578948
1,18,15,6.0
1,19,16,6.0
1,20,0,6.0
1,21,0,6.08
1,22,1,6.37037037037037
1,23,0,6.25
1,24,2,6.137931034482759
1,25,3,5.935483870967742
1,26,9,6.090909090909091
1,27,12,6.2
1,28,14,6.5
1,29,15,6.552631578947368
1,30,17,6.769230769230769
1,31,17,6.75
1,32,18,6.634146341463414
1,33,18,7.186046511627907
1,34,19,7.186046511627907
2,0,0,0
2,1,0,0
2,2,0,2.0
2,3,2,2.0
2,4,3,3.0
2,5,0,3.0
2,6,0,3.25
2,7,2,3.8333333333333335
2,8,7,3.375
2,9,9,3.3333333333333335
2,10,8,3.3636363636363638
2,11,9,3.6923076923076925
2,12,9,3.7857142857142856
2,13,10,3.8
2,14,11,4.470588235294118
2,15,11,4.470588235294118
2,16,14,5.0
2,17,14,5.0
2,18,15,5.5
2,19,15,5.5
2,20,0,6.0
2,21,0,6.0
2,22,0,6.538461538461538
2,23,0,6.538461538461538
2,24,0,6.481481481481482
2,25,2,6.137931034482759
2,26,2,6.580645161290323
2,27,6,6.5588235294117645
2,28,10,6.5588235294117645
2,29,14,6.714285714285714
2,30,15,6.611111111111111
2,31,14,7.052631578947368
2,32,16,7.052631578947368
2,33,17,7.3
2,34,17,7.3
3,0,0,0
3,1,1,0
3,2,3,2.0
3,3,3,2.6666666666666665
3,4,3,2.6666666666666665
3,5,0,3.0
3,6,2,3.0
3,7,1,3.3333333333333335
3,8,1,3.6
3,9,0,3.727272727272727
3,10,0,3.6923076923076925
3,11,0,3.7142857142857144
3,12,1,3.7333333333333334
3,13,0,3.8823529411764706
3,14,0,3.8823529411764706
3,15,0,3.888888888888889
3,16,0,4.052631578947368
3,17,0,4.0476190476190474
3,18,0,3.9545454545454546
3,19,1,4.043478260869565
3,20,0,4.2
3,21,1,4.2
3,22,0,4.321428571428571
3,23,0,4.482758620689655
3,24,0,4.709677419354839
3,25,0,4.875
3,26,0,5.0588235294117645
3,27,1,4.9714285714285715
3,28,2,4.9714285714285715
3,29,1,5.394736842105263
3,30,1,5.394736842105263
3,31,0,5.435897435897436
3,32,0,5.625
3,33,0,5.928571428571429
3,34,0,5.928571428571429
4,0,0,0
4,1,0,0
4,2,0,2.0
4,3,0,2.0
4,4,0,3.0
4,5,0,2.6666666666666665
4,6,0,2.6666666666666665
4,7,0,2.75
4,8,0,3.0
4,9,0,3.0
4,10,0,3.0
4,11,0,3.4285714285714284
4,12,0,4.25
4,13,0,4.25
4,14,0,4.777777777777778
4,15,2,4.5
4,16,4,5.666666666666667
4,17,5,5.461538461538462
4,18,5,5.461538461538462
4,19,5,6.375
4,20,0,6.375
4,21,1,6.777777777777778
4,22,3,6.526315789473684
4,23,5,6.857142857142857
4,24,5,6.857142857142857
4,25,4,7.541666666666667
4,26,5,7.32
4,27,4,7.888888888888889
4,28,5,8.285714285714286
4,29,4,8.448275862068966
4,30,4,8.448275862068966
4,31,4,9.5
4,32,4,9.5
4,33,3,9.757575757575758
4,34,3,9.757575757575758
5,0,0,0
5,1,0,0
5,2,0,2.0
5,3,0,2.0
5,4,0,2.6666666666666665
5,5,0,3.0
5,6,0,3.0
5,7,0,2.8333333333333335
5,8,0,3.4285714285714284
5,9,0,3.75
5,10,0,4.0
5,11,0,4.090909090909091
5,12,0,4.583333333333333
5,13,0,4.583333333333333
5,14,1,4.384615384615385
5,15,0,4.9375
5,16,0,4.823529411764706
5,17,0,4.823529411764706
5,18,0,5.333333333333333
5,19,1,5.5
5,20,0,5.9523809523809526
5,21,0,5.6521739130434785
5,22,1,6.041666666666667
5,23,1,5.96
5,24,1,6.423076923076923
5,25,0,6.25
5,26,1,6.655172413793103
5,27,0,6.733333333333333
5,28,0,7.09375
5,29,0,7.424242424242424
5,30,0,7.294117647058823
5,31,2,7.742857142857143
5,32,1,7.611111111111111
5,33,1,8.0
5,34,0,8.35897435897436
6,0,0,0
6,1,0,0
6,2,0,0
6,3,0,2.6666666666666665
6,4,0,2.6666666666666665
6,5,0,2.5
6,6,0,3.0
6,7,0,3.0
6,8,0,3.142857142857143
6,9,0,3.625
6,10,0,3.625
6,11,0,4.3
6,12,0,4.3
6,13,0,4.416666666666667
6,14,0,4.416666666666667
6,15,0,4.923076923076923
6,16,0,4.714285714285714
6,17,0,4.933333333333334
6,18,0,5.235294117647059
6,19,0,5.444444444444445
6,20,0,5.315789473684211
6,21,0,5.315789473684211
6,22,0,5.761904761904762
6,23,1,6.090909090909091
6,24,1,6.333333333333333
6,25,1,6.333333333333333
6,26,0,6.076923076923077
6,27,3,6.444444444444445
6,28,2,6.862068965517241
6,29,1,7.032258064516129
6,30,2,7.363636363636363
6,31,2,7.363636363636363
6,32,1,7.6571428571428575
6,33,1,8.11111111111111
6,34,0,8.027027027027026
7,0,0,0
7,1,0,0
7,2,0,0
7,3,0,2.0
7,4,0,2.6666666666666665
7,5,0,2.5
7,6,0,3.2
7,7,0,3.1666666666666665
7,8,0,2.857142857142857
7,9,0,2.857142857142857
7,10,0,3.5555555555555554
7,11,0,3.5555555555555554
7,12,0,3.5555555555555554
7,13,0,4.181818181818182
7,14,0,4.181818181818182
7,15,0,4.769230769230769
7,16,0,4.769230769230769
7,17,0,4.769230769230769
7,18,0,5.266666666666667
7,19,0,5.375
7,20,0,5.117647058823529
7,21,0,5.777777777777778
7,22,0,6.0
7,23,0,6.333333333333333
7,24,0,6.136363636363637
7,25,0,6.391304347826087
7,26,0,6.208333333333333
7,27,1,6.576923076923077
7,28,1,6.576923076923077
7,29,0,6.785714285714286
7,30,0,6.785714285714286
7,31,0,7.233333333333333
7,32,0,7.580645161290323
7,33,0,7.580645161290323
7,34,0,7.909090909090909
8,0,0,0
8,1,0,0
8,2,0,0
8,3,0,2.3333333333333335
8,4,0,2.3333333333333335
8,5,0,2.3333333333333335
8,6,0,3.25
8,7,0,3.6
8,8,0,3.6
8,9,0,4.166666666666667
8,10,0,4.125
8,11,0,4.125
8,12,0,4.555555555555555
8,13,0,5.2
8,14,0,5.2
8,15,0,5.916666666666667
8,16,0,5.916666666666667
8,17,0,6.153846153846154
8,18,0,6.153846153846154
8,19,0,6.642857142857143
8,20,0,6.5625
8,21,0,6.5625
8,22,0,6.9
8,23,0,6.9
8,24,0,6.9
8,25,0,7.333333333333333
8,26,0,7.434782608695652
8,27,0,7.434782608695652
8,28,0,7.6
8,29,0,8.0
8,30,0,8.333333333333334
8,31,0,8.333333333333334
8,32,0,8.333333333333334
8,33,0,8.833333333333334
8,34,0,8.833333333333334
9,0,0,0
9,1,0,0
9,2,0,0
9,3,0,3.0
9,4,0,3.0
9,5,0,3.0
9,6,0,4.333333333333333
9,7,0,3.75
9,8,1,4.333333333333333
9,9,0,4.142857142857143
9,10,0,4.666666666666667
9,11,0,4.6
9,12,0,4.6
9,13,0,5.0
9,14,0,5.416666666666667
9,15,0,5.416666666666667
9,16,0,5.846153846153846
9,17,0,5.846153846153846
9,18,0,6.428571428571429
9,19,0,6.428571428571429
9,20,0,7.0588235294117645
9,21,0,7.0588235294117645
9,22,0,7.444444444444445
9,23,0,7.65
9,24,0,8.0
9,25,0,8.0
9,26,0,8.545454545454545
9,27,0,8.545454545454545
9,28,0,8.869565217391305
9,29,0,8.541666666666666
9,30,0,9.16
9,31,0,9.16
9,32,0,10.037037037037036
9,33,0,9.75
9,34,2,9.75
10,0,0,0
10,1,0,0
10,2,0,0
10,3,0,2.3333333333333335
10,4,0,2.3333333333333335
10,5,0,2.3333333333333335
10,6,2,3.0
10,7,2,2.857142857142857
10,8,2,2.875
10,9,1,3.111111111111111
10,10,1,3.5454545454545454
10,11,0,3.8333333333333335
10,12,1,4.0
10,13,0,4.333333333333333
10,14,1,4.5625
10,15,0,4.611111111111111
10,16,0,4.611111111111111
10,17,0,4.85
10,18,0,4.85
10,19,0,5.0
10,20,0,5.3478260869565215
10,21,0,5.208333333333333
10,22,0,5.56
10,23,0,5.846153846153846
10,24,0,6.222222222222222
10,25,0,6.222222222222222
10,26,0,6.896551724137931
10,27,0,6.896551724137931
10,28,0,6.896551724137931
10,29,0,6.896551724137931
10,30,0,7.645161290322581
10,31,0,7.46875
10,32,0,7.46875
10,33,0,7.818181818181818
10,34,0,8.117647058823529
11,0,0,0
11,1,0,0
11,2,0,2.0
11,3,0,2.5
11,4,0,2.5
11,5,0,2.5
11,6,0,3.3333333333333335
11,7,0,4.25
11,8,0,4.8
11,9,0,4.8
11,10,0,5.125
11,11,0,5.125
11,12,0,5.125
11,13,0,5.9
11,14,0,5.9
11,15,0,6.090909090909091
11,16,0,6.666666666666667
11,17,0,6.666666666666667
11,18,0,6.666666666666667
11,19,0,7.714285714285714
11,20,0,7.333333333333333
11,21,0,7.9375
11,22,0,7.333333333333333
11,23,0,7.857142857142857
11,24,0,7.857142857142857
11,25,0,7.636363636363637
11,26,0,7.636363636363637
11,27,0,8.28
11,28,0,8.28
11,29,0,8.481481481481481
11,30,0,8.724137931034482
11,31,0,9.133333333333333
11,32,0,9.451612903225806
11,33,0,9.451612903225806
11,34,1,9.8125
12,0,0,0
12,1,0,0
12,2,0,0
12,3,0,3.0
12,4,0,3.5
12,5,0,3.5
12,6,0,3.5
12,7,0,4.4
12,8,0,4.4
12,9,0,4.714285714285714
12,10,0,4.714285714285714
12,11,0,4.714285714285714
12,12,0,5.1
12,13,0,5.1
12,14,0,5.1
12,15,0,5.7272727272727275
12,16,0,6.083333333333333
12,17,0,6.083333333333333
12,18,0,6.6923076923076925
12,19,0,6.8
12,20,0,6.4375
12,21,1,7.0588235294117645
12,22,1,6.578947368421052
12,23,1,7.363636363636363
12,24,2,7.363636363636363
12,25,2,7.217391304347826
12,26,4,7.44
12,27,3,7.814814814814815
12,28,3,7.814814814814815
12,29,4,7.714285714285714
12,30,5,8.10344827586207
12,31,5,8.580645161290322
12,32,4,8.53125
12,33,4,8.757575757575758
12,34,3,9.257142857142858
13,0,0,0
13,1,0,0
13,2,0,0
13,3,0,2.0
13,4,0,2.0
13,5,0,2.5
13,6,0,2.5
13,7,0,2.5
13,8,0,2.5
13,9,0,3.5
13,10,0,3.5
13,11,0,3.5
13,12,0,4.5
13,13,0,4.5
13,14,0,4.222222222222222
13,15,0,4.222222222222222
13,16,0,5.363636363636363
13,17,0,5.083333333333333
13,18,0,5.538461538461538
13,19,0,5.933333333333334
13,20,0,5.933333333333334
13,21,0,5.933333333333334
13,22,0,6.4375
13,23,0,7.0588235294117645
13,24,0,7.5
13,25,1,7.2105263157894735
13,26,2,6.95
13,27,1,7.363636363636363
13,28,0,7.708333333333333
13,29,2,7.708333333333333
13,30,3,8.153846153846153
13,31,4,7.962962962962963
13,32,4,8.275862068965518
13,33,5,8.64516129032258
13,34,7,8.64516129032258
14,0,0,0
14,1,0,0
14,2,0,2.0
14,3,0,2.5
14,4,0,2.3333333333333335
14,5,0,2.3333333333333335
14,6,0,2.0
14,7,0,2.0
14,8,0,2.6666666666666665
14,9,0,2.6666666666666665
14,10,0,2.5714285714285716
14,11,0,2.5714285714285716
14,12,0,3.4
14,13,0,3.4
14,14,0,3.4166666666666665
14,15,0,3.6923076923076925
14,16,0,3.6923076923076925
14,17,0,3.857142857142857
14,18,0,4.0625
14,19,0,4.0625
14,20,0,4.0625
14,21,0,4.777777777777778
14,22,0,4.777777777777778
14,23,0,5.190476190476191
14,24,0,5.190476190476191
14,25,0,5.454545454545454
14,26,1,5.826086956521739
14,27,3,5.666666666666667
14,28,4,6.0
14,29,3,6.296296296296297
14,30,3,6.296296296296297
14,31,3,6.25
14,32,3,6.620689655172414
14,33,2,7.032258064516129
14,34,2,7.375
15,0,0,0
15,1,0,0
15,2,0,2.0
15,3,0,2.0
15,4,0,2.0
15,5,0,2.0
15,6,0,3.3333333333333335
15,7,0,3.5
15,8,0,3.5
15,9,0,3.5
15,10,0,4.6
15,11,0,5.0
15,12,0,5.714285714285714
15,13,0,6.0
15,14,0,6.666666666666667
15,15,0,6.666666666666667
15,16,0,6.666666666666667
15,17,0,7.1
15,18,0,7.818181818181818
15,19,0,7.818181818181818
15,20,0,8.333333333333334
15,21,0,8.333333333333334
15,22,0,9.153846153846153
15,23,0,9.642857142857142
15,24,0,9.642857142857142
15,25,0,10.133333333333333
15,26,0,10.875
15,27,0,10.875
15,28,0,10.352941176470589
15,29,0,11.631578947368421
15,30,1,11.15
15,31,2,11.15
15,32,1,11.869565217391305
15,33,1,11.869565217391305
15,34,0,12.2
16,0,0,0
16,1,0,0
16,2,0,0
16,3,0,0
16,4,0,4.0
16,5,0,4.0
16,6,0,3.5
16,7,0,3.5
16,8,0,5.0
16,9,0,4.25
16,10,0,5.166666666666667
16,11,0,5.166666666666667
16,12,0,5.166666666666667
16,13,0,5.166666666666667
16,14,0,6.375
16,15,0,6.375
16,16,0,7.0
16,17,0,7.4
16,18,0,7.4
16,19,0,7.818181818181818
16,20,0,8.416666666666666
16,21,0,8.416666666666666
16,22,0,8.285714285714286
16,23,0,8.285714285714286
16,24,0,8.058823529411764
16,25,0,8.058823529411764
16,26,0,8.7
16,27,0,8.333333333333334
16,28,1,8.863636363636363
16,29,0,8.608695652173912
16,30,1,8.72
16,31,1,9.153846153846153
16,32,0,8.925925925925926
16,33,0,8.925925925925926
16,34,0,9.666666666666666
17,0,0,0
17,1,0,0
17,2,0,0
17,3,0,3.0
17,4,0,3.0
17,5,0,3.3333333333333335
17,6,0,3.3333333333333335
17,7,0,4.2
17,8,0,4.2
17,9,0,4.428571428571429
17,10,0,4.75
17,11,0,4.75
17,12,0,5.222222222222222
17,13,0,5.6
17,14,0,5.6
17,15,0,5.2727272727272725
17,16,0,5.916666666666667
17,17,0,6.384615384615385
17,18,0,6.384615384615385
17,19,0,7.4
17,20,0,7.4
17,21,0,7.4
17,22,0,8.352941176470589
17,23,1,8.352941176470589
17,24,0,8.0
17,25,1,8.3
17,26,1,8.454545454545455
17,27,2,8.541666666666666
17,28,3,8.541666666666666
17,29,3,8.4
17,30,4,8.807692307692308
17,31,4,9.071428571428571
17,32,6,9.071428571428571
17,33,7,9.774193548387096
17,34,8,9.774193548387096
18,0,0,0
18,1,0,0
18,2,0,0
18,3,0,0
18,4,0,4.0
18,5,0,4.0
18,6,0,4.0
18,7,0,4.0
18,8,0,4.0
18,9,0,4.0
18,10,0,4.142857142857143
18,11,0,4.142857142857143
18,12,0,4.75
18,13,0,5.111111111111111
18,14,0,5.111111111111111
18,15,0,5.111111111111111
18,16,0,5.8
18,17,0,6.2727272727272725
18,18,0,6.2727272727272725
18,19,0,7.0
18,20,0,7.538461538461538
18,21,0,7.538461538461538
18,22,0,7.538461538461538
18,23,0,8.8
18,24,0,8.8
18,25,0,9.3125
18,26,0,8.882352941176471
18,27,1,9.555555555555555
18,28,2,9.75
18,29,2,9.428571428571429
18,30,2,10.521739130434783
18,31,1,10.25
18,32,1,10.25
18,33,0,10.653846153846153
18,34,0,11.0
19,0,0,0
19,1,0,0
19,2,0,0
19,3,0,3.0
19,4,0,3.0
19,5,0,3.0
19,6,0,3.3333333333333335
19,7,0,3.3333333333333335
19,8,0,3.75
19,9,0,4.2
19,10,0,4.333333333333333
19,11,0,4.333333333333333
19,12,0,4.857142857142857
19,13,0,5.0
19,14,0,5.0
19,15,0,5.0
19,16,0,5.3
19,17,0,5.454545454545454
19,18,0,5.454545454545454
19,19,0,5.454545454545454
19,20,0,5.923076923076923
19,21,0,6.142857142857143
19,22,0,5.866666666666666
19,23,0,6.705882352941177
19,24,0,6.5
19,25,0,6.5
19,26,0,6.5
19,27,0,7.55
19,28,0,7.285714285714286
19,29,0,7.285714285714286
19,30,0,7.285714285714286
19,31,0,8.083333333333334
19,32,0,8.083333333333334
19,33,0,8.76
19,34,0,9.115384615384615
20,0,0,0
20,1,0,0
20,2,0,0
20,3,0,3.0
20,4,0,3.0
20,5,0,3.5
20,6,0,3.5
20,7,0,3.5
20,8,0,3.3333333333333335
20,9,0,4.25
20,10,0,4.25
20,11,0,4.25
20,12,0,5.166666666666667
20,13,0,5.166666666666667
20,14,0,5.166666666666667
20,15,0,5.571428571428571
20,16,0,6.5
20,17,0,6.5
20,18,0,6.777777777777778
20,19,0,7.5
20,20,0,7.5
20,21,0,7.5
20,22,0,8.75
20,23,0,8.23076923076923
20,24,1,8.23076923076923
20,25,2,7.857142857142857
20,26,2,9.125
20,27,1,8.823529411764707
20,28,1,8.823529411764707
20,29,0,9.105263157894736
20,30,0,9.85
20,31,0,9.714285714285714
20,32,0,10.227272727272727
20,33,0,10.91304347826087
20,34,0,10.5
21,0,0,0
21,1,0,0
21,2,0,0
21,3,0,0
21,4,0,3.5
21,5,0,3.5
21,6,0,3.5
21,7,0,3.5
21,8,0,3.5
21,9,0,3.2
21,10,0,4.428571428571429
21,11,0,4.125
21,12,0,4.125
21,13,0,5.1
21,14,0,5.1
21,15,0,5.1
21,16,0,5.818181818181818
21,17,0,6.333333333333333
21,18,0,6.333333333333333
21,19,0,7.214285714285714
21,20,0,6.866666666666666
21,21,0,6.866666666666666
21,22,0,7.4375
21,23,0,7.882352941176471
21,24,0,8.38888888888889
21,25,0,8.38888888888889
21,26,0,8.947368421052632
21,27,0,9.3
21,28,1,9.3
21,29,3,9.5
21,30,5,9.5
21,31,5,9.666666666666666
21,32,6,10.2
21,33,6,10.333333333333334
21,34,6,10.785714285714286
22,0,0,0
22,1,0,0
22,2,0,2.0
22,3,0,2.5
22,4,0,3.0
22,5,0,3.0
22,6,0,3.0
22,7,0,4.0
22,8,0,4.6
22,9,0,4.6
22,10,0,5.333333333333333
22,11,0,6.0
22,12,0,5.5
22,13,0,5.5
22,14,0,6.111111111111111
22,15,0,6.9
22,16,0,6.9
22,17,0,7.363636363636363
22,18,0,8.083333333333334
22,19,0,8.083333333333334
22,20,0,9.285714285714286
22,21,0,9.285714285714286
22,22,0,9.285714285714286
22,23,0,9.285714285714286
22,24,0,10.5
22,25,0,10.5
22,26,1,10.5
22,27,1,10.555555555555555
22,28,2,11.31578947368421
22,29,1,11.428571428571429
22,30,2,11.428571428571429
22,31,1,11.136363636363637
22,32,0,12.08
22,33,0,12.08
22,34,1,11.807692307692308
23,0,0,0
23,1,0,0
23,2,0,0
23,3,0,3.0
23,4,0,2.5
23,5,0,3.0
23,6,0,3.0
23,7,0,3.5
23,8,0,3.8
23,9,0,4.333333333333333
23,10,0,4.333333333333333
23,11,0,4.875
23,12,0,4.875
23,13,0,4.875
23,14,0,5.8
23,15,0,5.454545454545454
23,16,0,5.454545454545454
23,17,0,6.3076923076923075
23,18,0,6.3076923076923075
23,19,1,6.571428571428571
23,20,0,6.6875
23,21,0,6.6875
23,22,0,6.611111111111111
23,23,0,6.368421052631579
23,24,0,6.9
23,25,0,6.9
23,26,0,7.142857142857143
23,27,0,7.681818181818182
23,28,0,7.681818181818182
23,29,0,7.956521739130435
23,30,0,8.5
23,31,1,8.5
23,32,0,8.76923076923077
23,33,0,9.11111111111111
23,34,0,8.928571428571429
24,0,0,0
24,1,0,0
24,2,0,0
24,3,0,0
24,4,0,3.0
24,5,0,3.0
24,6,0,3.0
24,7,0,3.6666666666666665
24,8,0,4.5
24,9,0,4.5
24,10,0,5.2
24,11,0,5.833333333333333
24,12,0,5.833333333333333
24,13,0,5.833333333333333
24,14,0,7.25
24,15,0,7.25
24,16,0,7.888888888888889
24,17,0,7.888888888888889
24,18,0,8.5
24,19,0,9.181818181818182
24,20,0,9.181818181818182
24,21,0,9.181818181818182
24,22,0,9.916666666666666
24,23,0,10.615384615384615
24,24,0,11.142857142857142
24,25,0,10.533333333333333
24,26,0,10.588235294117647
24,27,0,10.588235294117647
24,28,0,11.3
24,29,0,11.3
24,30,0,11.956521739130435
24,31,0,11.956521739130435
24,32,0,11.956521739130435
24,33,0,11.956521739130435
24,34,0,13.0
25,0,0,0
25,1,0,0
25,2,0,0
25,3,0,3.0
25,4,0,3.0
25,5,0,3.0
25,6,0,3.0
25,7,0,4.666666666666667
25,8,0,4.666666666666667
25,9,0,5.0
25,10,0,5.8
25,11,0,5.8
25,12,0,6.166666666666667
25,13,0,6.166666666666667
25,14,0,7.0
25,15,0,7.375
25,16,0,7.375
25,17,0,8.222222222222221
25,18,0,8.5
25,19,0,8.5
25,20,0,8.5
25,21,0,9.272727272727273
25,22,0,9.666666666666666
25,23,0,9.666666666666666
25,24,0,10.461538461538462
25,25,0,10.857142857142858
25,26,0,10.857142857142858
25,27,0,11.6
25,28,0,12.0625
25,29,0,12.0625
25,30,0,12.0625
25,31,0,13.333333333333334
25,32,0,12.736842105263158
25,33,0,13.2
25,34,0,13.2
26,0,0,0
26,1,0,0
26,2,0,0
26,3,0,3.0
26,4,0,3.0
26,5,0,3.0
26,6,0,3.75
26,7,0,3.75
26,8,0,3.75
26,9,0,4.2
26,10,0,4.666666666666667
26,11,0,4.666666666666667
26,12,0,5.285714285714286
26,13,0,5.625
26,14,0,5.625
26,15,0,6.111111111111111
26,16,0,6.111111111111111
26,17,0,6.7
26,18,0,7.181818181818182
26,19,0,7.5
26,20,0,7.5
26,21,0,7.5
26,22,0,7.714285714285714
26,23,0,8.066666666666666
26,24,0,8.625
26,25,0,8.625
26,26,0,8.625
26,27,0,9.61111111111111
26,28,0,9.61111111111111
26,29,0,10.052631578947368
26,30,0,10.052631578947368
26,31,0,10.952380952380953
26,32,1,10.952380952380953
26,33,1,10.545454545454545
26,34,2,10.91304347826087
27,0,0,0
27,1,0,0
27,2,0,0
27,3,0,3.0
27,4,0,3.5
27,5,0,3.0
27,6,0,3.0
27,7,0,3.0
27,8,0,4.0
27,9,0,4.4
27,10,0,4.4
27,11,0,5.166666666666667
27,12,0,5.166666666666667
27,13,0,5.714285714285714
27,14,0,5.714285714285714
27,15,0,6.375
27,16,0,5.888888888888889
27,17,0,7.090909090909091
27,18,0,7.090909090909091
27,19,0,7.090909090909091
27,20,0,7.75
27,21,0,8.307692307692308
27,22,0,8.307692307692308
27,23,0,8.307692307692308
27,24,0,9.533333333333333
27,25,0,9.0625
27,26,0,9.0625
27,27,0,9.38888888888889
27,28,0,10.0
27,29,0,9.65
27,30,2,9.65
27,31,3,9.909090909090908
27,32,5,10.521739130434783
27,33,4,10.25
27,34,4,10.84
28,0,0,0
28,1,0,0
28,2,0,2.0
28,3,0,2.0
28,4,0,2.5
28,5,0,2.5
28,6,0,3.3333333333333335
28,7,0,3.3333333333333335
28,8,0,3.75
28,9,0,3.75
28,10,0,4.6
28,11,0,5.0
28,12,0,5.714285714285714
28,13,0,5.714285714285714
28,14,0,6.555555555555555
28,15,0,6.1
28,16,0,6.1
28,17,0,6.1
28,18,0,7.333333333333333
28,19,0,7.333333333333333
28,20,0,8.0
28,21,0,8.428571428571429
28,22,0,8.428571428571429
28,23,0,9.133333333333333
28,24,0,9.176470588235293
28,25,0,9.176470588235293
28,26,0,9.61111111111111
28,27,0,10.263157894736842
28,28,0,9.85
28,29,1,10.333333333333334
28,30,0,10.652173913043478
28,31,0,10.652173913043478
28,32,0,10.375
28,33,0,11.384615384615385
28,34,0,11.074074074074074
29,0,0,0
29,1,0,0
29,2,0,0
29,3,0,3.0
29,4,0,3.5
29,5,0,3.5
29,6,0,3.6666666666666665
29,7,0,3.6666666666666665
29,8,0,4.75
29,9,0,5.2
29,10,0,5.833333333333333
29,11,0,5.833333333333333
29,12,0,6.285714285714286
29,13,0,6.285714285714286
29,14,0,7.125
29,15,0,7.444444444444445
29,16,0,7.444444444444445
29,17,0,8.1
29,18,0,8.545454545454545
29,19,0,8.545454545454545
29,20,0,9.0
29,21,0,9.0
29,22,0,9.928571428571429
29,23,0,9.928571428571429
29,24,0,9.928571428571429
29,25,0,10.333333333333334
29,26,0,10.411764705882353
29,27,0,10.411764705882353
29,28,0,10.411764705882353
29,29,0,10.944444444444445
29,30,0,11.421052631578947
29,31,0,11.421052631578947
29,32,0,11.95
29,33,0,12.476190476190476
29,34,0,12.0
30,0,0,0
30,1,0,0
30,2,0,0
30,3,0,0
30,4,0,3.5
30,5,0,3.5
30,6,0,4.0
30,7,0,4.0
30,8,0,4.8
30,9,0,4.8
30,10,0,5.0
30,11,0,5.571428571428571
30,12,0,5.571428571428571
30,13,0,5.571428571428571
30,14,0,6.0
30,15,0,6.777777777777778
30,16,0,6.777777777777778
30,17,0,7.3
30,18,0,7.3
30,19,0,8.0
30,20,0,8.0
30,21,0,8.583333333333334
30,22,0,8.583333333333334
30,23,0,9.153846153846153
30,24,0,9.2
30,25,0,9.2
30,26,1,9.352941176470589
30,27,4,9.352941176470589
30,28,3,9.526315789473685
30,29,4,9.526315789473685
30,30,3,9.904761904761905
30,31,3,9.904761904761905
30,32,2,10.26086956521739
30,33,2,10.26086956521739
30,34,1,11.192307692307692
31,0,0,0
31,1,0,0
31,2,0,2.0
31,3,0,2.0
31,4,0,2.6666666666666665
31,5,0,2.6666666666666665
31,6,0,3.25
31,7,0,3.25
31,8,0,4.0
31,9,0,4.0
31,10,0,4.0
31,11,0,4.75
31,12,0,4.75
31,13,0,4.444444444444445
31,14,0,5.0
31,15,0,5.166666666666667
31,16,0,5.166666666666667
31,17,0,6.071428571428571
31,18,0,6.071428571428571
31,19,0,5.8
31,20,0,6.3125
31,21,0,6.444444444444445
31,22,0,6.842105263157895
31,23,0,6.842105263157895
31,24,0,7.25
31,25,0,7.714285714285714
31,26,0,7.714285714285714
31,27,0,7.782608695652174
31,28,0,7.782608695652174
31,29,0,8.291666666666666
31,30,0,8.68
31,31,0,8.68
31,32,0,9.555555555555555
31,33,0,9.555555555555555
31,34,0,10.071428571428571
32,0,0,0
32,1,0,0
32,2,0,0
32,3,0,0
32,4,0,4.0
32,5,0,4.0
32,6,0,4.0
32,7,0,4.0
32,8,0,5.333333333333333
32,9,0,5.75
32,10,0,6.4
32,11,0,6.4
32,12,0,7.428571428571429
32,13,0,6.75
32,14,0,7.222222222222222
32,15,0,7.8
32,16,0,7.8
32,17,0,8.307692307692308
32,18,0,8.307692307692308
32,19,0,8.307692307692308
32,20,0,8.333333333333334
32,21,1,8.8125
32,22,0,8.631578947368421
32,23,0,8.631578947368421
32,24,0,9.318181818181818
32,25,0,9.318181818181818
32,26,0,9.043478260869565
32,27,0,9.5
32,28,0,9.96
32,29,0,9.96
32,30,0,9.96
32,31,0,10.148148148148149
32,32,0,10.344827586206897
32,33,1,10.066666666666666
32,34,2,10.066666666666666
33,0,0,0
33,1,0,0
33,2,0,2.0
33,3,0,2.0
33,4,0,2.0
33,5,0,2.0
33,6,0,3.0
33,7,0,3.75
33,8,0,3.75
33,9,0,3.75
33,10,0,4.4
33,11,0,5.0
33,12,0,5.0
33,13,0,6.0
33,14,0,6.0
33,15,0,6.555555555555555
33,16,0,6.555555555555555
33,17,0,7.0
33,18,0,7.0
33,19,0,7.545454545454546
33,20,0,8.0
33,21,0,8.0
33,22,0,8.0
33,23,0,8.0625
33,24,0,8.529411764705882
33,25,0,8.944444444444445
33,26,0,8.944444444444445
33,27,0,9.473684210526315
33,28,0,9.473684210526315
33,29,0,9.619047619047619
33,30,0,10.136363636363637
33,31,0,10.25
33,32,0,10.25
33,33,1,10.307692307692308
33,34,3,10.777777777777779
34,0,0,0
34,1,0,0
34,2,0,2.0
34,3,0,2.0
34,4,0,3.0
34,5,0,3.6666666666666665
34,6,0,3.6666666666666665
34,7,0,3.6666666666666665
34,8,0,4.0
34,9,0,4.8
34,10,0,5.166666666666667
34,11,0,5.857142857142857
34,12,0,5.857142857142857
34,13,0,6.25
34,14,0,6.25
34,15,0,7.0
34,16,0,7.0
34,17,0,7.6
34,18,0,8.363636363636363
34,19,0,8.363636363636363
34,20,0,8.833333333333334
34,21,0,8.833333333333334
34,22,0,9.615384615384615
34,23,0,10.142857142857142
34,24,1,10.142857142857142
34,25,1,10.3125
34,26,1,10.823529411764707
34,27,1,10.842105263157896
34,28,1,10.842105263157896
34,29,0,11.0
34,30,1,11.5
34,31,0,11.217391304347826
34,32,1,12.08
34,33,1,11.76923076923077
34,34,1,12.5
35,0,0,0
35,1,0,0
35,2,0,2.0
35,3,0,2.0
35,4,0,2.6666666666666665
35,5,0,2.6666666666666665
35,6,0,2.75
35,7,0,2.75
35,8,0,2.8
35,9,0,2.8
35,10,0,3.4285714285714284
35,11,0,3.4285714285714284
35,12,0,3.4285714285714284
35,13,0,4.222222222222222
35,14,0,4.222222222222222
35,15,0,4.222222222222222
35,16,0,4.7
35,17,0,5.0
35,18,0,5.5
35,19,0,5.5
35,20,0,5.846153846153846
35,21,0,5.846153846153846
35,22,0,6.428571428571429
35,23,0,6.866666666666666
35,24,0,6.866666666666666
35,25,0,7.5
35,26,0,7.5
35,27,0,8.0
35,28,1,7.666666666666667
35,29,2,8.0
35,30,3,8.0
35,31,2,8.363636363636363
35,32,1,8.173913043478262
35,33,1,8.791666666666666
35,34,1,9.153846153846153
36,0,0,0
36,1,0,0
36,2,0,2.0
36,3,0,2.5
36,4,0,2.5
36,5,0,3.0
36,6,0,3.0
36,7,0,4.0
36,8,0,4.6
36,9,0,4.571428571428571
36,10,0,4.571428571428571
36,11,0,5.0
36,12,0,5.666666666666667
36,13,0,5.666666666666667
36,14,0,5.666666666666667
36,15,0,6.818181818181818
36,16,0,6.818181818181818
36,17,0,6.818181818181818
36,18,0,7.416666666666667
36,19,0,8.153846153846153
36,20,0,8.153846153846153
36,21,0,9.2
36,22,0,9.2
36,23,0,9.625
36,24,0,10.176470588235293
36,25,0,10.176470588235293
36,26,0,10.176470588235293
36,27,0,10.722222222222221
36,28,0,11.263157894736842
36,29,0,11.75
36,30,0,11.75
36,31,0,11.818181818181818
36,32,0,12.347826086956522
36,33,0,12.347826086956522
36,34,0,12.875
37,0,0,0
37,1,0,0
37,2,0,0
37,3,0,3.0
37,4,0,3.0
37,5,0,3.0
37,6,0,3.0
37,7,0,4.333333333333333
37,8,0,4.75
37,9,0,5.4
37,10,0,5.4
37,11,0,5.4
37,12,0,6.166666666666667
37,13,0,7.0
37,14,0,7.0
37,15,0,7.625
37,16,0,8.333333333333334
37,17,0,8.9
37,18,0,8.9
37,19,0,8.9
37,20,0,9.636363636363637
37,21,0,10.25
37,22,0,10.25
37,23,0,10.25
37,24,0,11.076923076923077
37,25,0,11.714285714285714
37,26,1,11.176470588235293
37,27,1,11.176470588235293
37,28,0,11.368421052631579
37,29,0,12.0
37,30,0,11.714285714285714
37,31,0,12.227272727272727
37,32,0,12.826086956521738
37,33,0,12.826086956521738
37,34,1,12.375
38,0,0,0
38,1,0,0
38,2,0,0
38,3,0,0
38,4,0,4.0
38,5,0,3.5
38,6,0,4.333333333333333
38,7,0,4.333333333333333
38,8,0,4.6
38,9,0,4.6
38,10,0,4.6
38,11,0,5.428571428571429
38,12,0,5.428571428571429
38,13,0,5.428571428571429
38,14,0,6.125
38,15,0,6.333333333333333
38,16,0,6.333333333333333
38,17,0,7.363636363636363
38,18,0,7.363636363636363
38,19,0,7.363636363636363
38,20,0,8.083333333333334
38,21,0,8.384615384615385
38,22,0,8.384615384615385
38,23,0,8.384615384615385
38,24,0,9.0
38,25,0,9.466666666666667
38,26,0,9.466666666666667
38,27,0,10.0
38,28,0,10.0
38,29,0,10.0
38,30,1,10.473684210526315
38,31,0,10.1
38,32,0,10.619047619047619
38,33,0,10.73913043478261
38,34,0,10.73913043478261
39,0,0,0
39,1,0,0
39,2,0,0
39,3,0,3.0
39,4,0,3.0
39,5,0,3.6666666666666665
39,6,0,3.6666666666666665
39,7,0,4.25
39,8,0,4.25
39,9,0,5.333333333333333
39,10,0,5.333333333333333
39,11,0,5.333333333333333
39,12,0,5.714285714285714
39,13,0,6.25
39,14,0,6.25
39,15,0,6.777777777777778
39,16,0,7.1
39,17,0,7.1
39,18,0,7.1
39,19,0,7.636363636363637
39,20,0,8.083333333333334
39,21,0,8.083333333333334
39,22,0,8.785714285714286
39,23,0,8.785714285714286
39,24,0,9.066666666666666
39,25,0,9.066666666666666
39,26,0,9.625
39,27,0,10.0
39,28,0,10.0
39,29,1,10.5
39,30,0,10.45
39,31,0,10.45
39,32,0,10.454545454545455
39,33,0,11.0
39,34,0,11.291666666666666
40,0,0,0
40,1,0,0
40,2,0,0
40,3,0,0
40,4,0,3.5
40,5,0,3.5
40,6,0,3.5
40,7,0,3.5
40,8,0,5.0
40,9,0,5.0
40,10,0,5.4
40,11,0,6.0
40,12,0,6.285714285714286
40,13,0,6.285714285714286
40,14,0,6.285714285714286
40,15,0,7.222222222222222
40,16,0,7.222222222222222
40,17,0,7.222222222222222
40,18,0,8.0
40,19,0,8.181818181818182
40,20,0,8.181818181818182
40,21,0,8.181818181818182
40,22,0,9.23076923076923
40,23,0,9.23076923076923
40,24,0,9.5
40,25,0,9.5
40,26,0,10.333333333333334
40,27,0,9.8125
40,28,0,10.777777777777779
40,29,0,10.777777777777779
40,30,0,10.777777777777779
40,31,0,11.105263157894736
40,32,0,11.85
40,33,0,11.85
40,34,0,11.85
41,0,0,0
41,1,0,0
41,2,0,0
41,3,0,3.0
41,4,0,3.5
41,5,0,3.5
41,6,0,3.5
41,7,0,4.75
41,8,0,4.75
41,9,0,4.75
41,10,0,5.833333333333333
41,11,0,5.833333333333333
41,12,0,6.142857142857143
41,13,0,6.625
41,14,0,7.0
41,15,0,7.4
41,16,0,7.4
41,17,0,8.25
41,18,0,7.769230769230769
41,19,0,7.769230769230769
41,20,0,8.285714285714286
41,21,0,8.8
41,22,0,8.8
41,23,0,9.3125
41,24,0,9.823529411764707
41,25,0,10.333333333333334
41,26,0,9.894736842105264
41,27,0,9.894736842105264
41,28,0,11.0
41,29,0,11.0
41,30,0,10.590909090909092
41,31,0,10.590909090909092
41,32,0,11.75
41,33,0,11.36
41,34,1,11.36
42,0,0,0
42,1,0,0
42,2,0,2.0
42,3,0,2.0
42,4,0,3.0
42,5,0,3.0
42,6,0,3.6666666666666665
42,7,0,4.25
42,8,0,4.25
42,9,0,4.6
42,10,0,5.0
42,11,0,5.0
42,12,0,5.571428571428571
42,13,0,5.875
42,14,0,6.222222222222222
42,15,0,6.6
42,16,0,6.6
42,17,0,6.6
42,18,0,7.090909090909091
42,19,0,7.416666666666667
42,20,0,7.416666666666667
42,21,0,7.416666666666667
42,22,0,8.428571428571429
42,23,0,8.428571428571429
42,24,0,8.428571428571429
42,25,0,8.428571428571429
42,26,0,9.5
42,27,0,9.5
42,28,0,10.117647058823529
42,29,0,10.117647058823529
42,30,0,10.666666666666666
42,31,0,11.263157894736842
42,32,0,11.263157894736842
42,33,0,11.8
42,34,0,11.8
43,0,0,0
43,1,0,0
43,2,0,0
43,3,0,0
43,4,0,3.0
43,5,0,3.5
43,6,0,3.5
43,7,0,3.5
43,8,0,4.75
43,9,0,4.75
43,10,0,5.4
43,11,0,5.4
43,12,0,6.0
43,13,0,6.571428571428571
43,14,0,6.571428571428571
43,15,0,6.571428571428571
43,16,0,7.375
43,17,0,7.888888888888889
43,18,0,7.888888888888889
43,19,0,7.888888888888889
43,20,0,9.181818181818182
43,21,0,9.181818181818182
43,22,0,9.833333333333334
43,23,0,9.833333333333334
43,24,0,9.785714285714286
43,25,0,9.785714285714286
43,26,0,10.466666666666667
43,27,0,11.0625
43,28,0,11.0625
43,29,0,11.647058823529411
43,30,0,12.222222222222221
43,31,0,12.222222222222221
43,32,0,13.35
43,33,0,13.35
43,34,0,14.363636363636363
44,0,0,0
44,1,0,0
44,2,0,0
44,3,0,0
44,4,0,4.0
44,5,0,3.5
44,6,0,3.5
44,7,0,4.0
44,8,0,4.0
44,9,0,4.25
44,10,0,4.8
44,11,0,4.8
44,12,0,5.5
44,13,0,5.857142857142857
44,14,0,5.857142857142857
44,15,0,5.857142857142857
44,16,0,6.625
44,17,0,7.222222222222222
44,18,0,7.222222222222222
44,19,0,8.0
44,20,0,8.0
44,21,0,8.636363636363637
44,22,0,9.333333333333334
44,23,0,9.333333333333334
44,24,0,9.333333333333334
44,25,0,10.714285714285714
44,26,0,10.714285714285714
44,27,0,11.4
44,28,0,12.0
44,29,0,12.0
44,30,0,12.055555555555555
44,31,0,12.055555555555555
44,32,0,12.666666666666666
44,33,0,12.666666666666666
44,34,0,12.666666666666666
45,0,0,0
45,1,0,0
45,2,0,0
45,3,0,0
45,4,0,3.0
45,5,0,3.0
45,6,0,3.0
45,7,0,3.0
45,8,0,4.5
45,9,0,4.5
45,10,0,4.5
45,11,0,5.666666666666667
45,12,0,5.666666666666667
45,13,0,5.666666666666667
45,14,0,6.428571428571429
45,15,0,7.0
45,16,0,7.0
45,17,0,7.777777777777778
45,18,0,7.1
45,19,0,8.25
45,20,0,8.25
45,21,0,8.923076923076923
45,22,0,8.428571428571429
45,23,0,9.5625
45,24,0,9.5625
45,25,0,10.117647058823529
45,26,0,10.61111111111111
45,27,0,10.61111111111111
45,28,0,11.45
45,29,0,11.45
45,30,0,11.45
45,31,0,11.45
45,32,0,12.5
45,33,0,12.5
45,34,0,12.5
46,0,0,0
46,1,0,0
46,2,0,0
46,3,0,0
46,4,0,3.5
46,5,0,3.5
46,6,0,3.5
46,7,0,3.5
46,8,0,5.5
46,9,0,5.5
46,10,0,6.0
46,11,0,6.5
46,12,0,6.5
46,13,0,7.625
46,14,0,7.625
46,15,0,7.777777777777778
46,16,0,7.777777777777778
46,17,0,8.3
46,18,0,8.545454545454545
46,19,0,8.545454545454545
46,20,0,8.545454545454545
46,21,0,9.538461538461538
46,22,0,9.538461538461538
46,23,0,9.538461538461538
46,24,0,10.0
46,25,0,10.466666666666667
46,26,0,10.8125
46,27,0,10.8125
46,28,0,10.8125
46,29,1,11.294117647058824
46,30,1,11.210526315789474
46,31,1,11.210526315789474
46,32,0,10.85
46,33,0,11.863636363636363
46,34,0,11.565217391304348
47,0,0,0
47,1,0,0
47,2,0,0
47,3,0,3.0
47,4,0,3.5
47,5,0,3.6666666666666665
47,6,0,4.25
47,7,0,4.25
47,8,0,4.8
47,9,0,5.166666666666667
47,10,0,5.166666666666667
47,11,0,5.166666666666667
47,12,0,6.25
47,13,0,6.25
47,14,0,6.25
47,15,0,6.666666666666667
47,16,0,7.3
47,17,0,7.3
47,18,0,7.3
47,19,0,7.909090909090909
47,20,0,8.583333333333334
47,21,0,8.583333333333334
47,22,0,9.153846153846153
47,23,0,9.153846153846153
47,24,0,10.333333333333334
47,25,0,10.333333333333334
47,26,0,10.75
47,27,0,10.75
47,28,0,11.411764705882353
47,29,0,11.411764705882353
47,30,0,11.944444444444445
47,31,0,12.1
47,32,0,12.1
47,33,0,12.181818181818182
47,34,0,12.181818181818182
48,0,0,0
48,1,0,0
48,2,0,0
48,3,0,3.0
48,4,0,3.0
48,5,0,3.6666666666666665
48,6,0,4.0
48,7,0,4.0
48,8,0,4.4
48,9,0,5.0
48,10,0,5.285714285714286
48,11,0,5.5
48,12,0,5.5
48,13,0,5.5
48,14,0,6.111111111111111
48,15,0,6.6
48,16,0,6.909090909090909
48,17,0,6.909090909090909
48,18,0,6.909090909090909
48,19,0,7.5
48,20,0,8.0
48,21,0,8.0
48,22,0,8.428571428571429
48,23,0,9.0
48,24,0,9.0
48,25,0,9.823529411764707
48,26,0,9.823529411764707
48,27,0,9.823529411764707
48,28,0,9.823529411764707
48,29,0,10.631578947368421
48,30,0,10.631578947368421
48,31,0,10.631578947368421
48,32,0,11.1
48,33,0,11.523809523809524
48,34,0,11.523809523809524
49,0,0,0
49,1,0,0
49,2,0,0
49,3,0,0
49,4,0,4.0
49,5,0,4.0
49,6,0,4.0
49,7,0,4.666666666666667
49,8,0,5.5
49,9,0,5.5
49,10,0,6.0
49,11,0,6.0
49,12,0,6.833333333333333
49,13,0,6.833333333333333
49,14,0,7.875
49,15,0,7.875
49,16,0,8.333333333333334
49,17,0,8.333333333333334
49,18,0,9.0
49,19,0,9.454545454545455
49,20,0,10.083333333333334
49,21,0,10.083333333333334
49,22,0,11.071428571428571
49,23,0,11.071428571428571
49,24,0,11.071428571428571
49,25,0,11.533333333333333
49,26,0,12.0
49,27,0,12.0
49,28,0,12.529411764705882
49,29,0,13.0
49,30,0,13.0
49,31,0,13.0
49,32,0,13.578947368421053
49,33,0,14.0
49,34,0,14.0
50,0,0,0
50,1,0,0
50,2,0,0
50,3,0,0
50,4,0,4.0
50,5,0,4.0
50,6,0,4.0
50,7,0,4.333333333333333
50,8,0,4.333333333333333
50,9,0,5.0
50,10,0,5.0
50,11,0,5.166666666666667
50,12,0,5.166666666666667
50,13,0,5.571428571428571
50,14,0,5.875
50,15,0,5.875
50,16,0,6.222222222222222
50,17,0,6.222222222222222
50,18,0,6.8
50,19,0,6.8
50,20,0,7.2727272727272725
50,21,0,7.75
50,22,0,7.75
50,23,0,8.307692307692308
50,24,0,8.857142857142858
50,25,0,8.857142857142858
50,26,0,9.4
50,27,0,9.4
50,28,0,10.352941176470589
50,29,0,10.352941176470589
50,30,0,10.722222222222221
50,31,0,11.263157894736842
50,32,0,11.65
50,33,0,11.65
50,34,0,12.19047619047619
51,0,0,0
51,1,0,0
51,2,0,0
51,3,0,3.0
51,4,0,3.0
51,5,0,3.3333333333333335
51,6,0,3.3333333333333335
51,7,0,3.75
51,8,0,4.0
51,9,0,4.5
51,10,0,4.5
51,11,0,4.5
51,12,0,5.5
51,13,0,5.5
51,14,0,5.888888888888889
51,15,0,6.2
51,16,0,6.2
51,17,0,6.636363636363637
51,18,0,6.636363636363637
51,19,0,7.384615384615385
51,20,0,7.384615384615385
51,21,0,7.384615384615385
51,22,0,7.785714285714286
51,23,0,8.333333333333334
51,24,0,8.333333333333334
51,25,0,8.8125
51,26,0,9.352941176470589
51,27,0,9.722222222222221
51,28,0,9.722222222222221
51,29,0,9.9
51,30,0,9.9
51,31,0,10.333333333333334
51,32,0,10.521739130434783
51,33,0,10.521739130434783
51,34,0,10.958333333333334
52,0,0,0
52,1,0,0
52,2,0,0
52,3,0,3.0
52,4,0,3.0
52,5,0,3.3333333333333335
52,6,0,3.5
52,7,0,3.5
52,8,0,4.2
52,9,0,4.666666666666667
52,10,0,5.142857142857143
52,11,0,5.142857142857143
52,12,0,6.111111111111111
52,13,0,6.111111111111111
52,14,0,6.6
52,15,0,7.090909090909091
52,16,0,7.090909090909091
52,17,0,7.090909090909091
52,18,0,8.153846153846153
52,19,0,8.153846153846153
52,20,0,8.153846153846153
52,21,0,8.714285714285714
52,22,0,9.266666666666667
52,23,0,9.75
52,24,0,9.75
52,25,0,9.75
52,26,0,10.411764705882353
52,27,0,10.944444444444445
52,28,0,10.944444444444445
52,29,0,11.1
52,30,0,11.619047619047619
52,31,1,11.619047619047619
52,32,2,11.826086956521738
52,33,2,11.826086956521738
52,34,2,12.0
53,0,0,0
53,1,0,0
53,2,0,0
53,3,0,3.0
53,4,0,3.0
53,5,0,3.3333333333333335
53,6,0,3.3333333333333335
53,7,0,3.3333333333333335
53,8,0,3.5
53,9,0,4.0
53,10,0,4.0
53,11,0,4.333333333333333
53,12,0,4.857142857142857
53,13,0,5.25
53,14,0,5.25
53,15,0,5.25
53,16,0,6.0
53,17,0,6.0
53,18,0,6.363636363636363
53,19,0,6.916666666666667
53,20,0,6.916666666666667
53,21,0,6.916666666666667
53,22,0,7.857142857142857
53,23,0,7.857142857142857
53,24,0,7.857142857142857
53,25,0,8.466666666666667
53,26,0,8.9375
53,27,0,8.9375
53,28,0,9.777777777777779
53,29,0,9.777777777777779
53,30,0,10.263157894736842
53,31,0,10.263157894736842
53,32,0,10.75
53,33,0,11.238095238095237
53,34,0,11.681818181818182
54,0,0,0
54,1,0,0
54,2,0,2.0
54,3,0,2.0
54,4,0,2.0
54,5,0,3.6666666666666665
54,6,0,3.6666666666666665
54,7,0,4.25
54,8,0,4.8
54,9,0,5.333333333333333
54,10,0,5.333333333333333
54,11,0,5.333333333333333
54,12,0,6.0
54,13,0,6.625
54,14,0,6.625
54,15,0,7.333333333333333
54,16,0,7.333333333333333
54,17,0,8.0
54,18,0,8.0
54,19,0,8.727272727272727
54,20,0,8.727272727272727
54,21,0,9.5
54,22,0,10.076923076923077
54,23,0,10.076923076923077
54,24,0,10.076923076923077
54,25,0,11.4
54,26,0,11.4
54,27,0,11.4
54,28,0,12.0625
54,29,0,12.764705882352942
54,30,0,12.764705882352942
54,31,0,12.166666666666666
54,32,0,13.5
54,33,0,13.5
54,34,0,12.952380952380953
55,0,0,0
55,1,0,0
55,2,0,2.0
55,3,0,2.0
55,4,0,3.3333333333333335
55,5,0,3.3333333333333335
55,6,0,3.3333333333333335
55,7,0,3.3333333333333335
55,8,0,4.6
55,9,0,4.6
55,10,0,5.333333333333333
55,11,0,5.333333333333333
55,12,0,5.857142857142857
55,13,0,5.857142857142857
55,14,0,6.75
55,15,0,7.222222222222222
55,16,0,7.222222222222222
55,17,0,7.9
55,18,0,8.181818181818182
55,19,0,8.181818181818182
55,20,0,8.833333333333334
55,21,0,8.833333333333334
55,22,0,9.307692307692308
55,23,0,9.307692307692308
55,24,0,10.071428571428571
55,25,0,10.071428571428571
55,26,0,11.25
55,27,0,11.25
55,28,0,11.25
55,29,0,11.588235294117647
55,30,0,12.277777777777779
55,31,0,12.473684210526315
55,32,0,11.95
55,33,0,11.95
55,34,0,12.772727272727273
56,0,0,0
56,1,0,0
56,2,0,2.0
56,3,0,2.5
56,4,0,2.5
56,5,0,3.0
56,6,0,3.0
56,7,0,3.75
56,8,0,4.4
56,9,0,4.4
56,10,0,5.428571428571429
56,11,0,5.428571428571429
56,12,0,5.428571428571429
56,13,0,5.875
56,14,0,6.555555555555555
56,15,0,6.9
56,16,0,6.9
56,17,0,7.545454545454546
56,18,0,7.545454545454546
56,19,0,8.0
56,20,0,8.615384615384615
56,21,0,8.928571428571429
56,22,0,8.928571428571429
56,23,0,9.533333333333333
56,24,0,9.875
56,25,0,9.875
56,26,0,10.470588235294118
56,27,0,10.470588235294118
56,28,0,10.944444444444445
56,29,0,11.578947368421053
56,30,0,11.578947368421053
56,31,0,12.05
56,32,0,12.05
56,33,0,13.136363636363637
56,34,0,12.652173913043478
57,0,0,0
57,1,0,0
57,2,0,0
57,3,0,0
57,4,0,3.5
57,5,0,3.5
57,6,0,3.5
57,7,0,4.333333333333333
57,8,0,5.0
57,9,0,5.6
57,10,0,6.0
57,11,0,6.0
57,12,0,6.428571428571429
57,13,0,6.428571428571429
57,14,0,7.125
57,15,0,7.666666666666667
57,16,0,7.666666666666667
57,17,0,8.3
57,18,0,8.3
57,19,0,8.909090909090908
57,20,0,9.416666666666666
57,21,0,9.846153846153847
57,22,0,9.846153846153847
57,23,0,9.846153846153847
57,24,0,10.933333333333334
57,25,0,10.933333333333334
57,26,0,11.4375
57,27,0,11.4375
57,28,0,12.555555555555555
57,29,0,12.555555555555555
57,30,0,13.0
57,31,0,13.55
57,32,0,13.0
57,33,0,14.043478260869565
57,34,0,13.541666666666666
58,0,0,0
58,1,0,0
58,2,0,0
58,3,0,2.5
58,4,0,2.5
58,5,0,3.0
58,6,0,3.5
58,7,0,3.5
58,8,0,4.2
58,9,0,4.2
58,10,0,5.142857142857143
58,11,0,5.142857142857143
58,12,0,5.142857142857143
58,13,0,5.875
58,14,0,6.444444444444445
58,15,0,6.444444444444445
58,16,0,7.1
58,17,0,7.636363636363637
58,18,0,7.636363636363637
58,19,0,8.333333333333334
58,20,0,8.846153846153847
58,21,0,8.846153846153847
58,22,0,9.428571428571429
58,23,0,10.0
58,24,0,10.0
58,25,0,11.117647058823529
58,26,0,11.117647058823529
58,27,0,11.117647058823529
58,28,0,12.263157894736842
58,29,0,12.263157894736842
58,30,0,12.75
58,31,0,13.333333333333334
58,32,0,13.333333333333334
58,33,0,13.333333333333334
58,34,0,13.909090909090908
59,0,0,0
59,1,0,0
59,2,0,0
59,3,0,0
59,4,0,4.0
59,5,0,4.0
59,6,0,4.0
59,7,0,4.0
59,8,0,5.75
59,9,0,5.75
59,10,0,5.75
59,11,0,5.75
59,12,0,7.333333333333333
59,13,0,7.333333333333333
59,14,0,7.857142857142857
59,15,0,8.5
59,16,0,8.5
59,17,0,8.5
59,18,0,9.8
59,19,0,9.8
59,20,0,9.8
59,21,0,10.363636363636363
59,22,0,11.083333333333334
59,23,0,11.083333333333334
59,24,0,11.692307692307692
59,25,0,11.692307692307692
59,26,0,12.866666666666667
59,27,0,12.866666666666667
59,28,0,13.4375
59,29,0,13.4375
59,30,0,14.117647058823529
59,31,0,14.61111111111111
59,32,0,15.157894736842104
59,33,0,15.157894736842104
59,34,0,16.19047619047619
60,0,0,0
60,1,0,0
60,2,0,0
60,3,0,3.0
60,4,0,3.5
60,5,0,3.5
60,6,0,3.6666666666666665
60,7,0,4.5
60,8,0,4.5
60,9,0,4.5
60,10,0,5.833333333333333
60,11,0,5.833333333333333
60,12,0,6.875
60,13,0,6.875
60,14,0,6.875
60,15,0,7.222222222222222
60,16,0,7.9
60,17,0,7.9
60,18,0,8.363636363636363
60,19,0,8.363636363636363
60,20,0,9.166666666666666
60,21,0,9.166666666666666
60,22,0,9.692307692307692
60,23,0,9.692307692307692
60,24,0,10.285714285714286
60,25,0,10.866666666666667
60,26,0,10.866666666666667
60,27,0,11.5
60,28,0,12.0
60,29,0,12.555555555555555
60,30,0,11.947368421052632
60,31,0,11.947368421052632
60,32,0,12.5
60,33,0,13.095238095238095
60,34,0,13.095238095238095
61,0,0,0
61,1,0,0
61,2,0,2.0
61,3,0,2.5
61,4,0,2.5
61,5,0,2.5
61,6,0,3.0
61,7,0,3.75
61,8,0,3.75
61,9,0,4.4
61,10,0,4.4
61,11,0,5.0
61,12,0,5.0
61,13,0,6.25
61,14,0,6.25
61,15,0,6.25
61,16,0,6.888888888888889
61,17,0,7.5
61,18,0,7.5
61,19,0,8.181818181818182
61,20,0,8.833333333333334
61,21,0,8.833333333333334
61,22,0,8.833333333333334
61,23,0,9.538461538461538
61,24,0,10.142857142857142
61,25,0,10.142857142857142
61,26,0,10.8
61,27,0,11.4375
61,28,0,11.4375
61,29,0,12.0
61,30,0,12.0
61,31,0,12.666666666666666
61,32,0,13.210526315789474
61,33,0,13.85
61,34,0,13.85
62,0,0,0
62,1,0,0
62,2,0,0
62,3,0,0
62,4,0,4.0
62,5,0,4.0
62,6,0,4.0
62,7,0,5.0
62,8,0,5.5
62,9,0,5.5
62,10,0,5.5
62,11,0,6.666666666666667
62,12,0,6.666666666666667
62,13,0,7.142857142857143
62,14,0,7.142857142857143
62,15,0,7.75
62,16,0,8.333333333333334
62,17,0,8.333333333333334
62,18,0,9.0
62,19,0,9.545454545454545
62,20,0,9.545454545454545
62,21,0,10.166666666666666
62,22,0,10.76923076923077
62,23,0,10.76923076923077
62,24,0,11.142857142857142
62,25,0,11.142857142857142
62,26,0,12.0
62,27,0,12.0
62,28,0,12.0
62,29,0,12.529411764705882
62,30,0,12.833333333333334
62,31,0,12.833333333333334
62,32,0,12.833333333333334
62,33,0,13.75
62,34,0,13.75
63,0,0,0
63,1,0,0
63,2,0,2.0
63,3,0,2.0
63,4,0,3.0
63,5,0,3.0
63,6,0,3.5
63,7,0,3.5
63,8,0,4.0
63,9,0,4.0
63,10,0,4.833333333333333
63,11,0,4.833333333333333
63,12,0,5.571428571428571
63,13,0,5.571428571428571
63,14,0,6.777777777777778
63,15,0,6.777777777777778
63,16,0,6.777777777777778
63,17,0,6.777777777777778
63,18,0,8.0
63,19,0,8.0
63,20,0,8.0
63,21,0,8.538461538461538
63,22,0,8.538461538461538
63,23,0,8.538461538461538
63,24,0,8.538461538461538
63,25,0,9.333333333333334
63,26,0,9.333333333333334
63,27,0,9.333333333333334
63,28,0,9.625
63,29,0,10.176470588235293
63,30,0,10.176470588235293
63,31,0,11.0
63,32,0,11.0
63,33,0,11.761904761904763
63,34,0,11.761904761904763
64,0,0,0
64,1,0,0
64,2,0,0
64,3,0,2.5
64,4,0,2.5
64,5,0,2.5
64,6,0,4.0
64,7,0,4.0
64,8,0,4.833333333333333
64,9,0,4.833333333333333
64,10,0,4.833333333333333
64,11,0,5.428571428571429
64,12,0,6.125
64,13,0,6.125
64,14,0,6.666666666666667
64,15,0,7.3
64,16,0,7.818181818181818
64,17,0,7.818181818181818
64,18,0,8.5
64,19,0,9.0
64,20,0,9.0
64,21,0,10.066666666666666
64,22,0,10.066666666666666
64,23,0,10.066666666666666
64,24,0,10.066666666666666
64,25,0,11.176470588235293
64,26,0,11.176470588235293
64,27,0,11.176470588235293
64,28,0,11.88888888888889
64,29,0,12.31578947368421
64,30,0,12.31578947368421
64,31,0,12.31578947368421
64,32,0,13.428571428571429
64,33,0,13.428571428571429
64,34,0,13.428571428571429
65,0,0,0
65,1,0,0
65,2,0,2.0
65,3,0,2.5
65,4,0,2.6666666666666665
65,5,0,2.6666666666666665
65,6,0,3.0
65,7,0,3.0
65,8,0,3.0
65,9,0,3.7142857142857144
65,10,0,3.7142857142857144
65,11,0,4.25
65,12,0,4.25
65,13,0,5.2
65,14,0,5.2
65,15,0,5.2
65,16,0,6.083333333333333
65,17,0,6.083333333333333
65,18,0,6.6923076923076925
65,19,0,6.928571428571429
65,20,0,7.333333333333333
65,21,0,7.5625
65,22,0,7.5625
65,23,0,8.058823529411764
65,24,0,8.058823529411764
65,25,0,8.789473684210526
65,26,0,8.789473684210526
65,27,0,8.789473684210526
65,28,0,9.15
65,29,0,9.714285714285714
65,30,0,10.0
65,31,0,10.0
65,32,0,10.521739130434783
65,33,0,10.833333333333334
65,34,0,10.833333333333334
66,0,0,0
66,1,0,0
66,2,0,2.0
66,3,0,2.0
66,4,0,2.0
66,5,0,2.5
66,6,0,2.5
66,7,0,3.0
66,8,0,3.5
66,9,0,3.5
66,10,0,3.5
66,11,0,4.142857142857143
66,12,0,4.75
66,13,0,4.75
66,14,0,4.75
66,15,0,5.333333333333333
66,16,0,6.0
66,17,0,6.0
66,18,0,6.636363636363637
66,19,0,6.636363636363637
66,20,0,7.416666666666667
66,21,0,7.416666666666667
66,22,0,8.714285714285714
66,23,0,8.714285714285714
66,24,0,8.714285714285714
66,25,0,9.4
66,26,0,10.0
66,27,0,10.0
66,28,0,10.0
66,29,0,11.11111111111111
66,30,0,11.11111111111111
66,31,0,11.736842105263158
66,32,0,12.25
66,33,0,12.25
66,34,0,12.857142857142858
67,0,0,0
67,1,0,0
67,2,0,0
67,3,0,0
67,4,0,4.0
67,5,0,3.5
67,6,0,3.5
67,7,0,4.0
67,8,0,5.0
67,9,0,5.0
67,10,0,4.8
67,11,0,4.8
67,12,0,5.333333333333333
67,13,0,5.333333333333333
67,14,0,5.571428571428571
67,15,0,5.875
67,16,0,5.875
67,17,0,5.875
67,18,0,6.7
67,19,0,6.7
67,20,0,6.909090909090909
67,21,0,6.909090909090909
67,22,0,7.416666666666667
67,23,0,7.416666666666667
67,24,0,7.6923076923076925
67,25,0,7.6923076923076925
67,26,0,8.357142857142858
67,27,0,8.357142857142858
67,28,0,8.8
67,29,0,9.4375
67,30,0,9.764705882352942
67,31,0,10.38888888888889
67,32,0,10.68421052631579
67,33,0,10.68421052631579
67,34,0,11.3
68,0,0,0
68,1,0,1.0
68,2,0,1.0
68,3,0,1.5
68,4,0,2.3333333333333335
68,5,0,2.3333333333333335
68,6,0,2.5
68,7,0,2.5
68,8,0,3.6666666666666665
68,9,0,3.6666666666666665
68,10,0,3.6666666666666665
68,11,0,4.428571428571429
68,12,0,4.75
68,13,0,4.75
68,14,0,5.3
68,15,0,4.909090909090909
68,16,0,4.909090909090909
68,17,0,4.909090909090909
68,18,0,5.642857142857143
68,19,0,5.642857142857143
68,20,0,6.375
68,21,0,6.375
68,22,0,6.375
68,23,0,7.0588235294117645
68,24,0,7.166666666666667
68,25,0,7.166666666666667
68,26,0,7.894736842105263
68,27,0,7.894736842105263
68,28,0,8.15
68,29,0,8.15
68,30,0,9.045454545454545
68,31,0,9.045454545454545
68,32,0,9.045454545454545
68,33,0,9.045454545454545
68,34,0,10.0
69,0,0,0
69,1,0,0
69,2,0,0
69,3,0,3.0
69,4,0,3.0
69,5,0,4.0
69,6,0,4.0
69,7,0,4.0
69,8,0,4.0
69,9,0,4.5
69,10,0,5.0
69,11,0,5.333333333333333
69,12,0,5.333333333333333
69,13,0,5.857142857142857
69,14,0,5.857142857142857
69,15,0,6.375
69,16,0,6.375
69,17,0,7.3
69,18,0,7.3
69,19,0,7.3
69,20,0,8.0
69,21,0,8.0
69,22,0,8.0
69,23,0,8.615384615384615
69,24,0,8.428571428571429
69,25,0,8.933333333333334
69,26,0,8.933333333333334
69,27,0,8.933333333333334
69,28,0,9.352941176470589
69,29,0,9.352941176470589
69,30,0,9.352941176470589
69,31,0,9.352941176470589
69,32,0,10.0
69,33,0,10.0
69,34,0,10.0
70,0,0,0
70,1,0,0
70,2,0,2.0
70,3,0,2.0
70,4,0,3.0
70,5,0,3.6666666666666665
70,6,0,4.0
70,7,0,4.0
70,8,0,4.6
70,9,0,5.166666666666667
70,10,0,5.166666666666667
70,11,0,5.857142857142857
70,12,0,6.375
70,13,0,6.375
70,14,0,6.375
70,15,0,7.5
70,16,0,7.5
70,17,0,7.909090909090909
70,18,0,8.583333333333334
70,19,0,8.583333333333334
70,20,0,9.0
70,21,0,9.0
70,22,0,9.714285714285714
70,23,0,10.2
70,24,0,10.2
70,25,0,10.9375
70,26,0,10.88888888888889
70,27,4,11.526315789473685
70,28,5,11.1
70,29,5,11.761904761904763
70,30,6,11.91304347826087
70,31,6,11.91304347826087
70,32,5,12.28
70,33,5,12.28
70,34,4,12.62962962962963
71,0,0,0
71,1,0,0
71,2,0,0
71,3,0,2.0
71,4,0,2.0
71,5,0,2.6666666666666665
71,6,0,2.6666666666666665
71,7,0,3.25
71,8,0,3.8
71,9,0,3.8
71,10,0,4.166666666666667
71,11,0,4.714285714285714
71,12,0,4.714285714285714
71,13,0,4.714285714285714
71,14,0,5.777777777777778
71,15,0,5.777777777777778
71,16,0,5.777777777777778
71,17,0,5.777777777777778
71,18,0,7.090909090909091
71,19,0,7.090909090909091
71,20,0,7.090909090909091
71,21,0,7.75
71,22,0,8.384615384615385
71,23,0,8.928571428571429
71,24,0,8.928571428571429
71,25,0,8.928571428571429
71,26,0,10.25
71,27,0,10.25
71,28,0,10.705882352941176
71,29,0,11.333333333333334
71,30,0,10.842105263157896
71,31,0,10.842105263157896
71,32,0,12.0
71,33,0,12.0
71,34,0,12.0
72,0,0,0
72,1,0,0
72,2,0,2.0
72,3,0,2.5
72,4,0,2.5
72,5,0,3.0
72,6,0,3.5
72,7,0,3.5
72,8,0,4.2
72,9,0,4.666666666666667
72,10,0,4.666666666666667
72,11,0,5.285714285714286
72,12,0,5.875
72,13,0,5.777777777777778
72,14,0,5.777777777777778
72,15,0,6.363636363636363
72,16,0,6.363636363636363
72,17,0,6.363636363636363
72,18,0,6.916666666666667
72,19,0,7.153846153846154
72,20,0,7.153846153846154
72,21,0,7.642857142857143
72,22,0,8.0
72,23,0,8.0
72,24,0,8.0
72,25,0,8.882352941176471
72,26,0,8.882352941176471
72,27,0,8.882352941176471
72,28,0,9.222222222222221
72,29,0,9.736842105263158
72,30,0,9.736842105263158
72,31,0,10.15
72,32,0,10.714285714285714
72,33,0,10.714285714285714
72,34,0,11.136363636363637
73,0,0,0
73,1,0,0
73,2,0,0
73,3,0,3.0
73,4,0,3.5
73,5,0,3.5
73,6,0,3.5
73,7,0,4.333333333333333
73,8,0,5.0
73,9,0,5.0
73,10,0,6.166666666666667
73,11,0,6.166666666666667
73,12,0,6.166666666666667
73,13,0,6.166666666666667
73,14,0,7.375
73,15,0,7.375
73,16,0,7.888888888888889
73,17,0,8.4
73,18,0,8.4
73,19,0,9.0
73,20,0,9.5
73,21,0,9.5
73,22,0,10.076923076923077
73,23,0,10.642857142857142
73,24,0,10.642857142857142
73,25,0,10.642857142857142
73,26,0,11.8125
73,27,0,11.8125
73,28,0,11.8125
73,29,0,12.88888888888889
73,30,0,12.88888888888889
73,31,0,12.88888888888889
73,32,0,12.88888888888889
73,33,0,13.9
73,34,0,13.9
74,0,0,0
74,1,0,0
74,2,0,2.0
74,3,0,2.0
74,4,0,3.0
74,5,0,3.6666666666666665
74,6,0,3.25
74,7,0,4.0
74,8,0,4.333333333333333
74,9,0,4.333333333333333
74,10,0,4.857142857142857
74,11,0,5.25
74,12,0,5.777777777777778
74,13,0,5.777777777777778
74,14,0,5.777777777777778
74,15,0,6.4
74,16,0,7.0
74,17,0,7.416666666666667
74,18,0,7.416666666666667
74,19,0,7.923076923076923
74,20,0,8.571428571428571
74,21,0,8.571428571428571
74,22,0,9.066666666666666
74,23,0,9.066666666666666
74,24,0,9.75
74,25,0,9.75
74,26,0,10.294117647058824
74,27,0,10.944444444444445
74,28,0,10.944444444444445
74,29,0,10.944444444444445
74,30,0,12.25
74,31,0,12.25
74,32,0,12.25
74,33,0,12.904761904761905
74,34,0,13.5
75,0,0,0
75,1,0,0
75,2,0,0
75,3,0,3.0
75,4,0,3.0
75,5,0,3.3333333333333335
75,6,0,3.3333333333333335
75,7,0,4.0
75,8,0,4.0
75,9,0,4.333333333333333
75,10,0,4.857142857142857
75,11,0,4.857142857142857
75,12,0,5.25
75,13,0,5.777777777777778
75,14,0,5.777777777777778
75,15,0,6.2
75,16,0,6.7272727272727275
75,17,0,6.7272727272727275
75,18,0,7.25
75,19,0,7.384615384615385
75,20,0,7.384615384615385
75,21,0,7.384615384615385
75,22,0,8.266666666666667
75,23,0,8.266666666666667
75,24,0,8.5625
75,25,0,8.5625
75,26,0,9.5
75,27,0,9.5
75,28,0,9.5
75,29,0,10.157894736842104
75,30,0,10.5
75,31,0,10.5
75,32,0,10.5
75,33,0,11.238095238095237
75,34,0,11.681818181818182
76,0,0,0
76,1,0,0
76,2,0,2.0
76,3,0,2.5
76,4,0,2.5
76,5,0,2.3333333333333335
76,6,0,2.3333333333333335
76,7,0,3.5
76,8,0,3.5
76,9,0,4.0
76,10,0,4.0
76,11,0,4.833333333333333
76,12,0,4.833333333333333
76,13,0,6.0
76,14,0,6.0
76,15,0,6.0
76,16,0,6.333333333333333
76,17,0,7.0
76,18,0,7.0
76,19,0,7.0
76,20,0,7.454545454545454
76,21,0,8.25
76,22,0,8.615384615384615
76,23,0,8.615384615384615
76,24,0,9.071428571428571
76,25,0,9.8
76,26,0,9.8
76,27,0,9.8
76,28,0,10.823529411764707
76,29,0,10.823529411764707
76,30,0,10.823529411764707
76,31,0,10.823529411764707
76,32,0,12.052631578947368
76,33,0,12.052631578947368
76,34,0,12.65
77,0,0,0
77,1,0,0
77,2,0,0
77,3,0,0
77,4,0,3.0
77,5,0,3.0
77,6,0,3.0
77,7,0,4.0
77,8,0,4.5
77,9,0,4.5
77,10,0,4.4
77,11,0,5.166666666666667
77,12,0,5.166666666666667
77,13,0,6.0
77,14,0,6.25
77,15,0,6.25
77,16,0,7.1
77,17,0,7.1
77,18,0,7.1
77,19,0,7.545454545454546
77,20,0,8.083333333333334
77,21,0,8.083333333333334
77,22,0,8.461538461538462
77,23,0,9.071428571428571
77,24,0,9.071428571428571
77,25,0,9.533333333333333
77,26,0,9.533333333333333
77,27,0,10.1875
77,28,0,10.1875
77,29,0,11.055555555555555
77,30,0,11.055555555555555
77,31,0,11.0
77,32,0,11.476190476190476
77,33,0,11.476190476190476
77,34,0,11.958333333333334
78,0,0,0
78,1,0,0
78,2,0,2.0
78,3,0,2.5
78,4,0,2.5
78,5,0,2.5
78,6,0,3.0
78,7,0,4.0
78,8,0,4.0
78,9,0,4.4
78,10,0,5.166666666666667
78,11,0,5.166666666666667
78,12,0,5.875
78,13,0,5.875
78,14,0,6.333333333333333
78,15,0,6.333333333333333
78,16,0,7.0
78,17,0,7.0
78,18,0,7.0
78,19,0,7.583333333333333
78,20,0,7.923076923076923
78,21,0,7.923076923076923
78,22,0,8.5
78,23,0,8.5
78,24,0,9.4375
78,25,0,9.4375
78,26,0,9.4375
78,27,0,9.941176470588236
78,28,0,10.444444444444445
78,29,0,10.894736842105264
78,30,0,10.894736842105264
78,31,0,11.45
78,32,0,11.857142857142858
78,33,0,11.857142857142858
78,34,0,11.857142857142858
79,0,0,0
79,1,0,0
79,2,0,0
79,3,0,3.0
79,4,0,3.5
79,5,0,3.5
79,6,0,3.5
79,7,0,5.25
79,8,0,5.25
79,9,0,5.25
79,10,0,5.25
79,11,0,6.5
79,12,0,6.5
79,13,0,7.285714285714286
79,14,0,7.75
79,15,0,7.75
79,16,0,8.444444444444445
79,17,0,8.444444444444445
79,18,0,9.0
79,19,0,9.0
79,20,0,9.818181818181818
79,21,0,10.416666666666666
79,22,0,10.416666666666666
79,23,0,11.642857142857142
79,24,0,11.642857142857142
79,25,0,11.642857142857142
79,26,0,12.066666666666666
79,27,0,12.6875
79,28,0,12.6875
79,29,0,12.6875
79,30,0,13.235294117647058
79,31,0,13.88888888888889
79,32,0,13.88888888888889
79,33,0,13.88888888888889
79,34,0,14.368421052631579
80,0,0,0
80,1,0,0
80,2,0,2.0
80,3,0,2.5
80,4,0,2.5
80,5,0,2.5
80,6,0,3.6666666666666665
80,7,0,4.5
80,8,0,4.5
80,9,0,4.5
80,10,0,5.142857142857143
80,11,0,5.142857142857143
80,12,0,5.875
80,13,0,5.875
80,14,0,6.666666666666667
80,15,0,6.666666666666667
80,16,0,7.4
80,17,0,8.090909090909092
80,18,0,8.090909090909092
80,19,0,8.090909090909092
80,20,0,9.615384615384615
80,21,0,9.615384615384615
80,22,0,9.615384615384615
80,23,0,10.071428571428571
80,24,0,10.8
80,25,0,10.8
80,26,0,10.8
80,27,0,12.058823529411764
80,28,0,12.058823529411764
80,29,0,12.058823529411764
80,30,0,12.555555555555555
80,31,0,13.31578947368421
80,32,0,13.31578947368421
80,33,0,13.8
80,34,0,13.8
81,0,0,0
81,1,0,0
81,2,0,0
81,3,0,0
81,4,0,4.0
81,5,0,4.0
81,6,0,3.5
81,7,0,4.666666666666667
81,8,0,4.75
81,9,0,4.75
81,10,0,4.75
81,11,0,5.8
81,12,0,6.166666666666667
81,13,0,6.166666666666667
81,14,0,7.25
81,15,0,7.25
81,16,0,7.888888888888889
81,17,0,7.888888888888889
81,18,0,8.3
81,19,0,8.3
81,20,0,9.0
81,21,0,9.0
81,22,0,9.25
81,23,0,10.0
81,24,0,10.285714285714286
81,25,0,10.285714285714286
81,26,0,10.285714285714286
81,27,0,11.0
81,28,0,11.375
81,29,0,11.375
81,30,0,11.375
81,31,0,12.176470588235293
81,32,0,12.666666666666666
81,33,0,13.368421052631579
81,34,0,13.368421052631579
82,0,0,0
82,1,0,0
82,2,0,0
82,3,0,3.0
82,4,0,3.5
82,5,0,3.5
82,6,0,3.5
82,7,0,5.0
82,8,0,5.0
82,9,0,5.833333333333333
82,10,0,5.833333333333333
82,11,0,5.833333333333333
82,12,0,5.833333333333333
82,13,0,7.125
82,14,0,7.125
82,15,0,7.125
82,16,0,7.888888888888889
82,17,0,8.5
82,18,0,8.5
82,19,0,9.25
82,20,0,9.25
82,21,0,9.25
82,22,0,9.538461538461538
82,23,0,10.142857142857142
82,24,0,10.142857142857142
82,25,0,10.466666666666667
82,26,0,9.9375
82,27,0,10.647058823529411
82,28,0,11.055555555555555
82,29,0,11.055555555555555
82,30,0,11.421052631578947
82,31,0,12.1
82,32,0,12.428571428571429
82,33,0,12.428571428571429
82,34,0,13.090909090909092
83,0,0,0
83,1,0,1.0
83,2,0,1.5
83,3,0,1.5
83,4,0,2.25
83,5,0,2.25
83,6,0,2.25
83,7,0,2.8333333333333335
83,8,0,2.8333333333333335
83,9,0,2.857142857142857
83,10,0,3.5
83,11,0,3.5
83,12,0,3.6666666666666665
83,13,0,3.6666666666666665
83,14,0,4.4
83,15,0,4.4
83,16,0,5.25
83,17,0,5.25
83,18,0,5.25
83,19,0,5.538461538461538
83,20,0,6.285714285714286
83,21,0,6.285714285714286
83,22,0,6.0
83,23,0,7.0588235294117645
83,24,0,7.0588235294117645
83,25,0,7.0588235294117645
83,26,0,7.833333333333333
83,27,0,8.210526315789474
83,28,0,8.210526315789474
83,29,0,8.210526315789474
83,30,0,9.428571428571429
83,31,0,9.428571428571429
83,32,0,10.181818181818182
83,33,0,10.181818181818182
83,34,0,10.652173913043478
84,0,0,0
84,1,0,0
84,2,0,0
84,3,0,0
84,4,0,3.5
84,5,0,3.5
84,6,0,3.6666666666666665
84,7,0,3.6666666666666665
84,8,0,4.5
84,9,0,5.0
84,10,0,5.0
84,11,0,5.0
84,12,0,6.0
84,13,0,6.285714285714286
84,14,0,6.285714285714286
84,15,0,6.285714285714286
84,16,0,7.0
84,17,0,7.333333333333333
84,18,0,7.8
84,19,0,7.8
84,20,0,8.75
84,21,0,8.75
84,22,0,8.75
84,23,0,9.714285714285714
84,24,0,9.714285714285714
84,25,0,9.714285714285714
84,26,0,10.133333333333333
84,27,0,10.75
84,28,0,10.75
84,29,0,10.75
84,30,0,11.294117647058824
84,31,0,11.944444444444445
84,32,0,12.421052631578947
84,33,0,13.05
84,34,0,13.428571428571429
85,0,0,0
85,1,0,0
85,2,0,0
85,3,0,3.0
85,4,0,3.5
85,5,0,3.5
85,6,0,2.6666666666666665
85,7,0,3.5
85,8,0,4.4
85,9,0,4.4
85,10,0,5.714285714285714
85,11,0,5.714285714285714
85,12,0,5.714285714285714
85,13,0,7.0
85,14,0,7.0
85,15,0,7.6
85,16,0,8.181818181818182
85,17,0,8.181818181818182
85,18,0,8.181818181818182
85,19,0,9.384615384615385
85,20,0,9.384615384615385
85,21,0,9.928571428571429
85,22,0,10.533333333333333
85,23,0,10.533333333333333
85,24,0,10.533333333333333
85,25,0,11.125
85,26,0,11.764705882352942
85,27,0,11.764705882352942
85,28,0,12.789473684210526
85,29,0,12.789473684210526
85,30,0,13.2
85,31,0,13.714285714285714
85,32,0,13.714285714285714
85,33,0,14.652173913043478
85,34,0,14.652173913043478
86,0,0,0
86,1,0,0
86,2,0,2.0
86,3,0,2.0
86,4,0,2.0
86,5,0,2.6666666666666665
86,6,0,2.6666666666666665
86,7,0,2.6666666666666665
86,8,0,4.0
86,9,0,4.0
86,10,0,4.333333333333333
86,11,0,4.333333333333333
86,12,0,5.0
86,13,0,5.5
86,14,0,5.5
86,15,0,6.111111111111111
86,16,0,6.6
86,17,0,6.6
86,18,0,6.6
86,19,0,7.181818181818182
86,20,0,7.833333333333333
86,21,0,7.833333333333333
86,22,0,7.833333333333333
86,23,0,8.538461538461538
86,24,0,9.071428571428571
86,25,0,9.071428571428571
86,26,0,10.125
86,27,0,10.125
86,28,0,10.125
86,29,0,10.705882352941176
86,30,0,11.277777777777779
86,31,0,11.842105263157896
86,32,0,11.842105263157896
86,33,0,12.4
86,34,0,12.4
87,0,0,0
87,1,0,0
87,2,0,2.0
87,3,0,2.5
87,4,0,2.3333333333333335
87,5,0,2.3333333333333335
87,6,0,2.5
87,7,0,3.4
87,8,0,3.5
87,9,0,3.5
87,10,0,3.5
87,11,0,4.75
87,12,0,4.75
87,13,0,5.7
87,14,0,5.7
87,15,0,5.7
87,16,0,6.454545454545454
87,17,0,6.833333333333333
87,18,0,6.833333333333333
87,19,0,6.833333333333333
87,20,0,7.615384615384615
87,21,0,8.071428571428571
87,22,0,8.071428571428571
87,23,0,8.0625
87,24,0,8.823529411764707
87,25,0,9.222222222222221
87,26,0,9.222222222222221
87,27,0,9.222222222222221
87,28,0,10.4
87,29,0,10.4
87,30,0,10.80952380952381
87,31,1,10.80952380952381
87,32,0,11.130434782608695
87,33,0,11.541666666666666
87,34,0,11.884615384615385
88,0,0,0
88,1,0,0
88,2,0,0
88,3,0,2.5
88,4,0,2.5
88,5,0,3.0
88,6,0,3.5
88,7,0,3.6
88,8,0,3.6
88,9,0,3.6
88,10,0,4.857142857142857
88,11,0,4.857142857142857
88,12,0,4.857142857142857
88,13,0,5.375
88,14,0,6.0
88,15,0,6.0
88,16,0,6.6
88,17,0,7.181818181818182
88,18,0,7.181818181818182
88,19,0,7.181818181818182
88,20,0,7.75
88,21,0,8.307692307692308
88,22,0,8.307692307692308
88,23,0,8.928571428571429
88,24,0,9.4
88,25,0,9.9375
88,26,0,9.9375
88,27,0,10.352941176470589
88,28,0,10.88888888888889
88,29,0,10.88888888888889
88,30,0,11.368421052631579
88,31,0,11.368421052631579
88,32,0,12.0
88,33,0,12.476190476190476
88,34,0,13.045454545454545
89,0,0,0
89,1,0,0
89,2,0,0
89,3,0,0
89,4,0,4.0
89,5,0,4.0
89,6,0,4.0
89,7,0,4.0
89,8,0,4.0
89,9,0,4.0
89,10,0,4.6
89,11,0,4.6
89,12,0,4.6
89,13,0,5.166666666666667
89,14,0,5.571428571428571
89,15,0,5.571428571428571
89,16,0,6.125
89,17,0,6.555555555555555
89,18,0,7.0
89,19,0,7.0
89,20,0,8.0
89,21,0,8.0
89,22,0,8.0
89,23,0,9.0
89,24,0,9.0
89,25,0,9.0
89,26,0,9.6
89,27,0,10.125
89,28,0,10.125
89,29,0,10.705882352941176
89,30,0,10.705882352941176
89,31,0,11.277777777777779
89,32,0,11.277777777777779
89,33,0,11.947368421052632
89,34,0,11.947368421052632
90,0,0,0
90,1,0,0
90,2,0,2.0
90,3,0,2.0
90,4,0,3.0
90,5,0,3.3333333333333335
90,6,0,3.3333333333333335
90,7,0,3.3333333333333335
90,8,0,4.5
90,9,0,4.2
90,10,0,4.2
90,11,0,5.166666666666667
90,12,0,5.166666666666667
90,13,0,5.428571428571429
90,14,0,6.25
90,15,0,6.25
90,16,0,6.555555555555555
90,17,0,7.3
90,18,0,7.3
90,19,0,7.3
90,20,0,7.7272727272727275
90,21,0,8.5
90,22,0,8.5
90,23,0,8.5
90,24,0,9.714285714285714
90,25,0,9.714285714285714
90,26,0,10.0
90,27,0,10.0
90,28,0,11.058823529411764
90,29,0,11.058823529411764
90,30,0,11.333333333333334
90,31,0,11.947368421052632
90,32,0,12.25
90,33,0,12.80952380952381
90,34,0,12.80952380952381
91,0,0,0
91,1,0,0
91,2,0,0
91,3,0,3.0
91,4,0,3.5
91,5,0,3.6666666666666665
91,6,0,3.6666666666666665
91,7,0,3.25
91,8,0,4.666666666666667
91,9,0,4.666666666666667
91,10,0,4.666666666666667
91,11,0,5.285714285714286
91,12,0,6.0
91,13,0,6.0
91,14,0,6.777777777777778
91,15,0,7.3
91,16,0,7.3
91,17,0,8.0
91,18,0,8.5
91,19,0,8.5
91,20,0,9.076923076923077
91,21,0,9.642857142857142
91,22,0,10.2
91,23,0,10.625
91,24,0,10.625
91,25,0,10.625
91,26,0,11.666666666666666
91,27,0,11.666666666666666
91,28,0,12.0
91,29,0,12.5
91,30,0,12.5
91,31,0,12.80952380952381
91,32,0,13.363636363636363
91,33,0,13.363636363636363
91,34,0,13.652173913043478
92,0,0,0
92,1,0,0
92,2,0,0
92,3,0,0
92,4,0,4.0
92,5,0,4.0
92,6,0,4.0
92,7,0,5.0
92,8,0,5.5
92,9,0,5.5
92,10,0,5.4
92,11,0,6.0
92,12,0,6.0
92,13,0,6.285714285714286
92,14,0,7.0
92,15,0,7.0
92,16,0,7.333333333333333
92,17,0,7.333333333333333
92,18,0,7.9
92,19,0,8.363636363636363
92,20,0,8.75
92,21,0,9.153846153846153
92,22,0,9.428571428571429
92,23,0,9.866666666666667
92,24,0,9.866666666666667
92,25,0,9.866666666666667
92,26,0,10.705882352941176
92,27,0,10.705882352941176
92,28,0,11.11111111111111
92,29,0,11.11111111111111
92,30,0,11.631578947368421
92,31,0,11.631578947368421
92,32,0,12.15
92,33,0,12.666666666666666
92,34,0,12.666666666666666
93,0,0,0
93,1,0,0
93,2,0,0
93,3,0,0
93,4,0,3.0
93,5,0,3.0
93,6,0,3.3333333333333335
93,7,0,4.0
93,8,0,4.0
93,9,0,4.0
93,10,0,5.166666666666667
93,11,0,5.166666666666667
93,12,0,5.166666666666667
93,13,0,5.714285714285714
93,14,0,6.375
93,15,0,6.375
93,16,0,7.0
93,17,0,7.0
93,18,0,7.8
93,19,0,8.272727272727273
93,20,0,8.272727272727273
93,21,0,8.833333333333334
93,22,0,9.461538461538462
93,23,0,9.461538461538462
93,24,0,9.461538461538462
93,25,0,10.733333333333333
93,26,0,10.733333333333333
93,27,0,10.733333333333333
93,28,0,10.733333333333333
93,29,0,12.117647058823529
93,30,0,12.117647058823529
93,31,0,12.117647058823529
93,32,0,13.473684210526315
93,33,0,13.473684210526315
93,34,0,14.05
94,0,0,0
94,1,0,0
94,2,0,2.0
94,3,0,2.0
94,4,0,2.0
94,5,0,3.0
94,6,0,3.0
94,7,0,3.0
94,8,0,3.5
94,9,0,4.4
94,10,0,4.4
94,11,0,5.571428571428571
94,12,0,5.571428571428571
94,13,0,6.0
94,14,0,6.0
94,15,0,6.666666666666667
94,16,0,7.1
94,17,0,7.1
94,18,0,7.1
94,19,0,8.25
94,20,0,8.25
94,21,0,8.846153846153847
94,22,0,8.846153846153847
94,23,0,9.428571428571429
94,24,0,9.428571428571429
94,25,0,10.625
94,26,0,10.625
94,27,0,10.625
94,28,0,10.625
94,29,0,11.88888888888889
94,30,0,11.88888888888889
94,31,0,11.88888888888889
94,32,0,13.1
94,33,0,13.1
94,34,0,13.1
95,0,0,0
95,1,0,0
95,2,0,0
95,3,0,3.0
95,4,0,3.5
95,5,0,3.5
95,6,0,4.0
95,7,0,4.75
95,8,0,4.75
95,9,0,4.75
95,10,0,5.4
95,11,0,6.0
95,12,0,6.0
95,13,0,6.714285714285714
95,14,0,7.375
95,15,0,7.375
95,16,0,7.375
95,17,0,8.4
95,18,0,8.4
95,19,0,8.818181818181818
95,20,0,9.5
95,21,0,9.846153846153847
95,22,0,9.846153846153847
95,23,0,9.846153846153847
95,24,0,10.571428571428571
95,25,0,11.0
95,26,0,11.6875
95,27,0,11.6875
95,28,0,12.352941176470589
95,29,0,12.777777777777779
95,30,0,12.777777777777779
95,31,0,13.157894736842104
95,32,0,13.285714285714286
95,33,0,13.285714285714286
95,34,0,13.727272727272727
96,0,0,0
96,1,0,0
96,2,0,2.0
96,3,0,2.0
96,4,0,3.0
96,5,0,3.6666666666666665
96,6,0,3.6666666666666665
96,7,0,4.5
96,8,0,5.0
96,9,0,5.0
96,10,0,5.5
96,11,0,5.857142857142857
96,12,0,6.25
96,13,0,6.25
96,14,0,6.777777777777778
96,15,0,6.777777777777778
96,16,0,7.454545454545454
96,17,0,7.454545454545454
96,18,0,7.916666666666667
96,19,0,8.23076923076923
96,20,0,8.23076923076923
96,21,0,8.23076923076923
96,22,0,9.133333333333333
96,23,0,9.133333333333333
96,24,0,9.133333333333333
96,25,0,10.117647058823529
96,26,0,10.117647058823529
96,27,0,10.117647058823529
96,28,0,10.117647058823529
96,29,0,11.210526315789474
96,30,0,11.210526315789474
96,31,0,11.210526315789474
96,32,0,11.7
96,33,0,12.285714285714286
96,34,0,12.285714285714286
97,0,0,0
97,1,0,0
97,2,0,0
97,3,0,0
97,4,0,4.0
97,5,0,4.0
97,6,0,4.0
97,7,0,4.0
97,8,0,5.333333333333333
97,9,0,6.0
97,10,0,6.0
97,11,0,5.8
97,12,0,5.8
97,13,0,6.714285714285714
97,14,0,6.714285714285714
97,15,0,6.714285714285714
97,16,0,6.714285714285714
97,17,0,7.666666666666667
97,18,0,7.666666666666667
97,19,0,7.666666666666667
97,20,0,8.636363636363637
97,21,0,8.636363636363637
97,22,0,8.636363636363637
97,23,0,9.692307692307692
97,24,0,9.692307692307692
97,25,0,10.0
97,26,0,10.733333333333333
97,27,0,10.9375
97,28,0,10.9375
97,29,0,10.9375
97,30,0,11.88888888888889
97,31,0,11.88888888888889
97,32,0,12.526315789473685
97,33,0,12.526315789473685
97,34,0,13.476190476190476
98,0,0,0
98,1,0,0
98,2,0,0
98,3,0,0
98,4,0,2.5
98,5,0,2.5
98,6,0,2.5
98,7,0,2.5
98,8,0,4.0
98,9,0,4.0
98,10,0,4.0
98,11,0,5.0
98,12,0,5.0
98,13,0,5.285714285714286
98,14,0,5.285714285714286
98,15,0,5.888888888888889
98,16,0,5.888888888888889
98,17,0,6.1
98,18,0,6.1
98,19,0,6.454545454545454
98,20,0,6.833333333333333
98,21,0,6.833333333333333
98,22,0,7.3076923076923075
98,23,0,7.3076923076923075
98,24,0,7.785714285714286
98,25,0,8.2
98,26,0,8.2
98,27,0,9.058823529411764
98,28,0,9.058823529411764
98,29,0,9.058823529411764
98,30,0,9.058823529411764
98,31,0,10.105263157894736
98,32,0,10.105263157894736
98,33,0,10.105263157894736
98,34,0,11.19047619047619
99,0,0,0
99,1,0,1.0
99,2,0,1.0
99,3,0,1.0
99,4,0,2.5
99,5,0,2.5
99,6,0,2.5
99,7,0,3.75
99,8,0,3.75
99,9,0,3.75
99,10,0,5.0
99,11,0,5.0
99,12,0,5.0
99,13,0,5.571428571428571
99,14,0,6.25
99,15,0,6.777777777777778
99,16,0,7.3
99,17,0,7.3
99,18,0,7.3
99,19,0,8.25
99,20,0,8.25
99,21,0,8.25
99,22,0,9.285714285714286
99,23,0,9.285714285714286
99,24,0,9.285714285714286
99,25,0,10.25
99,26,0,10.25
99,27,0,10.25
99,28,0,10.25
99,29,0,11.38888888888889
99,30,0,11.38888888888889
99,31,0,11.947368421052632
99,32,0,11.947368421052632
99,33,0,12.0
99,34,2,12.590909090909092
100,0,0,0
100,1,0,0
100,2,0,0
100,3,0,0
100,4,0,3.0
100,5,0,3.0
100,6,0,3.6666666666666665
100,7,0,3.6666666666666665
100,8,0,4.25
100,9,0,4.6
100,10,0,4.6
100,11,0,4.6
100,12,0,5.857142857142857
100,13,0,5.857142857142857
100,14,0,6.375
100,15,0,7.0
100,16,0,7.0
100,17,0,7.5
100,18,0,7.5
100,19,0,7.666666666666667
100,20,0,8.23076923076923
100,21,0,7.785714285714286
100,22,0,8.466666666666667
100,23,0,8.466666666666667
100,24,0,9.0
100,25,0,9.529411764705882
100,26,0,9.529411764705882
100,27,0,9.11111111111111
100,28,0,9.736842105263158
100,29,1,10.3
100,30,0,10.454545454545455
100,31,0,11.0
100,32,0,10.708333333333334
100,33,0,11.73076923076923
100,34,0,11.407407407407407
101,0,0,0
101,1,0,0
101,2,0,0
101,3,0,0
101,4,0,3.0
101,5,0,3.5
101,6,0,3.5
101,7,0,4.333333333333333
101,8,0,4.75
101,9,0,4.75
101,10,0,4.75
101,11,0,5.333333333333333
101,12,0,5.333333333333333
101,13,0,5.333333333333333
101,14,0,6.0
101,15,0,6.0
101,16,0,6.444444444444445
101,17,0,6.5
101,18,0,7.0
101,19,0,7.0
101,20,0,7.0
101,21,0,7.25
101,22,0,7.769230769230769
101,23,0,7.769230769230769
101,24,0,7.769230769230769
101,25,0,8.8
101,26,0,8.8
101,27,0,8.8
101,28,0,9.823529411764707
101,29,0,9.823529411764707
101,30,0,9.823529411764707
101,31,0,10.842105263157896
101,32,0,10.4
101,33,0,10.4
101,34,0,10.904761904761905
102,0,0,0
102,1,0,0
102,2,0,0
102,3,0,3.0
102,4,0,3.0
102,5,0,3.6666666666666665
102,6,0,3.6666666666666665
102,7,0,4.5
102,8,0,4.8
102,9,0,5.333333333333333
102,10,0,5.333333333333333
102,11,0,5.333333333333333
102,12,0,5.857142857142857
102,13,0,6.625
102,14,0,6.625
102,15,0,7.222222222222222
102,16,0,7.222222222222222
102,17,0,7.9
102,18,0,7.9
102,19,0,9.0
102,20,0,9.0
102,21,0,9.0
102,22,0,9.615384615384615
102,23,0,10.285714285714286
102,24,0,10.285714285714286
102,25,0,9.733333333333333
102,26,0,10.375
102,27,1,11.0
102,28,1,10.5
102,29,1,10.5
102,30,0,11.380952380952381
102,31,0,11.380952380952381
102,32,0,11.090909090909092
102,33,0,11.608695652173912
102,34,0,12.25
103,0,0,0
103,1,0,0
103,2,0,0
103,3,0,0
103,4,0,4.0
103,5,0,4.0
103,6,0,4.0
103,7,0,5.0
103,8,0,5.25
103,9,0,5.6
103,10,0,5.6
103,11,0,6.166666666666667
103,12,0,6.571428571428571
103,13,0,6.875
103,14,0,6.875
103,15,0,7.333333333333333
103,16,0,7.333333333333333
103,17,0,7.8
103,18,0,8.272727272727273
103,19,0,8.75
103,20,0,8.75
103,21,0,9.307692307692308
103,22,0,9.785714285714286
103,23,0,9.785714285714286
103,24,0,10.266666666666667
103,25,0,10.6875
103,26,0,10.6875
103,27,0,10.6875
103,28,0,11.176470588235293
103,29,0,11.555555555555555
103,30,0,11.052631578947368
103,31,0,11.6
103,32,0,11.142857142857142
103,33,0,11.636363636363637
103,34,0,11.217391304347826
104,0,0,0
104,1,0,0
104,2,0,0
104,3,0,3.0
104,4,0,3.0
104,5,0,3.0
104,6,0,3.0
104,7,0,4.0
104,8,0,4.2
104,9,0,4.2
104,10,0,4.2
104,11,0,5.428571428571429
104,12,0,5.428571428571429
104,13,0,5.428571428571429
104,14,0,6.0
104,15,0,6.888888888888889
104,16,0,6.888888888888889
104,17,0,7.7
104,18,0,8.0
104,19,0,8.0
104,20,0,8.666666666666666
104,21,0,8.666666666666666
104,22,0,9.153846153846153
104,23,0,9.153846153846153
104,24,0,9.857142857142858
104,25,0,10.333333333333334
104,26,0,10.333333333333334
104,27,0,10.470588235294118
104,28,0,10.944444444444445
104,29,0,11.473684210526315
104,30,0,11.473684210526315
104,31,0,11.523809523809524
104,32,0,12.0
104,33,0,11.565217391304348
104,34,0,12.083333333333334
105,0,0,0
105,1,0,0
105,2,0,0
105,3,0,0
105,4,0,0
105,5,0,3.0
105,6,0,3.0
105,7,0,3.0
105,8,0,4.0
105,9,0,4.2
105,10,0,4.2
105,11,0,4.5
105,12,0,5.285714285714286
105,13,0,5.285714285714286
105,14,0,6.125
105,15,0,6.444444444444445
105,16,0,6.444444444444445
105,17,0,6.8
105,18,0,7.454545454545454
105,19,0,7.454545454545454
105,20,0,7.916666666666667
105,21,0,8.615384615384615
105,22,0,8.615384615384615
105,23,0,9.071428571428571
105,24,0,9.733333333333333
105,25,0,9.733333333333333
105,26,0,9.733333333333333
105,27,0,10.705882352941176
105,28,0,10.705882352941176
105,29,0,10.705882352941176
105,30,0,11.578947368421053
105,31,0,11.578947368421053
105,32,0,12.0
105,33,0,12.428571428571429
105,34,0,12.428571428571429
106,0,0,0
106,1,0,0
106,2,0,0
106,3,0,3.0
106,4,0,3.0
106,5,0,3.6666666666666665
106,6,0,3.6666666666666665
106,7,0,4.25
106,8,0,4.25
106,9,0,4.8
106,10,0,4.8
106,11,0,6.142857142857143
106,12,0,6.142857142857143
106,13,0,6.142857142857143
106,14,0,6.875
106,15,0,7.111111111111111
106,16,0,7.111111111111111
106,17,0,7.8
106,18,0,7.8
106,19,0,8.916666666666666
106,20,0,8.916666666666666
106,21,0,8.916666666666666
106,22,0,8.916666666666666
106,23,0,9.928571428571429
106,24,0,9.928571428571429
106,25,0,9.928571428571429
106,26,0,10.733333333333333
106,27,0,11.0
106,28,0,11.705882352941176
106,29,0,12.0
106,30,0,11.473684210526315
106,31,0,11.473684210526315
106,32,0,11.80952380952381
106,33,0,12.181818181818182
106,34,0,11.782608695652174
107,0,0,0
107,1,0,0
107,2,0,0
107,3,0,3.0
107,4,0,3.5
107,5,0,4.0
107,6,0,4.0
107,7,0,4.25
107,8,0,4.6
107,9,0,5.0
107,10,0,5.0
107,11,0,4.875
107,12,0,5.0
107,13,0,5.0
107,14,0,5.0
107,15,0,5.454545454545454
107,16,0,6.083333333333333
107,17,0,6.538461538461538
107,18,0,6.538461538461538
107,19,0,6.538461538461538
107,20,0,7.666666666666667
107,21,0,7.666666666666667
107,22,0,7.666666666666667
107,23,0,8.1875
107,24,0,8.764705882352942
107,25,0,9.222222222222221
107,26,0,9.222222222222221
107,27,0,10.25
107,28,0,9.857142857142858
107,29,0,9.857142857142858
107,30,0,9.857142857142858
107,31,0,10.956521739130435
107,32,0,10.956521739130435
107,33,0,10.956521739130435
107,34,0,11.583333333333334
108,0,0,0
108,1,0,0
108,2,0,2.0
108,3,0,2.0
108,4,0,2.5
108,5,0,2.5
108,6,0,3.75
108,7,0,3.75
108,8,0,3.75
108,9,0,4.4
108,10,0,5.166666666666667
108,11,0,5.166666666666667
108,12,0,5.857142857142857
108,13,0,6.375
108,14,0,6.375
108,15,0,7.0
108,16,0,7.5
108,17,0,7.5
108,18,0,8.583333333333334
108,19,0,8.583333333333334
108,20,0,8.866666666666667
108,21,0,8.866666666666667
108,22,0,8.866666666666667
108,23,0,9.823529411764707
108,24,0,9.823529411764707
108,25,0,9.823529411764707
108,26,0,10.444444444444445
108,27,0,10.842105263157896
108,28,0,10.842105263157896
108,29,0,10.4
108,30,0,11.454545454545455
108,31,0,11.454545454545455
108,32,0,12.458333333333334
108,33,0,12.458333333333334
108,34,0,12.96
109,0,0,0
109,1,0,0
109,2,0,2.0
109,3,0,2.0
109,4,0,3.0
109,5,0,3.0
109,6,0,3.6666666666666665
109,7,0,4.5
109,8,0,5.0
109,9,0,5.0
109,10,0,5.0
109,11,0,6.0
109,12,0,5.375
109,13,0,5.375
109,14,0,6.0
109,15,0,6.090909090909091
109,16,0,6.666666666666667
109,17,0,6.666666666666667
109,18,0,6.666666666666667
109,19,0,7.714285714285714
109,20,0,7.714285714285714
109,21,0,7.714285714285714
109,22,0,7.714285714285714
109,23,0,8.9375
109,24,0,8.9375
109,25,0,9.529411764705882
109,26,0,10.11111111111111
109,27,0,9.68421052631579
109,28,0,10.3
109,29,0,10.857142857142858
109,30,0,10.857142857142858
109,31,0,11.454545454545455
109,32,0,12.043478260869565
109,33,0,12.043478260869565
109,34,0,12.043478260869565
110,0,0,0
110,1,0,0
110,2,0,2.0
110,3,0,2.0
110,4,0,2.0
110,5,0,3.0
110,6,0,4.0
110,7,0,4.0
110,8,0,4.0
110,9,0,5.6
110,10,0,5.6
110,11,0,6.166666666666667
110,12,0,6.166666666666667
110,13,0,6.857142857142857
110,14,0,7.125
110,15,0,7.125
110,16,0,7.666666666666667
110,17,0,8.0
110,18,0,8.0
110,19,0,8.0
110,20,0,8.636363636363637
110,21,0,8.916666666666666
110,22,0,9.461538461538462
110,23,0,9.714285714285714
110,24,0,9.714285714285714
110,25,0,9.714285714285714
110,26,0,10.333333333333334
110,27,0,10.75
110,28,0,10.235294117647058
110,29,0,10.235294117647058
110,30,1,10.421052631578947
110,31,1,10.9
110,32,0,11.090909090909092
110,33,0,11.565217391304348
110,34,0,11.8
111,0,0,0
111,1,0,0
111,2,0,0
111,3,0,3.0
111,4,0,3.0
111,5,0,3.0
111,6,0,3.0
111,7,0,3.0
111,8,0,3.3333333333333335
111,9,0,3.75
111,10,0,3.75
111,11,0,4.2
111,12,0,4.2
111,13,0,5.285714285714286
111,14,0,5.285714285714286
111,15,0,5.875
111,16,0,6.333333333333333
111,17,0,6.8
111,18,0,6.8
111,19,0,6.8
111,20,0,7.916666666666667
111,21,0,7.916666666666667
111,22,0,7.916666666666667
111,23,0,7.916666666666667
111,24,0,9.142857142857142
111,25,0,9.142857142857142
111,26,0,9.142857142857142
111,27,0,9.142857142857142
111,28,0,10.4375
111,29,0,10.4375
111,30,0,11.0
111,31,0,11.0
111,32,0,12.157894736842104
111,33,0,12.157894736842104
111,34,0,12.095238095238095
112,0,0,0
112,1,0,0
112,2,0,2.0
112,3,0,2.0
112,4,0,3.0
112,5,0,3.6666666666666665
112,6,0,3.6666666666666665
112,7,0,3.6666666666666665
112,8,0,5.0
112,9,0,5.0
112,10,0,5.5
112,11,0,6.142857142857143
112,12,0,6.5
112,13,0,6.5
112,14,0,7.0
112,15,0,7.6
112,16,0,7.6
112,17,0,8.090909090909092
112,18,0,8.75
112,19,0,9.153846153846153
112,20,0,9.153846153846153
112,21,0,9.153846153846153
112,22,0,9.857142857142858
112,23,0,10.266666666666667
112,24,0,10.266666666666667
112,25,0,10.9375
112,26,0,10.88888888888889
112,27,0,10.421052631578947
112,28,0,10.421052631578947
112,29,0,11.571428571428571
112,30,0,11.136363636363637
112,31,0,12.166666666666666
112,32,0,12.166666666666666
112,33,0,12.166666666666666
112,34,0,12.23076923076923
113,0,0,0
113,1,0,0
113,2,0,0
113,3,0,0
113,4,0,3.5
113,5,0,3.5
113,6,0,3.5
113,7,0,4.333333333333333
113,8,0,4.75
113,9,0,4.75
113,10,0,4.75
113,11,0,5.6
113,12,0,6.333333333333333
113,13,0,6.333333333333333
113,14,0,7.142857142857143
113,15,0,7.142857142857143
113,16,0,7.875
113,17,0,7.875
113,18,0,8.666666666666666
113,19,0,9.3
113,20,0,9.3
113,21,0,10.0
113,22,0,10.666666666666666
113,23,0,10.666666666666666
113,24,0,11.307692307692308
113,25,0,11.307692307692308
113,26,0,11.928571428571429
113,27,0,11.928571428571429
113,28,0,12.666666666666666
113,29,1,13.3125
113,30,0,12.647058823529411
113,31,0,13.333333333333334
113,32,0,12.842105263157896
113,33,0,13.5
113,34,0,13.5
114,0,0,0
114,1,0,0
114,2,0,0
114,3,0,0
114,4,0,3.0
114,5,0,3.0
114,6,0,3.3333333333333335
114,7,0,3.3333333333333335
114,8,0,4.25
114,9,0,4.25
114,10,0,5.0
114,11,0,5.5
114,12,0,5.5
114,13,0,5.5
114,14,0,5.857142857142857
114,15,0,6.625
114,16,0,6.625
114,17,0,6.625
114,18,0,7.6
114,19,0,7.6
114,20,0,7.6
114,21,0,7.6
114,22,0,8.916666666666666
114,23,0,8.916666666666666
114,24,0,9.571428571428571
114,25,0,9.571428571428571
114,26,0,9.571428571428571
114,27,0,10.066666666666666
114,28,0,10.3125
114,29,0,10.823529411764707
114,30,0,10.823529411764707
114,31,0,10.823529411764707
114,32,0,11.68421052631579
114,33,0,11.68421052631579
114,34,0,11.68421052631579
115,0,0,0
115,1,0,0
115,2,0,0
115,3,0,3.0
115,4,0,3.5
115,5,0,3.5
115,6,0,4.5
115,7,0,4.5
115,8,0,4.5
115,9,0,5.0
115,10,0,5.666666666666667
115,11,0,5.666666666666667
115,12,0,6.0
115,13,0,6.75
115,14,0,6.75
115,15,0,6.75
115,16,0,7.333333333333333
115,17,0,8.1
115,18,0,8.1
115,19,0,8.545454545454545
115,20,0,9.333333333333334
115,21,0,9.333333333333334
115,22,0,9.333333333333334
115,23,0,9.76923076923077
115,24,0,10.5
115,25,0,10.5
115,26,0,10.5
115,27,0,11.75
115,28,0,11.75
115,29,0,11.75
115,30,0,11.75
115,31,0,12.526315789473685
115,32,0,12.526315789473685
115,33,0,12.761904761904763
115,34,1,13.272727272727273
116,0,0,0
116,1,0,0
116,2,0,2.0
116,3,0,2.5
116,4,0,2.5
116,5,0,2.5
116,6,0,3.3333333333333335
116,7,0,3.75
116,8,0,4.4
116,9,0,4.333333333333333
116,10,0,4.333333333333333
116,11,0,5.0
116,12,0,5.25
116,13,0,5.25
116,14,0,5.888888888888889
116,15,0,5.888888888888889
116,16,0,6.3
116,17,0,6.909090909090909
116,18,0,7.333333333333333
116,19,0,7.333333333333333
116,20,0,7.769230769230769
116,21,0,8.357142857142858
116,22,0,8.357142857142858
116,23,0,9.375
116,24,0,9.375
116,25,0,9.375
116,26,0,9.882352941176471
116,27,0,10.333333333333334
116,28,0,10.333333333333334
116,29,0,10.333333333333334
116,30,0,11.45
116,31,0,11.45
116,32,0,11.80952380952381
116,33,0,12.363636363636363
116,34,0,12.363636363636363
117,0,0,0
117,1,0,0
117,2,0,0
117,3,0,3.0
117,4,0,2.5
117,5,0,2.5
117,6,0,2.5
117,7,0,3.0
117,8,0,3.5
117,9,0,4.0
117,10,0,4.333333333333333
117,11,0,4.333333333333333
117,12,0,4.714285714285714
117,13,0,5.125
117,14,0,5.125
117,15,0,5.125
117,16,0,5.777777777777778
117,17,0,6.0
117,18,0,6.454545454545454
117,19,0,6.666666666666667
117,20,0,6.666666666666667
117,21,0,7.153846153846154
117,22,0,7.5
117,23,0,7.5
117,24,0,7.5
117,25,0,8.4375
117,26,0,8.4375
117,27,0,8.4375
117,28,0,9.38888888888889
117,29,0,9.38888888888889
117,30,0,9.38888888888889
117,31,0,10.35
117,32,0,10.35
117,33,0,10.904761904761905
117,34,0,10.904761904761905
118,0,0,0
118,1,0,0
118,2,0,2.0
118,3,0,2.5
118,4,0,2.5
118,5,0,3.0
118,6,0,3.75
118,7,0,3.75
118,8,0,4.0
118,9,0,4.333333333333333
118,10,0,4.333333333333333
118,11,0,4.857142857142857
118,12,0,4.857142857142857
118,13,0,5.777777777777778
118,14,0,5.777777777777778
118,15,0,6.3
118,16,0,6.818181818181818
118,17,0,6.818181818181818
118,18,0,6.818181818181818
118,19,0,7.923076923076923
118,20,0,7.923076923076923
118,21,0,7.923076923076923
118,22,0,7.923076923076923
118,23,0,9.133333333333333
118,24,0,9.133333333333333
118,25,0,9.6875
118,26,0,10.176470588235293
118,27,0,10.722222222222221
118,28,0,10.722222222222221
118,29,0,11.263157894736842
118,30,0,11.8
118,31,0,11.8
118,32,0,12.333333333333334
118,33,0,12.909090909090908
118,34,0,13.391304347826088
119,0,0,0
119,1,0,0
119,2,0,0
119,3,0,3.0
119,4,0,3.5
119,5,0,3.5
119,6,0,3.5
119,7,0,5.25
119,8,0,5.25
119,9,0,5.25
119,10,0,5.25
119,11,0,6.833333333333333
119,12,0,6.833333333333333
119,13,0,6.833333333333333
119,14,0,6.833333333333333
119,15,0,8.25
119,16,0,8.25
119,17,0,8.25
119,18,0,9.5
119,19,0,9.5
119,20,0,9.5
119,21,0,10.090909090909092
119,22,0,10.833333333333334
119,23,0,10.833333333333334
119,24,0,10.833333333333334
119,25,0,11.538461538461538
119,26,0,12.285714285714286
119,27,0,12.285714285714286
119,28,0,12.285714285714286
119,29,0,13.75
119,30,0,13.75
119,31,0,13.75
119,32,0,15.055555555555555
119,33,0,15.055555555555555
119,34,0,15.055555555555555
120,0,0,0
120,1,0,0
120,2,0,0
120,3,0,0
120,4,0,4.0
120,5,0,4.0
120,6,0,4.0
120,7,0,4.0
120,8,0,5.75
120,9,0,5.75
120,10,0,5.75
120,11,0,7.0
120,12,0,7.0
120,13,0,7.0
120,14,0,7.714285714285714
120,15,0,8.375
120,16,0,8.375
120,17,0,8.375
120,18,0,9.11111111111111
120,19,0,9.7
120,20,0,10.363636363636363
120,21,0,10.363636363636363
120,22,0,10.363636363636363
120,23,0,11.083333333333334
120,24,0,11.692307692307692
120,25,0,11.692307692307692
120,26,0,11.692307692307692
120,27,0,13.0
120,28,0,13.0
120,29,0,13.0
120,30,0,14.352941176470589
120,31,0,14.352941176470589
120,32,0,14.352941176470589
120,33,0,15.0
120,34,0,15.631578947368421
121,0,0,0
121,1,0,0
121,2,0,0
121,3,0,0
121,4,0,4.0
121,5,0,3.5
121,6,0,3.5
121,7,0,4.666666666666667
121,8,0,4.666666666666667
121,9,0,5.6
121,10,0,5.6
121,11,0,5.6
121,12,0,6.333333333333333
121,13,0,6.857142857142857
121,14,0,7.5
121,15,0,7.5
121,16,0,8.0
121,17,0,8.5
121,18,0,8.5
121,19,0,9.090909090909092
121,20,0,9.666666666666666
121,21,0,9.666666666666666
121,22,0,10.23076923076923
121,23,0,10.785714285714286
121,24,0,10.785714285714286
121,25,0,10.785714285714286
121,26,0,11.466666666666667
121,27,0,12.0625
121,28,1,12.055555555555555
121,29,1,12.055555555555555
121,30,0,12.714285714285714
121,31,0,12.714285714285714
121,32,0,12.91304347826087
121,33,0,13.375
121,34,0,13.375
122,0,0,0
122,1,0,0
122,2,0,0
122,3,0,2.0
122,4,0,2.0
122,5,0,3.0
122,6,0,3.0
122,7,0,4.0
122,8,0,4.0
122,9,0,5.0
122,10,0,5.6
122,11,0,5.6
122,12,0,6.333333333333333
122,13,0,7.0
122,14,0,7.0
122,15,0,7.375
122,16,0,8.11111111111111
122,17,0,8.5
122,18,0,8.5
122,19,0,9.181818181818182
122,20,0,9.5
122,21,0,9.5
122,22,0,9.846153846153847
122,23,0,10.571428571428571
122,24,0,10.866666666666667
122,25,0,11.5
122,26,0,11.5
122,27,0,11.5
122,28,0,11.941176470588236
122,29,0,12.61111111111111
122,30,0,12.61111111111111
122,31,0,13.0
122,32,0,13.7
122,33,0,13.7
122,34,0,13.7
123,0,0,0
123,1,0,0
123,2,0,0
123,3,0,0
123,4,0,0
123,5,0,4.0
123,6,0,4.0
123,7,0,4.666666666666667
123,8,0,5.0
123,9,0,5.0
123,10,0,5.2
123,11,0,5.666666666666667
123,12,0,5.666666666666667
123,13,0,5.666666666666667
123,14,0,6.142857142857143
123,15,0,6.375
123,16,0,6.375
123,17,0,6.375
123,18,0,7.5
123,19,0,7.5
123,20,0,7.5
123,21,0,8.181818181818182
123,22,0,8.583333333333334
123,23,0,8.583333333333334
123,24,0,8.583333333333334
123,25,0,9.307692307692308
123,26,0,9.857142857142858
123,27,0,9.857142857142858
123,28,0,9.857142857142858
123,29,0,10.666666666666666
123,30,0,10.647058823529411
123,31,0,10.647058823529411
123,32,0,11.222222222222221
123,33,0,11.45
123,34,0,11.45
124,0,0,0
124,1,0,0
124,2,0,0
124,3,0,2.5
124,4,0,2.5
124,5,0,3.3333333333333335
124,6,0,3.75
124,7,0,3.75
124,8,0,4.0
124,9,0,4.0
124,10,0,4.0
124,11,0,4.142857142857143
124,12,0,4.75
124,13,0,5.0
124,14,0,5.0
124,15,0,5.0
124,16,0,5.7
124,17,0,6.090909090909091
124,18,0,6.75
124,19,0,7.153846153846154
124,20,0,7.153846153846154
124,21,0,7.153846153846154
124,22,0,8.266666666666667
124,23,0,8.266666666666667
124,24,0,8.266666666666667
124,25,0,8.266666666666667
124,26,0,9.411764705882353
124,27,0,9.411764705882353
124,28,0,10.11111111111111
124,29,0,10.526315789473685
124,30,0,11.2
124,31,0,11.2
124,32,0,11.2
124,33,0,11.666666666666666
124,34,0,12.363636363636363
125,0,0,0
125,1,0,0
125,2,0,0
125,3,0,2.0
125,4,0,2.5
125,5,0,3.0
125,6,0,3.0
125,7,0,3.5
125,8,0,3.5
125,9,0,4.4
125,10,0,4.833333333333333
125,11,0,4.833333333333333
125,12,0,4.833333333333333
125,13,0,6.0
125,14,0,6.0
125,15,0,6.333333333333333
125,16,0,6.333333333333333
125,17,0,7.1
125,18,0,7.1
125,19,0,7.636363636363637
125,20,0,8.333333333333334
125,21,0,8.333333333333334
125,22,0,9.0
125,23,0,9.5
125,24,0,9.5
125,25,0,9.5
125,26,0,10.6875
125,27,0,10.6875
125,28,0,11.235294117647058
125,29,0,11.235294117647058
125,30,0,11.777777777777779
125,31,0,12.31578947368421
125,32,0,12.31578947368421
125,33,1,12.380952380952381
125,34,1,12.954545454545455
126,0,0,0
126,1,0,0
126,2,0,2.0
126,3,0,2.0
126,4,0,3.0
126,5,0,3.6666666666666665
126,6,0,3.6666666666666665
126,7,0,3.6666666666666665
126,8,0,4.25
126,9,0,5.0
126,10,0,5.0
126,11,0,5.666666666666667
126,12,0,6.428571428571429
126,13,0,6.875
126,14,0,6.875
126,15,0,7.555555555555555
126,16,0,8.1
126,17,0,8.1
126,18,0,8.1
126,19,0,8.636363636363637
126,20,0,8.692307692307692
126,21,0,8.692307692307692
126,22,0,8.692307692307692
126,23,0,9.8
126,24,0,9.8
126,25,0,9.8
126,26,0,10.941176470588236
126,27,0,10.941176470588236
126,28,0,11.444444444444445
126,29,0,11.444444444444445
126,30,0,11.55
126,31,0,11.55
126,32,0,12.590909090909092
126,33,0,12.590909090909092
126,34,0,13.043478260869565
127,0,0,0
127,1,0,0
127,2,0,2.0
127,3,0,2.0
127,4,0,2.0
127,5,0,3.0
127,6,0,3.6666666666666665
127,7,0,3.6666666666666665
127,8,0,4.6
127,9,0,4.6
127,10,0,4.6
127,11,0,5.714285714285714
127,12,0,5.714285714285714
127,13,0,5.714285714285714
127,14,0,6.555555555555555
127,15,0,6.555555555555555
127,16,0,7.363636363636363
127,17,0,7.363636363636363
127,18,0,7.75
127,19,0,8.0
127,20,0,8.0
127,21,0,8.357142857142858
127,22,0,8.8
127,23,0,8.8
127,24,0,8.8
127,25,0,9.25
127,26,0,9.823529411764707
127,27,0,9.823529411764707
127,28,0,9.823529411764707
127,29,0,10.277777777777779
127,30,0,10.894736842105264
127,31,0,10.894736842105264
127,32,0,10.894736842105264
127,33,0,12.095238095238095
127,34,0,12.095238095238095
128,0,0,0
128,1,0,0
128,2,0,2.0
128,3,0,2.5
128,4,0,2.5
128,5,0,3.5
128,6,0,3.5
128,7,0,3.5
128,8,0,4.2
128,9,0,4.833333333333333
128,10,0,5.142857142857143
128,11,0,5.75
128,12,0,6.111111111111111
128,13,0,6.111111111111111
128,14,0,6.5
128,15,0,6.818181818181818
128,16,0,7.166666666666667
128,17,0,7.538461538461538
128,18,0,7.538461538461538
128,19,0,7.857142857142857
128,20,0,8.266666666666667
128,21,0,8.625
128,22,0,8.625
128,23,0,9.117647058823529
128,24,0,9.117647058823529
128,25,0,9.5
128,26,0,9.5
128,27,0,10.0
128,28,0,10.4
128,29,0,10.4
128,30,1,10.904761904761905
128,31,0,10.956521739130435
128,32,0,11.458333333333334
128,33,0,11.16
128,34,0,11.16
129,0,0,0
129,1,0,0
129,2,0,2.0
129,3,0,2.0
129,4,0,2.3333333333333335
129,5,0,2.3333333333333335
129,6,0,2.3333333333333335
129,7,0,2.75
129,8,0,3.6
129,9,0,3.6
129,10,0,4.166666666666667
129,11,0,3.7142857142857144
129,12,0,4.333333333333333
129,13,0,4.333333333333333
129,14,0,4.333333333333333
129,15,0,5.090909090909091
129,16,0,5.090909090909091
129,17,0,5.090909090909091
129,18,0,5.416666666666667
129,19,0,6.0
129,20,0,6.357142857142857
129,21,0,6.357142857142857
129,22,0,6.357142857142857
129,23,0,7.0
129,24,0,7.4375
129,25,0,8.058823529411764
129,26,0,8.058823529411764
129,27,0,8.5
129,28,0,9.052631578947368
129,29,0,9.052631578947368
129,30,0,9.142857142857142
129,31,0,9.142857142857142
129,32,0,9.727272727272727
129,33,0,9.727272727272727
129,34,0,10.75
130,0,0,0
130,1,0,0
130,2,0,2.0
130,3,0,2.0
130,4,0,3.0
130,5,0,3.0
130,6,0,3.6666666666666665
130,7,0,3.6666666666666665
130,8,0,3.6666666666666665
130,9,0,3.5
130,10,0,4.2
130,11,0,4.2
130,12,0,4.2
130,13,0,4.166666666666667
130,14,0,5.0
130,15,0,5.125
130,16,0,5.125
130,17,0,6.0
130,18,0,6.2
130,19,0,6.2
130,20,0,6.545454545454546
130,21,0,7.333333333333333
130,22,0,7.333333333333333
130,23,0,7.142857142857143
130,24,0,7.142857142857143
130,25,0,7.866666666666666
130,26,0,8.1875
130,27,0,8.1875
130,28,0,8.1875
130,29,0,9.0
130,30,0,8.947368421052632
130,31,0,8.947368421052632
130,32,0,9.7
130,33,0,10.095238095238095
130,34,0,10.095238095238095
131,0,0,0
131,1,0,0
131,2,0,0
131,3,0,0
131,4,0,4.0
131,5,0,4.0
131,6,0,4.333333333333333
131,7,0,5.0
131,8,0,5.0
131,9,0,5.0
131,10,0,5.8
131,11,0,6.5
131,12,0,7.0
131,13,0,7.0
131,14,0,7.375
131,15,0,7.375
131,16,0,8.0
131,17,0,7.9
131,18,0,7.9
131,19,0,7.833333333333333
131,20,0,7.833333333333333
131,21,0,8.5
131,22,0,8.5
131,23,0,8.5
131,24,0,9.3125
131,25,0,9.3125
131,26,0,9.3125
131,27,0,9.3125
131,28,0,10.166666666666666
131,29,0,10.166666666666666
131,30,0,10.166666666666666
131,31,0,10.736842105263158
131,32,0,11.15
131,33,0,11.15
131,34,0,11.15
132,0,0,0
132,1,0,0
132,2,0,0
132,3,0,3.0
132,4,0,3.5
132,5,0,3.6666666666666665
132,6,0,3.6666666666666665
132,7,0,4.5
132,8,0,4.5
132,9,0,4.8
132,10,0,5.333333333333333
132,11,0,5.333333333333333
132,12,0,5.857142857142857
132,13,0,6.375
132,14,0,6.777777777777778
132,15,0,6.777777777777778
132,16,0,6.777777777777778
132,17,0,7.5
132,18,0,7.909090909090909
132,19,0,7.909090909090909
132,20,0,8.923076923076923
132,21,0,8.923076923076923
132,22,0,9.357142857142858
132,23,0,9.357142857142858
132,24,0,10.4375
132,25,0,10.4375
132,26,0,10.4375
132,27,1,10.4375
132,28,2,11.157894736842104
132,29,2,11.157894736842104
132,30,1,11.285714285714286
132,31,2,11.954545454545455
132,32,1,11.652173913043478
132,33,1,12.291666666666666
132,34,0,12.538461538461538
133,0,0,0
133,1,0,0
133,2,0,0
133,3,0,0
133,4,0,4.0
133,5,0,4.0
133,6,0,4.0
133,7,0,4.0
133,8,0,4.0
133,9,0,5.0
133,10,0,5.0
133,11,0,5.2
133,12,0,5.833333333333333
133,13,0,5.833333333333333
133,14,0,5.857142857142857
133,15,0,5.857142857142857
133,16,0,6.5
133,17,0,6.666666666666667
133,18,0,6.666666666666667
133,19,0,6.666666666666667
133,20,0,7.5
133,21,0,7.7272727272727275
133,22,0,7.7272727272727275
133,23,0,7.7272727272727275
133,24,0,8.692307692307692
133,25,0,8.692307692307692
133,26,0,8.692307692307692
133,27,0,8.692307692307692
133,28,0,9.933333333333334
133,29,0,9.933333333333334
133,30,0,9.933333333333334
133,31,0,10.8125
133,32,0,11.176470588235293
133,33,0,12.0
133,34,0,12.0
134,0,0,0
134,1,0,0
134,2,0,0
134,3,0,3.0
134,4,0,3.0
134,5,0,3.5
134,6,0,3.5
134,7,0,4.25
134,8,0,4.25
134,9,0,4.25
134,10,0,5.2
134,11,0,5.666666666666667
134,12,0,5.666666666666667
134,13,0,5.714285714285714
134,14,0,6.25
134,15,0,6.25
134,16,0,6.25
134,17,0,6.666666666666667
134,18,0,7.4
134,19,0,7.4
134,20,0,7.4
134,21,0,7.7272727272727275
134,22,0,8.5
134,23,0,8.5
134,24,0,8.5
134,25,0,8.923076923076923
134,26,0,9.785714285714286
134,27,0,9.785714285714286
134,28,0,11.0
134,29,0,11.0
134,30,0,11.0
134,31,0,11.352941176470589
134,32,0,12.166666666666666
134,33,0,12.166666666666666
134,34,0,12.842105263157896
135,0,0,0
135,1,0,0
135,2,0,2.0
135,3,0,2.5
135,4,0,2.5
135,5,0,3.0
135,6,0,3.5
135,7,0,3.5
135,8,0,4.2
135,9,0,4.666666666666667
135,10,0,4.666666666666667
135,11,0,5.142857142857143
135,12,0,5.625
135,13,0,5.625
135,14,0,6.111111111111111
135,15,0,6.111111111111111
135,16,0,6.7
135,17,0,6.7
135,18,0,7.363636363636363
135,19,0,7.916666666666667
135,20,0,7.916666666666667
135,21,0,8.538461538461538
135,22,0,8.785714285714286
135,23,0,8.785714285714286
135,24,0,8.785714285714286
135,25,0,9.533333333333333
135,26,0,9.9375
135,27,0,9.9375
135,28,0,10.588235294117647
135,29,0,10.588235294117647
135,30,0,11.055555555555555
135,31,0,11.736842105263158
135,32,0,11.25
135,33,1,12.363636363636363
135,34,0,11.956521739130435
136,0,0,0
136,1,0,0
136,2,0,0
136,3,0,3.0
136,4,0,3.0
136,5,0,3.5
136,6,0,3.5
136,7,0,3.5
136,8,0,3.5
136,9,0,4.833333333333333
136,10,0,4.833333333333333
136,11,0,5.285714285714286
136,12,0,5.285714285714286
136,13,0,5.75
136,14,0,5.75
136,15,0,6.333333333333333
136,16,0,6.9
136,17,0,6.9
136,18,0,7.454545454545454
136,19,0,7.454545454545454
136,20,0,8.083333333333334
136,21,0,8.615384615384615
136,22,0,8.615384615384615
136,23,0,9.214285714285714
136,24,0,9.8
136,25,0,9.8
136,26,0,10.941176470588236
136,27,0,10.941176470588236
136,28,0,10.941176470588236
136,29,0,10.941176470588236
136,30,0,12.157894736842104
136,31,0,12.157894736842104
136,32,0,12.157894736842104
136,33,0,12.285714285714286
136,34,0,12.954545454545455
137,0,0,0
137,1,0,0
137,2,0,0
137,3,0,0
137,4,0,4.0
137,5,0,4.0
137,6,0,4.0
137,7,0,4.0
137,8,0,5.333333333333333
137,9,0,5.333333333333333
137,10,0,5.75
137,11,0,6.6
137,12,0,6.666666666666667
137,13,0,6.666666666666667
137,14,0,7.571428571428571
137,15,0,7.75
137,16,0,7.75
137,17,0,8.555555555555555
137,18,0,8.8
137,19,0,9.454545454545455
137,20,0,9.454545454545455
137,21,0,9.75
137,22,0,10.307692307692308
137,23,0,10.642857142857142
137,24,0,10.066666666666666
137,25,0,10.6875
137,26,0,11.058823529411764
137,27,0,11.61111111111111
137,28,0,11.61111111111111
137,29,0,12.0
137,30,0,12.6
137,31,0,12.6
137,32,0,13.545454545454545
137,33,0,13.545454545454545
137,34,0,13.545454545454545
138,0,0,0
138,1,0,0
138,2,0,0
138,3,0,3.0
138,4,0,3.0
138,5,0,3.5
138,6,0,4.333333333333333
138,7,0,4.333333333333333
138,8,0,4.333333333333333
138,9,0,4.75
138,10,0,5.6
138,11,0,5.6
138,12,0,6.714285714285714
138,13,0,6.714285714285714
138,14,0,7.375
138,15,0,7.375
138,16,0,8.3
138,17,0,8.3
138,18,0,8.636363636363637
138,19,0,9.25
138,20,0,9.25
138,21,0,9.692307692307692
138,22,0,9.692307692307692
138,23,0,9.928571428571429
138,24,0,9.928571428571429
138,25,0,10.466666666666667
138,26,0,10.466666666666667
138,27,0,10.875
138,28,0,11.294117647058824
138,29,0,11.294117647058824
138,30,0,12.157894736842104
138,31,0,12.157894736842104
138,32,0,12.157894736842104
138,33,0,12.545454545454545
138,34,0,12.545454545454545
139,0,0,0
139,1,0,0
139,2,0,2.0
139,3,0,2.0
139,4,0,2.0
139,5,0,2.6666666666666665
139,6,0,2.6666666666666665
139,7,0,2.6666666666666665
139,8,0,3.5
139,9,0,4.2
139,10,0,4.2
139,11,0,4.666666666666667
139,12,0,5.285714285714286
139,13,0,5.75
139,14,0,5.75
139,15,0,5.75
139,16,0,7.0
139,17,0,7.0
139,18,0,7.0
139,19,0,8.166666666666666
139,20,0,8.166666666666666
139,21,0,8.76923076923077
139,22,0,8.76923076923077
139,23,0,9.357142857142858
139,24,0,10.0
139,25,0,10.0
139,26,0,10.0
139,27,0,10.625
139,28,0,11.294117647058824
139,29,0,11.294117647058824
139,30,0,11.833333333333334
139,31,0,11.833333333333334
139,32,0,12.578947368421053
139,33,0,12.619047619047619
139,34,0,12.619047619047619
140,0,0,0
140,1,0,0
140,2,0,2.0
140,3,0,2.0
140,4,0,2.6666666666666665
140,5,0,2.6666666666666665
140,6,0,3.6
140,7,0,3.6
140,8,0,3.6
140,9,0,3.6
140,10,0,5.142857142857143
140,11,0,5.142857142857143
140,12,0,5.625
140,13,0,5.625
140,14,0,6.3
140,15,0,6.3
140,16,0,6.7272727272727275
140,17,0,6.7272727272727275
140,18,0,7.0
140,19,0,7.0
140,20,0,7.461538461538462
140,21,0,7.461538461538462
140,22,0,7.857142857142857
140,23,0,8.333333333333334
140,24,0,8.75
140,25,0,8.75
140,26,0,9.61111111111111
140,27,0,9.61111111111111
140,28,0,9.61111111111111
140,29,0,10.55
140,30,0,10.55
140,31,0,11.0
140,32,0,11.0
140,33,0,11.454545454545455
140,34,0,11.956521739130435
141,0,0,0
141,1,0,0
141,2,0,0
141,3,0,3.0
141,4,0,3.5
141,5,0,3.0
141,6,0,3.0
141,7,0,3.0
141,8,0,4.4
141,9,0,4.4
141,10,0,5.285714285714286
141,11,0,5.285714285714286
141,12,0,6.0
141,13,0,6.0
141,14,0,6.444444444444445
141,15,0,6.444444444444445
141,16,0,7.545454545454546
141,17,0,7.545454545454546
141,18,0,7.545454545454546
141,19,0,8.538461538461538
141,20,0,8.538461538461538
141,21,0,9.142857142857142
141,22,0,9.466666666666667
141,23,0,10.0625
141,24,0,10.0625
141,25,0,11.0
141,26,0,11.0
141,27,0,11.0
141,28,0,11.578947368421053
141,29,0,12.0
141,30,0,11.523809523809524
141,31,0,12.136363636363637
141,32,0,12.136363636363637
141,33,0,12.652173913043478
141,34,0,12.652173913043478
142,0,0,0
142,1,0,0
142,2,0,0
142,3,0,0
142,4,0,4.0
142,5,0,4.0
142,6,0,4.0
142,7,0,5.0
142,8,0,5.0
142,9,0,5.75
142,10,0,5.75
142,11,0,6.6
142,12,0,7.166666666666667
142,13,0,7.166666666666667
142,14,0,8.375
142,15,0,8.375
142,16,0,8.375
142,17,0,8.444444444444445
142,18,0,9.1
142,19,0,9.1
142,20,0,9.272727272727273
142,21,0,9.272727272727273
142,22,0,10.0
142,23,0,10.0
142,24,0,10.384615384615385
142,25,0,11.142857142857142
142,26,0,11.142857142857142
142,27,0,11.8
142,28,0,12.0625
142,29,0,12.0625
142,30,0,12.944444444444445
142,31,0,12.944444444444445
142,32,0,13.473684210526315
142,33,0,13.75
142,34,0,13.75
143,0,0,0
143,1,0,0
143,2,0,0
143,3,0,3.0
143,4,0,3.5
143,5,0,3.5
143,6,0,4.5
143,7,0,4.5
143,8,0,5.0
143,9,0,5.5
143,10,0,5.857142857142857
143,11,0,5.857142857142857
143,12,0,6.5
143,13,0,7.0
143,14,0,7.0
143,15,0,7.0
143,16,0,8.0
143,17,0,8.0
143,18,0,8.416666666666666
143,19,0,9.076923076923077
143,20,0,9.076923076923077
143,21,0,9.642857142857142
143,22,0,9.866666666666667
143,23,0,10.4375
143,24,0,10.4375
143,25,0,11.222222222222221
143,26,0,11.222222222222221
143,27,0,11.473684210526315
143,28,0,12.05
143,29,0,12.285714285714286
143,30,0,12.285714285714286
143,31,0,11.818181818181818
143,32,0,12.434782608695652
143,33,0,12.75
143,34,0,12.75
144,0,0,0
144,1,0,0
144,2,0,0
144,3,0,3.0
144,4,0,3.5
144,5,0,3.5
144,6,0,4.333333333333333
144,7,0,4.333333333333333
144,8,0,5.0
144,9,0,5.6
144,10,0,6.0
144,11,0,6.0
144,12,0,6.285714285714286
144,13,0,6.875
144,14,0,7.111111111111111
144,15,0,7.6
144,16,0,7.818181818181818
144,17,0,7.818181818181818
144,18,0,8.0
144,19,0,8.615384615384615
144,20,0,8.857142857142858
144,21,0,9.4
144,22,0,9.4
144,23,0,9.5625
144,24,0,10.176470588235293
144,25,0,10.176470588235293
144,26,0,10.444444444444445
144,27,0,10.444444444444445
144,28,0,11.105263157894736
144,29,0,11.15
144,30,0,11.15
144,31,0,11.909090909090908
144,32,0,11.909090909090908
144,33,0,12.521739130434783
144,34,0,12.521739130434783
145,0,0,0
145,1,0,0
145,2,0,0
145,3,0,3.0
145,4,0,3.5
145,5,0,3.3333333333333335
145,6,0,3.3333333333333335
145,7,0,4.0
145,8,0,4.4
145,9,0,5.0
145,10,0,5.0
145,11,0,5.0
145,12,0,6.0
145,13,0,6.0
145,14,0,6.0
145,15,0,6.444444444444445
145,16,0,7.1
145,17,0,7.1
145,18,0,7.636363636363637
145,19,0,8.333333333333334
145,20,0,8.333333333333334
145,21,0,9.357142857142858
145,22,0,9.357142857142858
145,23,0,9.357142857142858
145,24,0,9.733333333333333
145,25,0,10.4375
145,26,0,10.4375
145,27,0,10.4375
145,28,0,10.823529411764707
145,29,0,11.5
145,30,0,11.736842105263158
145,31,0,12.35
145,32,0,12.35
145,33,0,12.619047619047619
145,34,0,12.619047619047619
146,0,0,0
146,1,0,0
146,2,0,0
146,3,0,0
146,4,0,3.5
146,5,0,3.5
146,6,0,3.6666666666666665
146,7,0,3.6666666666666665
146,8,0,4.75
146,9,0,5.2
146,10,0,5.2
146,11,0,6.142857142857143
146,12,0,6.142857142857143
146,13,0,6.142857142857143
146,14,0,7.0
146,15,0,7.444444444444445
146,16,0,7.444444444444445
146,17,0,7.444444444444445
146,18,0,8.3
146,19,0,8.818181818181818
146,20,0,9.583333333333334
146,21,0,9.583333333333334
146,22,0,9.583333333333334
146,23,0,10.857142857142858
146,24,0,10.857142857142858
146,25,0,10.857142857142858
146,26,0,11.411764705882353
146,27,0,11.411764705882353
146,28,0,12.473684210526315
146,29,0,12.473684210526315
146,30,0,12.95
146,31,0,13.476190476190476
146,32,0,13.909090909090908
146,33,0,13.909090909090908
146,34,0,13.909090909090908
147,0,0,0
147,1,0,0
147,2,0,0
147,3,0,0
147,4,0,4.0
147,5,0,4.0
147,6,0,5.0
147,7,0,5.0
147,8,0,5.4
147,9,0,5.833333333333333
147,10,0,5.833333333333333
147,11,0,5.833333333333333
147,12,0,6.428571428571429
147,13,0,7.125
147,14,0,7.125
147,15,0,7.777777777777778
147,16,0,7.777777777777778
147,17,0,8.5
147,18,0,8.416666666666666
147,19,0,8.416666666666666
147,20,0,8.416666666666666
147,21,0,9.153846153846153
147,22,0,9.785714285714286
147,23,0,10.466666666666667
147,24,0,10.466666666666667
147,25,0,10.466666666666667
147,26,0,11.823529411764707
147,27,0,11.823529411764707
147,28,0,12.444444444444445
147,29,0,13.105263157894736
147,30,0,13.7
147,31,0,13.7
147,32,1,13.7
147,33,1,14.347826086956522
147,34,2,14.347826086956522
148,0,0,0
148,1,0,0
148,2,0,0
148,3,0,3.0
148,4,0,3.0
148,5,0,3.0
148,6,0,3.0
148,7,0,4.25
148,8,0,4.25
148,9,0,4.25
148,10,0,4.6
148,11,0,5.5
148,12,0,5.5
148,13,0,6.285714285714286
148,14,0,6.625
148,15,0,6.625
148,16,0,6.625
148,17,0,8.0
148,18,0,8.0
148,19,0,8.0
148,20,0,9.083333333333334
148,21,0,9.083333333333334
148,22,0,9.083333333333334
148,23,0,9.307692307692308
148,24,0,10.071428571428571
148,25,0,10.071428571428571
148,26,0,10.4
148,27,0,11.125
148,28,0,11.411764705882353
148,29,0,11.411764705882353
148,30,0,12.421052631578947
148,31,0,12.421052631578947
148,32,0,12.7
148,33,0,13.380952380952381
148,34,0,13.380952380952381
149,0,0,0
149,1,0,0
149,2,0,0
149,3,0,0
149,4,0,3.5
149,5,0,3.5
149,6,0,3.5
149,7,0,4.666666666666667
149,8,0,5.25
149,9,0,5.25
149,10,0,5.6
149,11,0,6.333333333333333
149,12,0,6.333333333333333
149,13,0,6.333333333333333
149,14,0,7.625
149,15,0,7.625
149,16,0,8.222222222222221
149,17,0,8.6
149,18,0,8.6
149,19,0,9.090909090909092
149,20,0,9.666666666666666
149,21,0,9.666666666666666
149,22,0,9.666666666666666
149,23,0,10.153846153846153
149,24,0,10.714285714285714
149,25,0,10.714285714285714
149,26,0,11.2
149,27,0,11.2
149,28,0,11.875
149,29,0,11.875
149,30,0,12.294117647058824
149,31,0,12.294117647058824
149,32,0,12.944444444444445
149,33,0,12.368421052631579
149,34,0,12.85
150,0,0,0
150,1,0,0
150,2,0,0
150,3,0,3.0
150,4,0,3.5
150,5,0,4.0
150,6,0,4.5
150,7,0,4.5
150,8,0,5.166666666666667
150,9,0,5.166666666666667
150,10,0,5.166666666666667
150,11,0,5.571428571428571
150,12,0,6.125
150,13,0,6.444444444444445
150,14,0,6.444444444444445
150,15,0,6.444444444444445
150,16,0,7.1
150,17,0,7.636363636363637
150,18,0,7.636363636363637
150,19,0,8.25
150,20,0,8.692307692307692
150,21,0,8.692307692307692
150,22,0,9.8
150,23,0,9.8
150,24,0,9.8
150,25,0,10.25
150,26,0,10.882352941176471
150,27,2,10.882352941176471
150,28,2,10.38888888888889
150,29,3,10.894736842105264
150,30,4,11.142857142857142
150,31,4,11.142857142857142
150,32,3,11.434782608695652
150,33,3,12.0
150,34,2,11.8
151,0,0,0
151,1,0,0
151,2,0,2.0
151,3,0,2.0
151,4,0,2.0
151,5,0,3.0
151,6,0,3.0
151,7,0,3.3333333333333335
151,8,0,4.0
151,9,0,4.0
151,10,0,4.6
151,11,0,4.6
151,12,0,5.571428571428571
151,13,0,5.571428571428571
151,14,0,5.571428571428571
151,15,0,6.25
151,16,0,6.777777777777778
151,17,0,6.777777777777778
151,18,0,7.5
151,19,0,8.0
151,20,0,8.0
151,21,0,8.666666666666666
151,22,0,8.666666666666666
151,23,0,9.307692307692308
151,24,0,9.307692307692308
151,25,0,9.928571428571429
151,26,0,9.928571428571429
151,27,0,10.6
151,28,0,11.25
151,29,0,11.764705882352942
151,30,0,11.764705882352942
151,31,0,11.842105263157896
151,32,0,12.4
151,33,0,11.952380952380953
151,34,0,12.5
152,0,0,0
152,1,0,0
152,2,0,0
152,3,0,3.0
152,4,0,3.0
152,5,0,3.0
152,6,0,3.6666666666666665
152,7,0,3.6666666666666665
152,8,0,4.25
152,9,0,4.8
152,10,0,4.8
152,11,0,4.8
152,12,0,5.333333333333333
152,13,0,6.142857142857143
152,14,0,6.375
152,15,0,6.666666666666667
152,16,0,6.666666666666667
152,17,0,6.666666666666667
152,18,0,7.545454545454546
152,19,0,7.545454545454546
152,20,0,7.545454545454546
152,21,0,8.0
152,22,0,8.538461538461538
152,23,0,8.538461538461538
152,24,0,9.0
152,25,0,9.533333333333333
152,26,0,9.533333333333333
152,27,0,9.533333333333333
152,28,0,10.705882352941176
152,29,0,10.705882352941176
152,30,0,10.705882352941176
152,31,0,10.705882352941176
152,32,0,11.947368421052632
152,33,0,11.947368421052632
152,34,0,11.947368421052632
153,0,0,0
153,1,0,0
153,2,0,0
153,3,0,3.0
153,4,0,3.5
153,5,0,3.5
153,6,0,3.6666666666666665
153,7,0,3.6
153,8,0,3.8333333333333335
153,9,0,3.8333333333333335
153,10,0,3.8333333333333335
153,11,0,4.5
153,12,0,4.5
153,13,0,4.5
153,14,0,5.2
153,15,0,5.2
153,16,0,5.545454545454546
153,17,0,6.0
153,18,0,6.0
153,19,0,6.0
153,20,0,6.538461538461538
153,21,0,6.928571428571429
153,22,0,6.928571428571429
153,23,0,6.928571428571429
153,24,0,7.466666666666667
153,25,0,7.9375
153,26,0,8.294117647058824
153,27,0,8.294117647058824
153,28,0,8.833333333333334
153,29,0,9.157894736842104
153,30,0,9.157894736842104
153,31,0,8.8
153,32,0,9.380952380952381
153,33,0,9.772727272727273
153,34,0,9.772727272727273
154,0,0,0
154,1,0,0
154,2,0,0
154,3,0,0
154,4,0,3.5
154,5,0,3.5
154,6,0,3.5
154,7,0,4.666666666666667
154,8,0,5.25
154,9,0,5.25
154,10,0,6.166666666666667
154,11,0,6.166666666666667
154,12,0,6.166666666666667
154,13,0,6.714285714285714
154,14,0,7.5
154,15,0,7.777777777777778
154,16,0,8.3
154,17,0,8.3
154,18,0,8.3
154,19,0,8.727272727272727
154,20,0,9.416666666666666
154,21,0,9.416666666666666
154,22,0,9.416666666666666
154,23,0,10.642857142857142
154,24,0,10.642857142857142
154,25,0,11.266666666666667
154,26,0,11.266666666666667
154,27,0,11.833333333333334
154,28,2,11.833333333333334
154,29,1,11.31578947368421
154,30,4,11.9
154,31,4,12.136363636363637
154,32,4,12.136363636363637
154,33,4,12.416666666666666
154,34,4,12.416666666666666
155,0,0,0
155,1,0,0
155,2,0,0
155,3,0,3.0
155,4,0,3.0
155,5,0,3.3333333333333335
155,6,0,3.3333333333333335
155,7,0,3.3333333333333335
155,8,0,4.2
155,9,0,4.2
155,10,0,4.2
155,11,0,4.166666666666667
155,12,0,5.0
155,13,0,5.0
155,14,0,5.0
155,15,0,5.25
155,16,0,6.111111111111111
155,17,0,6.111111111111111
155,18,0,6.4
155,19,0,7.181818181818182
155,20,0,7.5
155,21,0,7.5
155,22,0,7.846153846153846
155,23,0,8.571428571428571
155,24,0,8.571428571428571
155,25,0,9.266666666666667
155,26,0,9.6875
155,27,0,10.352941176470589
155,28,0,10.352941176470589
155,29,0,10.777777777777779
155,30,0,10.777777777777779
155,31,0,11.85
155,32,0,11.85
155,33,0,11.380952380952381
155,34,0,12.090909090909092
156,0,0,0
156,1,0,0
156,2,0,0
156,3,0,0
156,4,0,0
156,5,0,0
156,6,0,4.0
156,7,0,4.0
156,8,0,4.333333333333333
156,9,0,4.333333333333333
156,10,0,5.6
156,11,0,5.6
156,12,0,5.6
156,13,0,6.333333333333333
156,14,0,6.857142857142857
156,15,0,6.857142857142857
156,16,0,8.11111111111111
156,17,0,8.11111111111111
156,18,0,8.11111111111111
156,19,0,8.6
156,20,0,9.0
156,21,0,9.0
156,22,0,9.0
156,23,0,10.076923076923077
156,24,0,10.076923076923077
156,25,0,10.076923076923077
156,26,0,11.133333333333333
156,27,0,11.133333333333333
156,28,0,11.133333333333333
156,29,0,11.133333333333333
156,30,1,12.176470588235293
156,31,0,11.61111111111111
156,32,0,12.157894736842104
156,33,0,12.285714285714286
156,34,0,12.772727272727273
157,0,0,0
157,1,0,0
157,2,0,0
157,3,0,3.0
157,4,0,3.0
157,5,0,3.0
157,6,0,3.0
157,7,0,3.0
157,8,0,3.3333333333333335
157,9,0,4.0
157,10,0,4.0
157,11,0,4.6
157,12,0,5.0
157,13,0,5.571428571428571
157,14,0,5.571428571428571
157,15,0,5.571428571428571
157,16,0,6.666666666666667
157,17,0,6.666666666666667
157,18,0,6.666666666666667
157,19,0,6.666666666666667
157,20,0,8.0
157,21,0,8.0
157,22,0,8.583333333333334
157,23,0,8.583333333333334
157,24,0,9.23076923076923
157,25,0,9.857142857142858
157,26,0,10.4
157,27,0,10.4
157,28,0,11.0
157,29,0,11.588235294117647
157,30,0,11.588235294117647
157,31,0,12.68421052631579
157,32,0,12.68421052631579
157,33,0,12.68421052631579
157,34,0,13.25
158,0,0,0
158,1,0,0
158,2,0,0
158,3,0,3.0
158,4,0,3.5
158,5,0,3.5
158,6,0,4.333333333333333
158,7,0,5.0
158,8,0,5.0
158,9,0,5.0
158,10,0,5.0
158,11,0,5.857142857142857
158,12,0,5.857142857142857
158,13,0,5.857142857142857
158,14,0,6.75
158,15,0,7.0
158,16,0,7.0
158,17,0,7.8
158,18,0,7.8
158,19,0,8.272727272727273
158,20,0,8.272727272727273
158,21,0,8.916666666666666
158,22,0,8.916666666666666
158,23,0,9.307692307692308
158,24,0,9.785714285714286
158,25,0,9.785714285714286
158,26,0,10.0
158,27,0,10.5625
158,28,0,10.5625
158,29,0,10.823529411764707
158,30,0,10.823529411764707
158,31,0,11.38888888888889
158,32,0,11.736842105263158
158,33,0,12.3
158,34,0,12.3
159,0,0,0
159,1,0,0
159,2,0,0
159,3,0,3.0
159,4,0,3.0
159,5,0,3.0
159,6,0,3.0
159,7,0,4.0
159,8,0,3.75
159,9,0,4.0
159,10,0,4.0
159,11,0,4.333333333333333
159,12,0,4.333333333333333
159,13,0,4.857142857142857
159,14,0,5.25
159,15,0,5.777777777777778
159,16,0,5.777777777777778
159,17,0,6.3
159,18,0,6.3
159,19,0,6.818181818181818
159,20,0,6.818181818181818
159,21,0,7.416666666666667
159,22,0,7.416666666666667
159,23,0,7.923076923076923
159,24,0,7.923076923076923
159,25,0,8.642857142857142
159,26,0,8.642857142857142
159,27,0,9.133333333333333
159,28,0,9.133333333333333
159,29,0,9.875
159,30,0,9.875
159,31,0,10.470588235294118
159,32,0,10.470588235294118
159,33,0,11.166666666666666
159,34,0,11.736842105263158
160,0,0,0
160,1,0,0
160,2,0,0
160,3,0,3.0
160,4,0,3.5
160,5,0,3.5
160,6,0,4.333333333333333
160,7,0,4.75
160,8,0,5.2
160,9,0,5.2
160,10,0,5.2
160,11,0,6.142857142857143
160,12,0,6.142857142857143
160,13,0,6.142857142857143
160,14,0,7.222222222222222
160,15,0,7.222222222222222
160,16,0,7.6
160,17,0,8.090909090909092
160,18,0,8.090909090909092
160,19,0,8.090909090909092
160,20,0,9.153846153846153
160,21,0,9.153846153846153
160,22,0,9.153846153846153
160,23,0,10.266666666666667
160,24,0,10.266666666666667
160,25,0,10.266666666666667
160,26,0,11.352941176470589
160,27,0,11.352941176470589
160,28,0,11.944444444444445
160,29,0,12.368421052631579
160,30,0,12.368421052631579
160,31,0,12.9
160,32,0,12.863636363636363
160,33,1,13.391304347826088
160,34,0,13.28
161,0,0,0
161,1,0,0
161,2,0,2.0
161,3,0,2.0
161,4,0,2.0
161,5,0,3.0
161,6,0,4.0
161,7,0,4.5
161,8,0,4.5
161,9,0,4.5
161,10,0,5.2
161,11,0,5.666666666666667
161,12,0,5.666666666666667
161,13,0,5.666666666666667
161,14,0,6.428571428571429
161,15,0,7.125
161,16,0,7.666666666666667
161,17,0,7.666666666666667
161,18,0,8.3
161,19,0,8.3
161,20,0,9.416666666666666
161,21,0,9.416666666666666
161,22,0,9.416666666666666
161,23,0,10.0
161,24,0,10.642857142857142
161,25,0,10.642857142857142
161,26,0,10.6875
161,27,0,10.722222222222221
161,28,0,10.722222222222221
161,29,0,10.722222222222221
161,30,0,11.31578947368421
161,31,0,11.95
161,32,0,11.95
161,33,0,12.523809523809524
161,34,0,12.045454545454545
162,0,0,0
162,1,0,0
162,2,0,0
162,3,0,0
162,4,0,3.0
162,5,0,3.0
162,6,0,3.6666666666666665
162,7,0,3.6666666666666665
162,8,0,4.0
162,9,0,4.0
162,10,0,4.6
162,11,0,5.166666666666667
162,12,0,5.714285714285714
162,13,0,5.714285714285714
162,14,0,6.125
162,15,0,6.555555555555555
162,16,0,6.555555555555555
162,17,0,7.1
162,18,0,7.636363636363637
162,19,0,7.636363636363637
162,20,0,7.636363636363637
162,21,0,8.25
162,22,0,8.846153846153847
162,23,0,8.846153846153847
162,24,0,9.357142857142858
162,25,0,10.0
162,26,0,10.5
162,27,0,10.5
162,28,0,10.5
162,29,0,11.61111111111111
162,30,0,11.61111111111111
162,31,0,11.61111111111111
162,32,0,12.65
162,33,0,12.65
162,34,0,12.142857142857142
163,0,0,0
163,1,0,0
163,2,0,2.0
163,3,0,2.0
163,4,0,2.0
163,5,0,2.6666666666666665
163,6,0,3.5
163,7,0,3.5
163,8,0,4.0
163,9,0,4.666666666666667
163,10,0,4.666666666666667
163,11,0,5.428571428571429
163,12,0,6.0
163,13,0,6.555555555555555
163,14,0,6.555555555555555
163,15,0,6.555555555555555
163,16,0,7.7272727272727275
163,17,0,7.7272727272727275
163,18,0,8.846153846153847
163,19,0,8.846153846153847
163,20,0,9.357142857142858
163,21,0,9.866666666666667
163,22,0,9.866666666666667
163,23,0,9.866666666666667
163,24,0,10.823529411764707
163,25,0,10.823529411764707
163,26,0,11.333333333333334
163,27,0,10.842105263157896
163,28,1,11.2
163,29,0,11.318181818181818
163,30,0,11.318181818181818
163,31,0,11.375
163,32,0,11.92
163,33,0,11.925925925925926
163,34,0,11.925925925925926
164,0,0,0
164,1,0,0
164,2,0,2.0
164,3,0,2.5
164,4,0,2.5
164,5,0,2.5
164,6,0,4.0
164,7,0,4.0
164,8,0,4.0
164,9,0,4.666666666666667
164,10,0,4.666666666666667
164,11,0,4.714285714285714
164,12,0,4.714285714285714
164,13,0,5.25
164,14,0,5.555555555555555
164,15,0,6.1
164,16,0,6.1
164,17,0,6.454545454545454
164,18,0,6.454545454545454
164,19,0,7.3076923076923075
164,20,0,7.3076923076923075
164,21,0,7.3076923076923075
164,22,0,8.2
164,23,0,8.2
164,24,0,8.2
164,25,0,8.6875
164,26,0,9.117647058823529
164,27,0,9.117647058823529
164,28,0,9.117647058823529
164,29,0,9.666666666666666
164,30,0,10.210526315789474
164,31,0,10.210526315789474
164,32,0,10.210526315789474
164,33,0,11.380952380952381
164,34,0,10.954545454545455
165,0,0,0
165,1,0,0
165,2,0,0
165,3,0,3.0
165,4,0,3.0
165,5,0,3.5
165,6,0,4.0
165,7,0,4.25
165,8,0,4.25
165,9,0,4.25
165,10,0,5.0
165,11,0,5.5
165,12,0,5.5
165,13,0,6.142857142857143
165,14,0,6.625
165,15,0,6.625
165,16,0,6.625
165,17,0,7.333333333333333
165,18,0,7.7
165,19,0,7.7
165,20,0,8.181818181818182
165,21,0,8.833333333333334
165,22,0,8.833333333333334
165,23,0,9.307692307692308
165,24,0,9.307692307692308
165,25,0,10.333333333333334
165,26,0,10.333333333333334
165,27,0,10.75
165,28,0,10.75
165,29,0,11.411764705882353
165,30,0,11.411764705882353
165,31,0,11.833333333333334
165,32,0,12.421052631578947
165,33,0,12.421052631578947
165,34,0,13.428571428571429
166,0,0,0
166,1,0,0
166,2,0,0
166,3,0,3.0
166,4,0,3.5
166,5,0,3.3333333333333335
166,6,0,3.3333333333333335
166,7,0,4.25
166,8,0,4.6
166,9,0,4.6
166,10,0,5.0
166,11,0,5.714285714285714
166,12,0,5.714285714285714
166,13,0,6.125
166,14,0,6.125
166,15,0,6.888888888888889
166,16,0,6.888888888888889
166,17,0,7.5
166,18,0,8.272727272727273
166,19,0,8.272727272727273
166,20,0,9.461538461538462
166,21,0,9.461538461538462
166,22,0,9.461538461538462
166,23,0,10.071428571428571
166,24,0,10.8
166,25,0,10.8
166,26,0,10.8
166,27,0,12.058823529411764
166,28,0,12.058823529411764
166,29,0,12.61111111111111
166,30,0,13.263157894736842
166,31,0,13.75
166,32,0,13.75
166,33,0,14.380952380952381
166,34,0,14.380952380952381
167,0,0,0
167,1,0,0
167,2,0,0
167,3,0,3.0
167,4,0,3.5
167,5,0,3.5
167,6,0,4.333333333333333
167,7,0,4.75
167,8,0,4.75
167,9,0,5.4
167,10,0,5.4
167,11,0,6.166666666666667
167,12,0,6.166666666666667
167,13,0,6.857142857142857
167,14,0,6.857142857142857
167,15,0,8.0
167,16,0,8.0
167,17,0,8.6
167,18,0,9.181818181818182
167,19,0,9.666666666666666
167,20,0,10.076923076923077
167,21,0,10.076923076923077
167,22,0,10.5
167,23,0,11.0
167,24,0,11.4375
167,25,0,11.4375
167,26,0,11.4375
167,27,0,12.38888888888889
167,28,0,12.38888888888889
167,29,0,12.947368421052632
167,30,0,13.4
167,31,0,13.4
167,32,0,13.904761904761905
167,33,0,13.904761904761905
167,34,0,14.409090909090908
168,0,0,0
168,1,0,0
168,2,0,0
168,3,0,0
168,4,0,4.0
168,5,0,4.0
168,6,0,4.0
168,7,0,5.0
168,8,0,5.5
168,9,0,5.5
168,10,0,6.0
168,11,0,6.666666666666667
168,12,0,6.666666666666667
168,13,0,7.285714285714286
168,14,0,7.285714285714286
168,15,0,8.555555555555555
168,16,0,8.555555555555555
168,17,0,8.555555555555555
168,18,0,9.2
168,19,0,9.818181818181818
168,20,0,10.416666666666666
168,21,0,10.416666666666666
168,22,0,11.0
168,23,0,11.0
168,24,0,12.0
168,25,0,12.0
168,26,0,12.5625
168,27,0,12.5625
168,28,0,13.058823529411764
168,29,0,13.058823529411764
168,30,0,13.105263157894736
168,31,0,13.105263157894736
168,32,0,14.142857142857142
168,33,0,14.142857142857142
168,34,0,14.590909090909092
169,0,0,0
169,1,0,0
169,2,0,0
169,3,0,3.0
169,4,0,3.0
169,5,0,3.0
169,6,0,4.0
169,7,0,4.0
169,8,0,4.0
169,9,0,4.0
169,10,0,5.333333333333333
169,11,0,5.333333333333333
169,12,0,5.333333333333333
169,13,0,6.142857142857143
169,14,0,6.625
169,15,0,6.625
169,16,0,7.222222222222222
169,17,0,7.9
169,18,0,7.9
169,19,0,7.9
169,20,0,9.166666666666666
169,21,0,9.166666666666666
169,22,0,9.166666666666666
169,23,0,9.166666666666666
169,24,0,10.5
169,25,0,10.5
169,26,0,11.2
169,27,0,11.2
169,28,0,12.411764705882353
169,29,0,12.411764705882353
169,30,0,12.944444444444445
169,31,0,12.944444444444445
169,32,0,13.631578947368421
169,33,0,13.631578947368421
169,34,0,14.2
170,0,0,0
170,1,0,0
170,2,0,0
170,3,0,0
170,4,0,4.0
170,5,0,3.5
170,6,0,3.5
170,7,0,3.5
170,8,0,5.0
170,9,0,5.0
170,10,0,5.0
170,11,0,5.6
170,12,0,6.166666666666667
170,13,0,6.166666666666667
170,14,0,6.75
170,15,0,6.75
170,16,0,6.75
170,17,0,6.75
170,18,0,7.8
170,19,0,7.8
170,20,0,7.8
170,21,0,8.272727272727273
170,22,0,9.0
170,23,0,9.0
170,24,0,10.142857142857142
170,25,0,10.142857142857142
170,26,0,10.8
170,27,0,10.8
170,28,1,11.3125
170,29,0,10.764705882352942
170,30,0,11.5
170,31,0,11.105263157894736
170,32,0,11.65
170,33,0,11.863636363636363
170,34,0,11.863636363636363
171,0,0,0
171,1,0,0
171,2,0,0
171,3,0,0
171,4,0,3.5
171,5,0,3.5
171,6,0,4.5
171,7,0,4.5
171,8,0,4.5
171,9,0,5.0
171,10,0,5.5
171,11,0,5.714285714285714
171,12,0,6.25
171,13,0,6.25
171,14,0,6.555555555555555
171,15,0,7.0
171,16,0,7.363636363636363
171,17,0,7.363636363636363
171,18,0,7.833333333333333
171,19,0,7.833333333333333
171,20,0,8.307692307692308
171,21,0,8.307692307692308
171,22,0,8.714285714285714
171,23,0,8.714285714285714
171,24,0,9.333333333333334
171,25,0,9.8125
171,26,0,9.8125
171,27,0,10.777777777777779
171,28,0,10.777777777777779
171,29,0,10.31578947368421
171,30,0,10.85
171,31,0,11.0
171,32,1,11.0
171,33,1,11.166666666666666
171,34,1,11.68
172,0,0,0
172,1,0,0
172,2,0,2.0
172,3,0,2.5
172,4,0,2.5
172,5,0,3.3333333333333335
172,6,0,4.0
172,7,0,4.0
172,8,0,4.0
172,9,0,5.166666666666667
172,10,0,5.166666666666667
172,11,0,5.166666666666667
172,12,0,5.857142857142857
172,13,0,6.625
172,14,0,6.625
172,15,0,7.7
172,16,0,7.7
172,17,0,7.7
172,18,0,8.363636363636363
172,19,0,8.916666666666666
172,20,0,8.916666666666666
172,21,0,9.384615384615385
172,22,0,9.384615384615385
172,23,0,10.4
172,24,0,10.4
172,25,0,10.4
172,26,0,11.0
172,27,0,11.529411764705882
172,28,0,11.529411764705882
172,29,0,11.529411764705882
172,30,0,12.473684210526315
172,31,0,12.473684210526315
172,32,0,12.473684210526315
172,33,0,13.0
172,34,0,13.523809523809524
173,0,0,0
173,1,0,0
173,2,0,0
173,3,0,3.0
173,4,0,3.0
173,5,0,3.6666666666666665
173,6,0,3.6666666666666665
173,7,0,3.6666666666666665
173,8,0,4.5
173,9,0,5.0
173,10,0,5.0
173,11,0,5.666666666666667
173,12,0,5.666666666666667
173,13,0,6.428571428571429
173,14,0,6.428571428571429
173,15,0,7.0
173,16,0,7.444444444444445
173,17,0,7.444444444444445
173,18,0,7.444444444444445
173,19,0,8.636363636363637
173,20,0,8.636363636363637
173,21,0,8.636363636363637
173,22,0,8.636363636363637
173,23,0,10.0
173,24,0,10.0
173,25,0,10.0
173,26,0,10.0
173,27,0,11.333333333333334
173,28,0,10.75
173,29,1,10.75
173,30,2,11.0
173,31,2,11.631578947368421
173,32,1,11.904761904761905
173,33,3,12.454545454545455
173,34,2,12.130434782608695
174,0,0,0
174,1,0,0
174,2,0,2.0
174,3,0,2.0
174,4,0,3.0
174,5,0,3.0
174,6,0,3.6666666666666665
174,7,0,3.6666666666666665
174,8,0,3.6666666666666665
174,9,0,3.75
174,10,0,4.8
174,11,0,4.8
174,12,0,4.8
174,13,0,5.166666666666667
174,14,0,6.0
174,15,0,6.0
174,16,0,6.0
174,17,0,6.5
174,18,0,7.222222222222222
174,19,0,7.222222222222222
174,20,0,7.222222222222222
174,21,0,8.545454545454545
174,22,0,8.545454545454545
174,23,0,9.083333333333334
174,24,0,9.615384615384615
174,25,0,10.0
174,26,0,10.0
174,27,0,10.0
174,28,0,10.666666666666666
174,29,0,11.125
174,30,0,11.125
174,31,0,11.647058823529411
174,32,0,12.277777777777779
174,33,0,12.277777777777779
174,34,0,12.277777777777779
175,0,0,0
175,1,0,0
175,2,0,2.0
175,3,0,2.5
175,4,0,3.0
175,5,0,3.5
175,6,0,3.5
175,7,0,3.5
175,8,0,4.666666666666667
175,9,0,4.666666666666667
175,10,0,5.142857142857143
175,11,0,5.142857142857143
175,12,0,5.75
175,13,0,6.222222222222222
175,14,0,6.222222222222222
175,15,0,6.9
175,16,0,6.9
175,17,0,8.0
175,18,0,8.0
175,19,0,8.0
175,20,0,8.0
175,21,0,9.285714285714286
175,22,0,9.285714285714286
175,23,0,9.866666666666667
175,24,0,10.375
175,25,0,10.375
175,26,0,11.0
175,27,0,11.555555555555555
175,28,0,11.555555555555555
175,29,0,12.105263157894736
175,30,0,12.65
175,31,0,12.65
175,32,0,12.65
175,33,0,13.285714285714286
175,34,0,13.909090909090908
176,0,0,0
176,1,0,0
176,2,0,2.0
176,3,0,2.5
176,4,0,3.0
176,5,0,3.0
176,6,0,3.0
176,7,0,4.2
176,8,0,4.2
176,9,0,4.2
176,10,0,5.0
176,11,0,5.714285714285714
176,12,0,5.714285714285714
176,13,0,6.375
176,14,0,7.0
176,15,0,7.0
176,16,0,7.6
176,17,0,8.272727272727273
176,18,0,8.75
176,19,0,9.307692307692308
176,20,0,9.785714285714286
176,21,0,9.785714285714286
176,22,0,9.785714285714286
176,23,0,10.4
176,24,0,10.9375
176,25,0,10.9375
176,26,0,10.9375
176,27,0,12.222222222222221
176,28,0,12.222222222222221
176,29,0,12.25
176,30,0,12.857142857142858
176,31,0,13.409090909090908
176,32,0,13.409090909090908
176,33,0,13.956521739130435
176,34,0,13.956521739130435
177,0,0,0
177,1,0,0
177,2,0,0
177,3,0,2.5
177,4,0,2.5
177,5,0,2.3333333333333335
177,6,0,2.3333333333333335
177,7,0,3.6
177,8,0,3.6
177,9,0,3.6
177,10,0,4.333333333333333
177,11,0,4.714285714285714
177,12,0,4.714285714285714
177,13,0,4.714285714285714
177,14,0,5.666666666666667
177,15,0,5.666666666666667
177,16,0,5.666666666666667
177,17,0,6.1
177,18,0,6.818181818181818
177,19,0,7.166666666666667
177,20,0,7.166666666666667
177,21,0,7.846153846153846
177,22,0,8.214285714285714
177,23,0,8.214285714285714
177,24,0,8.6
177,25,0,9.3125
177,26,0,9.3125
177,27,0,9.764705882352942
177,28,0,10.444444444444445
177,29,0,10.444444444444445
177,30,0,10.894736842105264
177,31,0,10.894736842105264
177,32,0,11.55
177,33,0,11.55
177,34,0,12.681818181818182
178,0,0,0
178,1,0,0
178,2,0,2.0
178,3,0,2.5
178,4,0,3.0
178,5,0,3.0
178,6,0,3.5
178,7,0,3.5
178,8,0,4.2
178,9,0,4.2
178,10,0,5.0
178,11,0,5.0
178,12,0,5.571428571428571
178,13,0,5.571428571428571
178,14,0,6.375
178,15,0,6.375
178,16,0,7.111111111111111
178,17,0,7.9
178,18,0,7.9
178,19,0,8.636363636363637
178,20,0,9.25
178,21,0,9.25
178,22,0,10.285714285714286
178,23,0,10.285714285714286
178,24,0,10.933333333333334
178,25,0,11.25
178,26,0,11.25
178,27,0,11.941176470588236
178,28,0,11.941176470588236
178,29,0,12.38888888888889
178,30,0,13.052631578947368
178,31,0,12.5
178,32,1,13.590909090909092
178,33,0,13.130434782608695
178,34,0,13.130434782608695
179,0,0,0
179,1,0,0
179,2,0,2.0
179,3,0,2.5
179,4,0,3.0
179,5,0,3.0
179,6,0,3.8
179,7,0,3.8
179,8,0,4.166666666666667
179,9,0,4.714285714285714
179,10,0,4.714285714285714
179,11,0,4.714285714285714
179,12,0,5.375
179,13,0,6.0
179,14,0,6.0
179,15,0,6.0
179,16,0,7.2727272727272725
179,17,0,7.2727272727272725
179,18,0,7.916666666666667
179,19,0,8.461538461538462
179,20,0,8.461538461538462
179,21,0,8.461538461538462
179,22,0,9.214285714285714
179,23,0,9.8
179,24,0,10.375
179,25,0,10.941176470588236
179,26,0,11.5
179,27,0,12.0
179,28,0,12.0
179,29,0,12.55
179,30,0,12.952380952380953
179,31,0,13.5
179,32,0,13.5
179,33,0,14.458333333333334
179,34,0,13.96
180,0,0,0
180,1,0,0
180,2,0,0
180,3,0,2.0
180,4,0,3.0
180,5,0,3.0
180,6,0,3.0
180,7,0,3.6666666666666665
180,8,0,4.5
180,9,0,4.5
180,10,0,4.5
180,11,0,5.333333333333333
180,12,0,5.333333333333333
180,13,0,5.571428571428571
180,14,0,5.571428571428571
180,15,0,6.5
180,16,0,6.333333333333333
180,17,0,6.333333333333333
180,18,0,6.333333333333333
180,19,0,7.3
180,20,0,7.363636363636363
180,21,0,8.25
180,22,0,8.25
180,23,0,8.23076923076923
180,24,0,9.071428571428571
180,25,0,9.071428571428571
180,26,0,9.933333333333334
180,27,0,10.0
180,28,0,10.0
180,29,0,10.0
180,30,0,11.055555555555555
180,31,0,11.055555555555555
180,32,0,11.842105263157896
180,33,0,12.05
180,34,0,12.05
181,0,0,0
181,1,0,0
181,2,0,2.0
181,3,0,2.0
181,4,0,2.5
181,5,0,2.5
181,6,0,2.6666666666666665
181,7,0,3.25
181,8,0,3.25
181,9,0,4.0
181,10,0,4.333333333333333
181,11,0,4.333333333333333
181,12,0,5.0
181,13,0,5.375
181,14,0,5.375
181,15,0,6.0
181,16,0,6.0
181,17,0,6.6
181,18,0,6.6
181,19,0,7.363636363636363
181,20,0,7.916666666666667
181,21,0,7.916666666666667
181,22,0,8.538461538461538
181,23,0,9.142857142857142
181,24,0,9.142857142857142
181,25,0,9.733333333333333
181,26,0,10.1875
181,27,0,10.647058823529411
181,28,0,11.11111111111111
181,29,0,11.11111111111111
181,30,0,11.11111111111111
181,31,0,12.1
181,32,0,12.1
181,33,0,12.1
181,34,0,12.1
182,0,0,0
182,1,0,0
182,2,0,2.0
182,3,0,2.5
182,4,0,2.3333333333333335
182,5,0,2.75
182,6,0,3.0
182,7,0,3.0
182,8,0,3.6666666666666665
182,9,0,4.0
182,10,0,4.0
182,11,0,4.375
182,12,0,5.0
182,13,0,5.0
182,14,0,5.3
182,15,0,5.3
182,16,0,6.0
182,17,0,6.333333333333333
182,18,0,6.333333333333333
182,19,0,7.0
182,20,0,7.0
182,21,0,7.428571428571429
182,22,0,8.133333333333333
182,23,0,8.133333333333333
182,24,0,8.133333333333333
182,25,0,8.6875
182,26,0,9.411764705882353
182,27,0,9.88888888888889
182,28,0,10.578947368421053
182,29,0,10.95
182,30,0,10.95
182,31,0,10.95
182,32,0,12.045454545454545
182,33,0,12.045454545454545
182,34,0,12.045454545454545
183,0,0,0
183,1,0,0
183,2,0,0
183,3,0,0
183,4,0,4.0
183,5,0,4.0
183,6,0,4.666666666666667
183,7,0,4.666666666666667
183,8,0,5.0
183,9,0,5.0
183,10,0,5.6
183,11,0,6.0
183,12,0,6.571428571428571
183,13,0,6.571428571428571
183,14,0,7.0
183,15,0,7.0
183,16,0,7.8
183,17,0,7.8
183,18,0,7.8
183,19,0,7.8
183,20,0,8.833333333333334
183,21,0,8.833333333333334
183,22,0,9.23076923076923
183,23,0,9.23076923076923
183,24,0,10.133333333333333
183,25,0,10.133333333333333
183,26,0,10.625
183,27,0,10.625
183,28,0,11.555555555555555
183,29,0,11.555555555555555
183,30,0,11.555555555555555
183,31,0,12.052631578947368
183,32,0,12.6
183,33,0,12.6
183,34,0,12.6
184,0,0,0
184,1,0,0
184,2,0,0
184,3,0,3.0
184,4,0,3.5
184,5,0,3.5
184,6,0,3.5
184,7,0,5.25
184,8,0,5.25
184,9,0,5.6
184,10,0,6.166666666666667
184,11,0,6.166666666666667
184,12,0,7.125
184,13,0,7.125
184,14,0,7.125
184,15,0,7.777777777777778
184,16,0,8.3
184,17,0,8.3
184,18,0,8.3
184,19,0,8.909090909090908
184,20,0,9.5
184,21,0,9.5
184,22,0,9.5
184,23,0,10.23076923076923
184,24,0,10.928571428571429
184,25,0,10.928571428571429
184,26,0,12.1875
184,27,0,11.588235294117647
184,28,0,12.222222222222221
184,29,0,11.736842105263158
184,30,1,12.952380952380953
184,31,0,12.454545454545455
184,32,0,12.454545454545455
184,33,0,12.625
184,34,0,13.24
185,0,0,0
185,1,0,0
185,2,0,0
185,3,0,0
185,4,0,4.0
185,5,0,4.0
185,6,0,4.0
185,7,0,5.0
185,8,0,5.75
185,9,0,5.75
185,10,0,6.2
185,11,0,6.833333333333333
185,12,0,6.833333333333333
185,13,0,6.833333333333333
185,14,0,8.125
185,15,0,8.125
185,16,0,8.125
185,17,0,8.777777777777779
185,18,0,9.4
185,19,0,9.4
185,20,0,10.0
185,21,0,10.666666666666666
185,22,0,10.666666666666666
185,23,0,11.076923076923077
185,24,0,11.714285714285714
185,25,0,11.714285714285714
185,26,0,12.75
185,27,0,12.75
185,28,0,12.75
185,29,0,13.411764705882353
185,30,0,13.777777777777779
185,31,0,13.777777777777779
185,32,0,14.31578947368421
185,33,0,14.7
185,34,0,14.7
186,0,0,0
186,1,0,0
186,2,0,0
186,3,0,0
186,4,0,4.0
186,5,0,4.0
186,6,0,4.0
186,7,0,5.5
186,8,0,5.5
186,9,0,6.333333333333333
186,10,0,6.333333333333333
186,11,0,6.333333333333333
186,12,0,6.857142857142857
186,13,0,7.375
186,14,0,7.777777777777778
186,15,0,7.777777777777778
186,16,0,7.777777777777778
186,17,0,8.3
186,18,0,8.909090909090908
186,19,0,8.909090909090908
186,20,0,9.416666666666666
186,21,0,9.846153846153847
186,22,0,9.846153846153847
186,23,0,10.357142857142858
186,24,0,10.866666666666667
186,25,0,10.866666666666667
186,26,0,11.882352941176471
186,27,0,11.882352941176471
186,28,0,12.842105263157896
186,29,0,12.842105263157896
186,30,0,12.842105263157896
186,31,0,12.842105263157896
186,32,0,13.952380952380953
186,33,0,13.952380952380953
186,34,0,13.952380952380953
187,0,0,0
187,1,0,0
187,2,0,0
187,3,0,3.0
187,4,0,3.0
187,5,0,3.0
187,6,0,3.0
187,7,0,4.666666666666667
187,8,0,4.666666666666667
187,9,0,4.666666666666667
187,10,0,4.666666666666667
187,11,0,6.4
187,12,0,6.4
187,13,0,6.4
187,14,0,6.833333333333333
187,15,0,7.857142857142857
187,16,0,7.75
187,17,0,7.75
187,18,0,7.333333333333333
187,19,0,8.2
187,20,0,8.0
187,21,0,8.0
187,22,0,7.916666666666667
187,23,0,8.76923076923077
187,24,0,8.76923076923077
187,25,0,8.76923076923077
187,26,0,9.733333333333333
187,27,0,9.733333333333333
187,28,0,9.733333333333333
187,29,0,10.705882352941176
187,30,0,10.705882352941176
187,31,0,10.705882352941176
187,32,0,11.631578947368421
187,33,0,11.631578947368421
187,34,0,11.631578947368421
188,0,0,0
188,1,0,0
188,2,0,2.0
188,3,0,2.5
188,4,0,2.5
188,5,0,2.5
188,6,0,3.3333333333333335
188,7,0,3.75
188,8,0,3.75
188,9,0,4.166666666666667
188,10,0,4.166666666666667
188,11,0,4.375
188,12,0,4.375
188,13,0,4.375
188,14,0,4.444444444444445
188,15,0,4.9
188,16,0,4.9
188,17,0,5.090909090909091
188,18,0,5.090909090909091
188,19,0,5.666666666666667
188,20,0,6.0
188,21,0,6.0
188,22,0,6.0
188,23,0,6.714285714285714
188,24,0,7.133333333333334
188,25,0,7.133333333333334
188,26,0,7.133333333333334
188,27,0,8.352941176470589
188,28,0,8.352941176470589
188,29,0,8.352941176470589
188,30,0,8.352941176470589
188,31,0,9.68421052631579
188,32,0,9.68421052631579
188,33,0,9.68421052631579
188,34,0,10.952380952380953
189,0,0,0
189,1,0,0
189,2,0,0
189,3,0,0
189,4,0,4.0
189,5,0,4.0
189,6,0,3.5
189,7,0,4.333333333333333
189,8,0,4.333333333333333
189,9,0,4.333333333333333
189,10,0,4.5
189,11,0,5.4
189,12,0,5.4
189,13,0,5.666666666666667
189,14,0,5.666666666666667
189,15,0,6.428571428571429
189,16,0,6.428571428571429
189,17,0,6.875
189,18,0,6.875
189,19,0,8.1
189,20,0,8.1
189,21,0,8.1
189,22,0,9.083333333333334
189,23,0,9.083333333333334
189,24,0,9.083333333333334
189,25,0,9.384615384615385
189,26,0,10.214285714285714
189,27,0,10.533333333333333
189,28,0,10.533333333333333
189,29,0,10.533333333333333
189,30,0,11.3125
189,31,0,11.705882352941176
189,32,0,11.705882352941176
189,33,0,12.444444444444445
189,34,0,12.894736842105264
190,0,0,0
190,1,0,0
190,2,0,0
190,3,0,0
190,4,0,0
190,5,0,0
190,6,0,3.0
190,7,0,3.5
190,8,0,3.5
190,9,0,3.3333333333333335
190,10,0,3.75
190,11,0,3.75
190,12,0,3.75
190,13,0,4.0
190,14,0,4.833333333333333
190,15,0,4.833333333333333
190,16,0,4.833333333333333
190,17,0,5.444444444444445
190,18,0,5.444444444444445
190,19,0,5.444444444444445
190,20,0,6.545454545454546
190,21,0,6.545454545454546
190,22,0,6.545454545454546
190,23,0,7.0
190,24,0,7.769230769230769
190,25,0,7.769230769230769
190,26,0,8.285714285714286
190,27,0,8.285714285714286
190,28,0,9.066666666666666
190,29,0,9.066666666666666
190,30,0,9.625
190,31,0,9.625
190,32,0,10.470588235294118
190,33,0,10.470588235294118
190,34,0,10.944444444444445
191,0,0,0
191,1,0,0
191,2,0,0
191,3,0,3.0
191,4,0,3.0
191,5,0,3.0
191,6,0,4.25
191,7,0,4.25
191,8,0,4.8
191,9,0,5.166666666666667
191,10,0,5.166666666666667
191,11,0,5.857142857142857
191,12,0,5.857142857142857
191,13,0,6.5
191,14,0,6.5
191,15,0,7.222222222222222
191,16,0,7.8
191,17,0,7.8
191,18,0,7.8
191,19,0,8.636363636363637
191,20,0,9.25
191,21,0,9.25
191,22,0,9.25
191,23,0,10.076923076923077
191,24,0,10.785714285714286
191,25,0,10.785714285714286
191,26,0,10.785714285714286
191,27,0,12.25
191,28,0,12.25
191,29,0,13.0
191,30,0,13.0
191,31,0,13.0
191,32,0,13.7
191,33,0,14.285714285714286
191,34,0,13.727272727272727
192,0,0,0
192,1,0,0
192,2,0,0
192,3,0,3.0
192,4,0,3.0
192,5,0,3.0
192,6,0,3.6666666666666665
192,7,0,3.6666666666666665
192,8,0,4.5
192,9,0,5.0
192,10,0,5.0
192,11,0,5.5
192,12,0,5.714285714285714
192,13,0,6.125
192,14,0,6.444444444444445
192,15,0,6.444444444444445
192,16,0,6.444444444444445
192,17,0,7.1
192,18,0,7.545454545454546
192,19,0,7.545454545454546
192,20,0,7.545454545454546
192,21,0,8.166666666666666
192,22,0,8.384615384615385
192,23,0,8.928571428571429
192,24,0,8.928571428571429
192,25,0,9.266666666666667
192,26,0,9.266666666666667
192,27,0,9.9375
192,28,0,9.9375
192,29,0,10.294117647058824
192,30,0,10.944444444444445
192,31,0,10.944444444444445
192,32,0,11.31578947368421
192,33,0,11.95
192,34,0,11.95
193,0,0,0
193,1,0,0
193,2,0,0
193,3,0,3.0
193,4,0,3.0
193,5,0,3.0
193,6,0,4.5
193,7,0,4.5
193,8,0,5.0
193,9,0,5.0
193,10,0,5.8
193,11,0,5.8
193,12,0,6.571428571428571
193,13,0,6.571428571428571
193,14,0,6.571428571428571
193,15,0,6.571428571428571
193,16,0,7.666666666666667
193,17,0,7.666666666666667
193,18,0,7.666666666666667
193,19,0,7.666666666666667
193,20,0,8.818181818181818
193,21,0,8.818181818181818
193,22,0,8.818181818181818
193,23,0,8.818181818181818
193,24,0,10.153846153846153
193,25,0,10.153846153846153
193,26,0,10.857142857142858
193,27,0,10.857142857142858
193,28,0,11.75
193,29,0,11.75
193,30,0,11.75
193,31,0,12.352941176470589
193,32,0,12.666666666666666
193,33,0,12.666666666666666
193,34,0,13.157894736842104
194,0,0,0
194,1,0,0
194,2,0,0
194,3,0,0
194,4,0,2.0
194,5,0,3.0
194,6,0,3.0
194,7,0,3.3333333333333335
194,8,0,4.25
194,9,0,4.25
194,10,0,5.0
194,11,0,5.5
194,12,0,5.5
194,13,0,5.5
194,14,0,6.285714285714286
194,15,0,6.75
194,16,0,6.75
194,17,0,7.7
194,18,0,7.7
194,19,0,7.7
194,20,0,8.666666666666666
194,21,0,8.666666666666666
194,22,0,8.666666666666666
194,23,0,9.384615384615385
194,24,0,9.785714285714286
194,25,0,9.785714285714286
194,26,0,10.466666666666667
194,27,0,10.466666666666667
194,28,0,11.588235294117647
194,29,0,11.588235294117647
194,30,0,12.055555555555555
194,31,0,12.526315789473685
194,32,0,12.526315789473685
194,33,0,13.0
194,34,0,13.0
195,0,0,0
195,1,0,0
195,2,0,0
195,3,0,3.0
195,4,0,3.0
195,5,0,3.0
195,6,0,3.5
195,7,0,4.333333333333333
195,8,0,3.75
195,9,0,4.6
195,10,0,4.428571428571429
195,11,0,4.428571428571429
195,12,0,4.875
195,13,0,5.555555555555555
195,14,0,5.555555555555555
195,15,0,5.555555555555555
195,16,0,6.0
195,17,0,6.333333333333333
195,18,0,6.333333333333333
195,19,0,7.357142857142857
195,20,0,7.357142857142857
195,21,0,7.357142857142857
195,22,0,8.4375
195,23,0,8.4375
195,24,0,8.823529411764707
195,25,0,9.444444444444445
195,26,0,9.444444444444445
195,27,0,9.842105263157896
195,28,0,9.842105263157896
195,29,0,10.45
195,30,0,10.45
195,31,0,10.904761904761905
195,32,0,11.545454545454545
195,33,0,11.545454545454545
195,34,0,12.043478260869565
196,0,0,0
196,1,0,0
196,2,0,2.0
196,3,0,2.5
196,4,0,2.5
196,5,0,3.3333333333333335
196,6,0,3.75
196,7,0,3.75
196,8,0,4.0
196,9,0,4.0
196,10,0,4.833333333333333
196,11,0,4.833333333333333
196,12,0,5.285714285714286
196,13,0,6.0
196,14,0,6.0
196,15,0,7.0
196,16,0,7.0
196,17,0,7.0
196,18,0,7.545454545454546
196,19,0,8.25
196,20,0,8.692307692307692
196,21,0,8.692307692307692
196,22,0,9.142857142857142
196,23,0,9.8
196,24,0,9.8
196,25,0,10.1875
196,26,0,10.882352941176471
196,27,0,10.882352941176471
196,28,0,10.38888888888889
196,29,0,11.55
196,30,0,11.095238095238095
196,31,0,11.095238095238095
196,32,0,12.26086956521739
196,33,0,12.26086956521739
196,34,0,12.26086956521739
197,0,0,0
197,1,0,0
197,2,0,0
197,3,0,3.0
197,4,0,3.0
197,5,0,4.0
197,6,0,3.3333333333333335
197,7,0,3.3333333333333335
197,8,0,4.25
197,9,0,4.0
197,10,0,4.833333333333333
197,11,0,4.833333333333333
197,12,0,5.0
197,13,0,5.0
197,14,0,5.777777777777778
197,15,0,5.777777777777778
197,16,0,5.8
197,17,0,6.545454545454546
197,18,0,6.545454545454546
197,19,0,6.583333333333333
197,20,0,6.583333333333333
197,21,0,7.461538461538462
197,22,0,7.461538461538462
197,23,0,7.571428571428571
197,24,0,8.333333333333334
197,25,0,8.333333333333334
197,26,0,8.333333333333334
197,27,0,8.5625
197,28,0,9.411764705882353
197,29,0,9.411764705882353
197,30,0,10.421052631578947
197,31,0,10.421052631578947
197,32,0,10.421052631578947
197,33,0,10.421052631578947
197,34,0,11.476190476190476
198,0,0,0
198,1,0,0
198,2,0,0
198,3,0,3.0
198,4,0,3.0
198,5,0,3.0
198,6,0,3.6666666666666665
198,7,0,4.5
198,8,0,4.5
198,9,0,4.5
198,10,0,5.4
198,11,0,6.166666666666667
198,12,0,6.166666666666667
198,13,0,6.166666666666667
198,14,0,7.0
198,15,0,7.875
198,16,0,7.875
198,17,0,8.666666666666666
198,18,0,9.4
198,19,0,10.0
198,20,0,10.5
198,21,0,10.5
198,22,0,11.0
198,23,0,11.571428571428571
198,24,0,11.571428571428571
198,25,0,12.066666666666666
198,26,0,12.5625
198,27,0,12.5625
198,28,0,13.058823529411764
198,29,0,13.61111111111111
198,30,0,14.105263157894736
198,31,0,14.105263157894736
198,32,0,14.105263157894736
198,33,0,14.65
198,34,0,15.19047619047619
199,0,0,0
199,1,0,0
199,2,0,0
199,3,0,0
199,4,0,4.0
199,5,0,4.0
199,6,0,4.0
199,7,0,5.0
199,8,0,5.0
199,9,0,5.0
199,10,0,5.0
199,11,0,5.833333333333333
199,12,0,6.0
199,13,0,6.625
199,14,0,6.777777777777778
199,15,0,6.777777777777778
199,16,0,7.4
199,17,0,7.4
199,18,0,8.333333333333334
199,19,0,8.333333333333334
199,20,0,8.692307692307692
199,21,0,9.285714285714286
199,22,0,9.6
199,23,0,9.6
199,24,0,9.6
199,25,0,10.25
199,26,0,10.647058823529411
199,27,0,10.647058823529411
199,28,0,10.647058823529411
199,29,0,11.842105263157896
199,30,0,11.842105263157896
199,31,0,12.45
199,32,0,12.45
199,33,0,12.952380952380953
199,34,0,13.590909090909092
200,0,0,0
200,1,0,0
200,2,0,0
200,3,0,2.5
200,4,0,2.5
200,5,0,2.5
200,6,0,3.6666666666666665
200,7,0,4.25
200,8,0,4.8
200,9,0,4.8
200,10,0,5.285714285714286
200,11,0,5.285714285714286
200,12,0,6.0
200,13,0,6.0
200,14,0,6.0
200,15,0,6.0
200,16,0,6.818181818181818
200,17,0,6.818181818181818
200,18,0,6.818181818181818
200,19,0,7.333333333333333
200,20,0,7.923076923076923
200,21,0,7.923076923076923
200,22,0,8.5
200,23,0,9.0
200,24,0,9.0
200,25,0,9.0
200,26,0,10.235294117647058
200,27,0,10.235294117647058
200,28,0,10.235294117647058
200,29,0,11.421052631578947
200,30,0,11.421052631578947
200,31,0,11.421052631578947
200,32,0,12.0
200,33,0,12.619047619047619
200,34,0,12.619047619047619
201,0,0,0
201,1,0,0
201,2,0,0
201,3,0,3.0
201,4,0,3.0
201,5,0,3.0
201,6,0,3.5
201,7,0,4.333333333333333
201,8,0,4.333333333333333
201,9,0,4.75
201,10,0,4.75
201,11,0,5.8
201,12,0,5.8
201,13,0,6.166666666666667
201,14,0,6.857142857142857
201,15,0,6.857142857142857
201,16,0,7.375
201,17,0,7.375
201,18,0,8.11111111111111
201,19,0,8.6
201,20,0,8.6
201,21,0,8.6
201,22,0,9.916666666666666
201,23,0,9.916666666666666
201,24,0,9.916666666666666
201,25,0,9.916666666666666
201,26,0,11.357142857142858
201,27,0,11.357142857142858
201,28,0,11.357142857142858
201,29,0,11.357142857142858
201,30,0,12.75
201,31,0,12.75
201,32,0,13.352941176470589
201,33,0,13.352941176470589
201,34,0,14.68421052631579
202,0,0,0
202,1,0,0
202,2,0,0
202,3,0,0
202,4,0,4.0
202,5,0,4.0
202,6,0,4.0
202,7,0,4.666666666666667
202,8,0,5.25
202,9,0,5.6
202,10,0,5.6
202,11,0,6.333333333333333
202,12,0,6.714285714285714
202,13,0,7.125
202,14,0,7.125
202,15,0,7.125
202,16,0,7.777777777777778
202,17,0,8.3
202,18,0,8.818181818181818
202,19,0,8.818181818181818
202,20,0,8.818181818181818
202,21,0,9.5
202,22,0,10.153846153846153
202,23,0,10.153846153846153
202,24,0,10.785714285714286
202,25,0,10.785714285714286
202,26,0,11.333333333333334
202,27,0,12.0
202,28,0,12.529411764705882
202,29,0,12.529411764705882
202,30,1,12.529411764705882
202,31,0,12.95
202,32,0,12.95
202,33,0,13.434782608695652
202,34,1,13.434782608695652
203,0,0,0
203,1,0,0
203,2,0,0
203,3,0,3.0
203,4,0,3.5
203,5,0,3.5
203,6,0,4.75
203,7,0,4.75
203,8,0,4.75
203,9,0,4.75
203,10,0,5.833333333333333
203,11,0,5.833333333333333
203,12,0,5.833333333333333
203,13,0,5.833333333333333
203,14,0,7.25
203,15,0,7.25
203,16,0,8.0
203,17,0,8.5
203,18,0,8.5
203,19,0,8.5
203,20,0,9.272727272727273
203,21,0,9.833333333333334
203,22,0,9.833333333333334
203,23,0,11.0
203,24,0,11.0
203,25,0,10.4
203,26,0,10.4
203,27,0,11.705882352941176
203,28,0,11.705882352941176
203,29,0,12.35
203,30,0,12.35
203,31,0,12.904761904761905
203,32,0,13.5
203,33,0,13.5
203,34,0,13.541666666666666
204,0,0,0
204,1,0,0
204,2,0,0
204,3,0,3.0
204,4,0,3.5
204,5,0,3.5
204,6,0,3.5
204,7,0,4.666666666666667
204,8,0,5.5
204,9,0,5.8
204,10,0,5.8
204,11,0,6.5
204,12,0,6.714285714285714
204,13,0,7.375
204,14,0,7.375
204,15,0,7.666666666666667
204,16,0,7.8
204,17,0,7.8
204,18,0,7.8
204,19,0,8.666666666666666
204,20,0,8.666666666666666
204,21,0,8.666666666666666
204,22,0,9.5
204,23,0,9.5
204,24,0,10.3125
204,25,0,10.3125
204,26,0,10.3125
204,27,0,10.705882352941176
204,28,0,11.222222222222221
204,29,0,11.222222222222221
204,30,0,11.631578947368421
204,31,0,11.714285714285714
204,32,0,11.714285714285714
204,33,0,12.272727272727273
204,34,0,12.73913043478261
205,0,0,0
205,1,0,0
205,2,0,2.0
205,3,0,2.0
205,4,0,3.0
205,5,0,3.0
205,6,0,3.0
205,7,0,3.6
205,8,0,3.6
205,9,0,3.6
205,10,0,4.5
205,11,0,4.857142857142857
205,12,0,5.5
205,13,0,5.5
205,14,0,6.2
205,15,0,6.2
205,16,0,6.2
205,17,0,6.909090909090909
205,18,0,7.25
205,19,0,7.25
205,20,0,8.142857142857142
205,21,0,8.142857142857142
205,22,0,8.4
205,23,0,8.9375
205,24,0,8.9375
205,25,0,9.235294117647058
205,26,0,9.833333333333334
205,27,0,9.833333333333334
205,28,0,10.210526315789474
205,29,0,10.210526315789474
205,30,0,10.8
205,31,0,11.19047619047619
205,32,0,11.681818181818182
205,33,0,11.681818181818182
205,34,0,11.681818181818182
206,0,0,0
206,1,0,0
206,2,0,0
206,3,0,3.0
206,4,0,3.0
206,5,0,3.0
206,6,0,3.0
206,7,0,2.6666666666666665
206,8,0,3.5
206,9,0,3.5
206,10,0,3.5
206,11,0,4.333333333333333
206,12,0,4.333333333333333
206,13,0,4.333333333333333
206,14,0,5.142857142857143
206,15,0,5.625
206,16,0,5.625
206,17,0,5.625
206,18,0,6.6
206,19,0,6.6
206,20,0,6.6
206,21,0,6.6
206,22,0,7.75
206,23,0,7.75
206,24,0,7.75
206,25,0,8.307692307692308
206,26,0,9.0
206,27,0,9.4
206,28,0,9.4
206,29,0,10.0625
206,30,0,10.0625
206,31,0,11.222222222222221
206,32,0,11.222222222222221
206,33,0,11.842105263157896
206,34,0,12.3
207,0,0,0
207,1,0,0
207,2,0,0
207,3,0,3.0
207,4,0,3.5
207,5,0,3.5
207,6,0,4.75
207,7,0,4.75
207,8,0,5.2
207,9,0,5.666666666666667
207,10,0,5.857142857142857
207,11,0,6.25
207,12,0,6.25
207,13,0,6.666666666666667
207,14,0,7.2
207,15,0,7.2
207,16,0,7.545454545454546
207,17,0,8.083333333333334
207,18,0,8.083333333333334
207,19,0,8.461538461538462
207,20,0,8.857142857142858
207,21,0,9.0
207,22,0,9.0
207,23,0,9.5
207,24,0,9.5
207,25,0,10.11111111111111
207,26,0,10.11111111111111
207,27,0,10.11111111111111
207,28,0,10.11111111111111
207,29,0,10.95
207,30,0,10.95
207,31,0,10.95
207,32,0,10.95
207,33,0,11.909090909090908
207,34,0,11.909090909090908
208,0,0,0
208,1,0,0
208,2,0,2.0
208,3,0,2.0
208,4,0,2.5
208,5,0,3.3333333333333335
208,6,0,3.3333333333333335
208,7,0,4.0
208,8,0,4.6
208,9,0,4.6
208,10,0,5.166666666666667
208,11,0,5.714285714285714
208,12,0,5.714285714285714
208,13,0,5.714285714285714
208,14,0,6.5
208,15,0,7.111111111111111
208,16,0,7.7
208,17,0,7.7
208,18,0,7.7
208,19,0,9.083333333333334
208,20,0,9.083333333333334
208,21,0,9.083333333333334
208,22,0,9.76923076923077
208,23,0,10.428571428571429
208,24,0,10.428571428571429
208,25,0,11.0
208,26,0,11.0
208,27,0,11.75
208,28,0,12.352941176470589
208,29,0,12.944444444444445
208,30,0,12.944444444444445
208,31,0,13.578947368421053
208,32,0,14.05
208,33,0,14.05
208,34,0,14.05
209,0,0,0
209,1,0,0
209,2,0,2.0
209,3,0,2.5
209,4,0,2.5
209,5,0,3.75
209,6,0,3.75
209,7,0,4.2
209,8,0,4.333333333333333
209,9,0,4.333333333333333
209,10,0,4.333333333333333
209,11,0,4.857142857142857
209,12,0,5.375
209,13,0,5.375
209,14,0,5.375
209,15,0,6.4
209,16,0,6.4
209,17,0,6.4
209,18,0,6.4
209,19,0,7.416666666666667
209,20,0,7.416666666666667
209,21,0,7.416666666666667
209,22,0,7.416666666666667
209,23,0,8.571428571428571
209,24,0,8.571428571428571
209,25,0,8.571428571428571
209,26,0,9.0
209,27,0,9.8125
209,28,0,9.8125
209,29,0,9.777777777777779
209,30,0,9.777777777777779
209,31,0,10.05
209,32,0,10.05
209,33,0,10.136363636363637
209,34,0,10.136363636363637
210,0,0,0
210,1,0,0
210,2,0,0
210,3,0,3.0
210,4,0,3.0
210,5,0,3.0
210,6,0,3.3333333333333335
210,7,0,3.5
210,8,0,3.5
210,9,0,3.4
210,10,0,4.0
210,11,0,4.0
210,12,0,4.285714285714286
210,13,0,5.0
210,14,0,5.0
210,15,0,5.333333333333333
210,16,0,6.0
210,17,0,5.636363636363637
210,18,0,6.0
210,19,0,6.6923076923076925
210,20,0,7.0
210,21,0,7.0
210,22,0,7.666666666666667
210,23,0,8.0
210,24,0,8.0
210,25,0,8.0
210,26,0,9.055555555555555
210,27,0,9.055555555555555
210,28,0,9.055555555555555
210,29,0,9.055555555555555
210,30,0,10.2
210,31,0,10.2
210,32,0,10.2
210,33,0,10.761904761904763
210,34,0,11.409090909090908
211,0,0,0
211,1,0,0
211,2,0,0
211,3,0,3.0
211,4,0,3.5
211,5,0,3.5
211,6,0,4.0
211,7,0,4.0
211,8,0,4.75
211,9,0,5.2
211,10,0,5.2
211,11,0,6.142857142857143
211,12,0,6.142857142857143
211,13,0,6.888888888888889
211,14,0,6.888888888888889
211,15,0,6.888888888888889
211,16,0,6.888888888888889
211,17,0,8.090909090909092
211,18,0,8.090909090909092
211,19,0,8.416666666666666
211,20,0,8.416666666666666
211,21,0,8.923076923076923
211,22,0,9.285714285714286
211,23,0,9.285714285714286
211,24,0,9.285714285714286
211,25,0,10.3125
211,26,0,10.3125
211,27,0,10.705882352941176
211,28,0,11.166666666666666
211,29,0,11.166666666666666
211,30,0,11.473684210526315
211,31,0,11.473684210526315
211,32,0,12.05
211,33,0,12.05
211,34,0,12.476190476190476
212,0,0,0
212,1,0,0
212,2,0,0
212,3,0,2.5
212,4,0,2.5
212,5,0,2.5
212,6,0,3.75
212,7,0,3.75
212,8,0,3.75
212,9,0,4.4
212,10,0,5.0
212,11,0,5.0
212,12,0,5.0
212,13,0,5.571428571428571
212,14,0,5.888888888888889
212,15,0,6.3
212,16,0,6.3
212,17,0,6.909090909090909
212,18,0,7.25
212,19,0,7.25
212,20,0,7.846153846153846
212,21,0,7.846153846153846
212,22,0,8.214285714285714
212,23,0,8.214285714285714
212,24,0,8.933333333333334
212,25,0,9.3125
212,26,0,9.3125
212,27,0,9.764705882352942
212,28,0,10.444444444444445
212,29,1,10.444444444444445
212,30,1,10.2
212,31,1,10.2
212,32,2,10.782608695652174
212,33,3,10.782608695652174
212,34,3,10.541666666666666
213,0,0,0
213,1,0,0
213,2,0,0
213,3,0,0
213,4,0,4.0
213,5,0,4.0
213,6,0,4.0
213,7,0,5.0
213,8,0,5.5
213,9,0,5.5
213,10,0,5.5
213,11,0,6.5
213,12,0,6.5
213,13,0,7.0
213,14,0,7.0
213,15,0,7.625
213,16,0,8.11111111111111
213,17,0,8.7
213,18,0,8.7
213,19,0,9.416666666666666
213,20,0,9.416666666666666
213,21,0,9.416666666666666
213,22,0,10.0
213,23,0,10.428571428571429
213,24,0,10.428571428571429
213,25,0,10.8
213,26,0,11.3125
213,27,0,11.3125
213,28,0,11.764705882352942
213,29,0,12.11111111111111
213,30,0,12.473684210526315
213,31,0,12.473684210526315
213,32,0,12.9
213,33,0,12.9
213,34,0,13.380952380952381
214,0,0,0
214,1,0,0
214,2,0,0
214,3,0,3.0
214,4,0,3.0
214,5,0,3.5
214,6,0,3.5
214,7,0,4.333333333333333
214,8,0,5.0
214,9,0,5.6
214,10,0,6.0
214,11,0,6.0
214,12,0,6.0
214,13,0,6.714285714285714
214,14,0,7.25
214,15,0,7.666666666666667
214,16,0,7.666666666666667
214,17,0,8.1
214,18,0,8.454545454545455
214,19,0,8.454545454545455
214,20,0,8.454545454545455
214,21,0,9.083333333333334
214,22,0,9.615384615384615
214,23,0,10.142857142857142
214,24,0,10.142857142857142
214,25,0,10.142857142857142
214,26,0,10.6
214,27,0,11.1875
214,28,0,11.1875
214,29,0,11.823529411764707
214,30,0,12.277777777777779
214,31,0,12.842105263157896
214,32,0,13.3
214,33,0,13.3
214,34,0,13.904761904761905
215,0,0,0
215,1,0,0
215,2,0,2.0
215,3,0,2.5
215,4,0,2.5
215,5,0,3.3333333333333335
215,6,0,4.0
215,7,0,4.0
215,8,0,4.0
215,9,0,4.8
215,10,0,5.5
215,11,0,5.5
215,12,0,5.5
215,13,0,7.0
215,14,0,7.0
215,15,0,7.0
215,16,0,7.777777777777778
215,17,0,8.5
215,18,0,8.5
215,19,0,9.0
215,20,0,9.0
215,21,0,9.833333333333334
215,22,0,9.833333333333334
215,23,0,10.461538461538462
215,24,0,10.461538461538462
215,25,0,11.214285714285714
215,26,1,11.214285714285714
215,27,1,11.25
215,28,1,11.941176470588236
215,29,0,11.5
215,30,2,12.157894736842104
215,31,1,12.476190476190476
215,32,1,12.476190476190476
215,33,0,12.090909090909092
215,34,0,12.73913043478261
216,0,0,0
216,1,0,0
216,2,0,0
216,3,0,3.0
216,4,0,3.0
216,5,0,3.0
216,6,0,3.5
216,7,0,3.5
216,8,0,4.2
216,9,0,4.5
216,10,0,4.5
216,11,0,4.5
216,12,0,5.375
216,13,0,5.375
216,14,0,5.375
216,15,0,6.5
216,16,0,6.5
216,17,0,6.5
216,18,0,6.909090909090909
216,19,0,7.416666666666667
216,20,0,7.416666666666667
216,21,0,7.416666666666667
216,22,0,7.923076923076923
216,23,0,8.428571428571429
216,24,0,8.428571428571429
216,25,0,9.5
216,26,0,9.5
216,27,0,9.5
216,28,0,10.5
216,29,0,10.5
216,30,0,11.0
216,31,0,11.5
216,32,0,11.5
216,33,0,11.952380952380953
216,34,0,12.272727272727273
217,0,0,0
217,1,0,1.0
217,2,0,1.0
217,3,0,2.0
217,4,0,2.6666666666666665
217,5,0,2.6666666666666665
217,6,0,2.6666666666666665
217,7,0,3.5
217,8,0,4.4
217,9,0,5.0
217,10,0,5.0
217,11,0,5.714285714285714
217,12,0,5.714285714285714
217,13,0,6.375
217,14,0,6.375
217,15,0,7.6
217,16,0,7.6
217,17,0,7.6
217,18,0,8.090909090909092
217,19,0,8.833333333333334
217,20,0,8.833333333333334
217,21,0,8.833333333333334
217,22,0,10.142857142857142
217,23,0,10.142857142857142
217,24,0,10.142857142857142
217,25,0,10.6
217,26,0,11.375
217,27,0,11.375
217,28,0,11.375
217,29,0,12.105263157894736
217,30,0,12.105263157894736
217,31,0,12.285714285714286
217,32,0,12.772727272727273
217,33,0,12.772727272727273
217,34,0,13.478260869565217
218,0,0,0
218,1,0,0
218,2,0,0
218,3,0,3.0
218,4,0,3.5
218,5,0,3.5
218,6,0,4.333333333333333
218,7,0,4.75
218,8,0,5.0
218,9,0,5.0
218,10,0,5.666666666666667
218,11,0,5.666666666666667
218,12,0,6.142857142857143
218,13,0,6.142857142857143
218,14,0,7.0
218,15,0,7.0
218,16,0,7.0
218,17,0,8.0
218,18,0,8.0
218,19,0,8.0
218,20,0,8.0
218,21,0,9.0
218,22,0,9.0
218,23,0,9.0
218,24,0,9.0
218,25,0,10.133333333333333
218,26,0,10.133333333333333
218,27,0,10.133333333333333
218,28,0,10.8125
218,29,0,11.352941176470589
218,30,0,11.944444444444445
218,31,0,12.473684210526315
218,32,0,12.473684210526315
218,33,0,12.95
218,34,0,12.428571428571429
219,0,0,0
219,1,0,0
219,2,0,2.0
219,3,0,2.5
219,4,0,3.0
219,5,0,3.0
219,6,0,3.75
219,7,0,4.2
219,8,0,4.2
219,9,0,5.285714285714286
219,10,0,5.285714285714286
219,11,0,5.625
219,12,0,6.222222222222222
219,13,0,6.222222222222222
219,14,0,6.8
219,15,0,7.181818181818182
219,16,0,7.75
219,17,0,7.75
219,18,0,8.076923076923077
219,19,0,8.076923076923077
219,20,0,8.714285714285714
219,21,0,9.133333333333333
219,22,0,9.133333333333333
219,23,0,9.625
219,24,0,10.058823529411764
219,25,0,10.058823529411764
219,26,0,10.61111111111111
219,27,0,10.61111111111111
219,28,0,11.5
219,29,0,11.5
219,30,0,11.5
219,31,0,11.5
219,32,0,12.454545454545455
219,33,0,12.0
219,34,0,12.583333333333334
220,0,0,0
220,1,0,0
220,2,0,0
220,3,0,3.0
220,4,0,3.0
220,5,0,3.6666666666666665
220,6,0,3.6666666666666665
220,7,0,4.25
220,8,0,4.8
220,9,0,5.0
220,10,0,5.0
220,11,0,5.428571428571429
220,12,0,6.0
220,13,0,6.0
220,14,0,7.0
220,15,0,7.0
220,16,0,7.0
220,17,0,7.363636363636363
220,18,0,7.916666666666667
220,19,0,7.916666666666667
220,20,0,8.571428571428571
220,21,0,8.571428571428571
220,22,0,8.571428571428571
220,23,0,8.571428571428571
220,24,0,9.5
220,25,0,9.5
220,26,0,9.705882352941176
220,27,0,10.277777777777779
220,28,0,10.526315789473685
220,29,0,10.526315789473685
220,30,0,11.1
220,31,0,11.285714285714286
220,32,0,11.285714285714286
220,33,0,11.545454545454545
220,34,0,12.173913043478262
221,0,0,0
221,1,0,0
221,2,0,2.0
221,3,0,2.5
221,4,0,2.5
221,5,0,2.6666666666666665
221,6,0,2.75
221,7,0,2.75
221,8,0,3.2
221,9,0,3.2
221,10,0,3.5
221,11,0,4.142857142857143
221,12,0,4.142857142857143
221,13,0,4.142857142857143
221,14,0,5.111111111111111
221,15,0,5.111111111111111
221,16,0,5.2727272727272725
221,17,0,5.2727272727272725
221,18,0,5.833333333333333
221,19,0,5.833333333333333
221,20,0,6.3076923076923075
221,21,0,6.857142857142857
221,22,0,6.857142857142857
221,23,0,6.857142857142857
221,24,0,7.133333333333334
221,25,0,7.75
221,26,0,7.75
221,27,0,8.411764705882353
221,28,0,8.777777777777779
221,29,0,8.777777777777779
221,30,0,9.421052631578947
221,31,0,9.421052631578947
221,32,0,9.85
221,33,0,10.476190476190476
221,34,0,10.476190476190476
222,0,0,0
222,1,0,0
222,2,0,0
222,3,0,0
222,4,0,4.0
222,5,0,4.0
222,6,0,4.666666666666667
222,7,0,4.666666666666667
222,8,0,5.5
222,9,0,5.5
222,10,0,6.2
222,11,0,6.2
222,12,0,7.0
222,13,0,7.571428571428571
222,14,0,8.25
222,15,0,8.25
222,16,0,8.25
222,17,0,9.0
222,18,0,9.5
222,19,0,9.5
222,20,0,10.0
222,21,0,10.5
222,22,0,10.5
222,23,0,10.846153846153847
222,24,0,11.285714285714286
222,25,0,11.285714285714286
222,26,0,11.733333333333333
222,27,0,12.25
222,28,0,12.25
222,29,0,12.764705882352942
222,30,0,13.222222222222221
222,31,0,13.631578947368421
222,32,0,13.631578947368421
222,33,0,14.15
222,34,0,14.523809523809524
223,0,0,0
223,1,0,0
223,2,0,0
223,3,0,0
223,4,0,4.0
223,5,0,4.0
223,6,0,4.0
223,7,0,4.0
223,8,0,5.75
223,9,0,4.8
223,10,0,5.5
223,11,0,6.0
223,12,0,6.0
223,13,0,6.0
223,14,0,7.222222222222222
223,15,0,7.222222222222222
223,16,0,7.222222222222222
223,17,0,7.222222222222222
223,18,0,8.636363636363637
223,19,0,8.636363636363637
223,20,0,8.636363636363637
223,21,0,9.333333333333334
223,22,0,10.076923076923077
223,23,0,10.076923076923077
223,24,0,10.2
223,25,0,10.2
223,26,2,10.470588235294118
223,27,1,10.578947368421053
223,28,1,10.578947368421053
223,29,2,11.409090909090908
223,30,4,11.409090909090908
223,31,3,11.173913043478262
223,32,4,12.0
223,33,5,12.0
223,34,5,12.285714285714286
224,0,0,0
224,1,0,0
224,2,0,2.0
224,3,0,2.0
224,4,0,2.0
224,5,0,3.0
224,6,0,4.0
224,7,0,4.5
224,8,0,4.5
224,9,0,5.2
224,10,0,5.2
224,11,0,5.833333333333333
224,12,0,6.571428571428571
224,13,0,6.571428571428571
224,14,0,6.571428571428571
224,15,0,7.25
224,16,0,8.0
224,17,0,8.0
224,18,0,8.7
224,19,1,9.363636363636363
224,20,0,8.75
224,21,0,9.384615384615385
224,22,0,9.6
224,23,0,9.6
224,24,0,10.25
224,25,0,9.764705882352942
224,26,0,10.38888888888889
224,27,1,10.38888888888889
224,28,1,10.6
224,29,1,10.6
224,30,0,11.565217391304348
224,31,1,11.565217391304348
224,32,0,11.76
224,33,0,12.346153846153847
224,34,0,12.037037037037036
225,0,0,0
225,1,0,0
225,2,0,0
225,3,0,3.0
225,4,0,3.5
225,5,0,3.0
225,6,0,3.5
225,7,0,3.5
225,8,0,3.6
225,9,0,3.6
225,10,0,4.5
225,11,0,4.5
225,12,0,5.625
225,13,0,5.625
225,14,0,5.625
225,15,0,5.625
225,16,0,6.8
225,17,0,6.8
225,18,0,6.8
225,19,0,7.363636363636363
225,20,0,8.0
225,21,0,8.0
225,22,0,8.615384615384615
225,23,0,8.615384615384615
225,24,0,9.866666666666667
225,25,0,9.866666666666667
225,26,0,9.866666666666667
225,27,0,9.866666666666667
225,28,0,11.058823529411764
225,29,0,11.058823529411764
225,30,0,11.61111111111111
225,31,0,11.61111111111111
225,32,0,12.75
225,33,0,12.75
225,34,0,12.75
226,0,0,0
226,1,0,0
226,2,0,0
226,3,0,0
226,4,0,0
226,5,0,4.0
226,6,0,4.0
226,7,0,3.5
226,8,0,4.333333333333333
226,9,0,4.333333333333333
226,10,0,4.75
226,11,0,4.75
226,12,0,5.8
226,13,0,6.166666666666667
226,14,0,6.857142857142857
226,15,0,7.125
226,16,0,7.125
226,17,0,7.125
226,18,0,8.3
226,19,0,8.3
226,20,0,9.0
226,21,0,8.846153846153847
226,22,0,8.846153846153847
226,23,0,9.285714285714286
226,24,0,9.933333333333334
226,25,0,9.933333333333334
226,26,0,10.375
226,27,0,10.375
226,28,0,11.117647058823529
226,29,0,10.61111111111111
226,30,1,11.157894736842104
226,31,0,10.7
226,32,0,11.380952380952381
226,33,0,11.565217391304348
226,34,0,12.125
227,0,0,0
227,1,0,0
227,2,0,2.0
227,3,0,2.0
227,4,0,2.0
227,5,0,3.0
227,6,0,3.0
227,7,0,3.0
227,8,0,3.0
227,9,0,4.666666666666667
227,10,0,4.666666666666667
227,11,0,5.2
227,12,0,5.2
227,13,0,5.0
227,14,0,6.0
227,15,0,6.0
227,16,0,6.777777777777778
227,17,0,6.777777777777778
227,18,0,6.777777777777778
227,19,0,6.777777777777778
227,20,0,7.909090909090909
227,21,0,7.909090909090909
227,22,0,7.909090909090909
227,23,0,9.076923076923077
227,24,0,9.076923076923077
227,25,0,9.076923076923077
227,26,0,9.428571428571429
227,27,1,10.333333333333334
227,28,1,9.8125
227,29,2,10.176470588235293
227,30,1,10.631578947368421
227,31,1,10.631578947368421
227,32,0,10.35
227,33,0,10.80952380952381
227,34,0,11.304347826086957
228,0,0,0
228,1,0,0
228,2,0,2.0
228,3,0,2.0
228,4,0,2.5
228,5,0,3.0
228,6,0,3.0
228,7,0,4.2
228,8,0,4.2
228,9,0,4.142857142857143
228,10,0,4.625
228,11,0,4.625
228,12,0,4.625
228,13,0,5.7
228,14,0,5.7
228,15,0,5.7
228,16,0,5.7
228,17,0,6.75
228,18,0,6.75
228,19,0,7.153846153846154
228,20,0,7.714285714285714
228,21,0,7.714285714285714
228,22,0,8.133333333333333
228,23,0,8.75
228,24,0,8.352941176470589
228,25,0,8.352941176470589
228,26,3,8.666666666666666
228,27,4,8.363636363636363
228,28,6,8.869565217391305
228,29,5,9.12
228,30,7,9.12
228,31,6,9.481481481481481
228,32,6,9.481481481481481
228,33,5,9.96551724137931
228,34,7,9.96551724137931
229,0,0,0
229,1,0,0
229,2,0,2.0
229,3,0,2.0
229,4,0,3.0
229,5,0,3.0
229,6,0,3.0
229,7,0,3.3333333333333335
229,8,0,3.857142857142857
229,9,0,3.857142857142857
229,10,0,3.857142857142857
229,11,0,4.5
229,12,0,5.111111111111111
229,13,0,5.111111111111111
229,14,0,5.111111111111111
229,15,0,5.9
229,16,0,6.636363636363637
229,17,0,7.25
229,18,0,7.25
229,19,0,7.5
229,20,0,7.933333333333334
229,21,0,7.625
229,22,0,7.625
229,23,0,8.055555555555555
229,24,0,8.473684210526315
229,25,0,8.2
229,26,0,8.80952380952381
229,27,0,8.956521739130435
229,28,1,8.956521739130435
229,29,2,9.16
229,30,3,9.76923076923077
229,31,3,9.555555555555555
229,32,3,10.586206896551724
229,33,4,10.4
229,34,4,10.4
230,0,0,0
230,1,0,0
230,2,0,2.0
230,3,0,2.0
230,4,0,2.6666666666666665
230,5,0,2.6666666666666665
230,6,0,2.6666666666666665
230,7,0,3.8
230,8,0,3.8
230,9,0,3.8
230,10,0,4.857142857142857
230,11,0,4.857142857142857
230,12,0,5.125
230,13,0,5.777777777777778
230,14,0,5.9
230,15,0,5.9
230,16,0,6.636363636363637
230,17,0,6.636363636363637
230,18,0,7.538461538461538
230,19,0,7.538461538461538
230,20,0,8.4
230,21,0,8.4
230,22,0,8.4
230,23,0,8.75
230,24,0,9.411764705882353
230,25,0,9.411764705882353
230,26,1,9.411764705882353
230,27,0,10.1
230,28,0,10.1
230,29,0,9.80952380952381
230,30,1,10.782608695652174
230,31,0,10.458333333333334
230,32,0,10.458333333333334
230,33,0,11.222222222222221
230,34,0,11.222222222222221
231,0,0,0
231,1,0,0
231,2,0,0
231,3,0,3.0
231,4,0,3.0
231,5,0,3.0
231,6,0,3.0
231,7,0,3.0
231,8,0,4.0
231,9,0,4.0
231,10,0,4.5
231,11,0,4.5
231,12,0,5.5
231,13,0,5.5
231,14,0,6.2
231,15,0,6.2
231,16,0,6.2
231,17,0,6.2
231,18,0,7.333333333333333
231,19,0,7.333333333333333
231,20,0,7.846153846153846
231,21,0,8.357142857142858
231,22,0,8.357142857142858
231,23,0,8.933333333333334
231,24,0,8.933333333333334
231,25,0,10.058823529411764
231,26,0,10.058823529411764
231,27,1,10.058823529411764
231,28,0,10.157894736842104
231,29,0,10.6
231,30,2,10.818181818181818
231,31,3,11.173913043478262
231,32,2,10.833333333333334
231,33,2,11.692307692307692
231,34,1,11.444444444444445
232,0,0,0
232,1,0,0
232,2,0,0
232,3,0,3.0
232,4,0,3.5
232,5,0,4.0
232,6,0,4.0
232,7,0,4.0
232,8,0,4.75
232,9,0,5.0
232,10,0,5.0
232,11,0,5.0
232,12,0,6.285714285714286
232,13,0,6.285714285714286
232,14,0,6.625
232,15,0,6.625
232,16,0,7.333333333333333
232,17,0,7.333333333333333
232,18,0,7.8
232,19,0,7.8
232,20,0,8.454545454545455
232,21,0,9.0
232,22,0,9.615384615384615
232,23,0,9.615384615384615
232,24,0,9.615384615384615
232,25,0,10.8
232,26,0,10.8
232,27,0,10.25
232,28,2,10.882352941176471
232,29,3,11.105263157894736
232,30,3,11.65
232,31,2,11.285714285714286
232,32,3,11.285714285714286
232,33,2,12.25
232,34,3,12.25
233,0,0,0
233,1,0,0
233,2,0,0
233,3,0,0
233,4,0,4.0
233,5,0,4.0
233,6,0,4.666666666666667
233,7,0,5.0
233,8,0,5.0
233,9,0,5.666666666666667
233,10,0,5.666666666666667
233,11,0,6.142857142857143
233,12,0,6.142857142857143
233,13,0,6.625
233,14,0,6.625
233,15,0,7.7
233,16,0,7.7
233,17,0,7.7
233,18,0,8.272727272727273
233,19,0,8.916666666666666
233,20,0,8.916666666666666
233,21,0,8.916666666666666
233,22,0,9.615384615384615
233,23,0,10.285714285714286
233,24,0,10.666666666666666
233,25,0,10.666666666666666
233,26,0,11.3125
233,27,0,11.3125
233,28,0,11.823529411764707
233,29,0,11.823529411764707
233,30,1,13.0
233,31,0,12.45
233,32,0,12.0
233,33,0,13.173913043478262
233,34,0,13.173913043478262
234,0,0,0
234,1,0,0
234,2,0,0
234,3,0,3.0
234,4,0,3.5
234,5,0,4.0
234,6,0,4.0
234,7,0,3.8
234,8,0,3.8
234,9,0,3.8333333333333335
234,10,0,3.7142857142857144
234,11,0,3.7142857142857144
234,12,0,3.7142857142857144
234,13,0,4.333333333333333
234,14,0,4.333333333333333
234,15,0,4.7
234,16,0,5.0
234,17,0,5.416666666666667
234,18,0,5.416666666666667
234,19,0,5.846153846153846
234,20,0,5.846153846153846
234,21,0,6.733333333333333
234,22,0,6.733333333333333
234,23,0,7.0
234,24,0,7.0
234,25,0,7.529411764705882
234,26,0,7.833333333333333
234,27,0,7.833333333333333
234,28,0,8.210526315789474
234,29,0,8.8
234,30,0,8.8
234,31,0,8.8
234,32,0,9.636363636363637
234,33,0,9.636363636363637
234,34,0,10.26086956521739
235,0,0,0
235,1,0,0
235,2,0,0
235,3,0,3.0
235,4,0,3.0
235,5,0,3.5
235,6,0,4.333333333333333
235,7,0,4.333333333333333
235,8,0,3.75
235,9,0,4.4
235,10,0,5.166666666666667
235,11,0,5.166666666666667
235,12,0,5.166666666666667
235,13,0,5.857142857142857
235,14,0,6.75
235,15,0,6.75
235,16,0,6.75
235,17,0,6.9
235,18,0,7.7272727272727275
235,19,0,7.846153846153846
235,20,0,8.571428571428571
235,21,0,8.133333333333333
235,22,0,8.411764705882353
235,23,0,8.944444444444445
235,24,0,9.05
235,25,0,9.05
235,26,2,9.05
235,27,4,9.272727272727273
235,28,7,9.782608695652174
235,29,6,9.541666666666666
235,30,8,9.541666666666666
235,31,7,10.481481481481481
235,32,9,10.481481481481481
235,33,9,10.357142857142858
235,34,10,10.862068965517242
236,0,0,0
236,1,0,0
236,2,0,0
236,3,0,2.0
236,4,0,2.0
236,5,0,3.0
236,6,0,3.0
236,7,0,3.2
236,8,0,3.2
236,9,0,4.142857142857143
236,10,0,4.142857142857143
236,11,0,4.142857142857143
236,12,0,4.625
236,13,0,5.0
236,14,0,5.0
236,15,0,5.4
236,16,0,5.818181818181818
236,17,0,5.818181818181818
236,18,0,5.818181818181818
236,19,0,6.846153846153846
236,20,0,6.846153846153846
236,21,0,6.846153846153846
236,22,0,7.357142857142857
236,23,0,7.933333333333334
236,24,0,7.933333333333334
236,25,0,8.5
236,26,1,9.058823529411764
236,27,1,9.105263157894736
236,28,0,9.333333333333334
236,29,0,9.333333333333334
236,30,0,9.478260869565217
236,31,1,10.0
236,32,1,9.68
236,33,1,9.423076923076923
236,34,1,9.851851851851851
237,0,0,0
237,1,0,0
237,2,0,0
237,3,0,0
237,4,0,4.0
237,5,0,4.0
237,6,0,4.666666666666667
237,7,0,4.666666666666667
237,8,0,5.5
237,9,0,5.8
237,10,0,6.166666666666667
237,11,0,6.166666666666667
237,12,0,6.571428571428571
237,13,0,6.571428571428571
237,14,0,7.444444444444445
237,15,0,7.444444444444445
237,16,0,7.444444444444445
237,17,0,8.1
237,18,0,8.454545454545455
237,19,0,8.454545454545455
237,20,0,9.384615384615385
237,21,0,9.384615384615385
237,22,0,9.384615384615385
237,23,0,9.785714285714286
237,24,0,10.466666666666667
237,25,0,10.466666666666667
237,26,0,10.466666666666667
237,27,0,10.9375
237,28,1,11.411764705882353
237,29,0,11.263157894736842
237,30,0,11.263157894736842
237,31,0,10.9
237,32,0,11.380952380952381
237,33,0,11.304347826086957
237,34,0,11.304347826086957
238,0,0,0
238,1,0,0
238,2,0,0
238,3,0,3.0
238,4,0,3.0
238,5,0,3.5
238,6,0,4.0
238,7,0,4.25
238,8,0,4.25
238,9,0,5.0
238,10,0,5.0
238,11,0,5.5
238,12,0,5.5
238,13,0,5.857142857142857
238,14,0,5.857142857142857
238,15,0,6.625
238,16,0,6.625
238,17,0,7.0
238,18,0,7.0
238,19,0,7.8
238,20,0,8.090909090909092
238,21,0,8.090909090909092
238,22,0,8.090909090909092
238,23,0,9.307692307692308
238,24,0,9.307692307692308
238,25,0,10.0
238,26,0,10.4
238,27,0,10.4
238,28,0,10.4
238,29,0,11.529411764705882
238,30,0,11.529411764705882
238,31,0,11.473684210526315
238,32,0,12.1
238,33,0,12.1
238,34,0,12.1
239,0,0,0
239,1,0,0
239,2,0,2.0
239,3,0,2.0
239,4,0,2.6666666666666665
239,5,0,2.6666666666666665
239,6,0,3.25
239,7,0,3.8
239,8,0,3.8
239,9,0,4.166666666666667
239,10,0,4.714285714285714
239,11,0,4.714285714285714
239,12,0,4.714285714285714
239,13,0,5.375
239,14,0,6.0
239,15,0,6.0
239,16,0,6.6
239,17,0,7.181818181818182
239,18,0,7.666666666666667
239,19,0,7.666666666666667
239,20,0,7.666666666666667
239,21,0,8.714285714285714
239,22,0,8.714285714285714
239,23,0,8.714285714285714
239,24,0,9.75
239,25,0,9.75
239,26,0,10.352941176470589
239,27,0,10.777777777777779
239,28,0,10.777777777777779
239,29,0,10.9
239,30,1,11.333333333333334
239,31,0,10.954545454545455
239,32,0,10.954545454545455
239,33,0,11.291666666666666
239,34,0,11.8
240,0,0,0
240,1,0,0
240,2,0,0
240,3,0,0
240,4,0,0
240,5,0,4.0
240,6,0,4.0
240,7,0,4.666666666666667
240,8,0,4.666666666666667
240,9,0,5.25
240,10,0,5.8
240,11,0,5.8
240,12,0,6.5
240,13,0,6.5
240,14,0,7.625
240,15,0,7.625
240,16,0,7.625
240,17,0,8.2
240,18,0,8.2
240,19,0,8.2
240,20,0,8.2
240,21,0,9.083333333333334
240,22,0,9.083333333333334
240,23,0,9.461538461538462
240,24,0,9.928571428571429
240,25,0,10.266666666666667
240,26,0,10.266666666666667
240,27,0,10.625
240,28,0,11.058823529411764
240,29,0,11.058823529411764
240,30,0,11.555555555555555
240,31,0,11.894736842105264
240,32,0,11.4
240,33,0,12.181818181818182
240,34,0,11.73913043478261
241,0,0,0
241,1,0,0
241,2,0,2.0
241,3,0,2.5
241,4,0,3.0
241,5,0,3.25
241,6,0,3.4
241,7,0,3.8333333333333335
241,8,0,3.8333333333333335
241,9,0,4.625
241,10,0,4.625
241,11,0,5.0
241,12,0,5.3
241,13,0,5.3
241,14,0,5.7272727272727275
241,15,0,6.083333333333333
241,16,0,6.083333333333333
241,17,0,6.785714285714286
241,18,0,6.785714285714286
241,19,0,6.785714285714286
241,20,0,6.785714285714286
241,21,0,7.75
241,22,0,7.75
241,23,0,8.555555555555555
241,24,0,8.555555555555555
241,25,0,8.947368421052632
241,26,0,9.35
241,27,0,9.35
241,28,0,9.761904761904763
241,29,0,10.181818181818182
241,30,0,10.181818181818182
241,31,0,10.208333333333334
241,32,0,10.68
241,33,0,10.384615384615385
241,34,0,10.777777777777779
242,0,0,0
242,1,0,0
242,2,0,2.0
242,3,0,2.0
242,4,0,2.5
242,5,0,3.0
242,6,0,3.0
242,7,0,3.75
242,8,0,3.75
242,9,0,4.6
242,10,0,5.166666666666667
242,11,0,5.166666666666667
242,12,0,5.857142857142857
242,13,0,6.5
242,14,0,6.777777777777778
242,15,0,6.777777777777778
242,16,0,7.2
242,17,0,7.7272727272727275
242,18,0,7.7272727272727275
242,19,0,8.166666666666666
242,20,0,8.166666666666666
242,21,0,8.76923076923077
242,22,0,8.76923076923077
242,23,0,9.285714285714286
242,24,0,9.285714285714286
242,25,0,9.375
242,26,0,9.941176470588236
242,27,0,9.941176470588236
242,28,0,9.941176470588236
242,29,0,10.5
242,30,0,11.0
242,31,0,11.0
242,32,0,12.047619047619047
242,33,0,12.047619047619047
242,34,0,12.047619047619047
243,0,0,0
243,1,0,0
243,2,0,0
243,3,0,2.5
243,4,0,2.5
243,5,0,3.0
243,6,0,3.0
243,7,0,3.75
243,8,0,3.75
243,9,0,4.4
243,10,0,4.4
243,11,0,5.333333333333333
243,12,0,5.857142857142857
243,13,0,5.857142857142857
243,14,0,5.857142857142857
243,15,0,7.333333333333333
243,16,0,7.333333333333333
243,17,0,8.0
243,18,0,8.545454545454545
243,19,0,9.166666666666666
243,20,0,9.166666666666666
243,21,0,9.76923076923077
243,22,0,10.357142857142858
243,23,0,10.3125
243,24,0,10.3125
243,25,0,9.823529411764707
243,26,2,10.947368421052632
243,27,3,10.55
243,28,3,11.095238095238095
243,29,4,11.304347826086957
243,30,5,11.791666666666666
243,31,5,12.038461538461538
243,32,5,12.038461538461538
243,33,4,11.851851851851851
243,34,5,12.392857142857142
244,0,0,0
244,1,0,0
244,2,0,0
244,3,0,3.0
244,4,0,2.6666666666666665
244,5,0,3.2
244,6,0,3.2
244,7,0,3.2
244,8,0,3.6666666666666665
244,9,0,4.0
244,10,0,4.0
244,11,0,4.777777777777778
244,12,0,4.777777777777778
244,13,0,5.2
244,14,0,5.2
244,15,0,5.545454545454546
244,16,0,6.0
244,17,0,6.0
244,18,0,6.538461538461538
244,19,0,6.857142857142857
244,20,0,6.857142857142857
244,21,0,7.4
244,22,0,7.4
244,23,0,8.411764705882353
244,24,0,8.411764705882353
244,25,0,8.411764705882353
244,26,0,9.05
244,27,0,8.761904761904763
244,28,0,8.761904761904763
244,29,0,9.782608695652174
244,30,0,9.782608695652174
244,31,0,10.333333333333334
244,32,1,10.461538461538462
244,33,2,10.461538461538462
244,34,1,10.642857142857142
245,0,0,0
245,1,0,0
245,2,0,0
245,3,0,0
245,4,0,4.0
245,5,0,3.5
245,6,0,3.5
245,7,0,3.6666666666666665
245,8,0,3.6666666666666665
245,9,0,3.75
245,10,0,3.75
245,11,0,4.666666666666667
245,12,0,4.666666666666667
245,13,0,4.666666666666667
245,14,0,4.666666666666667
245,15,0,5.875
245,16,0,5.875
245,17,0,6.222222222222222
245,18,0,6.222222222222222
245,19,0,6.8
245,20,0,6.8
245,21,0,7.181818181818182
245,22,0,7.833333333333333
245,23,0,7.833333333333333
245,24,0,8.785714285714286
245,25,0,8.785714285714286
245,26,0,8.785714285714286
245,27,0,9.466666666666667
245,28,0,9.9375
245,29,0,9.9375
245,30,0,10.470588235294118
245,31,0,10.470588235294118
245,32,0,10.526315789473685
245,33,0,10.526315789473685
245,34,0,11.15
246,0,0,0
246,1,0,0
246,2,0,2.0
246,3,0,2.0
246,4,0,3.0
246,5,0,3.0
246,6,0,3.0
246,7,0,3.0
246,8,0,3.6
246,9,0,3.6
246,10,0,4.166666666666667
246,11,0,5.0
246,12,0,5.0
246,13,0,6.0
246,14,0,6.0
246,15,0,7.0
246,16,0,7.0
246,17,0,7.846153846153846
246,18,0,7.846153846153846
246,19,0,8.357142857142858
246,20,0,8.8
246,21,0,9.1875
246,22,0,9.1875
246,23,0,9.88888888888889
246,24,0,9.88888888888889
246,25,0,10.210526315789474
246,26,0,10.210526315789474
246,27,0,10.65
246,28,0,10.904761904761905
246,29,0,10.904761904761905
246,30,0,10.904761904761905
246,31,0,11.521739130434783
246,32,0,11.125
246,33,0,11.37037037037037
246,34,0,11.37037037037037
247,0,0,0
247,1,0,0
247,2,0,0
247,3,0,0
247,4,0,4.0
247,5,0,4.0
247,6,0,4.0
247,7,0,4.75
247,8,0,4.75
247,9,0,4.75
247,10,0,4.75
247,11,0,6.0
247,12,0,6.0
247,13,0,6.428571428571429
247,14,0,6.428571428571429
247,15,0,7.333333333333333
247,16,0,7.333333333333333
247,17,0,8.0
247,18,0,8.0
247,19,0,8.0
247,20,0,8.0
247,21,0,8.923076923076923
247,22,0,8.923076923076923
247,23,0,8.923076923076923
247,24,0,9.357142857142858
247,25,0,10.0
247,26,0,10.0
247,27,0,10.0
247,28,0,10.5
247,29,0,11.117647058823529
247,30,0,10.61111111111111
247,31,0,11.55
247,32,0,11.142857142857142
247,33,0,11.636363636363637
247,34,0,11.708333333333334
248,0,0,0
248,1,0,0
248,2,0,0
248,3,0,3.0
248,4,0,3.0
248,5,0,3.0
248,6,0,3.0
248,7,0,4.333333333333333
248,8,0,5.0
248,9,0,5.0
248,10,0,5.6
248,11,0,6.166666666666667
248,12,0,6.166666666666667
248,13,0,6.857142857142857
248,14,0,7.5
248,15,0,7.5
248,16,0,8.11111111111111
248,17,0,8.0
248,18,1,8.0
248,19,0,7.923076923076923
248,20,0,8.5
248,21,0,8.2
248,22,1,9.117647058823529
248,23,0,8.833333333333334
248,24,0,9.65
248,25,0,9.476190476190476
248,26,1,9.476190476190476
248,27,0,9.652173913043478
248,28,0,9.958333333333334
248,29,0,10.192307692307692
248,30,0,10.192307692307692
248,31,0,10.25
248,32,1,10.724137931034482
248,33,0,10.774193548387096
248,34,1,10.774193548387096
249,0,0,0
249,1,0,0
249,2,0,0
249,3,0,0
249,4,0,4.0
249,5,0,4.0
249,6,0,4.333333333333333
249,7,0,4.5
249,8,0,4.8
249,9,0,4.8
249,10,0,5.166666666666667
249,11,0,5.714285714285714
249,12,0,5.714285714285714
249,13,0,5.714285714285714
249,14,0,6.555555555555555
249,15,0,6.555555555555555
249,16,0,6.555555555555555
249,17,0,6.555555555555555
249,18,0,7.818181818181818
249,19,0,7.818181818181818
249,20,0,7.818181818181818
249,21,0,8.846153846153847
249,22,0,8.846153846153847
249,23,0,8.846153846153847
249,24,0,9.357142857142858
249,25,0,10.066666666666666
249,26,0,10.4375
249,27,1,9.941176470588236
249,28,3,10.555555555555555
249,29,4,10.157894736842104
249,30,5,10.6
249,31,4,10.954545454545455
249,32,4,10.954545454545455
249,33,3,11.166666666666666
249,34,4,11.76
250,0,0,0
250,1,0,0
250,2,0,2.0
250,3,0,2.5
250,4,0,2.5
250,5,0,3.3333333333333335
250,6,0,4.0
250,7,0,4.0
250,8,0,4.6
250,9,0,5.0
250,10,0,5.0
250,11,0,5.0
250,12,0,5.714285714285714
250,13,0,6.375
250,14,0,6.777777777777778
250,15,0,6.777777777777778
250,16,0,6.777777777777778
250,17,0,7.4
250,18,0,7.818181818181818
250,19,0,7.818181818181818
250,20,0,7.818181818181818
250,21,0,8.583333333333334
250,22,0,9.153846153846153
250,23,0,9.153846153846153
250,24,0,10.266666666666667
250,25,0,10.266666666666667
250,26,0,10.266666666666667
250,27,0,9.75
250,28,1,10.944444444444445
250,29,2,10.526315789473685
250,30,5,10.526315789473685
250,31,5,10.2
250,32,5,11.409090909090908
250,33,6,11.130434782608695
250,34,6,11.130434782608695
251,0,0,0
251,1,0,0
251,2,0,0
251,3,0,3.0
251,4,0,3.0
251,5,0,2.5
251,6,0,3.3333333333333335
251,7,0,3.5
251,8,0,3.5
251,9,0,3.5
251,10,0,4.666666666666667
251,11,0,4.666666666666667
251,12,0,5.142857142857143
251,13,0,5.142857142857143
251,14,0,5.5
251,15,0,5.5
251,16,0,6.222222222222222
251,17,0,6.222222222222222
251,18,0,6.8
251,19,0,7.363636363636363
251,20,0,7.833333333333333
251,21,0,8.384615384615385
251,22,0,8.384615384615385
251,23,0,8.928571428571429
251,24,0,9.4
251,25,0,9.9375
251,26,0,9.9375
251,27,0,10.411764705882353
251,28,0,10.473684210526315
251,29,1,10.473684210526315
251,30,2,10.1
251,31,2,10.619047619047619
251,32,3,10.869565217391305
251,33,3,10.869565217391305
251,34,3,11.12
252,0,0,0
252,1,0,0
252,2,0,2.0
252,3,0,2.5
252,4,0,2.5
252,5,0,2.5
252,6,0,3.6666666666666665
252,7,0,4.25
252,8,0,4.25
252,9,0,5.333333333333333
252,10,0,5.333333333333333
252,11,0,6.0
252,12,0,6.0
252,13,0,6.625
252,14,0,6.625
252,15,0,7.333333333333333
252,16,0,7.3
252,17,0,7.3
252,18,0,8.090909090909092
252,19,0,8.166666666666666
252,20,0,8.846153846153847
252,21,0,8.928571428571429
252,22,0,9.4
252,23,0,9.4
252,24,0,9.4
252,25,0,9.5625
252,26,0,10.058823529411764
252,27,0,9.61111111111111
252,28,0,9.894736842105264
252,29,1,10.45
252,30,0,10.047619047619047
252,31,2,10.363636363636363
252,32,3,10.08695652173913
252,33,4,10.32
252,34,5,10.32
253,0,0,0
253,1,0,0
253,2,0,0
253,3,0,3.0
253,4,0,3.5
253,5,0,4.0
253,6,0,4.0
253,7,0,4.75
253,8,0,5.2
253,9,0,5.5
253,10,0,5.5
253,11,0,5.5
253,12,0,6.75
253,13,0,6.75
253,14,0,7.111111111111111
253,15,0,7.6
253,16,0,7.909090909090909
253,17,0,7.909090909090909
253,18,0,7.909090909090909
253,19,0,8.583333333333334
253,20,0,9.076923076923077
253,21,0,9.642857142857142
253,22,0,9.642857142857142
253,23,0,10.133333333333333
253,24,0,10.75
253,25,0,10.75
253,26,0,11.176470588235293
253,27,0,11.777777777777779
253,28,0,12.210526315789474
253,29,0,12.75
253,30,1,12.238095238095237
253,31,2,12.772727272727273
253,32,1,12.791666666666666
253,33,1,12.791666666666666
253,34,0,12.923076923076923
254,0,0,0
254,1,0,0
254,2,0,0
254,3,0,3.0
254,4,0,3.5
254,5,0,3.6666666666666665
254,6,0,3.6666666666666665
254,7,0,4.5
254,8,0,4.5
254,9,0,5.2
254,10,0,5.2
254,11,0,6.0
254,12,0,6.0
254,13,0,6.571428571428571
254,14,0,7.25
254,15,0,7.555555555555555
254,16,0,8.2
254,17,0,8.2
254,18,0,8.636363636363637
254,19,0,8.636363636363637
254,20,0,9.333333333333334
254,21,0,9.333333333333334
254,22,0,9.76923076923077
254,23,0,10.428571428571429
254,24,0,10.428571428571429
254,25,0,11.375
254,26,0,11.375
254,27,0,11.705882352941176
254,28,0,12.055555555555555
254,29,0,12.055555555555555
254,30,0,12.368421052631579
254,31,0,12.8
254,32,0,12.285714285714286
254,33,0,12.545454545454545
254,34,0,12.130434782608695
255,0,0,0
255,1,0,0
255,2,0,0
255,3,0,3.0
255,4,0,3.0
255,5,0,3.3333333333333335
255,6,0,3.75
255,7,0,3.75
255,8,0,4.0
255,9,0,4.0
255,10,0,4.833333333333333
255,11,0,5.285714285714286
255,12,0,5.285714285714286
255,13,0,5.285714285714286
255,14,0,6.555555555555555
255,15,0,6.555555555555555
255,16,0,7.1
255,17,0,7.1
255,18,0,7.909090909090909
255,19,0,8.416666666666666
255,20,0,8.428571428571429
255,21,0,8.428571428571429
255,22,0,8.866666666666667
255,23,0,8.882352941176471
255,24,0,8.882352941176471
255,25,0,8.555555555555555
255,26,1,8.75
255,27,1,9.0
255,28,3,9.0
255,29,2,9.291666666666666
255,30,4,9.291666666666666
255,31,4,10.074074074074074
255,32,6,10.074074074074074
255,33,6,10.344827586206897
255,34,6,10.344827586206897
256,0,0,0
256,1,0,0
256,2,0,0
256,3,0,2.5
256,4,0,2.5
256,5,0,2.6666666666666665
256,6,0,3.5
256,7,0,3.5
256,8,0,4.166666666666667
256,9,0,4.166666666666667
256,10,0,5.0
256,11,0,5.0
256,12,0,5.222222222222222
256,13,0,5.222222222222222
256,14,0,5.9
256,15,0,5.9
256,16,0,6.2727272727272725
256,17,0,6.916666666666667
256,18,0,6.916666666666667
256,19,0,6.916666666666667
256,20,0,8.071428571428571
256,21,0,8.071428571428571
256,22,0,8.071428571428571
256,23,0,8.6
256,24,0,9.1875
256,25,0,8.764705882352942
256,26,0,9.277777777777779
256,27,0,8.947368421052632
256,28,0,9.6
256,29,0,10.142857142857142
256,30,0,9.772727272727273
256,31,0,10.391304347826088
256,32,0,10.391304347826088
256,33,0,11.4
256,34,0,11.4
257,0,0,0
257,1,0,0
257,2,0,0
257,3,0,2.5
257,4,0,2.5
257,5,0,2.5
257,6,0,3.3333333333333335
257,7,0,4.25
257,8,0,4.25
257,9,0,4.25
257,10,0,5.0
257,11,0,5.833333333333333
257,12,0,5.833333333333333
257,13,0,5.833333333333333
257,14,0,7.375
257,15,0,7.375
257,16,0,7.375
257,17,0,8.11111111111111
257,18,0,8.8
257,19,0,8.8
257,20,0,9.363636363636363
257,21,0,9.363636363636363
257,22,0,10.166666666666666
257,23,0,10.166666666666666
257,24,0,10.846153846153847
257,25,0,10.846153846153847
257,26,0,11.375
257,27,0,11.375
257,28,1,11.375
257,29,2,11.894736842105264
257,30,2,11.894736842105264
257,31,1,11.5
257,32,3,12.590909090909092
257,33,2,12.26086956521739
257,34,4,12.26086956521739
258,0,0,0
258,1,0,0
258,2,0,2.0
258,3,0,2.0
258,4,0,3.3333333333333335
258,5,0,3.3333333333333335
258,6,0,3.3333333333333335
258,7,0,4.4
258,8,0,4.4
258,9,0,4.4
258,10,0,5.166666666666667
258,11,0,5.571428571428571
258,12,0,5.571428571428571
258,13,0,6.25
258,14,0,6.666666666666667
258,15,0,6.666666666666667
258,16,0,7.4
258,17,0,7.545454545454546
258,18,0,7.545454545454546
258,19,0,7.384615384615385
258,20,0,8.0
258,21,0,8.266666666666667
258,22,0,8.875
258,23,0,8.875
258,24,1,9.0
258,25,0,9.31578947368421
258,26,0,9.0
258,27,0,9.272727272727273
258,28,1,9.272727272727273
258,29,3,9.375
258,30,4,9.653846153846153
258,31,3,9.785714285714286
258,32,4,9.785714285714286
258,33,5,10.133333333333333
258,34,6,10.133333333333333
259,0,0,0
259,1,0,0
259,2,0,2.0
259,3,0,2.0
259,4,0,2.0
259,5,0,2.0
259,6,0,2.0
259,7,0,2.6666666666666665
259,8,0,2.6666666666666665
259,9,0,2.75
259,10,0,3.4
259,11,0,3.4
259,12,0,3.8333333333333335
259,13,0,4.285714285714286
259,14,0,4.285714285714286
259,15,0,5.222222222222222
259,16,0,5.222222222222222
259,17,0,5.7
259,18,0,6.181818181818182
259,19,0,6.181818181818182
259,20,0,6.181818181818182
259,21,0,6.833333333333333
259,22,0,7.384615384615385
259,23,0,7.384615384615385
259,24,0,7.857142857142857
259,25,0,8.466666666666667
259,26,0,8.466666666666667
259,27,0,9.0
259,28,0,9.352941176470589
259,29,0,9.833333333333334
259,30,0,9.833333333333334
259,31,0,10.263157894736842
259,32,0,10.263157894736842
259,33,0,10.85
259,34,0,10.85
260,0,0,0
260,1,0,0
260,2,0,0
260,3,0,3.0
260,4,0,3.0
260,5,0,3.0
260,6,0,3.0
260,7,0,4.333333333333333
260,8,0,4.333333333333333
260,9,0,4.5
260,10,0,4.5
260,11,0,5.833333333333333
260,12,0,5.833333333333333
260,13,0,6.142857142857143
260,14,0,6.75
260,15,0,6.75
260,16,0,7.6
260,17,0,7.6
260,18,0,7.6
260,19,0,8.0
260,20,0,8.0
260,21,0,7.642857142857143
260,22,1,7.642857142857143
260,23,0,8.411764705882353
260,24,2,8.411764705882353
260,25,0,8.166666666666666
260,26,2,9.25
260,27,1,8.681818181818182
260,28,2,9.173913043478262
260,29,3,9.48
260,30,3,9.48
260,31,2,9.88888888888889
260,32,4,9.88888888888889
260,33,4,10.310344827586206
260,34,5,10.310344827586206
261,0,0,0
261,1,0,0
261,2,0,2.0
261,3,0,2.5
261,4,0,2.5
261,5,0,2.5
261,6,0,2.6666666666666665
261,7,0,3.75
261,8,0,3.75
261,9,0,4.6
261,10,0,4.833333333333333
261,11,0,4.833333333333333
261,12,0,4.833333333333333
261,13,0,5.857142857142857
261,14,0,6.375
261,15,0,7.111111111111111
261,16,0,7.111111111111111
261,17,0,7.5
261,18,0,8.0
261,19,0,8.416666666666666
261,20,0,8.923076923076923
261,21,0,8.923076923076923
261,22,0,9.357142857142858
261,23,0,9.733333333333333
261,24,0,9.733333333333333
261,25,0,10.529411764705882
261,26,0,10.529411764705882
261,27,1,10.055555555555555
261,28,2,10.473684210526315
261,29,3,10.619047619047619
261,30,5,11.045454545454545
261,31,4,11.25
261,32,4,11.25
261,33,3,11.04
261,34,5,11.925925925925926
262,0,0,0
262,1,0,0
262,2,0,2.0
262,3,0,2.5
262,4,0,2.5
262,5,0,2.5
262,6,0,4.25
262,7,0,4.25
262,8,0,4.25
262,9,0,4.4
262,10,0,4.833333333333333
262,11,0,5.142857142857143
262,12,0,5.142857142857143
262,13,0,5.75
262,14,0,5.75
262,15,0,6.222222222222222
262,16,0,6.8
262,17,0,6.8
262,18,0,6.8
262,19,0,7.454545454545454
262,20,0,8.166666666666666
262,21,0,8.166666666666666
262,22,0,8.166666666666666
262,23,0,8.76923076923077
262,24,0,9.5
262,25,0,9.5
262,26,0,9.625
262,27,1,9.625
262,28,1,9.88888888888889
262,29,1,9.88888888888889
262,30,1,10.2
262,31,1,10.2
262,32,1,10.681818181818182
262,33,1,11.0
262,34,1,11.0
263,0,0,0
263,1,0,0
263,2,0,0
263,3,0,0
263,4,0,3.0
263,5,0,3.0
263,6,0,3.0
263,7,0,4.25
263,8,0,4.25
263,9,0,4.25
263,10,0,4.25
263,11,0,5.666666666666667
263,12,0,5.666666666666667
263,13,0,6.428571428571429
263,14,0,7.0
263,15,0,7.0
263,16,0,8.1
263,17,0,8.1
263,18,0,8.636363636363637
263,19,0,9.166666666666666
263,20,0,9.615384615384615
263,21,0,9.615384615384615
263,22,0,10.214285714285714
263,23,0,10.0
263,24,0,10.0
263,25,0,10.0
263,26,0,11.0
263,27,1,11.0
263,28,0,10.526315789473685
263,29,0,11.476190476190476
263,30,1,11.136363636363637
263,31,2,11.652173913043478
263,32,1,11.72
263,33,2,11.72
263,34,1,11.461538461538462
264,0,0,0
264,1,0,0
264,2,0,0
264,3,0,2.0
264,4,0,3.0
264,5,0,3.0
264,6,0,3.0
264,7,0,4.0
264,8,0,5.0
264,9,0,5.4
264,10,0,5.4
264,11,0,6.0
264,12,0,6.285714285714286
264,13,0,6.875
264,14,0,7.111111111111111
264,15,0,7.111111111111111
264,16,0,7.111111111111111
264,17,0,8.090909090909092
264,18,0,8.090909090909092
264,19,0,8.5
264,20,0,8.5
264,21,0,9.428571428571429
264,22,0,9.428571428571429
264,23,0,9.866666666666667
264,24,0,9.866666666666667
264,25,0,10.764705882352942
264,26,0,10.764705882352942
264,27,0,11.526315789473685
264,28,0,11.526315789473685
264,29,0,12.333333333333334
264,30,0,12.333333333333334
264,31,0,12.333333333333334
264,32,0,12.636363636363637
264,33,0,13.130434782608695
264,34,0,13.458333333333334
265,0,0,0
265,1,0,0
265,2,0,0
265,3,0,3.0
265,4,0,3.0
265,5,0,3.6666666666666665
265,6,0,3.6666666666666665
265,7,0,3.6666666666666665
265,8,0,4.5
265,9,0,5.2
265,10,0,5.2
265,11,0,5.833333333333333
265,12,0,6.428571428571429
265,13,0,6.428571428571429
265,14,0,7.0
265,15,0,7.666666666666667
265,16,0,8.1
265,17,0,8.1
265,18,0,8.636363636363637
265,19,0,8.636363636363637
265,20,0,9.25
265,21,0,9.76923076923077
265,22,0,10.285714285714286
265,23,0,10.285714285714286
265,24,0,10.285714285714286
265,25,0,10.375
265,26,0,11.0
265,27,0,10.5
265,28,1,11.052631578947368
265,29,2,10.65
265,30,3,11.818181818181818
265,31,2,11.478260869565217
265,32,2,11.478260869565217
265,33,2,12.346153846153847
265,34,2,12.346153846153847
266,0,0,0
266,1,0,0
266,2,0,0
266,3,0,0
266,4,0,3.5
266,5,0,3.5
266,6,0,3.5
266,7,0,3.6666666666666665
266,8,0,4.75
266,9,0,4.75
266,10,0,5.0
266,11,0,5.0
266,12,0,5.666666666666667
266,13,0,5.571428571428571
266,14,0,5.571428571428571
266,15,0,5.571428571428571
266,16,0,6.5
266,17,0,6.555555555555555
266,18,0,6.555555555555555
266,19,0,6.555555555555555
266,20,0,7.7272727272727275
266,21,0,7.7272727272727275
266,22,0,8.0
266,23,0,8.76923076923077
266,24,0,8.285714285714286
266,25,0,8.666666666666666
266,26,0,8.666666666666666
266,27,0,8.941176470588236
266,28,0,8.894736842105264
266,29,0,9.142857142857142
266,30,2,9.5
266,31,1,9.217391304347826
266,32,0,9.32
266,33,0,9.961538461538462
266,34,0,10.107142857142858
267,0,0,0
267,1,0,0
267,2,0,2.0
267,3,0,2.5
267,4,0,2.5
267,5,0,2.5
267,6,0,4.0
267,7,0,4.0
267,8,0,4.0
267,9,0,5.0
267,10,0,5.0
267,11,0,5.0
267,12,0,6.25
267,13,0,6.25
267,14,0,6.25
267,15,0,6.666666666666667
267,16,0,7.3
267,17,0,7.3
267,18,0,8.333333333333334
267,19,0,8.333333333333334
267,20,0,8.76923076923077
267,21,0,9.285714285714286
267,22,0,9.285714285714286
267,23,0,9.285714285714286
267,24,0,9.8
267,25,0,10.4375
267,26,0,10.882352941176471
267,27,0,10.882352941176471
267,28,0,11.5
267,29,0,11.5
267,30,0,12.052631578947368
267,31,0,11.55
267,32,0,12.238095238095237
267,33,0,12.238095238095237
267,34,0,12.818181818181818
268,0,0,0
268,1,0,0
268,2,0,0
268,3,0,2.0
268,4,0,2.0
268,5,0,2.0
268,6,0,2.6666666666666665
268,7,0,3.25
268,8,0,3.6
268,9,0,3.6
268,10,0,3.6
268,11,0,4.428571428571429
268,12,0,4.428571428571429
268,13,0,4.75
268,14,0,4.888888888888889
268,15,0,4.888888888888889
268,16,0,5.363636363636363
268,17,0,5.363636363636363
268,18,0,5.363636363636363
268,19,0,5.75
268,20,0,6.153846153846154
268,21,0,6.153846153846154
268,22,0,6.571428571428571
268,23,0,7.0
268,24,0,7.0
268,25,0,7.25
268,26,0,7.25
268,27,0,7.823529411764706
268,28,0,8.166666666666666
268,29,0,8.166666666666666
268,30,0,8.736842105263158
268,31,0,8.736842105263158
268,32,0,9.1
268,33,0,9.1
268,34,0,9.428571428571429
269,0,0,0
269,1,0,0
269,2,0,0
269,3,0,3.0
269,4,0,3.0
269,5,0,3.0
269,6,0,3.5
269,7,0,3.5
269,8,0,3.5
269,9,0,3.6666666666666665
269,10,0,4.285714285714286
269,11,0,4.285714285714286
269,12,0,4.285714285714286
269,13,0,5.555555555555555
269,14,0,5.555555555555555
269,15,0,5.9
269,16,0,6.545454545454546
269,17,0,6.545454545454546
269,18,0,7.0
269,19,0,7.0
269,20,0,7.615384615384615
269,21,0,8.071428571428571
269,22,0,8.071428571428571
269,23,0,9.1875
269,24,0,9.1875
269,25,0,9.1875
269,26,2,9.1875
269,27,2,9.947368421052632
269,28,4,9.947368421052632
269,29,3,10.142857142857142
269,30,5,10.636363636363637
269,31,4,10.916666666666666
269,32,5,10.916666666666666
269,33,4,11.26923076923077
269,34,5,11.74074074074074
270,0,0,0
270,1,0,0
270,2,0,2.0
270,3,0,2.0
270,4,0,3.0
270,5,0,3.3333333333333335
270,6,0,3.3333333333333335
270,7,0,4.6
270,8,0,4.6
270,9,0,4.833333333333333
270,10,0,5.285714285714286
270,11,0,4.75
270,12,0,5.111111111111111
270,13,0,5.6
270,14,0,5.6
270,15,0,6.090909090909091
270,16,0,6.583333333333333
270,17,0,7.076923076923077
270,18,0,7.076923076923077
270,19,0,7.571428571428571
270,20,0,7.6875
270,21,0,8.176470588235293
270,22,0,8.666666666666666
270,23,0,8.666666666666666
270,24,0,9.157894736842104
270,25,0,9.65
270,26,1,9.772727272727273
270,27,1,10.26086956521739
270,28,2,10.4
270,29,3,10.846153846153847
270,30,3,10.62962962962963
270,31,3,10.62962962962963
270,32,4,10.827586206896552
270,33,5,11.333333333333334
270,34,5,11.193548387096774
271,0,0,0
271,1,0,0
271,2,0,0
271,3,0,0
271,4,0,4.0
271,5,0,4.0
271,6,0,4.0
271,7,0,4.5
271,8,0,4.5
271,9,0,4.5
271,10,0,5.2
271,11,0,5.333333333333333
271,12,0,5.333333333333333
271,13,0,5.333333333333333
271,14,0,6.285714285714286
271,15,0,6.75
271,16,0,6.75
271,17,0,7.222222222222222
271,18,0,8.0
271,19,0,8.0
271,20,0,8.545454545454545
271,21,0,8.545454545454545
271,22,0,9.76923076923077
271,23,0,9.76923076923077
271,24,0,10.5
271,25,0,10.4375
271,26,1,10.4375
271,27,1,10.0
271,28,2,11.157894736842104
271,29,2,10.8
271,30,4,11.476190476190476
271,31,5,11.608695652173912
271,32,4,11.333333333333334
271,33,4,11.333333333333334
271,34,4,12.185185185185185
272,0,0,0
272,1,0,0
272,2,0,2.0
272,3,0,2.0
272,4,0,3.0
272,5,0,3.0
272,6,0,4.0
272,7,0,4.0
272,8,0,4.0
272,9,0,5.166666666666667
272,10,0,5.166666666666667
272,11,0,5.222222222222222
272,12,0,5.222222222222222
272,13,0,5.222222222222222
272,14,0,5.6
272,15,0,6.0
272,16,0,6.0
272,17,0,6.0
272,18,0,6.846153846153846
272,19,0,6.846153846153846
272,20,0,6.846153846153846
272,21,0,7.357142857142857
272,22,0,7.933333333333334
272,23,0,8.375
272,24,0,8.375
272,25,0,8.941176470588236
272,26,0,9.333333333333334
272,27,0,8.947368421052632
272,28,0,8.947368421052632
272,29,1,9.6
272,30,0,9.681818181818182
272,31,2,9.681818181818182
272,32,3,10.041666666666666
272,33,3,10.52
272,34,3,10.74074074074074
273,0,0,0
273,1,0,0
273,2,0,0
273,3,0,3.0
273,4,0,3.0
273,5,0,3.5
273,6,0,3.5
273,7,0,4.666666666666667
273,8,0,5.25
273,9,0,5.25
273,10,0,5.25
273,11,0,6.2
273,12,0,6.666666666666667
273,13,0,7.285714285714286
273,14,0,7.285714285714286
273,15,0,8.333333333333334
273,16,0,8.333333333333334
273,17,0,8.8
273,18,0,9.181818181818182
273,19,0,9.666666666666666
273,20,0,9.076923076923077
273,21,0,9.5
273,22,0,10.0
273,23,0,9.5
273,24,2,9.5
273,25,2,10.210526315789474
273,26,5,9.8
273,27,6,9.954545454545455
273,28,6,10.434782608695652
273,29,5,10.68
273,30,7,11.153846153846153
273,31,7,11.0
273,32,8,11.0
273,33,7,11.344827586206897
273,34,8,11.8
274,0,0,0
274,1,0,0
274,2,0,0
274,3,0,0
274,4,0,3.0
274,5,0,3.0
274,6,0,3.0
274,7,0,3.0
274,8,0,3.6666666666666665
274,9,0,3.6666666666666665
274,10,0,3.6666666666666665
274,11,0,4.6
274,12,0,4.6
274,13,0,5.333333333333333
274,14,0,5.714285714285714
274,15,0,5.714285714285714
274,16,0,6.375
274,17,0,6.375
274,18,0,6.888888888888889
274,19,0,7.6
274,20,0,7.6
274,21,0,7.6
274,22,0,8.666666666666666
274,23,0,8.666666666666666
274,24,0,9.153846153846153
274,25,0,9.153846153846153
274,26,0,9.857142857142858
274,27,0,9.8125
274,28,1,9.8125
274,29,1,9.944444444444445
274,30,2,10.473684210526315
274,31,2,10.15
274,32,2,10.666666666666666
274,33,1,11.0
274,34,1,11.5
275,0,0,0
275,1,0,0
275,2,0,0
275,3,0,0
275,4,0,3.0
275,5,0,3.0
275,6,0,3.0
275,7,0,4.0
275,8,0,4.0
275,9,0,4.0
275,10,0,5.0
275,11,0,5.0
275,12,0,5.0
275,13,0,5.833333333333333
275,14,0,6.285714285714286
275,15,0,6.625
275,16,0,6.625
275,17,0,6.625
275,18,0,7.222222222222222
275,19,0,7.8
275,20,0,7.8
275,21,0,7.8
275,22,0,9.083333333333334
275,23,0,9.083333333333334
275,24,0,9.083333333333334
275,25,0,9.0
275,26,2,9.666666666666666
275,27,1,9.25
275,28,3,9.705882352941176
275,29,2,10.0
275,30,3,10.0
275,31,3,9.8
275,32,5,10.333333333333334
275,33,4,10.782608695652174
275,34,5,10.782608695652174
276,0,0,0
276,1,0,0
276,2,0,2.0
276,3,0,2.0
276,4,0,2.0
276,5,0,3.0
276,6,0,3.5
276,7,0,3.5
276,8,0,3.5
276,9,0,4.4
276,10,0,4.833333333333333
276,11,0,4.833333333333333
276,12,0,4.833333333333333
276,13,0,6.25
276,14,0,6.25
276,15,0,6.25
276,16,0,7.111111111111111
276,17,0,7.7
276,18,0,8.272727272727273
276,19,0,8.272727272727273
276,20,0,8.833333333333334
276,21,0,8.307692307692308
276,22,0,9.533333333333333
276,23,0,9.533333333333333
276,24,0,9.533333333333333
276,25,0,10.647058823529411
276,26,2,9.736842105263158
276,27,2,10.25
276,28,1,9.904761904761905
276,29,3,10.956521739130435
276,30,4,10.708333333333334
276,31,4,10.708333333333334
276,32,4,11.153846153846153
276,33,4,11.592592592592593
276,34,3,11.392857142857142
277,0,0,0
277,1,0,0
277,2,0,0
277,3,0,3.0
277,4,0,3.0
277,5,0,3.25
277,6,0,3.25
277,7,0,3.25
277,8,0,3.25
277,9,0,4.5
277,10,0,4.5
277,11,0,4.5
277,12,0,4.857142857142857
277,13,0,5.75
277,14,0,5.75
277,15,0,6.333333333333333
277,16,0,6.6
277,17,0,6.6
277,18,0,7.416666666666667
277,19,0,7.416666666666667
277,20,0,7.416666666666667
277,21,0,7.923076923076923
277,22,0,8.357142857142858
277,23,0,8.357142857142858
277,24,0,8.933333333333334
277,25,0,9.375
277,26,0,9.375
277,27,1,9.941176470588236
277,28,0,9.5
277,29,0,10.5
277,30,0,10.19047619047619
277,31,0,10.681818181818182
277,32,0,10.347826086956522
277,33,0,11.32
277,34,0,11.32
278,0,0,0
278,1,0,0
278,2,0,0
278,3,0,3.0
278,4,0,3.5
278,5,0,3.6666666666666665
278,6,0,4.0
278,7,0,4.0
278,8,0,4.0
278,9,0,4.833333333333333
278,10,0,4.833333333333333
278,11,0,4.833333333333333
278,12,0,5.571428571428571
278,13,0,6.0
278,14,0,6.0
278,15,0,6.666666666666667
278,16,0,7.1
278,17,0,7.1
278,18,0,7.1
278,19,0,8.333333333333334
278,20,0,8.333333333333334
278,21,0,8.333333333333334
278,22,0,8.923076923076923
278,23,0,9.5
278,24,0,9.5
278,25,0,10.066666666666666
278,26,0,10.6875
278,27,0,11.058823529411764
278,28,0,11.058823529411764
278,29,0,11.61111111111111
278,30,0,11.61111111111111
278,31,0,12.105263157894736
278,32,0,12.6
278,33,0,12.6
278,34,0,12.454545454545455
279,0,0,0
279,1,0,0
279,2,0,0
279,3,0,3.0
279,4,0,3.5
279,5,0,4.0
279,6,0,4.0
279,7,0,4.5
279,8,0,4.5
279,9,0,5.0
279,10,0,5.0
279,11,0,5.166666666666667
279,12,0,5.857142857142857
279,13,0,5.75
279,14,0,5.75
279,15,0,5.75
279,16,0,6.7
279,17,0,6.7
279,18,0,6.7
279,19,0,7.454545454545454
279,20,0,7.75
279,21,0,7.75
279,22,0,8.538461538461538
279,23,0,8.642857142857142
279,24,0,8.642857142857142
279,25,0,8.642857142857142
279,26,0,9.625
279,27,0,9.625
279,28,0,9.882352941176471
279,29,0,10.61111111111111
279,30,0,10.61111111111111
279,31,0,10.61111111111111
279,32,0,11.35
279,33,0,11.35
279,34,0,11.35
280,0,0,0
280,1,0,0
280,2,0,2.0
280,3,0,2.0
280,4,0,2.6666666666666665
280,5,0,2.5
280,6,0,3.2
280,7,0,3.2
280,8,0,3.8333333333333335
280,9,0,3.8333333333333335
280,10,0,4.428571428571429
280,11,0,5.0
280,12,0,5.0
280,13,0,5.0
280,14,0,5.777777777777778
280,15,0,6.4
280,16,0,6.4
280,17,0,7.090909090909091
280,18,0,7.75
280,19,0,7.75
280,20,0,7.75
280,21,0,9.0
280,22,0,9.0
280,23,0,9.666666666666666
280,24,0,9.666666666666666
280,25,0,10.3125
280,26,0,10.3125
280,27,0,10.444444444444445
280,28,0,11.052631578947368
280,29,0,10.6
280,30,0,11.681818181818182
280,31,1,11.26086956521739
280,32,3,11.26086956521739
280,33,2,11.44
280,34,3,12.0
281,0,0,0
281,1,0,0
281,2,0,0
281,3,0,0
281,4,0,3.0
281,5,0,3.0
281,6,0,3.3333333333333335
281,7,0,3.3333333333333335
281,8,0,3.4
281,9,0,3.4
281,10,0,3.5
281,11,0,3.4285714285714284
281,12,0,3.4285714285714284
281,13,0,3.4285714285714284
281,14,0,4.0
281,15,0,4.0
281,16,0,4.0
281,17,0,4.0
281,18,0,4.7272727272727275
281,19,0,4.7272727272727275
281,20,0,4.7272727272727275
281,21,0,5.166666666666667
281,22,0,5.6923076923076925
281,23,0,5.6923076923076925
281,24,0,6.142857142857143
281,25,0,6.142857142857143
281,26,0,6.6
281,27,0,6.6
281,28,0,7.1875
281,29,0,7.1875
281,30,0,8.277777777777779
281,31,0,8.277777777777779
281,32,0,8.277777777777779
281,33,0,8.842105263157896
281,34,0,9.4
282,0,0,0
282,1,0,0
282,2,0,0
282,3,0,0
282,4,0,4.0
282,5,0,4.0
282,6,0,4.0
282,7,0,5.0
282,8,0,5.5
282,9,0,5.5
282,10,0,5.5
282,11,0,6.833333333333333
282,12,0,6.833333333333333
282,13,0,6.833333333333333
282,14,0,7.571428571428571
282,15,0,8.125
282,16,0,8.666666666666666
282,17,0,8.666666666666666
282,18,0,9.2
282,19,0,9.2
282,20,0,9.545454545454545
282,21,0,10.166666666666666
282,22,0,10.166666666666666
282,23,0,10.615384615384615
282,24,0,10.615384615384615
282,25,0,11.285714285714286
282,26,0,11.666666666666666
282,27,0,11.0625
282,28,2,11.166666666666666
282,29,3,11.578947368421053
282,30,4,11.15
282,31,5,12.136363636363637
282,32,4,11.826086956521738
282,33,5,11.826086956521738
282,34,5,12.653846153846153
283,0,0,0
283,1,0,0
283,2,0,2.0
283,3,0,2.0
283,4,0,2.0
283,5,0,2.0
283,6,0,3.0
283,7,0,3.6
283,8,0,3.8333333333333335
283,9,0,3.8333333333333335
283,10,0,3.8333333333333335
283,11,0,4.428571428571429
283,12,0,4.875
283,13,0,4.875
283,14,0,6.0
283,15,0,6.0
283,16,0,6.0
283,17,0,6.545454545454546
283,18,0,7.166666666666667
283,19,0,7.6923076923076925
283,20,0,7.6923076923076925
283,21,0,7.6923076923076925
283,22,0,8.285714285714286
283,23,0,8.866666666666667
283,24,0,9.375
283,25,0,9.375
283,26,1,9.941176470588236
283,27,2,10.052631578947368
283,28,3,10.5
283,29,3,10.19047619047619
283,30,7,10.636363636363637
283,31,6,10.391304347826088
283,32,6,11.28
283,33,5,11.115384615384615
283,34,5,11.115384615384615
284,0,0,0
284,1,0,0
284,2,0,0
284,3,0,3.0
284,4,0,3.5
284,5,0,3.5
284,6,0,4.0
284,7,0,4.0
284,8,0,5.0
284,9,0,5.0
284,10,0,5.8
284,11,0,6.333333333333333
284,12,0,6.333333333333333
284,13,0,7.0
284,14,0,7.625
284,15,0,7.625
284,16,0,7.625
284,17,0,8.444444444444445
284,18,0,9.1
284,19,0,9.1
284,20,0,9.166666666666666
284,21,0,9.846153846153847
284,22,0,9.933333333333334
284,23,0,10.5
284,24,0,10.5
284,25,0,10.5
284,26,0,11.666666666666666
284,27,0,11.666666666666666
284,28,2,12.263157894736842
284,29,4,12.285714285714286
284,30,4,12.285714285714286
284,31,5,12.434782608695652
284,32,5,13.041666666666666
284,33,4,13.23076923076923
284,34,4,13.74074074074074
285,0,0,0
285,1,0,0
285,2,0,0
285,3,0,3.0
285,4,0,3.0
285,5,0,3.5
285,6,0,4.333333333333333
285,7,0,4.333333333333333
285,8,0,4.75
285,9,0,4.75
285,10,0,5.2
285,11,0,5.2
285,12,0,6.428571428571429
285,13,0,6.428571428571429
285,14,0,6.428571428571429
285,15,0,7.555555555555555
285,16,0,7.555555555555555
285,17,0,8.0
285,18,0,8.636363636363637
285,19,0,8.083333333333334
285,20,0,8.083333333333334
285,21,0,8.615384615384615
285,22,0,9.285714285714286
285,23,0,9.25
285,24,0,9.25
285,25,0,8.823529411764707
285,26,0,9.947368421052632
285,27,0,9.947368421052632
285,28,0,9.55
285,29,0,10.636363636363637
285,30,2,10.26086956521739
285,31,3,10.708333333333334
285,32,3,10.4
285,33,5,10.961538461538462
285,34,5,10.74074074074074
286,0,0,0
286,1,0,0
286,2,0,0
286,3,0,3.0
286,4,0,3.0
286,5,0,3.6666666666666665
286,6,0,3.6666666666666665
286,7,0,4.25
286,8,0,4.8
286,9,0,4.8
286,10,0,5.333333333333333
286,11,0,5.857142857142857
286,12,0,5.857142857142857
286,13,0,5.857142857142857
286,14,0,6.625
286,15,0,7.333333333333333
286,16,0,7.8
286,17,0,7.8
286,18,0,7.8
286,19,0,8.538461538461538
286,20,0,8.538461538461538
286,21,0,9.1875
286,22,0,8.823529411764707
286,23,0,9.0
286,24,0,9.0
286,25,0,9.6
286,26,0,9.6
286,27,1,9.727272727272727
286,28,3,9.727272727272727
286,29,2,10.041666666666666
286,30,4,10.56
286,31,3,10.346153846153847
286,32,5,10.346153846153847
286,33,5,10.821428571428571
286,34,6,11.344827586206897
287,0,0,0
287,1,0,0
287,2,0,0
287,3,0,3.0
287,4,0,3.5
287,5,0,4.0
287,6,0,4.0
287,7,0,4.0
287,8,0,4.25
287,9,0,5.0
287,10,0,5.0
287,11,0,5.0
287,12,0,5.571428571428571
287,13,0,5.571428571428571
287,14,0,5.875
287,15,0,6.444444444444445
287,16,0,6.8
287,17,0,6.8
287,18,0,6.8
287,19,0,7.75
287,20,0,7.75
287,21,0,7.75
287,22,0,8.785714285714286
287,23,0,8.785714285714286
287,24,0,8.785714285714286
287,25,1,9.875
287,26,0,9.411764705882353
287,27,2,9.411764705882353
287,28,1,9.68421052631579
287,29,1,10.2
287,30,1,10.409090909090908
287,31,1,10.869565217391305
287,32,0,10.666666666666666
287,33,0,11.16
287,34,0,11.444444444444445
288,0,0,0
288,1,0,0
288,2,0,0
288,3,0,0
288,4,0,4.0
288,5,0,4.0
288,6,0,4.0
288,7,0,4.5
288,8,0,4.5
288,9,0,4.666666666666667
288,10,0,4.666666666666667
288,11,0,4.5
288,12,0,5.2
288,13,0,5.2
288,14,0,5.2
288,15,0,6.142857142857143
288,16,0,6.142857142857143
288,17,0,6.142857142857143
288,18,0,6.875
288,19,0,7.333333333333333
288,20,0,7.333333333333333
288,21,0,7.9
288,22,0,7.9
288,23,0,8.833333333333334
288,24,0,8.833333333333334
288,25,0,8.833333333333334
288,26,0,9.857142857142858
288,27,0,9.333333333333334
288,28,0,10.294117647058824
288,29,0,10.294117647058824
288,30,0,10.294117647058824
288,31,0,10.833333333333334
288,32,0,11.368421052631579
288,33,0,11.368421052631579
288,34,0,11.368421052631579
289,0,0,0
289,1,0,0
289,2,0,0
289,3,0,0
289,4,0,3.0
289,5,0,3.5
289,6,0,4.0
289,7,0,4.0
289,8,0,4.5
289,9,0,5.0
289,10,0,5.5
289,11,0,5.5
289,12,0,5.5
289,13,0,6.75
289,14,0,6.75
289,15,0,7.333333333333333
289,16,0,7.8
289,17,0,8.272727272727273
289,18,0,8.75
289,19,0,9.076923076923077
289,20,0,9.076923076923077
289,21,0,9.8
289,22,0,9.8
289,23,0,9.8
289,24,0,10.705882352941176
289,25,0,10.705882352941176
289,26,0,11.11111111111111
289,27,1,10.631578947368421
289,28,4,11.15
289,29,5,11.227272727272727
289,30,8,11.227272727272727
289,31,7,11.84
289,32,7,11.84
289,33,7,11.615384615384615
289,34,8,12.535714285714286
290,0,0,0
290,1,0,0
290,2,0,0
290,3,0,3.0
290,4,0,3.5
290,5,0,3.5
290,6,0,3.6666666666666665
290,7,0,3.6666666666666665
290,8,0,4.75
290,9,0,5.2
290,10,0,5.5
290,11,0,5.5
290,12,0,5.857142857142857
290,13,0,6.375
290,14,0,6.375
290,15,0,7.0
290,16,0,7.4
290,17,0,7.4
290,18,0,8.0
290,19,0,8.0
290,20,0,8.76923076923077
290,21,0,8.76923076923077
290,22,0,8.76923076923077
290,23,0,9.142857142857142
290,24,0,9.733333333333333
290,25,0,9.733333333333333
290,26,0,9.25
290,27,0,9.647058823529411
290,28,1,9.894736842105264
290,29,1,9.894736842105264
290,30,0,9.904761904761905
290,31,2,9.904761904761905
290,32,1,10.708333333333334
290,33,1,10.708333333333334
290,34,2,10.44
291,0,0,0
291,1,0,0
291,2,0,0
291,3,0,3.0
291,4,0,3.0
291,5,0,3.0
291,6,0,3.5
291,7,0,4.333333333333333
291,8,0,4.333333333333333
291,9,0,5.0
291,10,0,5.4
291,11,0,5.4
291,12,0,6.0
291,13,0,6.0
291,14,0,6.0
291,15,0,6.625
291,16,0,6.555555555555555
291,17,0,6.555555555555555
291,18,0,6.555555555555555
291,19,0,7.4
291,20,0,7.636363636363637
291,21,0,7.636363636363637
291,22,1,8.416666666666666
291,23,0,8.214285714285714
291,24,1,8.214285714285714
291,25,0,8.3125
291,26,0,9.058823529411764
291,27,0,8.421052631578947
291,28,0,8.421052631578947
291,29,0,9.227272727272727
291,30,0,9.227272727272727
291,31,0,9.625
291,32,0,9.73076923076923
291,33,0,9.73076923076923
291,34,0,10.482758620689655
292,0,0,0
292,1,0,0
292,2,0,0
292,3,0,3.0
292,4,0,3.0
292,5,0,3.6666666666666665
292,6,0,3.6666666666666665
292,7,0,4.25
292,8,0,4.6
292,9,0,4.6
292,10,0,5.166666666666667
292,11,0,5.166666666666667
292,12,0,5.857142857142857
292,13,0,5.857142857142857
292,14,0,7.111111111111111
292,15,0,7.111111111111111
292,16,0,7.111111111111111
292,17,0,7.7
292,18,0,7.833333333333333
292,19,1,8.384615384615385
292,20,0,7.928571428571429
292,21,1,8.466666666666667
292,22,0,8.823529411764707
292,23,0,9.333333333333334
292,24,0,9.238095238095237
292,25,0,9.238095238095237
292,26,0,9.391304347826088
292,27,1,9.391304347826088
292,28,0,9.72
292,29,0,9.72
292,30,1,10.571428571428571
292,31,3,10.571428571428571
292,32,2,10.310344827586206
292,33,3,10.833333333333334
292,34,3,11.21875
293,0,0,0
293,1,0,0
293,2,0,0
293,3,0,0
293,4,0,3.0
293,5,0,3.5
293,6,0,3.5
293,7,0,4.0
293,8,0,4.0
293,9,0,5.0
293,10,0,5.0
293,11,0,5.4
293,12,0,5.4
293,13,0,6.333333333333333
293,14,0,6.428571428571429
293,15,0,6.428571428571429
293,16,0,7.0
293,17,0,7.0
293,18,0,7.333333333333333
293,19,0,8.0
293,20,0,8.0
293,21,0,8.083333333333334
293,22,0,8.538461538461538
293,23,0,8.538461538461538
293,24,0,8.538461538461538
293,25,0,9.25
293,26,0,9.25
293,27,0,8.823529411764707
293,28,0,9.5
293,29,0,10.0
293,30,0,10.19047619047619
293,31,0,10.19047619047619
293,32,0,10.636363636363637
293,33,0,10.636363636363637
293,34,0,11.75
294,0,0,0
294,1,0,0
294,2,0,2.0
294,3,0,2.0
294,4,0,3.3333333333333335
294,5,0,3.3333333333333335
294,6,0,3.75
294,7,0,4.4
294,8,0,4.4
294,9,0,4.4
294,10,0,5.571428571428571
294,11,0,5.571428571428571
294,12,0,6.125
294,13,0,6.666666666666667
294,14,0,6.666666666666667
294,15,0,6.1
294,16,0,7.25
294,17,0,7.25
294,18,0,7.25
294,19,0,7.25
294,20,0,8.571428571428571
294,21,0,8.571428571428571
294,22,0,9.2
294,23,0,9.2
294,24,0,10.294117647058824
294,25,0,10.294117647058824
294,26,0,10.88888888888889
294,27,0,11.31578947368421
294,28,0,11.85
294,29,0,11.85
294,30,0,11.380952380952381
294,31,0,12.434782608695652
294,32,0,12.434782608695652
294,33,0,13.44
294,34,0,13.0
295,0,0,0
295,1,0,0
295,2,0,2.0
295,3,0,2.0
295,4,0,3.0
295,5,0,3.0
295,6,0,4.0
295,7,0,4.75
295,8,0,5.2
295,9,0,5.2
295,10,0,5.666666666666667
295,11,0,6.0
295,12,0,6.0
295,13,0,6.5
295,14,0,7.111111111111111
295,15,0,7.111111111111111
295,16,0,7.6
295,17,0,7.6
295,18,0,8.272727272727273
295,19,0,8.272727272727273
295,20,0,8.916666666666666
295,21,0,9.615384615384615
295,22,0,9.071428571428571
295,23,0,9.071428571428571
295,24,0,9.882352941176471
295,25,0,9.882352941176471
295,26,0,9.444444444444445
295,27,1,10.0
295,28,3,10.285714285714286
295,29,3,10.285714285714286
295,30,3,11.083333333333334
295,31,3,11.083333333333334
295,32,2,10.84
295,33,3,11.384615384615385
295,34,3,11.75
296,0,0,0
296,1,0,0
296,2,0,0
296,3,0,0
296,4,0,0
296,5,0,4.0
296,6,0,4.0
296,7,0,4.0
296,8,0,4.666666666666667
296,9,0,5.25
296,10,0,5.8
296,11,0,6.166666666666667
296,12,0,6.428571428571429
296,13,0,6.428571428571429
296,14,0,7.222222222222222
296,15,0,7.222222222222222
296,16,0,7.222222222222222
296,17,0,8.090909090909092
296,18,0,8.090909090909092
296,19,0,8.090909090909092
296,20,0,8.583333333333334
296,21,0,9.153846153846153
296,22,0,9.571428571428571
296,23,0,9.571428571428571
296,24,0,9.066666666666666
296,25,0,9.75
296,26,1,9.833333333333334
296,27,2,9.833333333333334
296,28,1,9.473684210526315
296,29,3,10.15
296,30,4,10.454545454545455
296,31,4,10.454545454545455
296,32,3,10.26086956521739
296,33,4,11.23076923076923
296,34,5,11.23076923076923
297,0,0,0
297,1,0,0
297,2,0,0
297,3,0,3.0
297,4,0,3.0
297,5,0,3.6666666666666665
297,6,0,3.6666666666666665
297,7,0,3.6666666666666665
297,8,0,4.5
297,9,0,5.2
297,10,0,5.2
297,11,0,5.666666666666667
297,12,0,6.285714285714286
297,13,0,6.285714285714286
297,14,0,6.875
297,15,0,7.444444444444445
297,16,0,7.9
297,17,0,7.9
297,18,0,8.454545454545455
297,19,0,9.0
297,20,0,9.384615384615385
297,21,0,9.384615384615385
297,22,0,9.785714285714286
297,23,0,10.2
297,24,0,10.2
297,25,0,10.6875
297,26,0,11.176470588235293
297,27,0,11.176470588235293
297,28,0,11.666666666666666
297,29,0,12.157894736842104
297,30,0,12.65
297,31,0,12.142857142857142
297,32,0,12.590909090909092
297,33,0,12.590909090909092
297,34,0,13.08695652173913
298,0,0,0
298,1,0,0
298,2,0,0
298,3,0,3.0
298,4,0,3.0
298,5,0,3.0
298,6,0,3.0
298,7,0,4.0
298,8,0,4.5
298,9,0,4.5
298,10,0,5.0
298,11,0,5.833333333333333
298,12,0,5.833333333333333
298,13,0,7.0
298,14,0,7.0
298,15,0,7.666666666666667
298,16,0,8.1
298,17,0,8.1
298,18,0,9.083333333333334
298,19,0,9.083333333333334
298,20,0,9.083333333333334
298,21,0,9.615384615384615
298,22,0,10.142857142857142
298,23,0,10.142857142857142
298,24,0,10.733333333333333
298,25,0,11.3125
298,26,1,10.764705882352942
298,27,1,10.842105263157896
298,28,2,11.4
298,29,3,11.590909090909092
298,30,4,11.590909090909092
298,31,3,11.304347826086957
298,32,3,12.44
298,33,2,12.192307692307692
298,34,3,12.74074074074074
299,0,0,0
299,1,0,0
299,2,0,2.0
299,3,0,2.0
299,4,0,2.0
299,5,0,3.0
299,6,0,3.6666666666666665
299,7,0,3.6666666666666665
299,8,0,3.6666666666666665
299,9,0,5.4
299,10,0,5.4
299,11,0,5.4
299,12,0,5.4
299,13,0,6.857142857142857
299,14,0,6.857142857142857
299,15,0,6.857142857142857
299,16,0,6.857142857142857
299,17,0,8.444444444444445
299,18,0,8.444444444444445
299,19,0,8.9
299,20,0,8.9
299,21,0,9.916666666666666
299,22,0,9.916666666666666
299,23,0,9.916666666666666
299,24,0,10.461538461538462
299,25,0,11.142857142857142
299,26,0,11.142857142857142
299,27,0,11.666666666666666
299,28,0,11.0625
299,29,0,12.277777777777779
299,30,0,11.789473684210526
299,31,0,11.789473684210526
299,32,0,11.789473684210526
299,33,0,12.952380952380953
299,34,0,12.454545454545455
300,0,0,0
300,1,0,0
300,2,0,2.0
300,3,0,2.0
300,4,0,3.0
300,5,0,3.0
300,6,0,3.0
300,7,0,3.0
300,8,0,3.8
300,9,0,3.8
300,10,0,3.8
300,11,0,4.833333333333333
300,12,0,4.857142857142857
300,13,0,4.857142857142857
300,14,0,4.5
300,15,0,5.444444444444445
300,16,0,5.444444444444445
300,17,0,5.444444444444445
300,18,0,6.2727272727272725
300,19,0,6.2727272727272725
300,20,0,6.2727272727272725
300,21,0,6.2727272727272725
300,22,0,7.384615384615385
300,23,0,7.384615384615385
300,24,0,7.384615384615385
300,25,0,8.4
300,26,0,8.4
300,27,1,8.764705882352942
300,28,1,8.944444444444445
300,29,1,8.631578947368421
300,30,1,8.631578947368421
300,31,0,9.5
300,32,0,9.5
300,33,0,9.304347826086957
300,34,0,10.041666666666666
301,0,0,0
301,1,0,0
301,2,0,0
301,3,0,3.0
301,4,0,3.0
301,5,0,3.0
301,6,0,4.25
301,7,0,4.25
301,8,0,4.8
301,9,0,4.8
301,10,0,6.0
301,11,0,6.0
301,12,0,6.0
301,13,0,6.625
301,14,0,7.111111111111111
301,15,0,7.111111111111111
301,16,0,8.181818181818182
301,17,0,8.181818181818182
301,18,0,7.666666666666667
301,19,1,8.714285714285714
301,20,0,8.333333333333334
301,21,0,8.333333333333334
301,22,0,9.055555555555555
301,23,0,9.055555555555555
301,24,0,9.526315789473685
301,25,0,10.05
301,26,1,9.666666666666666
301,27,2,9.826086956521738
301,28,4,10.208333333333334
301,29,5,10.0
301,30,6,10.185185185185185
301,31,6,10.678571428571429
301,32,6,10.517241379310345
301,33,6,10.866666666666667
301,34,7,10.741935483870968
302,0,0,0
302,1,0,0
302,2,0,0
302,3,0,0
302,4,0,4.0
302,5,0,4.0
302,6,0,4.0
302,7,0,4.666666666666667
302,8,0,5.25
302,9,0,5.25
302,10,0,5.8
302,11,0,6.333333333333333
302,12,0,6.714285714285714
302,13,0,7.25
302,14,0,7.25
302,15,0,7.25
302,16,0,7.777777777777778
302,17,0,8.4
302,18,0,8.4
302,19,1,8.4
302,20,0,9.0
302,21,0,9.0
302,22,0,8.642857142857142
302,23,0,9.294117647058824
302,24,0,9.294117647058824
302,25,0,8.88888888888889
302,26,2,9.85
302,27,3,9.523809523809524
302,28,2,9.227272727272727
302,29,3,9.73913043478261
302,30,3,10.08
302,31,3,10.08
302,32,2,10.37037037037037
302,33,2,10.857142857142858
302,34,1,10.758620689655173
303,0,0,0
303,1,0,0
303,2,0,0
303,3,0,2.0
303,4,0,2.5
303,5,0,3.0
303,6,0,3.25
303,7,0,3.25
303,8,0,3.25
303,9,0,4.0
303,10,0,4.666666666666667
303,11,0,4.666666666666667
303,12,0,5.142857142857143
303,13,0,5.75
303,14,0,6.111111111111111
303,15,0,6.111111111111111
303,16,0,6.111111111111111
303,17,0,7.0
303,18,0,7.0
303,19,0,6.5
303,20,0,7.5
303,21,0,7.133333333333334
303,22,0,7.133333333333334
303,23,0,7.588235294117647
303,24,0,7.722222222222222
303,25,0,8.368421052631579
303,26,1,8.238095238095237
303,27,2,7.954545454545454
303,28,2,7.954545454545454
303,29,3,8.416666666666666
303,30,5,8.68
303,31,4,8.538461538461538
303,32,4,8.538461538461538
303,33,4,9.107142857142858
303,34,4,9.413793103448276
304,0,0,0
304,1,0,0
304,2,0,0
304,3,0,2.5
304,4,0,2.5
304,5,0,2.5
304,6,0,3.3333333333333335
304,7,0,4.25
304,8,0,4.25
304,9,0,4.25
304,10,0,5.5
304,11,0,5.5
304,12,0,5.5
304,13,0,5.5
304,14,0,6.5
304,15,0,6.5
304,16,0,6.5
304,17,0,7.111111111111111
304,18,0,7.7
304,19,0,7.7
304,20,0,7.7
304,21,0,8.916666666666666
304,22,0,8.916666666666666
304,23,0,9.538461538461538
304,24,0,9.538461538461538
304,25,0,10.533333333333333
304,26,0,10.533333333333333
304,27,0,11.0
304,28,0,11.0
304,29,0,10.944444444444445
304,30,0,11.31578947368421
304,31,0,10.85
304,32,0,10.380952380952381
304,33,1,10.909090909090908
304,34,2,11.0
305,0,0,0
305,1,0,0
305,2,0,0
305,3,0,3.0
305,4,0,3.5
305,5,0,3.5
305,6,0,4.0
305,7,0,4.75
305,8,0,4.75
305,9,0,5.5
305,10,0,5.5
305,11,0,6.0
305,12,0,6.5
305,13,0,6.777777777777778
305,14,0,6.777777777777778
305,15,0,7.3
305,16,0,7.3
305,17,0,8.083333333333334
305,18,0,8.083333333333334
305,19,0,8.615384615384615
305,20,0,8.333333333333334
305,21,0,8.333333333333334
305,22,0,7.875
305,23,0,8.529411764705882
305,24,0,8.833333333333334
305,25,0,8.833333333333334
305,26,0,9.473684210526315
305,27,0,9.8
305,28,0,9.8
305,29,0,9.772727272727273
305,30,0,10.434782608695652
305,31,0,10.083333333333334
305,32,0,10.48
305,33,0,10.48
305,34,0,10.777777777777779
306,0,0,0
306,1,0,0
306,2,0,0
306,3,0,3.0
306,4,0,3.0
306,5,0,3.0
306,6,0,3.6666666666666665
306,7,0,4.5
306,8,0,4.5
306,9,0,4.5
306,10,0,5.4
306,11,0,5.666666666666667
306,12,0,5.666666666666667
306,13,0,6.428571428571429
306,14,0,6.625
306,15,0,6.625
306,16,0,6.625
306,17,0,7.181818181818182
306,18,0,7.181818181818182
306,19,0,6.75
306,20,0,7.461538461538462
306,21,0,7.533333333333333
306,22,0,7.533333333333333
306,23,0,7.533333333333333
306,24,0,8.705882352941176
306,25,0,8.333333333333334
306,26,0,8.333333333333334
306,27,0,9.5
306,28,1,9.142857142857142
306,29,3,9.142857142857142
306,30,2,8.863636363636363
306,31,3,10.083333333333334
306,32,2,9.88
306,33,3,9.88
306,34,2,10.407407407407407
307,0,0,0
307,1,0,0
307,2,0,0
307,3,0,3.0
307,4,0,3.0
307,5,0,3.6666666666666665
307,6,0,3.6666666666666665
307,7,0,4.25
307,8,0,4.6
307,9,0,4.6
307,10,0,5.333333333333333
307,11,0,5.857142857142857
307,12,0,5.857142857142857
307,13,0,5.857142857142857
307,14,0,7.111111111111111
307,15,1,7.111111111111111
307,16,1,7.181818181818182
307,17,1,7.181818181818182
307,18,0,7.538461538461538
307,19,0,7.928571428571429
307,20,0,7.733333333333333
307,21,0,8.705882352941176
307,22,0,8.705882352941176
307,23,1,9.11111111111111
307,24,0,9.3
307,25,0,9.666666666666666
307,26,1,9.409090909090908
307,27,1,10.0
307,28,0,9.708333333333334
307,29,0,10.16
307,30,0,10.518518518518519
307,31,0,10.518518518518519
307,32,0,11.2
307,33,0,11.2
307,34,0,11.2
308,0,0,0
308,1,0,0
308,2,0,0
308,3,0,0
308,4,0,4.0
308,5,0,3.5
308,6,0,3.5
308,7,0,4.666666666666667
308,8,0,4.666666666666667
308,9,0,5.25
308,10,0,5.25
308,11,0,6.5
308,12,0,6.5
308,13,0,6.5
308,14,0,6.5
308,15,0,7.875
308,16,0,7.875
308,17,0,8.666666666666666
308,18,1,8.666666666666666
308,19,2,8.545454545454545
308,20,0,8.545454545454545
308,21,0,9.428571428571429
308,22,2,9.428571428571429
308,23,1,9.133333333333333
308,24,2,9.875
308,25,0,9.789473684210526
308,26,3,9.789473684210526
308,27,3,9.954545454545455
308,28,3,10.521739130434783
308,29,3,10.25
308,30,3,10.72
308,31,2,11.148148148148149
308,32,2,11.148148148148149
308,33,3,11.071428571428571
308,34,4,12.1
309,0,0,0
309,1,0,0
309,2,0,2.0
309,3,0,2.0
309,4,0,2.5
309,5,0,3.0
309,6,0,3.0
309,7,0,3.0
309,8,0,3.5
309,9,0,4.4
309,10,0,4.4
309,11,0,4.666666666666667
309,12,0,5.285714285714286
309,13,0,5.285714285714286
309,14,0,5.285714285714286
309,15,0,5.875
309,16,0,6.666666666666667
309,17,0,6.666666666666667
309,18,0,6.666666666666667
309,19,0,7.2
309,20,0,7.818181818181818
309,21,0,7.818181818181818
309,22,0,7.923076923076923
309,23,0,7.923076923076923
309,24,0,8.571428571428571
309,25,0,8.625
309,26,0,8.625
309,27,0,8.88888888888889
309,28,0,8.526315789473685
309,29,1,9.571428571428571
309,30,2,9.272727272727273
309,31,2,9.0
309,32,4,10.0
309,33,3,9.76923076923077
309,34,3,9.76923076923077
310,0,0,0
310,1,0,0
310,2,0,2.0
310,3,0,2.0
310,4,0,3.0
310,5,0,3.3333333333333335
310,6,0,3.3333333333333335
310,7,0,3.3333333333333335
310,8,0,4.8
310,9,0,4.8
310,10,0,5.166666666666667
310,11,0,5.166666666666667
310,12,0,5.571428571428571
310,13,0,5.875
310,14,0,5.875
310,15,0,6.444444444444445
310,16,0,6.9
310,17,0,6.9
310,18,0,6.9
310,19,0,7.363636363636363
310,20,0,7.75
310,21,0,7.75
310,22,0,7.75
310,23,0,8.5
310,24,0,8.5
310,25,0,9.0
310,26,1,9.0
310,27,1,8.823529411764707
310,28,1,9.333333333333334
310,29,2,9.052631578947368
310,30,3,9.3
310,31,3,9.095238095238095
310,32,2,9.391304347826088
310,33,1,9.208333333333334
310,34,2,9.56
311,0,0,0
311,1,0,0
311,2,0,0
311,3,0,3.0
311,4,0,3.0
311,5,0,3.0
311,6,0,3.5
311,7,0,3.5
311,8,0,3.5
311,9,0,3.3333333333333335
311,10,0,4.0
311,11,0,4.0
311,12,0,4.0
311,13,0,5.333333333333333
311,14,0,5.333333333333333
311,15,0,5.333333333333333
311,16,0,5.571428571428571
311,17,0,6.125
311,18,0,6.125
311,19,0,6.333333333333333
311,20,0,6.333333333333333
311,21,0,7.1
311,22,0,7.1
311,23,0,7.454545454545454
311,24,0,7.454545454545454
311,25,0,8.166666666666666
311,26,0,8.384615384615385
311,27,0,8.384615384615385
311,28,0,8.384615384615385
311,29,0,9.214285714285714
311,30,0,9.0625
311,31,0,9.0625
311,32,0,9.411764705882353
311,33,0,10.166666666666666
311,34,0,9.736842105263158
312,0,0,0
312,1,0,0
312,2,0,2.0
312,3,0,2.0
312,4,0,2.6666666666666665
312,5,0,2.6666666666666665
312,6,0,3.5
312,7,0,3.8
312,8,0,4.333333333333333
312,9,0,4.333333333333333
312,10,0,4.5
312,11,0,4.888888888888889
312,12,0,4.888888888888889
312,13,0,5.5
312,14,0,5.5
312,15,0,6.090909090909091
312,16,0,6.090909090909091
312,17,0,6.75
312,18,0,6.75
312,19,0,7.384615384615385
312,20,0,7.666666666666667
312,21,0,8.25
312,22,0,7.9411764705882355
312,23,0,8.210526315789474
312,24,0,8.55
312,25,0,8.818181818181818
312,26,0,8.521739130434783
312,27,1,8.875
312,28,0,8.64
312,29,1,9.592592592592593
312,30,1,9.392857142857142
312,31,2,9.392857142857142
312,32,1,9.566666666666666
312,33,1,10.096774193548388
312,34,0,9.9375
313,0,0,0
313,1,0,0
313,2,0,0
313,3,0,0
313,4,0,4.0
313,5,0,4.0
313,6,0,4.0
313,7,0,4.0
313,8,0,5.75
313,9,0,5.75
313,10,0,5.75
313,11,0,5.75
313,12,0,7.0
313,13,0,7.0
313,14,0,7.0
313,15,0,7.714285714285714
313,16,0,8.5
313,17,0,8.5
313,18,0,8.5
313,19,0,9.11111111111111
313,20,0,9.9
313,21,0,9.9
313,22,0,10.181818181818182
313,23,0,10.916666666666666
313,24,0,10.916666666666666
313,25,0,10.916666666666666
313,26,0,11.153846153846153
313,27,0,11.857142857142858
313,28,1,11.2
313,29,2,11.2
313,30,1,10.941176470588236
313,31,1,11.722222222222221
313,32,0,11.368421052631579
313,33,0,12.1
313,34,0,12.090909090909092
314,0,0,0
314,1,0,0
314,2,0,2.0
314,3,0,2.5
314,4,0,2.5
314,5,0,3.3333333333333335
314,6,0,3.3333333333333335
314,7,0,3.75
314,8,0,3.75
314,9,0,4.4
314,10,0,4.833333333333333
314,11,0,5.428571428571429
314,12,0,5.428571428571429
314,13,0,6.444444444444445
314,14,0,6.444444444444445
314,15,0,7.0
314,16,0,7.0
314,17,0,7.545454545454546
314,18,0,7.545454545454546
314,19,0,8.615384615384615
314,20,0,8.615384615384615
314,21,0,8.615384615384615
314,22,0,9.214285714285714
314,23,0,9.8
314,24,0,9.8
314,25,0,9.8
314,26,0,10.941176470588236
314,27,0,10.444444444444445
314,28,1,10.444444444444445
314,29,2,10.0
314,30,2,11.142857142857142
314,31,1,10.818181818181818
314,32,1,10.818181818181818
314,33,1,11.125
314,34,1,11.72
315,0,0,0
315,1,0,0
315,2,0,2.0
315,3,0,2.0
315,4,0,3.0
315,5,0,3.3333333333333335
315,6,0,4.0
315,7,0,4.0
315,8,0,5.0
315,9,0,5.0
315,10,0,5.0
315,11,0,6.125
315,12,0,6.125
315,13,0,6.666666666666667
315,14,0,6.666666666666667
315,15,0,7.3
315,16,0,7.3
315,17,0,7.909090909090909
315,18,0,8.076923076923077
315,19,0,8.076923076923077
315,20,0,8.076923076923077
315,21,1,8.8125
315,22,0,8.411764705882353
315,23,0,8.68421052631579
315,24,0,9.2
315,25,0,8.904761904761905
315,26,1,9.08695652173913
315,27,4,9.625
315,28,5,9.807692307692308
315,29,5,9.807692307692308
315,30,5,9.62962962962963
315,31,7,10.178571428571429
315,32,6,10.533333333333333
315,33,8,10.533333333333333
315,34,8,10.451612903225806
316,0,0,0
316,1,0,0
316,2,0,0
316,3,0,2.0
316,4,0,2.0
316,5,0,2.0
316,6,0,2.3333333333333335
316,7,0,3.25
316,8,0,3.25
316,9,0,3.6
316,10,0,3.6
316,11,0,4.166666666666667
316,12,0,4.166666666666667
316,13,0,4.857142857142857
316,14,0,4.857142857142857
316,15,0,5.5
316,16,0,6.111111111111111
316,17,0,6.6
316,18,0,6.6
316,19,0,7.090909090909091
316,20,0,7.5
316,21,0,7.923076923076923
316,22,0,8.285714285714286
316,23,0,8.285714285714286
316,24,0,8.733333333333333
316,25,0,8.733333333333333
316,26,1,9.1875
316,27,0,9.166666666666666
316,28,0,8.842105263157896
316,29,2,9.35
316,30,1,9.454545454545455
316,31,1,9.454545454545455
316,32,1,9.583333333333334
316,33,1,10.08
316,34,0,9.923076923076923
317,0,0,0
317,1,0,0
317,2,0,0
317,3,0,0
317,4,0,3.5
317,5,0,3.5
317,6,0,3.5
317,7,0,4.666666666666667
317,8,0,4.75
317,9,0,5.2
317,10,0,5.2
317,11,0,5.2
317,12,0,5.833333333333333
317,13,0,6.428571428571429
317,14,0,6.428571428571429
317,15,0,7.0
317,16,0,7.444444444444445
317,17,0,7.9
317,18,0,7.9
317,19,0,8.363636363636363
317,20,0,8.363636363636363
317,21,0,8.916666666666666
317,22,0,8.916666666666666
317,23,0,10.0
317,24,0,10.0
317,25,0,10.0
317,26,0,10.6
317,27,0,11.125
317,28,0,11.125
317,29,0,11.764705882352942
317,30,0,11.68421052631579
317,31,0,11.68421052631579
317,32,0,11.857142857142858
317,33,2,11.857142857142858
317,34,2,12.0
318,0,0,0
318,1,0,0
318,2,0,0
318,3,0,3.0
318,4,0,3.5
318,5,0,3.5
318,6,0,4.0
318,7,0,4.5
318,8,0,4.5
318,9,0,4.5
318,10,0,5.4
318,11,0,6.166666666666667
318,12,0,6.714285714285714
318,13,0,6.714285714285714
318,14,0,7.375
318,15,0,7.888888888888889
318,16,0,7.888888888888889
318,17,0,8.5
318,18,0,8.5
318,19,0,9.181818181818182
318,20,0,8.583333333333334
318,21,0,9.307692307692308
318,22,0,8.857142857142858
318,23,0,9.647058823529411
318,24,0,9.647058823529411
318,25,0,9.842105263157896
318,26,0,10.4
318,27,1,10.0
318,28,2,10.217391304347826
318,29,5,10.217391304347826
318,30,5,10.56
318,31,7,10.56
318,32,6,10.962962962962964
318,33,6,10.962962962962964
318,34,6,11.413793103448276
319,0,0,0
319,1,0,0
319,2,0,2.0
319,3,0,2.0
319,4,0,3.0
319,5,0,3.0
319,6,0,4.25
319,7,0,4.25
319,8,0,4.25
319,9,0,5.0
319,10,0,5.666666666666667
319,11,0,5.666666666666667
319,12,0,6.875
319,13,0,6.875
319,14,0,6.875
319,15,0,7.222222222222222
319,16,0,7.9
319,17,0,8.181818181818182
319,18,0,8.181818181818182
319,19,0,8.583333333333334
319,20,0,9.153846153846153
319,21,0,9.153846153846153
319,22,0,9.153846153846153
319,23,0,9.571428571428571
319,24,0,10.266666666666667
319,25,0,10.266666666666667
319,26,0,10.411764705882353
319,27,1,10.88888888888889
319,28,1,10.473684210526315
319,29,0,10.714285714285714
319,30,2,11.181818181818182
319,31,1,10.869565217391305
319,32,3,11.291666666666666
319,33,2,11.5
319,34,2,11.642857142857142
320,0,0,0
320,1,0,0
320,2,0,0
320,3,0,3.0
320,4,0,3.0
320,5,0,2.5
320,6,0,2.5
320,7,0,3.0
320,8,0,3.0
320,9,0,3.0
320,10,0,3.8
320,11,0,4.166666666666667
320,12,0,4.714285714285714
320,13,0,4.714285714285714
320,14,0,5.555555555555555
320,15,0,5.555555555555555
320,16,0,5.555555555555555
320,17,0,6.545454545454546
320,18,0,6.545454545454546
320,19,0,6.545454545454546
320,20,0,7.166666666666667
320,21,0,7.6923076923076925
320,22,0,7.6923076923076925
320,23,0,8.214285714285714
320,24,0,8.4375
320,25,0,8.941176470588236
320,26,0,8.941176470588236
320,27,2,8.941176470588236
320,28,1,9.210526315789474
320,29,1,9.7
320,30,1,9.428571428571429
320,31,2,9.428571428571429
320,32,2,9.956521739130435
320,33,3,10.5
320,34,3,10.28
321,0,0,0
321,1,0,0
321,2,0,0
321,3,0,0
321,4,0,4.0
321,5,0,4.0
321,6,0,4.0
321,7,0,5.25
321,8,0,5.25
321,9,0,5.25
321,10,0,6.333333333333333
321,11,0,6.333333333333333
321,12,0,6.333333333333333
321,13,0,7.5
321,14,0,7.5
321,15,0,7.666666666666667
321,16,0,7.666666666666667
321,17,0,8.3
321,18,0,8.3
321,19,0,8.727272727272727
321,20,0,9.333333333333334
321,21,0,9.692307692307692
321,22,0,9.692307692307692
321,23,0,10.214285714285714
321,24,0,10.6
321,25,0,11.125
321,26,0,11.470588235294118
321,27,0,11.88888888888889
321,28,0,11.31578947368421
321,29,1,11.31578947368421
321,30,0,11.681818181818182
321,31,0,11.681818181818182
321,32,0,11.791666666666666
321,33,0,12.2
321,34,0,12.615384615384615
322,0,0,0
322,1,0,0
322,2,0,0
322,3,0,3.0
322,4,0,3.5
322,5,0,3.5
322,6,0,4.0
322,7,0,4.5
322,8,0,4.5
322,9,0,4.5
322,10,0,6.0
322,11,0,6.0
322,12,0,6.428571428571429
322,13,0,7.0
322,14,0,7.0
322,15,0,7.555555555555555
322,16,0,8.1
322,17,0,8.636363636363637
322,18,0,9.0
322,19,0,9.0
322,20,0,9.0
322,21,0,9.615384615384615
322,22,0,9.6
322,23,0,9.6
322,24,0,9.6
322,25,0,10.25
322,26,0,10.764705882352942
322,27,0,10.68421052631579
322,28,0,10.68421052631579
322,29,1,10.25
322,30,2,11.318181818181818
322,31,1,10.956521739130435
322,32,3,10.956521739130435
322,33,2,11.73076923076923
322,34,3,11.73076923076923
323,0,0,0
323,1,0,0
323,2,0,0
323,3,0,0
323,4,0,3.5
323,5,0,3.5
323,6,0,3.5
323,7,0,5.0
323,8,0,5.0
323,9,0,5.2
323,10,0,5.2
323,11,0,5.833333333333333
323,12,0,6.285714285714286
323,13,0,6.285714285714286
323,14,0,6.285714285714286
323,15,0,7.444444444444445
323,16,0,7.444444444444445
323,17,0,7.444444444444445
323,18,0,8.454545454545455
323,19,0,8.454545454545455
323,20,0,8.454545454545455
323,21,0,9.0
323,22,0,9.615384615384615
323,23,0,10.142857142857142
323,24,0,9.6
323,25,0,10.588235294117647
323,26,0,10.055555555555555
323,27,0,10.055555555555555
323,28,1,10.571428571428571
323,29,1,10.571428571428571
323,30,0,10.227272727272727
323,31,1,10.695652173913043
323,32,0,10.88
323,33,1,10.88
323,34,1,10.615384615384615
324,0,0,0
324,1,0,0
324,2,0,2.0
324,3,0,2.0
324,4,0,2.3333333333333335
324,5,0,2.3333333333333335
324,6,0,3.0
324,7,0,3.4
324,8,0,3.4
324,9,0,3.8333333333333335
324,10,0,4.571428571428571
324,11,0,4.571428571428571
324,12,0,5.555555555555555
324,13,0,5.555555555555555
324,14,0,5.555555555555555
324,15,0,6.2
324,16,0,6.7272727272727275
324,17,0,7.25
324,18,0,7.6923076923076925
324,19,0,8.142857142857142
324,20,0,8.142857142857142
324,21,0,8.6
324,22,0,8.6
324,23,0,9.125
324,24,0,9.588235294117647
324,25,0,10.0
324,26,0,10.421052631578947
324,27,0,10.421052631578947
324,28,0,10.85
324,29,0,11.333333333333334
324,30,0,11.772727272727273
324,31,1,11.347826086956522
324,32,2,11.708333333333334
324,33,1,11.846153846153847
324,34,1,11.846153846153847
325,0,0,0
325,1,0,0
325,2,0,0
325,3,0,0
325,4,0,4.0
325,5,0,4.0
325,6,0,4.0
325,7,0,4.666666666666667
325,8,0,5.25
325,9,0,5.25
325,10,0,5.25
325,11,0,6.2
325,12,0,6.833333333333333
325,13,0,6.833333333333333
325,14,0,6.833333333333333
325,15,0,7.714285714285714
325,16,0,8.5
325,17,0,8.5
325,18,0,9.333333333333334
325,19,0,9.9
325,20,0,10.454545454545455
325,21,0,10.454545454545455
325,22,0,11.0
325,23,1,10.307692307692308
325,24,3,11.333333333333334
325,25,2,10.8125
325,26,2,11.352941176470589
325,27,2,11.526315789473685
325,28,3,11.526315789473685
325,29,4,11.714285714285714
325,30,5,11.714285714285714
325,31,4,12.08695652173913
325,32,5,12.583333333333334
325,33,4,12.884615384615385
325,34,5,12.884615384615385
326,0,0,0
326,1,0,0
326,2,0,0
326,3,0,3.0
326,4,0,3.0
326,5,0,2.6666666666666665
326,6,0,3.5
326,7,0,3.6
326,8,0,3.8333333333333335
326,9,0,3.8333333333333335
326,10,0,4.0
326,11,0,4.5
326,12,0,4.5
326,13,0,4.666666666666667
326,14,0,5.2
326,15,0,5.2
326,16,0,5.2
326,17,0,6.166666666666667
326,18,0,6.166666666666667
326,19,0,6.166666666666667
326,20,0,7.142857142857143
326,21,0,7.142857142857143
326,22,0,7.142857142857143
326,23,0,7.866666666666666
326,24,0,8.3125
326,25,0,8.941176470588236
326,26,0,8.941176470588236
326,27,0,8.941176470588236
326,28,0,9.444444444444445
326,29,0,9.75
326,30,0,9.75
326,31,0,9.75
326,32,0,10.909090909090908
326,33,0,10.521739130434783
326,34,1,10.521739130434783
327,0,0,0
327,1,0,0
327,2,0,2.0
327,3,0,2.0
327,4,0,2.6666666666666665
327,5,0,3.0
327,6,0,3.0
327,7,0,3.0
327,8,0,4.333333333333333
327,9,0,4.333333333333333
327,10,0,4.857142857142857
327,11,0,4.857142857142857
327,12,0,5.5
327,13,0,6.0
327,14,0,6.0
327,15,0,6.0
327,16,0,6.6
327,17,0,7.2727272727272725
327,18,0,7.2727272727272725
327,19,0,7.2727272727272725
327,20,0,8.615384615384615
327,21,0,8.615384615384615
327,22,0,8.615384615384615
327,23,0,9.285714285714286
327,24,0,9.933333333333334
327,25,0,9.933333333333334
327,26,0,10.375
327,27,0,11.0
327,28,0,10.5
327,29,1,11.105263157894736
327,30,2,11.142857142857142
327,31,2,11.142857142857142
327,32,1,11.391304347826088
327,33,2,11.083333333333334
327,34,4,11.6
328,0,0,0
328,1,0,0
328,2,0,0
328,3,0,0
328,4,0,3.0
328,5,0,3.0
328,6,0,3.0
328,7,0,4.6
328,8,0,4.6
328,9,0,4.6
328,10,0,5.333333333333333
328,11,0,6.0
328,12,0,6.0
328,13,0,6.375
328,14,0,6.555555555555555
328,15,0,6.555555555555555
328,16,0,7.0
328,17,0,7.363636363636363
328,18,0,7.363636363636363
328,19,0,7.363636363636363
328,20,0,8.0
328,21,0,8.461538461538462
328,22,0,8.461538461538462
328,23,0,9.071428571428571
328,24,0,9.466666666666667
328,25,0,9.466666666666667
328,26,0,9.466666666666667
328,27,0,10.1875
328,28,0,10.647058823529411
328,29,0,10.647058823529411
328,30,1,11.333333333333334
328,31,0,10.842105263157896
328,32,0,12.0
328,33,0,11.636363636363637
328,34,0,11.636363636363637
329,0,0,0
329,1,0,0
329,2,0,0
329,3,0,0
329,4,0,4.0
329,5,0,4.0
329,6,0,4.0
329,7,0,5.0
329,8,0,5.0
329,9,0,5.5
329,10,0,5.5
329,11,0,6.333333333333333
329,12,0,6.333333333333333
329,13,0,6.333333333333333
329,14,0,7.0
329,15,0,7.625
329,16,0,7.625
329,17,0,7.625
329,18,0,8.9
329,19,0,8.9
329,20,0,9.545454545454545
329,21,0,10.166666666666666
329,22,0,9.538461538461538
329,23,0,10.6
329,24,0,10.6
329,25,0,10.6
329,26,1,11.125
329,27,0,11.11111111111111
329,28,0,11.631578947368421
329,29,1,11.25
329,30,1,11.761904761904763
329,31,0,11.363636363636363
329,32,2,11.826086956521738
329,33,3,11.541666666666666
329,34,3,12.12
330,0,0,0
330,1,0,0
330,2,0,0
330,3,0,2.0
330,4,0,2.0
330,5,0,3.3333333333333335
330,6,0,3.3333333333333335
330,7,0,3.75
330,8,0,4.2
330,9,0,4.2
330,10,0,4.5
330,11,0,5.142857142857143
330,12,0,5.142857142857143
330,13,0,5.142857142857143
330,14,0,5.75
330,15,0,6.333333333333333
330,16,0,6.333333333333333
330,17,0,6.333333333333333
330,18,0,7.636363636363637
330,19,0,7.636363636363637
330,20,0,8.25
330,21,0,8.25
330,22,0,8.846153846153847
330,23,0,9.428571428571429
330,24,0,9.428571428571429
330,25,0,10.5625
330,26,0,10.5625
330,27,0,11.117647058823529
330,28,0,11.117647058823529
330,29,0,12.105263157894736
330,30,0,12.105263157894736
330,31,0,12.6
330,32,0,12.5
330,33,0,12.956521739130435
330,34,0,12.956521739130435
331,0,0,0
331,1,0,0
331,2,0,0
331,3,0,3.0
331,4,0,3.0
331,5,0,3.0
331,6,0,3.0
331,7,0,4.5
331,8,0,4.5
331,9,0,4.5
331,10,0,4.5
331,11,0,5.666666666666667
331,12,0,5.666666666666667
331,13,0,6.142857142857143
331,14,0,6.142857142857143
331,15,0,6.5
331,16,0,6.5
331,17,0,7.111111111111111
331,18,0,7.6
331,19,0,7.6
331,20,0,7.6
331,21,0,8.363636363636363
331,22,0,8.666666666666666
331,23,0,8.666666666666666
331,24,0,9.384615384615385
331,25,0,9.384615384615385
331,26,0,9.785714285714286
331,27,1,9.266666666666667
331,28,1,10.0
331,29,1,9.588235294117647
331,30,1,9.944444444444445
331,31,0,9.68421052631579
331,32,1,10.35
331,33,0,10.095238095238095
331,34,2,10.363636363636363
332,0,0,0
332,1,0,0
332,2,0,2.0
332,3,0,2.5
332,4,0,2.5
332,5,0,3.25
332,6,0,2.8
332,7,0,3.3333333333333335
332,8,0,3.7142857142857144
332,9,0,3.5
332,10,0,3.5
332,11,0,4.111111111111111
332,12,0,4.7
332,13,0,4.7
332,14,0,4.7
332,15,0,5.454545454545454
332,16,0,6.083333333333333
332,17,0,6.083333333333333
332,18,0,6.769230769230769
332,19,0,7.357142857142857
332,20,0,7.357142857142857
332,21,0,7.933333333333334
332,22,0,7.933333333333334
332,23,0,8.5625
332,24,0,8.5625
332,25,0,9.722222222222221
332,26,0,9.263157894736842
332,27,2,10.285714285714286
332,28,2,9.909090909090908
332,29,2,10.083333333333334
332,30,4,9.84
332,31,4,10.814814814814815
332,32,3,10.607142857142858
332,33,3,10.607142857142858
332,34,2,10.966666666666667
333,0,0,0
333,1,0,0
333,2,0,0
333,3,0,0
333,4,0,3.5
333,5,0,3.5
333,6,0,4.0
333,7,0,4.25
333,8,0,4.25
333,9,0,4.8
333,10,0,5.166666666666667
333,11,0,5.166666666666667
333,12,0,5.166666666666667
333,13,0,5.857142857142857
333,14,0,6.5
333,15,0,6.5
333,16,0,7.0
333,17,0,7.6
333,18,0,7.6
333,19,0,8.75
333,20,0,8.23076923076923
333,21,0,8.23076923076923
333,22,0,9.2
333,23,0,9.2
333,24,0,9.2
333,25,0,9.833333333333334
333,26,0,9.833333333333334
333,27,0,9.85
333,28,0,10.428571428571429
333,29,0,10.045454545454545
333,30,0,10.68
333,31,0,10.68
333,32,0,10.68
333,33,1,11.26923076923077
333,34,1,11.25
334,0,0,0
334,1,0,0
334,2,0,0
334,3,0,0
334,4,0,4.0
334,5,0,4.0
334,6,0,4.0
334,7,0,4.333333333333333
334,8,0,4.333333333333333
334,9,0,4.333333333333333
334,10,0,5.6
334,11,0,5.6
334,12,0,6.333333333333333
334,13,0,6.333333333333333
334,14,0,6.571428571428571
334,15,0,6.571428571428571
334,16,0,7.375
334,17,0,7.375
334,18,0,8.3
334,19,0,8.3
334,20,0,8.3
334,21,0,9.0
334,22,0,9.5
334,23,0,10.0
334,24,0,10.428571428571429
334,25,0,10.933333333333334
334,26,0,10.933333333333334
334,27,0,11.4375
334,28,0,11.823529411764707
334,29,0,11.823529411764707
334,30,1,11.68421052631579
334,31,1,11.68421052631579
334,32,2,11.761904761904763
334,33,2,11.761904761904763
334,34,1,12.416666666666666
335,0,0,0
335,1,0,0
335,2,0,0
335,3,0,2.0
335,4,0,2.0
335,5,0,2.0
335,6,0,2.6666666666666665
335,7,0,2.6666666666666665
335,8,0,3.5
335,9,0,3.5
335,10,0,4.0
335,11,0,4.0
335,12,0,5.142857142857143
335,13,0,5.142857142857143
335,14,0,5.142857142857143
335,15,0,5.875
335,16,0,6.333333333333333
335,17,0,6.333333333333333
335,18,0,6.333333333333333
335,19,0,7.7272727272727275
335,20,0,7.7272727272727275
335,21,0,8.166666666666666
335,22,0,8.166666666666666
335,23,0,8.923076923076923
335,24,0,9.357142857142858
335,25,0,9.357142857142858
335,26,0,9.357142857142858
335,27,0,10.066666666666666
335,28,0,10.625
335,29,0,11.176470588235293
335,30,0,11.157894736842104
335,31,0,11.7
335,32,0,12.19047619047619
335,33,1,12.681818181818182
335,34,1,12.217391304347826
336,0,0,0
336,1,0,0
336,2,0,0
336,3,0,0
336,4,0,4.0
336,5,0,4.0
336,6,0,4.0
336,7,0,4.0
336,8,0,5.0
336,9,0,5.5
336,10,0,6.2
336,11,0,6.2
336,12,0,6.833333333333333
336,13,0,7.428571428571429
336,14,0,7.428571428571429
336,15,0,7.428571428571429
336,16,0,8.222222222222221
336,17,0,8.222222222222221
336,18,0,8.222222222222221
336,19,0,8.222222222222221
336,20,0,9.363636363636363
336,21,0,9.363636363636363
336,22,0,9.363636363636363
336,23,0,9.916666666666666
336,24,0,10.615384615384615
336,25,0,10.615384615384615
336,26,0,10.615384615384615
336,27,0,11.214285714285714
336,28,0,11.666666666666666
336,29,0,12.25
336,30,0,12.25
336,31,0,12.764705882352942
336,32,0,12.764705882352942
336,33,0,13.277777777777779
336,34,0,13.277777777777779
337,0,0,0
337,1,0,0
337,2,0,0
337,3,0,3.0
337,4,0,3.5
337,5,0,3.5
337,6,0,3.5
337,7,0,4.666666666666667
337,8,0,5.25
337,9,0,5.25
337,10,0,6.166666666666667
337,11,0,6.166666666666667
337,12,0,6.714285714285714
337,13,0,7.0
337,14,0,7.333333333333333
337,15,0,7.7
337,16,0,8.0
337,17,0,8.0
337,18,0,8.416666666666666
337,19,0,8.416666666666666
337,20,0,8.923076923076923
337,21,0,9.357142857142858
337,22,0,9.6
337,23,0,9.6
337,24,0,9.6
337,25,0,10.125
337,26,0,10.529411764705882
337,27,0,10.055555555555555
337,28,1,10.055555555555555
337,29,0,10.15
337,30,2,10.571428571428571
337,31,1,10.272727272727273
337,32,2,10.272727272727273
337,33,1,10.541666666666666
337,34,2,11.0
338,0,0,0
338,1,0,0
338,2,0,0
338,3,0,3.0
338,4,0,3.5
338,5,0,3.5
338,6,0,3.5
338,7,0,5.0
338,8,0,5.0
338,9,0,5.4
338,10,0,6.0
338,11,0,6.0
338,12,0,7.0
338,13,0,7.0
338,14,0,7.0
338,15,0,7.666666666666667
338,16,0,8.2
338,17,0,8.727272727272727
338,18,0,8.727272727272727
338,19,0,9.083333333333334
338,20,0,9.083333333333334
338,21,0,9.76923076923077
338,22,0,9.76923076923077
338,23,0,10.285714285714286
338,24,0,9.733333333333333
338,25,0,10.4375
338,26,0,10.941176470588236
338,27,0,11.0
338,28,0,11.45
338,29,0,11.45
338,30,0,12.363636363636363
338,31,0,12.363636363636363
338,32,0,12.695652173913043
338,33,0,12.695652173913043
338,34,1,12.84
339,0,0,0
339,1,0,0
339,2,0,0
339,3,0,3.0
339,4,0,3.5
339,5,0,3.5
339,6,0,4.0
339,7,0,4.5
339,8,0,4.5
339,9,0,4.5
339,10,0,5.4
339,11,0,5.833333333333333
339,12,0,5.833333333333333
339,13,0,5.833333333333333
339,14,0,6.875
339,15,0,6.875
339,16,0,7.333333333333333
339,17,0,7.9
339,18,0,7.9
339,19,0,7.9
339,20,0,9.0
339,21,0,9.0
339,22,0,9.538461538461538
339,23,0,9.538461538461538
339,24,0,10.0
339,25,0,10.0
339,26,0,10.6
339,27,0,10.0625
339,28,1,10.588235294117647
339,29,0,10.789473684210526
339,30,1,10.789473684210526
339,31,0,11.409090909090908
339,32,0,11.409090909090908
339,33,0,11.08695652173913
339,34,0,12.08
340,0,0,0
340,1,0,0
340,2,0,0
340,3,0,3.0
340,4,0,3.5
340,5,0,3.5
340,6,0,3.5
340,7,0,4.666666666666667
340,8,0,5.5
340,9,0,5.5
340,10,0,6.666666666666667
340,11,0,6.666666666666667
340,12,0,6.666666666666667
340,13,0,8.0
340,14,0,8.0
340,15,0,8.0
340,16,0,8.0
340,17,0,9.2
340,18,0,9.2
340,19,0,9.2
340,20,0,9.2
340,21,0,10.583333333333334
340,22,0,10.583333333333334
340,23,0,10.583333333333334
340,24,0,10.571428571428571
340,25,0,11.2
340,26,0,11.2
340,27,0,11.8125
340,28,1,12.352941176470589
340,29,1,11.777777777777779
340,30,2,12.421052631578947
340,31,2,12.571428571428571
340,32,1,12.181818181818182
340,33,2,12.181818181818182
340,34,2,12.5
341,0,0,0
341,1,0,0
341,2,0,0
341,3,0,2.5
341,4,0,2.5
341,5,0,2.5
341,6,0,3.6666666666666665
341,7,0,4.25
341,8,0,4.25
341,9,0,5.0
341,10,0,5.5
341,11,0,5.5
341,12,0,6.75
341,13,0,6.75
341,14,0,6.75
341,15,0,7.444444444444445
341,16,0,7.8
341,17,0,7.8
341,18,0,8.454545454545455
341,19,0,8.454545454545455
341,20,0,9.0
341,21,0,9.692307692307692
341,22,0,9.692307692307692
341,23,0,9.692307692307692
341,24,0,10.285714285714286
341,25,0,11.0
341,26,0,11.5
341,27,0,10.941176470588236
341,28,3,11.61111111111111
341,29,4,11.157894736842104
341,30,5,11.75
341,31,5,11.380952380952381
341,32,5,12.045454545454545
341,33,5,12.333333333333334
341,34,5,12.92
342,0,0,0
342,1,0,0
342,2,0,2.0
342,3,0,2.5
342,4,0,3.0
342,5,0,3.0
342,6,0,3.25
342,7,0,3.25
342,8,0,3.8333333333333335
342,9,0,3.8333333333333335
342,10,0,4.0
342,11,0,4.5
342,12,0,4.5
342,13,0,4.888888888888889
342,14,0,4.888888888888889
342,15,0,5.7272727272727275
342,16,0,5.7272727272727275
342,17,0,5.7272727272727275
342,18,0,6.083333333333333
342,19,0,6.6923076923076925
342,20,0,6.928571428571429
342,21,0,7.466666666666667
342,22,0,7.6875
342,23,0,7.6875
342,24,0,7.9411764705882355
342,25,0,8.555555555555555
342,26,0,8.555555555555555
342,27,0,8.555555555555555
342,28,0,9.5
342,29,0,9.142857142857142
342,30,0,9.681818181818182
342,31,0,9.391304347826088
342,32,0,9.75
342,33,0,9.75
342,34,0,10.692307692307692
343,0,0,0
343,1,0,0
343,2,0,0
343,3,0,2.5
343,4,0,2.5
343,5,0,2.5
343,6,0,3.3333333333333335
343,7,0,4.0
343,8,0,4.6
343,9,0,4.6
343,10,0,5.0
343,11,0,5.428571428571429
343,12,0,5.428571428571429
343,13,0,6.0
343,14,0,6.444444444444445
343,15,0,6.9
343,16,0,6.9
343,17,0,6.916666666666667
343,18,0,6.916666666666667
343,19,0,7.857142857142857
343,20,0,7.857142857142857
343,21,0,7.857142857142857
343,22,0,8.333333333333334
343,23,0,8.875
343,24,0,8.875
343,25,0,8.875
343,26,0,9.0
343,27,2,9.578947368421053
343,28,1,9.2
343,29,3,9.2
343,30,5,9.545454545454545
343,31,5,10.173913043478262
343,32,5,10.48
343,33,5,10.48
343,34,6,10.777777777777779
344,0,0,0
344,1,0,0
344,2,0,0
344,3,0,3.0
344,4,0,3.5
344,5,0,3.5
344,6,0,3.6666666666666665
344,7,0,3.6666666666666665
344,8,0,3.6
344,9,0,3.8333333333333335
344,10,0,3.8333333333333335
344,11,0,4.428571428571429
344,12,0,4.428571428571429
344,13,0,5.0
344,14,0,5.0
344,15,0,5.666666666666667
344,16,0,6.2
344,17,0,6.7272727272727275
344,18,0,6.7272727272727275
344,19,0,7.333333333333333
344,20,0,7.923076923076923
344,21,0,7.923076923076923
344,22,0,8.5
344,23,0,9.0
344,24,0,9.0
344,25,0,9.5625
344,26,0,10.117647058823529
344,27,0,10.666666666666666
344,28,0,10.666666666666666
344,29,0,10.666666666666666
344,30,0,11.157894736842104
344,31,0,11.142857142857142
344,32,0,11.142857142857142
344,33,0,11.681818181818182
344,34,0,11.681818181818182
345,0,0,0
345,1,0,0
345,2,0,0
345,3,0,3.0
345,4,0,3.5
345,5,0,4.0
345,6,0,4.0
345,7,0,4.5
345,8,0,5.2
345,9,0,5.2
345,10,0,5.833333333333333
345,11,0,6.142857142857143
345,12,0,6.142857142857143
345,13,0,6.142857142857143
345,14,0,6.875
345,15,0,7.333333333333333
345,16,0,7.333333333333333
345,17,0,7.333333333333333
345,18,0,8.0
345,19,0,8.636363636363637
345,20,0,8.636363636363637
345,21,0,9.166666666666666
345,22,0,9.76923076923077
345,23,0,9.76923076923077
345,24,0,9.8
345,25,0,10.375
345,26,0,9.882352941176471
345,27,0,10.444444444444445
345,28,1,10.6
345,29,4,11.142857142857142
345,30,5,11.304347826086957
345,31,6,11.304347826086957
345,32,5,11.56
345,33,5,12.115384615384615
345,34,5,11.88888888888889
346,0,0,0
346,1,0,0
346,2,0,0
346,3,0,3.0
346,4,0,3.5
346,5,0,3.5
346,6,0,4.0
346,7,0,4.25
346,8,0,4.25
346,9,0,4.25
346,10,0,5.666666666666667
346,11,0,5.666666666666667
346,12,0,5.666666666666667
346,13,0,6.142857142857143
346,14,0,6.5
346,15,0,6.5
346,16,0,7.0
346,17,0,7.0
346,18,0,7.333333333333333
346,19,0,7.333333333333333
346,20,0,8.285714285714286
346,21,0,8.285714285714286
346,22,0,8.285714285714286
346,23,0,9.25
346,24,0,9.25
346,25,0,9.823529411764707
346,26,0,10.11111111111111
346,27,0,10.11111111111111
346,28,0,10.68421052631579
346,29,0,11.0
346,30,0,11.523809523809524
346,31,0,11.523809523809524
346,32,0,11.523809523809524
346,33,0,12.347826086956522
346,34,0,11.916666666666666
347,0,0,0
347,1,0,0
347,2,0,2.0
347,3,0,2.0
347,4,0,2.6666666666666665
347,5,0,2.6666666666666665
347,6,0,2.6666666666666665
347,7,0,3.0
347,8,0,3.4
347,9,0,3.4
347,10,0,3.4
347,11,0,4.166666666666667
347,12,0,4.714285714285714
347,13,0,4.714285714285714
347,14,0,4.714285714285714
347,15,0,5.5
347,16,0,6.111111111111111
347,17,0,6.111111111111111
347,18,0,6.111111111111111
347,19,0,7.545454545454546
347,20,0,7.545454545454546
347,21,0,7.545454545454546
347,22,0,7.545454545454546
347,23,0,9.076923076923077
347,24,0,8.571428571428571
347,25,0,8.571428571428571
347,26,1,8.2
347,27,1,9.647058823529411
347,28,2,9.277777777777779
347,29,2,9.277777777777779
347,30,3,9.052631578947368
347,31,3,10.238095238095237
347,32,3,10.0
347,33,5,10.0
347,34,6,11.0
348,0,0,0
348,1,0,0
348,2,0,2.0
348,3,0,2.0
348,4,0,2.0
348,5,0,2.0
348,6,0,2.5
348,7,0,2.6
348,8,0,3.0
348,9,0,3.0
348,10,0,3.0
348,11,0,4.0
348,12,0,4.0
348,13,0,4.0
348,14,0,4.0
348,15,0,5.2
348,16,0,5.2
348,17,0,5.2
348,18,0,5.818181818181818
348,19,0,6.5
348,20,0,6.5
348,21,0,7.153846153846154
348,22,0,7.571428571428571
348,23,0,7.571428571428571
348,24,0,7.571428571428571
348,25,0,8.75
348,26,0,8.75
348,27,0,8.352941176470589
348,28,0,8.631578947368421
348,29,0,9.15
348,30,1,9.15
348,31,2,9.956521739130435
348,32,4,9.956521739130435
348,33,4,9.708333333333334
348,34,4,10.2
349,0,0,0
349,1,0,0
349,2,0,0
349,3,0,3.0
349,4,0,3.0
349,5,0,3.0
349,6,0,3.5
349,7,0,4.666666666666667
349,8,0,4.666666666666667
349,9,0,5.0
349,10,0,5.8
349,11,0,6.0
349,12,0,6.0
349,13,0,6.714285714285714
349,14,0,6.714285714285714
349,15,0,7.444444444444445
349,16,0,7.444444444444445
349,17,0,6.9
349,18,0,7.636363636363637
349,19,0,8.0
349,20,0,8.0
349,21,0,8.384615384615385
349,22,0,8.6
349,23,0,8.6
349,24,0,9.3125
349,25,0,9.333333333333334
349,26,0,9.333333333333334
349,27,1,9.0
349,28,0,9.772727272727273
349,29,0,9.772727272727273
349,30,2,9.521739130434783
349,31,4,9.521739130434783
349,32,3,10.461538461538462
349,33,3,10.461538461538462
349,34,4,10.25925925925926
350,0,0,0
350,1,0,0
350,2,0,0
350,3,0,0
350,4,0,3.0
350,5,0,3.0
350,6,0,3.5
350,7,0,3.5
350,8,0,4.0
350,9,0,4.0
350,10,0,4.5
350,11,0,4.5
350,12,0,5.2
350,13,0,5.833333333333333
350,14,0,5.833333333333333
350,15,0,5.833333333333333
350,16,0,6.571428571428571
350,17,0,7.25
350,18,0,7.25
350,19,0,7.25
350,20,0,8.5
350,21,0,8.5
350,22,0,8.909090909090908
350,23,0,8.333333333333334
350,24,0,8.846153846153847
350,25,1,8.428571428571429
350,26,1,9.375
350,27,0,9.0
350,28,0,9.0
350,29,0,9.263157894736842
350,30,0,9.8
350,31,0,9.8
350,32,0,10.238095238095237
350,33,0,10.772727272727273
350,34,0,10.772727272727273
351,0,0,0
351,1,0,0
351,2,0,0
351,3,0,0
351,4,0,3.0
351,5,0,3.5
351,6,0,3.5
351,7,0,4.0
351,8,0,4.0
351,9,0,5.0
351,10,0,5.6
351,11,0,5.6
351,12,0,5.6
351,13,0,6.333333333333333
351,14,0,6.857142857142857
351,15,0,6.857142857142857
351,16,0,6.857142857142857
351,17,0,7.75
351,18,0,8.444444444444445
351,19,0,8.444444444444445
351,20,0,9.1
351,21,0,9.727272727272727
351,22,0,9.727272727272727
351,23,0,9.727272727272727
351,24,0,10.25
351,25,0,10.923076923076923
351,26,2,10.285714285714286
351,27,3,10.25
351,28,4,10.25
351,29,4,10.5
351,30,5,11.052631578947368
351,31,4,10.8
351,32,5,11.333333333333334
351,33,5,11.695652173913043
351,34,6,11.695652173913043
352,0,0,0
352,1,0,0
352,2,0,0
352,3,0,3.0
352,4,0,3.5
352,5,0,3.5
352,6,0,4.0
352,7,0,4.0
352,8,0,4.4
352,9,0,4.4
352,10,0,5.428571428571429
352,11,0,5.428571428571429
352,12,0,5.428571428571429
352,13,0,5.428571428571429
352,14,0,6.666666666666667
352,15,0,6.666666666666667
352,16,0,7.2
352,17,0,7.2
352,18,0,7.818181818181818
352,19,0,7.818181818181818
352,20,0,8.333333333333334
352,21,0,8.333333333333334
352,22,0,9.076923076923077
352,23,0,9.066666666666666
352,24,0,9.066666666666666
352,25,0,9.6875
352,26,0,9.235294117647058
352,27,0,9.368421052631579
352,28,0,9.95
352,29,0,9.571428571428571
352,30,3,10.565217391304348
352,31,4,10.25
352,32,6,10.76
352,33,6,10.5
352,34,8,11.0
353,0,0,0
353,1,0,0
353,2,0,0
353,3,0,0
353,4,0,3.5
353,5,0,3.5
353,6,0,3.5
353,7,0,4.75
353,8,0,4.75
353,9,0,5.4
353,10,0,5.666666666666667
353,11,0,5.666666666666667
353,12,0,6.428571428571429
353,13,0,6.428571428571429
353,14,0,6.75
353,15,0,6.75
353,16,0,7.9
353,17,0,7.9
353,18,0,7.9
353,19,0,8.363636363636363
353,20,0,9.083333333333334
353,21,0,9.083333333333334
353,22,0,9.76923076923077
353,23,0,10.285714285714286
353,24,0,10.285714285714286
353,25,0,10.4375
353,26,0,10.333333333333334
353,27,2,9.947368421052632
353,28,4,10.238095238095237
353,29,4,10.238095238095237
353,30,4,10.916666666666666
353,31,4,10.916666666666666
353,32,4,11.192307692307692
353,33,5,11.592592592592593
353,34,6,11.428571428571429
354,0,0,0
354,1,0,0
354,2,0,0
354,3,0,2.0
354,4,0,2.0
354,5,0,2.5
354,6,0,2.5
354,7,0,3.6666666666666665
354,8,0,3.6666666666666665
354,9,0,4.5
354,10,0,5.2
354,11,0,5.2
354,12,0,5.833333333333333
354,13,0,5.833333333333333
354,14,0,6.875
354,15,0,6.875
354,16,0,6.875
354,17,0,6.875
354,18,0,7.9
354,19,0,7.9
354,20,0,7.9
354,21,0,8.545454545454545
354,22,0,9.166666666666666
354,23,0,9.166666666666666
354,24,0,9.76923076923077
354,25,0,10.214285714285714
354,26,0,10.214285714285714
354,27,0,10.25
354,28,0,10.11111111111111
354,29,1,10.68421052631579
354,30,1,10.3
354,31,2,10.761904761904763
354,32,2,10.956521739130435
354,33,3,11.375
354,34,2,11.12
355,0,0,0
355,1,0,0
355,2,0,0
355,3,0,3.0
355,4,0,2.5
355,5,0,2.5
355,6,0,2.5
355,7,0,4.25
355,8,0,4.25
355,9,0,4.25
355,10,0,5.2
355,11,0,5.666666666666667
355,12,0,5.666666666666667
355,13,0,6.571428571428571
355,14,0,7.125
355,15,0,7.125
355,16,0,7.125
355,17,0,7.777777777777778
355,18,0,8.4
355,19,0,8.4
355,20,0,9.666666666666666
355,21,0,9.666666666666666
355,22,0,9.666666666666666
355,23,0,10.307692307692308
355,24,0,10.333333333333334
355,25,0,10.333333333333334
355,26,0,10.333333333333334
355,27,1,10.529411764705882
355,28,4,10.631578947368421
355,29,5,10.631578947368421
355,30,5,10.904761904761905
355,31,7,10.904761904761905
355,32,8,11.08695652173913
355,33,8,11.08695652173913
355,34,9,11.52
356,0,0,0
356,1,0,0
356,2,0,0
356,3,0,0
356,4,0,0
356,5,0,4.0
356,6,0,4.0
356,7,0,4.0
356,8,0,4.333333333333333
356,9,0,5.25
356,10,0,5.25
356,11,0,5.25
356,12,0,6.0
356,13,0,6.833333333333333
356,14,0,6.833333333333333
356,15,0,7.428571428571429
356,16,0,8.25
356,17,0,8.25
356,18,0,8.25
356,19,0,9.0
356,20,0,9.7
356,21,0,9.7
356,22,0,10.454545454545455
356,23,0,11.0
356,24,0,11.0
356,25,0,10.857142857142858
356,26,0,11.533333333333333
356,27,1,11.470588235294118
356,28,1,10.944444444444445
356,29,3,11.421052631578947
356,30,2,11.619047619047619
356,31,3,11.619047619047619
356,32,3,11.826086956521738
356,33,3,11.826086956521738
356,34,3,12.2
357,0,0,0
357,1,0,0
357,2,0,0
357,3,0,2.0
357,4,0,2.0
357,5,0,2.0
357,6,0,2.6666666666666665
357,7,0,3.25
357,8,0,3.25
357,9,0,3.4
357,10,0,3.4
357,11,0,4.333333333333333
357,12,0,4.333333333333333
357,13,0,5.375
357,14,0,5.375
357,15,0,6.0
357,16,0,6.1
357,17,0,6.636363636363637
357,18,0,6.636363636363637
357,19,0,6.916666666666667
357,20,0,6.916666666666667
357,21,0,7.538461538461538
357,22,0,7.857142857142857
357,23,0,7.857142857142857
357,24,0,7.857142857142857
357,25,0,8.8125
357,26,0,8.411764705882353
357,27,0,8.666666666666666
357,28,0,8.31578947368421
357,29,1,9.0
357,30,1,8.909090909090908
357,31,2,8.909090909090908
357,32,3,8.695652173913043
357,33,3,9.461538461538462
357,34,5,9.461538461538462
358,0,0,0
358,1,0,0
358,2,0,0
358,3,0,3.0
358,4,0,3.0
358,5,0,3.0
358,6,0,3.0
358,7,0,3.25
358,8,0,4.0
358,9,0,4.0
358,10,0,4.0
358,11,0,4.833333333333333
358,12,0,5.571428571428571
358,13,0,6.125
358,14,0,6.125
358,15,0,6.666666666666667
358,16,0,7.4
358,17,0,7.4
358,18,0,7.4
358,19,0,8.090909090909092
358,20,0,8.75
358,21,0,9.307692307692308
358,22,0,9.307692307692308
358,23,0,10.0
358,24,0,9.466666666666667
358,25,0,10.0625
358,26,0,9.588235294117647
358,27,2,10.277777777777779
358,28,2,10.45
358,29,2,10.095238095238095
358,30,4,10.095238095238095
358,31,3,10.916666666666666
358,32,5,10.916666666666666
358,33,4,10.72
358,34,5,11.384615384615385
359,0,0,0
359,1,0,0
359,2,0,0
359,3,0,3.0
359,4,0,3.0
359,5,0,3.0
359,6,0,3.5
359,7,0,4.666666666666667
359,8,0,4.5
359,9,0,4.5
359,10,0,4.8
359,11,0,5.666666666666667
359,12,0,5.666666666666667
359,13,0,6.571428571428571
359,14,0,6.875
359,15,0,6.875
359,16,0,6.875
359,17,0,7.666666666666667
359,18,0,8.2
359,19,0,8.333333333333334
359,20,0,8.333333333333334
359,21,0,7.923076923076923
359,22,0,9.133333333333333
359,23,0,8.75
359,24,0,9.235294117647058
359,25,0,9.421052631578947
359,26,0,9.421052631578947
359,27,0,9.95
359,28,0,9.571428571428571
359,29,1,10.136363636363637
359,30,1,10.333333333333334
359,31,2,10.333333333333334
359,32,2,10.615384615384615
359,33,2,10.892857142857142
359,34,1,10.655172413793103
360,0,0,0
360,1,0,0
360,2,0,2.0
360,3,0,2.0
360,4,0,2.0
360,5,0,3.3333333333333335
360,6,0,3.3333333333333335
360,7,0,3.3333333333333335
360,8,0,4.0
360,9,0,4.6
360,10,0,4.6
360,11,0,4.6
360,12,0,5.857142857142857
360,13,0,5.857142857142857
360,14,0,5.857142857142857
360,15,0,6.125
360,16,0,6.777777777777778
360,17,0,6.777777777777778
360,18,0,7.545454545454546
360,19,0,7.545454545454546
360,20,0,7.916666666666667
360,21,0,7.916666666666667
360,22,0,8.461538461538462
360,23,0,8.461538461538462
360,24,0,8.857142857142858
360,25,0,8.4
360,26,3,9.0
360,27,3,8.277777777777779
360,28,5,8.736842105263158
360,29,6,8.5
360,30,9,9.095238095238095
360,31,10,8.954545454545455
360,32,11,9.478260869565217
360,33,10,9.92
360,34,11,9.92
361,0,0,0
361,1,0,0
361,2,0,0
361,3,0,3.0
361,4,0,3.0
361,5,0,2.6666666666666665
361,6,0,2.6666666666666665
361,7,0,3.8
361,8,0,3.8
361,9,0,3.8
361,10,0,4.5
361,11,0,5.0
361,12,0,5.0
361,13,0,6.0
361,14,0,6.0
361,15,0,6.0
361,16,0,5.6
361,17,0,6.75
361,18,0,6.461538461538462
361,19,0,7.0
361,20,0,7.0
361,21,1,7.0625
361,22,0,6.764705882352941
361,23,0,7.0
361,24,0,7.0
361,25,0,7.476190476190476
361,26,0,8.045454545454545
361,27,1,8.208333333333334
361,28,2,7.96
361,29,4,7.96
361,30,3,8.857142857142858
361,31,3,8.689655172413794
361,32,3,8.689655172413794
361,33,2,9.0
361,34,1,9.454545454545455
362,0,0,0
362,1,0,0
362,2,0,2.0
362,3,0,2.0
362,4,0,2.5
362,5,0,3.0
362,6,0,3.0
362,7,0,3.75
362,8,0,4.4
362,9,0,4.4
362,10,0,5.428571428571429
362,11,0,5.428571428571429
362,12,0,5.428571428571429
362,13,0,5.625
362,14,0,6.111111111111111
362,15,0,6.4
362,16,0,6.909090909090909
362,17,0,6.909090909090909
362,18,0,6.909090909090909
362,19,0,7.428571428571429
362,20,0,7.428571428571429
362,21,0,7.6875
362,22,1,7.411764705882353
362,23,1,7.578947368421052
362,24,2,8.05
362,25,0,8.227272727272727
362,26,1,7.956521739130435
362,27,4,8.692307692307692
362,28,5,8.481481481481481
362,29,6,8.481481481481481
362,30,6,8.428571428571429
362,31,7,9.333333333333334
362,32,7,9.225806451612904
362,33,8,9.71875
362,34,7,9.666666666666666
363,0,0,0
363,1,0,0
363,2,0,0
363,3,0,3.0
363,4,0,3.0
363,5,0,3.0
363,6,0,3.0
363,7,0,5.0
363,8,0,4.0
363,9,0,4.0
363,10,0,3.5
363,11,0,4.8
363,12,0,4.8
363,13,0,4.666666666666667
363,14,0,4.666666666666667
363,15,0,6.0
363,16,0,6.0
363,17,0,6.25
363,18,1,6.25
363,19,1,7.090909090909091
363,20,0,7.090909090909091
363,21,1,6.833333333333333
363,22,1,6.857142857142857
363,23,2,7.8
363,24,1,7.6875
363,25,1,8.0
363,26,1,7.944444444444445
363,27,1,8.789473684210526
363,28,0,8.65
363,29,2,9.047619047619047
363,30,1,8.863636363636363
363,31,2,9.958333333333334
363,32,2,9.72
363,33,1,9.538461538461538
363,34,2,9.538461538461538
364,0,0,0
364,1,0,0
364,2,0,0
364,3,0,3.0
364,4,0,3.0
364,5,0,3.0
364,6,0,2.75
364,7,0,2.75
364,8,0,2.75
364,9,0,3.8333333333333335
364,10,0,3.8333333333333335
364,11,0,4.142857142857143
364,12,0,4.444444444444445
364,13,0,4.444444444444445
364,14,0,5.363636363636363
364,15,0,5.363636363636363
364,16,0,5.363636363636363
364,17,0,5.916666666666667
364,18,0,6.3076923076923075
364,19,0,6.3076923076923075
364,20,0,6.3076923076923075
364,21,0,6.928571428571429
364,22,0,7.4
364,23,0,7.4
364,24,0,8.411764705882353
364,25,0,8.411764705882353
364,26,0,8.411764705882353
364,27,1,9.0
364,28,3,8.666666666666666
364,29,4,9.136363636363637
364,30,4,9.291666666666666
364,31,5,9.68
364,32,4,9.5
364,33,4,9.88888888888889
364,34,4,10.206896551724139
365,0,0,0
365,1,0,0
365,2,0,0
365,3,0,2.0
365,4,0,3.0
365,5,0,3.0
365,6,0,3.0
365,7,0,4.0
365,8,0,4.4
365,9,0,5.0
365,10,0,5.0
365,11,0,5.875
365,12,0,5.875
365,13,0,6.333333333333333
365,14,0,6.333333333333333
365,15,0,6.9
365,16,0,7.2727272727272725
365,17,0,7.2727272727272725
365,18,0,7.2727272727272725
365,19,0,8.307692307692308
365,20,0,8.307692307692308
365,21,0,8.307692307692308
365,22,0,9.2
365,23,0,9.2
365,24,0,9.647058823529411
365,25,0,9.222222222222221
365,26,0,9.421052631578947
365,27,2,9.421052631578947
365,28,4,9.545454545454545
365,29,5,9.545454545454545
365,30,8,9.5
365,31,8,9.84
365,32,7,9.692307692307692
365,33,8,9.692307692307692
365,34,7,10.241379310344827
366,0,0,0
366,1,0,0
366,2,0,0
366,3,0,0
366,4,0,0
366,5,0,3.5
366,6,0,3.5
366,7,0,3.5
366,8,0,3.5
366,9,0,4.75
366,10,0,4.75
366,11,0,5.333333333333333
366,12,0,5.333333333333333
366,13,0,5.333333333333333
366,14,0,6.375
366,15,0,6.375
366,16,0,6.888888888888889
366,17,0,7.2
366,18,0,7.2
366,19,0,7.636363636363637
366,20,0,7.769230769230769
366,21,1,7.769230769230769
366,22,0,7.5625
366,23,2,8.0
366,24,0,7.578947368421052
366,25,1,8.0
366,26,2,8.130434782608695
366,27,3,8.130434782608695
366,28,4,7.958333333333333
366,29,7,8.4
366,30,6,8.777777777777779
366,31,6,8.777777777777779
366,32,7,9.7
366,33,7,9.7
366,34,7,9.709677419354838
367,0,0,0
367,1,0,0
367,2,0,0
367,3,0,3.0
367,4,0,3.0
367,5,0,4.0
367,6,0,4.0
367,7,0,4.5
367,8,0,4.5
367,9,0,5.0
367,10,0,5.5
367,11,0,5.5
367,12,0,5.5
367,13,0,6.285714285714286
367,14,0,6.875
367,15,0,6.875
367,16,0,6.875
367,17,0,7.555555555555555
367,18,0,7.7272727272727275
367,19,0,8.083333333333334
367,20,0,8.214285714285714
367,21,0,8.214285714285714
367,22,0,7.866666666666666
367,23,0,7.9411764705882355
367,24,0,8.61111111111111
367,25,1,9.052631578947368
367,26,0,8.7
367,27,1,8.7
367,28,2,9.136363636363637
367,29,2,9.608695652173912
367,30,4,10.0
367,31,4,10.0
367,32,3,10.222222222222221
367,33,2,10.071428571428571
367,34,2,10.689655172413794
368,0,0,0
368,1,0,0
368,2,0,2.0
368,3,0,2.0
368,4,0,3.0
368,5,0,3.0
368,6,0,3.0
368,7,0,3.0
368,8,0,4.8
368,9,0,4.8
368,10,0,4.8
368,11,0,5.714285714285714
368,12,0,5.714285714285714
368,13,0,5.714285714285714
368,14,0,5.714285714285714
368,15,0,6.6
368,16,0,6.6
368,17,0,6.6
368,18,0,6.6
368,19,1,7.384615384615385
368,20,0,7.384615384615385
368,21,0,7.071428571428571
368,22,0,7.5
368,23,0,8.058823529411764
368,24,0,8.058823529411764
368,25,0,8.8
368,26,0,8.8
368,27,0,8.954545454545455
368,28,0,8.954545454545455
368,29,0,9.25
368,30,2,9.25
368,31,1,9.5
368,32,2,9.5
368,33,1,10.344827586206897
368,34,2,10.344827586206897
369,0,0,0
369,1,0,0
369,2,0,2.0
369,3,0,2.0
369,4,0,3.0
369,5,0,3.6666666666666665
369,6,0,3.6666666666666665
369,7,0,4.25
369,8,0,4.6
369,9,0,4.6
369,10,0,5.166666666666667
369,11,0,5.166666666666667
369,12,0,5.714285714285714
369,13,0,6.125
369,14,0,6.125
369,15,0,6.9
369,16,0,6.9
369,17,0,7.363636363636363
369,18,0,7.230769230769231
369,19,0,7.230769230769231
369,20,0,7.571428571428571
369,21,0,8.133333333333333
369,22,0,8.133333333333333
369,23,0,8.61111111111111
369,24,0,8.61111111111111
369,25,0,8.31578947368421
369,26,0,8.9
369,27,0,9.333333333333334
369,28,0,9.333333333333334
369,29,0,9.909090909090908
369,30,3,9.958333333333334
369,31,3,9.64
369,32,4,10.0
369,33,4,10.357142857142858
369,34,5,10.357142857142858
370,0,0,0
370,1,0,0
370,2,0,2.0
370,3,0,2.5
370,4,0,3.0
370,5,0,3.0
370,6,0,3.0
370,7,0,3.8
370,8,0,3.8
370,9,0,4.333333333333333
370,10,0,4.714285714285714
370,11,0,5.125
370,12,0,5.125
370,13,0,5.125
370,14,0,6.1
370,15,0,6.1
370,16,0,6.1
370,17,0,6.1
370,18,0,7.333333333333333
370,19,0,6.923076923076923
370,20,0,6.923076923076923
370,21,0,7.642857142857143
370,22,0,8.2
370,23,0,7.8125
370,24,0,8.411764705882353
370,25,0,9.0
370,26,0,8.631578947368421
370,27,0,8.80952380952381
370,28,0,8.80952380952381
370,29,1,9.318181818181818
370,30,1,9.0
370,31,1,9.36
370,32,2,9.807692307692308
370,33,3,9.592592592592593
370,34,4,9.592592592592593
371,0,0,0
371,1,0,0
371,2,0,2.0
371,3,0,2.0
371,4,0,3.0
371,5,0,3.0
371,6,0,3.0
371,7,0,3.0
371,8,0,4.25
371,9,0,4.8
371,10,0,4.8
371,11,0,5.166666666666667
371,12,0,5.714285714285714
371,13,0,5.714285714285714
371,14,0,5.714285714285714
371,15,0,6.25
371,16,0,7.0
371,17,0,7.5
371,18,0,8.090909090909092
371,19,1,8.5
371,20,0,8.571428571428571
371,21,0,8.571428571428571
371,22,0,7.9375
371,23,0,8.352941176470589
371,24,0,8.631578947368421
371,25,0,8.631578947368421
371,26,0,8.761904761904763
371,27,4,8.761904761904763
371,28,5,9.130434782608695
371,29,6,9.583333333333334
371,30,8,9.36
371,31,8,9.961538461538462
371,32,7,9.814814814814815
371,33,7,10.733333333333333
371,34,7,10.733333333333333
372,0,0,0
372,1,0,0
372,2,0,0
372,3,0,3.0
372,4,0,3.0
372,5,0,3.0
372,6,0,3.0
372,7,0,4.0
372,8,0,4.0
372,9,0,4.0
372,10,0,5.0
372,11,0,5.0
372,12,0,5.571428571428571
372,13,0,5.571428571428571
372,14,0,5.571428571428571
372,15,0,6.444444444444445
372,16,0,6.444444444444445
372,17,0,6.444444444444445
372,18,0,6.916666666666667
372,19,0,6.916666666666667
372,20,0,7.384615384615385
372,21,0,7.785714285714286
372,22,0,8.266666666666667
372,23,1,7.875
372,24,1,8.368421052631579
372,25,1,8.368421052631579
372,26,4,7.857142857142857
372,27,6,7.857142857142857
372,28,8,8.666666666666666
372,29,9,8.666666666666666
372,30,12,8.923076923076923
372,31,12,9.407407407407407
372,32,11,9.321428571428571
372,33,11,9.321428571428571
372,34,10,10.225806451612904
373,0,0,0
373,1,0,0
373,2,0,0
373,3,0,3.0
373,4,0,3.5
373,5,0,3.5
373,6,0,4.333333333333333
373,7,0,4.75
373,8,0,4.75
373,9,0,5.4
373,10,0,5.666666666666667
373,11,0,5.666666666666667
373,12,0,6.285714285714286
373,13,0,6.285714285714286
373,14,0,6.625
373,15,0,6.625
373,16,0,7.333333333333333
373,17,0,7.0
373,18,0,7.0
373,19,0,7.0
373,20,0,7.833333333333333
373,21,0,8.153846153846153
373,22,0,8.153846153846153
373,23,0,9.133333333333333
373,24,0,8.6875
373,25,0,8.6875
373,26,1,9.368421052631579
373,27,3,9.368421052631579
373,28,4,9.714285714285714
373,29,4,9.714285714285714
373,30,5,10.416666666666666
373,31,5,10.416666666666666
373,32,4,10.24
373,33,4,10.576923076923077
373,34,3,11.107142857142858
374,0,0,0
374,1,0,0
374,2,0,2.0
374,3,0,2.0
374,4,0,2.0
374,5,0,2.0
374,6,0,3.0
374,7,0,3.0
374,8,0,4.0
374,9,0,4.4
374,10,0,4.833333333333333
374,11,0,4.833333333333333
374,12,0,4.833333333333333
374,13,0,5.428571428571429
374,14,0,6.125
374,15,0,6.125
374,16,0,6.777777777777778
374,17,0,7.4
374,18,0,7.4
374,19,0,7.4
374,20,0,8.666666666666666
374,21,0,8.666666666666666
374,22,0,8.785714285714286
374,23,1,8.785714285714286
374,24,3,9.11111111111111
374,25,1,9.11111111111111
374,26,4,9.0
374,27,7,9.545454545454545
374,28,9,9.347826086956522
374,29,12,9.833333333333334
374,30,12,10.076923076923077
374,31,13,10.076923076923077
374,32,14,9.962962962962964
374,33,15,10.833333333333334
374,34,15,10.833333333333334
375,0,0,0
375,1,0,0
375,2,0,0
375,3,0,3.0
375,4,0,3.0
375,5,0,3.0
375,6,0,4.5
375,7,0,4.5
375,8,0,4.0
375,9,0,4.5
375,10,0,4.5
375,11,0,4.8
375,12,0,4.8
375,13,0,5.5
375,14,0,5.857142857142857
375,15,0,5.857142857142857
375,16,0,6.25
375,17,0,7.0
375,18,0,7.0
375,19,1,7.583333333333333
375,20,0,7.583333333333333
375,21,1,7.230769230769231
375,22,0,7.875
375,23,2,7.875
375,24,2,7.764705882352941
375,25,2,8.333333333333334
375,26,2,8.6
375,27,2,9.142857142857142
375,28,4,9.0
375,29,7,9.478260869565217
375,30,7,9.375
375,31,9,9.92
375,32,8,10.25925925925926
375,33,9,10.25925925925926
375,34,9,10.142857142857142
376,0,0,0
376,1,0,0
376,2,0,0
376,3,0,0
376,4,0,3.5
376,5,0,3.5
376,6,0,3.5
376,7,0,4.333333333333333
376,8,0,4.5
376,9,0,4.5
376,10,0,4.5
376,11,0,6.0
376,12,0,6.0
376,13,0,6.285714285714286
376,14,0,7.0
376,15,0,7.0
376,16,0,7.333333333333333
376,17,0,8.1
376,18,0,8.1
376,19,0,8.454545454545455
376,20,0,8.454545454545455
376,21,1,9.166666666666666
376,22,0,8.6
376,23,1,8.6
376,24,0,8.3125
376,25,1,9.444444444444445
376,26,1,8.8
376,27,1,8.8
376,28,1,9.181818181818182
376,29,1,9.652173913043478
376,30,2,9.458333333333334
376,31,2,9.807692307692308
376,32,3,10.25925925925926
376,33,4,10.035714285714286
376,34,5,11.033333333333333
377,0,0,0
377,1,0,0
377,2,0,2.0
377,3,0,2.0
377,4,0,2.5
377,5,0,3.3333333333333335
377,6,0,3.75
377,7,0,3.75
377,8,0,3.75
377,9,0,4.833333333333333
377,10,0,4.833333333333333
377,11,0,4.833333333333333
377,12,0,5.428571428571429
377,13,0,6.125
377,14,0,6.125
377,15,0,6.125
377,16,0,6.555555555555555
377,17,0,7.1
377,18,0,7.1
377,19,0,7.1
377,20,0,7.25
377,21,0,7.769230769230769
377,22,1,7.357142857142857
377,23,2,7.933333333333334
377,24,1,8.176470588235293
377,25,1,8.176470588235293
377,26,2,8.0
377,27,5,8.578947368421053
377,28,6,8.952380952380953
377,29,8,8.952380952380953
377,30,8,9.347826086956522
377,31,9,9.833333333333334
377,32,10,10.23076923076923
377,33,12,10.666666666666666
377,34,11,10.571428571428571
378,0,0,0
378,1,0,0
378,2,0,0
378,3,0,3.0
378,4,0,3.5
378,5,0,3.5
378,6,0,4.0
378,7,0,4.0
378,8,0,4.4
378,9,0,4.4
378,10,0,5.0
378,11,0,5.0
378,12,0,5.428571428571429
378,13,0,5.0
378,14,1,5.777777777777778
378,15,0,5.909090909090909
378,16,1,5.909090909090909
378,17,0,5.75
378,18,2,6.461538461538462
378,19,1,6.8
378,20,0,7.4375
378,21,0,7.055555555555555
378,22,0,8.1
378,23,0,7.904761904761905
378,24,0,8.541666666666666
378,25,0,8.32
378,26,2,8.32
378,27,4,8.555555555555555
378,28,4,9.071428571428571
378,29,3,8.89655172413793
378,30,6,8.89655172413793
378,31,6,9.75
378,32,8,9.75
378,33,9,9.666666666666666
378,34,9,10.571428571428571
379,0,0,0
379,1,0,0
379,2,0,0
379,3,0,3.0
379,4,0,3.0
379,5,0,3.0
379,6,0,3.3333333333333335
379,7,0,4.25
379,8,0,4.25
379,9,0,4.25
379,10,0,4.8
379,11,0,5.666666666666667
379,12,0,5.666666666666667
379,13,0,5.666666666666667
379,14,0,6.428571428571429
379,15,0,6.777777777777778
379,16,0,7.3
379,17,0,8.0
379,18,0,7.5
379,19,0,7.5
379,20,0,8.153846153846153
379,21,0,8.928571428571429
379,22,0,8.466666666666667
379,23,0,9.0625
379,24,0,9.764705882352942
379,25,0,9.894736842105264
379,26,1,9.894736842105264
379,27,2,10.19047619047619
379,28,3,9.863636363636363
379,29,5,11.041666666666666
379,30,6,10.76
379,31,6,11.88888888888889
379,32,5,11.678571428571429
379,33,6,11.678571428571429
379,34,5,12.580645161290322
380,0,0,0
380,1,0,0
380,2,0,0
380,3,0,3.0
380,4,0,3.5
380,5,0,3.5
380,6,0,4.5
380,7,0,4.5
380,8,0,4.5
380,9,0,4.5
380,10,0,6.0
380,11,0,6.0
380,12,0,6.0
380,13,0,7.125
380,14,0,6.555555555555555
380,15,1,7.2
380,16,0,6.818181818181818
380,17,0,7.846153846153846
380,18,0,7.571428571428571
380,19,0,7.571428571428571
380,20,0,8.066666666666666
380,21,0,7.888888888888889
380,22,0,7.888888888888889
380,23,0,7.35
380,24,1,8.409090909090908
380,25,0,8.130434782608695
380,26,0,8.130434782608695
380,27,0,7.76
380,28,4,8.851851851851851
380,29,4,8.642857142857142
380,30,6,8.642857142857142
380,31,7,9.548387096774194
380,32,7,9.548387096774194
380,33,8,10.382352941176471
380,34,7,10.285714285714286
381,0,0,0
381,1,0,0
381,2,0,0
381,3,0,2.5
381,4,0,2.5
381,5,0,2.3333333333333335
381,6,0,3.0
381,7,0,3.0
381,8,0,3.0
381,9,0,4.166666666666667
381,10,0,4.166666666666667
381,11,0,4.166666666666667
381,12,0,4.714285714285714
381,13,0,5.5
381,14,0,5.888888888888889
381,15,0,5.888888888888889
381,16,0,5.5
381,17,0,6.363636363636363
381,18,0,6.833333333333333
381,19,1,6.461538461538462
381,20,0,7.214285714285714
381,21,2,7.117647058823529
381,22,1,6.888888888888889
381,23,0,7.142857142857143
381,24,1,7.142857142857143
381,25,0,7.521739130434782
381,26,2,8.125
381,27,3,7.730769230769231
381,28,3,8.185185185185185
381,29,5,8.586206896551724
381,30,6,8.586206896551724
381,31,5,9.46875
381,32,6,9.46875
381,33,7,9.393939393939394
381,34,8,9.393939393939394
382,0,0,0
382,1,0,0
382,2,0,0
382,3,0,2.0
382,4,0,2.5
382,5,0,2.5
382,6,0,3.75
382,7,0,3.75
382,8,0,3.75
382,9,0,4.666666666666667
382,10,0,4.666666666666667
382,11,0,5.0
382,12,0,5.0
382,13,0,5.5
382,14,0,6.0
382,15,0,6.0
382,16,0,6.5
382,17,0,6.5
382,18,0,7.5
382,19,0,7.5
382,20,0,7.5
382,21,0,8.642857142857142
382,22,0,8.642857142857142
382,23,0,8.642857142857142
382,24,1,8.75
382,25,1,9.294117647058824
382,26,4,9.421052631578947
382,27,6,9.421052631578947
382,28,8,9.761904761904763
382,29,8,10.0
382,30,11,10.0
382,31,11,10.28
382,32,12,10.73076923076923
382,33,11,10.62962962962963
382,34,11,10.571428571428571
383,0,0,0
383,1,0,0
383,2,0,0
383,3,0,3.0
383,4,0,3.5
383,5,0,3.5
383,6,0,3.5
383,7,0,4.666666666666667
383,8,0,5.5
383,9,0,6.0
383,10,0,6.0
383,11,0,6.666666666666667
383,12,0,6.666666666666667
383,13,0,7.875
383,14,0,7.875
383,15,0,7.875
383,16,0,8.444444444444445
383,17,0,9.1
383,18,0,9.1
383,19,0,10.083333333333334
383,20,0,9.461538461538462
383,21,0,9.928571428571429
383,22,0,9.928571428571429
383,23,0,10.533333333333333
383,24,0,10.533333333333333
383,25,0,11.055555555555555
383,26,0,10.526315789473685
383,27,0,11.05
383,28,1,11.136363636363637
383,29,2,10.73913043478261
383,30,2,10.92
383,31,1,10.615384615384615
383,32,1,11.074074074074074
383,33,0,11.344827586206897
383,34,0,11.344827586206897
384,0,0,0
384,1,0,0
384,2,0,0
384,3,0,0
384,4,0,0
384,5,0,4.0
384,6,0,4.0
384,7,0,4.0
384,8,0,5.0
384,9,0,5.5
384,10,0,5.5
384,11,0,6.2
384,12,0,6.5
384,13,0,6.857142857142857
384,14,0,6.857142857142857
384,15,0,7.25
384,16,0,7.25
384,17,0,7.666666666666667
384,18,0,7.666666666666667
384,19,0,8.3
384,20,0,8.727272727272727
384,21,0,9.166666666666666
384,22,0,9.166666666666666
384,23,0,10.071428571428571
384,24,0,10.071428571428571
384,25,0,9.9375
384,26,1,9.9375
384,27,2,9.944444444444445
384,28,3,9.944444444444445
384,29,4,10.285714285714286
384,30,4,10.0
384,31,4,10.304347826086957
384,32,3,10.56
384,33,3,10.846153846153847
384,34,2,10.703703703703704
385,0,0,0
385,1,0,0
385,2,0,0
385,3,0,0
385,4,0,3.0
385,5,0,3.0
385,6,0,3.0
385,7,0,3.6666666666666665
385,8,0,4.25
385,9,0,4.25
385,10,0,5.0
385,11,0,5.5
385,12,0,5.5
385,13,0,6.25
385,14,0,5.777777777777778
385,15,2,5.777777777777778
385,16,3,5.7272727272727275
385,17,3,6.416666666666667
385,18,3,6.230769230769231
385,19,4,6.857142857142857
385,20,0,7.0625
385,21,0,7.647058823529412
385,22,2,7.611111111111111
385,23,2,7.631578947368421
385,24,2,8.0
385,25,1,8.545454545454545
385,26,2,8.545454545454545
385,27,1,8.833333333333334
385,28,3,9.4
385,29,3,9.461538461538462
385,30,3,9.814814814814815
385,31,2,10.206896551724139
385,32,2,10.533333333333333
385,33,2,10.387096774193548
385,34,2,11.272727272727273
386,0,0,0
386,1,0,0
386,2,0,0
386,3,0,0
386,4,0,3.0
386,5,0,3.5
386,6,0,3.5
386,7,0,4.0
386,8,0,4.5
386,9,0,4.5
386,10,0,4.5
386,11,0,5.333333333333333
386,12,0,5.333333333333333
386,13,0,5.333333333333333
386,14,0,6.0
386,15,0,6.375
386,16,0,6.888888888888889
386,17,0,6.888888888888889
386,18,0,7.818181818181818
386,19,0,7.333333333333333
386,20,0,7.333333333333333
386,21,2,7.0
386,22,1,7.6875
386,23,0,7.411764705882353
386,24,0,7.6
386,25,1,8.047619047619047
386,26,1,7.818181818181818
386,27,2,8.26086956521739
386,28,4,8.56
386,29,5,8.56
386,30,6,8.423076923076923
386,31,8,9.428571428571429
386,32,7,9.310344827586206
386,33,7,9.2
386,34,6,9.129032258064516
387,0,0,0
387,1,0,0
387,2,0,2.0
387,3,0,2.0
387,4,0,2.0
387,5,0,2.6666666666666665
387,6,0,3.25
387,7,0,3.25
387,8,0,4.333333333333333
387,9,0,4.333333333333333
387,10,0,4.333333333333333
387,11,0,5.0
387,12,0,5.5
387,13,0,5.5
387,14,0,6.111111111111111
387,15,0,6.6
387,16,0,7.181818181818182
387,17,0,7.666666666666667
387,18,0,8.153846153846153
387,19,0,8.571428571428571
387,20,0,8.571428571428571
387,21,0,8.133333333333333
387,22,0,9.176470588235293
387,23,0,9.176470588235293
387,24,0,9.75
387,25,0,9.380952380952381
387,26,1,9.380952380952381
387,27,0,9.608695652173912
387,28,3,10.083333333333334
387,29,3,9.84
387,30,3,10.384615384615385
387,31,3,10.642857142857142
387,32,4,10.642857142857142
387,33,3,10.482758620689655
387,34,3,11.066666666666666
388,0,0,0
388,1,0,0
388,2,0,0
388,3,0,0
388,4,0,4.0
388,5,0,4.0
388,6,0,3.0
388,7,0,4.4
388,8,0,4.4
388,9,0,5.0
388,10,0,5.571428571428571
388,11,0,5.571428571428571
388,12,0,5.571428571428571
388,13,0,6.555555555555555
388,14,0,6.555555555555555
388,15,0,6.555555555555555
388,16,0,7.0
388,17,0,7.636363636363637
388,18,0,7.636363636363637
388,19,0,8.166666666666666
388,20,0,8.166666666666666
388,21,0,8.846153846153847
388,22,0,8.846153846153847
388,23,0,9.428571428571429
388,24,0,10.133333333333333
388,25,0,10.133333333333333
388,26,2,10.133333333333333
388,27,1,10.88888888888889
388,28,0,10.473684210526315
388,29,1,10.9
388,30,0,11.181818181818182
388,31,0,11.181818181818182
388,32,0,11.333333333333334
388,33,0,11.92
388,34,0,11.92
389,0,0,0
389,1,0,0
389,2,0,2.0
389,3,0,2.0
389,4,0,2.5
389,5,0,2.5
389,6,0,3.3333333333333335
389,7,0,4.0
389,8,0,4.0
389,9,0,4.8
389,10,0,4.8
389,11,0,5.5
389,12,0,6.142857142857143
389,13,0,6.142857142857143
389,14,0,6.875
389,15,0,6.875
389,16,0,7.666666666666667
389,17,0,7.666666666666667
389,18,1,7.818181818181818
389,19,2,8.5
389,20,0,8.076923076923077
389,21,1,8.785714285714286
389,22,5,8.764705882352942
389,23,5,9.222222222222221
389,24,4,9.19047619047619
389,25,5,9.19047619047619
389,26,6,8.826086956521738
389,27,8,9.291666666666666
389,28,10,9.76923076923077
389,29,11,9.76923076923077
389,30,13,10.25
389,31,15,10.25
389,32,14,10.8
389,33,14,10.8
389,34,14,11.727272727272727
390,0,0,0
390,1,0,0
390,2,0,0
390,3,0,3.0
390,4,0,3.0
390,5,0,2.5
390,6,0,3.6666666666666665
390,7,0,3.6666666666666665
390,8,0,4.6
390,9,0,4.6
390,10,0,4.6
390,11,0,5.333333333333333
390,12,0,5.571428571428571
390,13,0,5.571428571428571
390,14,0,5.571428571428571
390,15,0,6.25
390,16,0,6.666666666666667
390,17,0,6.666666666666667
390,18,0,7.4
390,19,0,7.7272727272727275
390,20,0,8.333333333333334
390,21,0,8.692307692307692
390,22,0,8.692307692307692
390,23,0,8.692307692307692
390,24,0,9.733333333333333
390,25,0,9.733333333333333
390,26,0,10.125
390,27,0,10.125
390,28,0,10.764705882352942
390,29,0,11.222222222222221
390,30,1,11.842105263157896
390,31,0,11.35
390,32,0,12.363636363636363
390,33,0,12.0
390,34,0,11.583333333333334
391,0,0,0
391,1,0,0
391,2,0,0
391,3,0,3.0
391,4,0,3.5
391,5,0,3.5
391,6,0,3.5
391,7,0,5.0
391,8,0,5.0
391,9,0,5.0
391,10,0,6.166666666666667
391,11,0,6.166666666666667
391,12,0,7.0
391,13,0,7.0
391,14,0,7.0
391,15,0,7.0
391,16,0,8.1
391,17,0,7.545454545454546
391,18,1,8.166666666666666
391,19,1,8.285714285714286
391,20,0,8.285714285714286
391,21,0,8.0
391,22,0,8.833333333333334
391,23,0,8.526315789473685
391,24,0,9.05
391,25,0,9.571428571428571
391,26,0,9.333333333333334
391,27,0,9.333333333333334
391,28,1,9.333333333333334
391,29,0,10.11111111111111
391,30,2,10.11111111111111
391,31,3,10.344827586206897
391,32,5,10.344827586206897
391,33,5,10.67741935483871
391,34,5,10.67741935483871
392,0,0,0
392,1,0,0
392,2,0,0
392,3,0,3.0
392,4,0,3.5
392,5,0,3.5
392,6,0,4.0
392,7,0,4.75
392,8,0,4.75
392,9,0,5.4
392,10,0,5.4
392,11,0,6.166666666666667
392,12,0,6.714285714285714
392,13,0,6.714285714285714
392,14,0,7.375
392,15,0,7.375
392,16,0,8.0
392,17,0,8.7
392,18,0,9.181818181818182
392,19,0,9.181818181818182
392,20,0,9.75
392,21,0,10.076923076923077
392,22,0,9.5
392,23,0,10.066666666666666
392,24,0,9.882352941176471
392,25,0,10.277777777777779
392,26,0,9.894736842105264
392,27,3,9.894736842105264
392,28,5,10.0
392,29,7,10.5
392,30,9,10.625
392,31,9,11.08
392,32,9,10.884615384615385
392,33,10,10.884615384615385
392,34,10,11.689655172413794
393,0,0,0
393,1,0,0
393,2,0,0
393,3,0,0
393,4,0,4.0
393,5,0,4.0
393,6,0,4.75
393,7,0,4.75
393,8,0,4.75
393,9,0,5.4
393,10,0,6.0
393,11,0,6.0
393,12,0,6.0
393,13,0,7.375
393,14,0,7.375
393,15,0,7.888888888888889
393,16,0,8.4
393,17,0,8.818181818181818
393,18,0,8.615384615384615
393,19,0,8.615384615384615
393,20,0,8.615384615384615
393,21,0,9.25
393,22,0,9.25
393,23,0,10.222222222222221
393,24,0,9.789473684210526
393,25,0,10.619047619047619
393,26,0,10.227272727272727
393,27,0,10.608695652173912
393,28,1,10.608695652173912
393,29,1,10.923076923076923
393,30,2,10.923076923076923
393,31,3,10.666666666666666
393,32,3,11.379310344827585
393,33,2,11.166666666666666
393,34,2,11.166666666666666
394,0,0,0
394,1,0,0
394,2,0,0
394,3,0,3.0
394,4,0,3.5
394,5,0,3.5
394,6,0,3.5
394,7,0,4.0
394,8,0,4.75
394,9,0,4.75
394,10,0,4.75
394,11,0,6.333333333333333
394,12,0,6.333333333333333
394,13,0,6.857142857142857
394,14,0,6.857142857142857
394,15,0,7.25
394,16,0,7.25
394,17,0,8.0
394,18,0,8.0
394,19,0,7.909090909090909
394,20,0,8.583333333333334
394,21,0,8.076923076923077
394,22,1,8.266666666666667
394,23,0,7.9375
394,24,2,8.588235294117647
394,25,0,8.333333333333334
394,26,0,8.6
394,27,1,8.045454545454545
394,28,3,8.958333333333334
394,29,3,8.72
394,30,3,8.72
394,31,2,9.535714285714286
394,32,1,9.379310344827585
394,33,3,9.379310344827585
394,34,4,9.64516129032258
395,0,0,0
395,1,0,0
395,2,0,0
395,3,0,2.0
395,4,0,3.0
395,5,0,3.3333333333333335
395,6,0,3.5
395,7,0,3.3333333333333335
395,8,0,3.5714285714285716
395,9,0,3.5714285714285716
395,10,0,4.222222222222222
395,11,0,4.222222222222222
395,12,0,4.6
395,13,0,4.6
395,14,0,5.0
395,15,0,5.5
395,16,0,5.5
395,17,0,5.5
395,18,0,6.428571428571429
395,19,0,6.428571428571429
395,20,0,6.8
395,21,0,7.3125
395,22,0,7.3125
395,23,0,7.764705882352941
395,24,0,8.277777777777779
395,25,0,8.277777777777779
395,26,0,8.736842105263158
395,27,0,9.3
395,28,0,8.952380952380953
395,29,0,9.5
395,30,0,9.625
395,31,1,9.625
395,32,0,9.884615384615385
395,33,1,10.333333333333334
395,34,0,10.107142857142858
396,0,0,0
396,1,0,0
396,2,0,0
396,3,0,2.0
396,4,0,3.0
396,5,0,3.0
396,6,0,3.0
396,7,0,4.5
396,8,0,4.5
396,9,0,4.5
396,10,0,4.8
396,11,0,5.666666666666667
396,12,0,5.666666666666667
396,13,0,6.142857142857143
396,14,0,6.142857142857143
396,15,0,7.125
396,16,0,7.125
396,17,0,7.555555555555555
396,18,0,7.555555555555555
396,19,0,7.909090909090909
396,20,0,7.846153846153846
396,21,0,7.846153846153846
396,22,0,8.357142857142858
396,23,1,8.6875
396,24,2,8.294117647058824
396,25,3,8.421052631578947
396,26,3,8.2
396,27,3,9.0
396,28,2,8.833333333333334
396,29,3,8.833333333333334
396,30,3,9.192307692307692
396,31,3,9.777777777777779
396,32,2,9.714285714285714
396,33,2,10.172413793103448
396,34,1,10.166666666666666
397,0,0,0
397,1,0,0
397,2,0,0
397,3,0,0
397,4,0,4.0
397,5,0,4.0
397,6,0,4.0
397,7,0,5.0
397,8,0,5.25
397,9,0,5.25
397,10,0,6.0
397,11,0,6.5
397,12,0,6.5
397,13,0,6.5
397,14,0,7.142857142857143
397,15,0,7.625
397,16,0,7.625
397,17,0,8.11111111111111
397,18,0,8.11111111111111
397,19,0,8.333333333333334
397,20,0,8.333333333333334
397,21,0,7.923076923076923
397,22,0,8.428571428571429
397,23,0,8.933333333333334
397,24,0,8.933333333333334
397,25,0,9.5
397,26,0,9.5
397,27,1,9.157894736842104
397,28,3,9.7
397,29,2,9.863636363636363
397,30,2,9.863636363636363
397,31,1,10.208333333333334
397,32,2,10.5
397,33,3,10.5
397,34,3,10.37037037037037
398,0,0,0
398,1,0,0
398,2,0,2.0
398,3,0,2.5
398,4,0,2.5
398,5,0,2.5
398,6,0,4.25
398,7,0,4.25
398,8,0,4.25
398,9,0,4.8
398,10,0,5.166666666666667
398,11,0,5.166666666666667
398,12,0,5.166666666666667
398,13,0,5.857142857142857
398,14,0,6.375
398,15,0,6.375
398,16,0,6.375
398,17,0,7.222222222222222
398,18,0,7.9
398,19,0,7.9
398,20,0,8.363636363636363
398,21,0,9.0
398,22,0,9.384615384615385
398,23,0,9.384615384615385
398,24,0,9.384615384615385
398,25,0,10.142857142857142
398,26,0,10.0625
398,27,0,10.0625
398,28,0,10.764705882352942
398,29,2,10.736842105263158
398,30,3,10.736842105263158
398,31,3,10.857142857142858
398,32,2,11.173913043478262
398,33,2,11.173913043478262
398,34,2,10.958333333333334
399,0,0,0
399,1,0,0
399,2,0,2.0
399,3,0,2.0
399,4,0,2.0
399,5,0,2.5
399,6,0,3.3333333333333335
399,7,0,3.3333333333333335
399,8,0,3.75
399,9,0,4.4
399,10,0,4.4
399,11,0,5.428571428571429
399,12,0,5.428571428571429
399,13,0,5.875
399,14,0,6.444444444444445
399,15,0,6.444444444444445
399,16,0,7.454545454545454
399,17,0,7.454545454545454
399,18,0,7.916666666666667
399,19,0,8.384615384615385
399,20,0,8.384615384615385
399,21,0,8.928571428571429
399,22,0,9.466666666666667
399,23,0,9.466666666666667
399,24,0,10.0
399,25,0,9.470588235294118
399,26,0,10.055555555555555
399,27,0,10.2
399,28,2,10.761904761904763
399,29,2,10.409090909090908
399,30,2,10.91304347826087
399,31,1,11.16
399,32,1,11.16
399,33,0,11.444444444444445
399,34,1,11.928571428571429
400,0,0,0
400,1,0,0
400,2,0,0
400,3,0,0
400,4,0,3.5
400,5,0,3.5
400,6,0,3.5
400,7,0,4.0
400,8,0,4.5
400,9,0,4.5
400,10,0,5.2
400,11,0,5.2
400,12,0,6.285714285714286
400,13,0,6.285714285714286
400,14,0,6.285714285714286
400,15,0,7.333333333333333
400,16,0,7.333333333333333
400,17,0,7.7
400,18,0,7.7
400,19,0,8.363636363636363
400,20,0,8.833333333333334
400,21,0,8.307692307692308
400,22,0,9.333333333333334
400,23,0,8.875
400,24,0,8.875
400,25,0,9.055555555555555
400,26,0,9.473684210526315
400,27,0,8.80952380952381
400,28,0,8.80952380952381
400,29,0,9.541666666666666
400,30,1,9.541666666666666
400,31,1,9.28
400,32,3,9.846153846153847
400,33,2,10.107142857142858
400,34,2,10.551724137931034
401,0,0,0
401,1,0,0
401,2,0,0
401,3,0,3.0
401,4,0,3.5
401,5,0,3.5
401,6,0,3.5
401,7,0,5.25
401,8,0,5.25
401,9,0,5.6
401,10,0,6.0
401,11,0,6.0
401,12,0,6.0
401,13,0,7.0
401,14,0,7.0
401,15,0,7.0
401,16,0,7.666666666666667
401,17,0,8.3
401,18,1,8.3
401,19,0,8.333333333333334
401,20,0,8.333333333333334
401,21,2,8.642857142857142
401,22,2,8.266666666666667
401,23,4,8.529411764705882
401,24,4,8.947368421052632
401,25,4,8.523809523809524
401,26,7,8.523809523809524
401,27,9,8.666666666666666
401,28,10,9.115384615384615
401,29,11,9.115384615384615
401,30,12,9.428571428571429
401,31,12,10.0
401,32,12,9.933333333333334
401,33,13,9.933333333333334
401,34,12,10.818181818181818
402,0,0,0
402,1,0,0
402,2,0,0
402,3,0,3.0
402,4,0,3.0
402,5,0,3.3333333333333335
402,6,0,3.3333333333333335
402,7,0,3.5
402,8,0,4.2
402,9,0,4.333333333333333
402,10,0,4.333333333333333
402,11,0,4.857142857142857
402,12,0,4.857142857142857
402,13,0,5.375
402,14,0,5.375
402,15,0,6.111111111111111
402,16,0,6.111111111111111
402,17,0,6.4
402,18,0,6.4
402,19,0,7.416666666666667
402,20,0,7.416666666666667
402,21,0,8.153846153846153
402,22,0,8.428571428571429
402,23,0,9.066666666666666
402,24,0,9.066666666666666
402,25,0,9.375
402,26,0,10.058823529411764
402,27,0,10.058823529411764
402,28,0,10.058823529411764
402,29,1,11.052631578947368
402,30,2,10.6
402,31,1,10.636363636363637
402,32,1,10.636363636363637
402,33,0,10.916666666666666
402,34,0,10.916666666666666
403,0,0,0
403,1,0,0
403,2,0,0
403,3,0,0
403,4,0,4.0
403,5,0,4.0
403,6,0,4.666666666666667
403,7,0,4.666666666666667
403,8,0,4.666666666666667
403,9,0,5.2
403,10,0,5.2
403,11,0,5.5
403,12,0,6.0
403,13,0,6.125
403,14,0,6.125
403,15,0,6.777777777777778
403,16,0,7.1
403,17,0,7.1
403,18,0,7.916666666666667
403,19,0,7.916666666666667
403,20,0,7.916666666666667
403,21,0,8.538461538461538
403,22,0,9.0
403,23,0,8.533333333333333
403,24,1,9.125
403,25,0,8.705882352941176
403,26,0,9.166666666666666
403,27,2,8.894736842105264
403,28,3,9.19047619047619
403,29,6,8.909090909090908
403,30,8,9.166666666666666
403,31,10,9.72
403,32,11,9.538461538461538
403,33,11,10.5
403,34,10,10.379310344827585
404,0,0,0
404,1,0,0
404,2,0,0
404,3,0,2.5
404,4,0,2.5
404,5,0,3.0
404,6,0,3.25
404,7,0,3.8
404,8,0,3.8
404,9,0,4.333333333333333
404,10,0,4.333333333333333
404,11,0,5.0
404,12,0,5.0
404,13,0,5.625
404,14,0,6.111111111111111
404,15,0,6.6
404,16,0,6.6
404,17,0,6.6
404,18,0,6.909090909090909
404,19,0,7.5
404,20,0,7.5
404,21,0,7.923076923076923
404,22,0,7.923076923076923
404,23,0,8.2
404,24,0,8.5625
404,25,0,8.176470588235293
404,26,0,9.210526315789474
404,27,0,9.210526315789474
404,28,0,9.210526315789474
404,29,1,9.285714285714286
404,30,3,9.681818181818182
404,31,2,9.75
404,32,2,9.75
404,33,1,9.961538461538462
404,34,1,10.37037037037037
405,0,0,0
405,1,0,0
405,2,0,2.0
405,3,0,2.5
405,4,0,2.5
405,5,0,2.5
405,6,0,3.6666666666666665
405,7,0,3.75
405,8,0,3.75
405,9,0,4.6
405,10,0,5.0
405,11,0,5.0
405,12,0,5.0
405,13,0,6.25
405,14,0,6.25
405,15,0,6.25
405,16,0,7.111111111111111
405,17,0,7.6
405,18,0,7.6
405,19,0,7.6
405,20,0,8.833333333333334
405,21,0,8.833333333333334
405,22,0,8.833333333333334
405,23,0,8.833333333333334
405,24,1,9.928571428571429
405,25,0,9.4
405,26,0,8.875
405,27,2,8.222222222222221
405,28,4,9.25
405,29,5,8.952380952380953
405,30,5,9.545454545454545
405,31,5,9.75
405,32,5,9.75
405,33,5,9.64
405,34,6,10.11111111111111
406,0,0,0
406,1,0,0
406,2,0,0
406,3,0,3.0
406,4,0,3.5
406,5,0,3.5
406,6,0,4.0
406,7,0,4.0
406,8,0,5.0
406,9,0,5.6
406,10,0,5.6
406,11,0,5.6
406,12,0,6.5
406,13,0,7.0
406,14,0,7.0
406,15,0,7.0
406,16,0,7.875
406,17,0,8.444444444444445
406,18,0,7.8
406,19,0,8.454545454545455
406,20,0,8.692307692307692
406,21,0,8.692307692307692
406,22,0,8.214285714285714
406,23,0,9.5
406,24,0,9.5
406,25,0,10.210526315789474
406,26,0,10.210526315789474
406,27,1,10.210526315789474
406,28,1,9.8
406,29,3,11.0
406,30,2,10.695652173913043
406,31,3,10.695652173913043
406,32,3,11.0
406,33,3,11.653846153846153
406,34,4,11.964285714285714
407,0,0,0
407,1,0,0
407,2,0,2.0
407,3,0,2.0
407,4,0,3.0
407,5,0,3.0
407,6,0,3.0
407,7,0,3.0
407,8,0,4.0
407,9,0,4.0
407,10,0,3.6
407,11,0,4.5
407,12,0,4.5
407,13,0,4.571428571428571
407,14,0,4.571428571428571
407,15,0,5.625
407,16,0,5.625
407,17,0,6.5
407,18,0,6.5
407,19,0,6.5
407,20,0,7.5
407,21,0,7.5
407,22,0,7.5
407,23,0,7.5
407,24,0,8.642857142857142
407,25,0,8.642857142857142
407,26,0,9.266666666666667
407,27,0,9.5625
407,28,0,9.117647058823529
407,29,0,10.052631578947368
407,30,0,9.65
407,31,0,10.142857142857142
407,32,0,9.772727272727273
407,33,1,10.173913043478262
407,34,0,10.32
408,0,0,0
408,1,0,0
408,2,0,0
408,3,0,3.0
408,4,0,3.0
408,5,0,3.6666666666666665
408,6,0,3.6666666666666665
408,7,0,4.25
408,8,0,4.6
408,9,0,4.833333333333333
408,10,0,5.142857142857143
408,11,0,5.142857142857143
408,12,0,5.142857142857143
408,13,0,5.75
408,14,0,6.222222222222222
408,15,0,6.222222222222222
408,16,0,7.2727272727272725
408,17,0,7.2727272727272725
408,18,0,7.583333333333333
408,19,0,7.583333333333333
408,20,0,8.076923076923077
408,21,0,8.357142857142858
408,22,0,7.933333333333334
408,23,0,7.933333333333334
408,24,0,8.5
408,25,0,8.5
408,26,0,8.157894736842104
408,27,0,8.19047619047619
408,28,2,8.681818181818182
408,29,2,8.434782608695652
408,30,2,8.875
408,31,2,8.68
408,32,3,9.23076923076923
408,33,4,9.11111111111111
408,34,4,9.535714285714286
409,0,0,0
409,1,0,0
409,2,0,0
409,3,0,2.0
409,4,0,3.0
409,5,0,3.0
409,6,0,3.6666666666666665
409,7,0,3.6666666666666665
409,8,0,4.75
409,9,0,4.75
409,10,0,5.4
409,11,0,6.166666666666667
409,12,0,6.166666666666667
409,13,0,6.166666666666667
409,14,0,7.0
409,15,0,7.0
409,16,0,7.0
409,17,0,7.833333333333333
409,18,0,7.833333333333333
409,19,0,7.461538461538462
409,20,0,7.461538461538462
409,21,1,8.5
409,22,1,8.117647058823529
409,23,2,8.61111111111111
409,24,1,8.421052631578947
409,25,2,9.1
409,26,2,8.904761904761905
409,27,5,9.409090909090908
409,28,4,9.916666666666666
409,29,6,10.4
409,30,6,10.23076923076923
409,31,7,10.814814814814815
409,32,6,11.10344827586207
409,33,7,11.10344827586207
409,34,8,11.0
410,0,0,0
410,1,0,0
410,2,0,0
410,3,0,0
410,4,0,4.0
410,5,0,4.0
410,6,0,4.0
410,7,0,4.0
410,8,0,4.75
410,9,0,4.75
410,10,0,4.75
410,11,0,5.666666666666667
410,12,0,5.666666666666667
410,13,0,6.142857142857143
410,14,0,6.375
410,15,0,6.375
410,16,0,6.888888888888889
410,17,0,7.3
410,18,0,7.3
410,19,0,7.909090909090909
410,20,0,7.909090909090909
410,21,0,7.846153846153846
410,22,0,8.285714285714286
410,23,0,8.285714285714286
410,24,0,8.8
410,25,0,9.3125
410,26,0,8.882352941176471
410,27,1,9.38888888888889
410,28,0,9.55
410,29,2,9.55
410,30,4,9.772727272727273
410,31,5,10.26086956521739
410,32,6,10.0
410,33,8,10.52
410,34,8,10.346153846153847
411,0,0,0
411,1,0,0
411,2,0,2.0
411,3,0,2.5
411,4,0,2.5
411,5,0,3.3333333333333335
411,6,0,3.5
411,7,0,3.5
411,8,0,3.6
411,9,0,4.333333333333333
411,10,0,4.333333333333333
411,11,0,4.333333333333333
411,12,0,5.5
411,13,0,5.5
411,14,0,6.5
411,15,0,6.5
411,16,0,7.090909090909091
411,17,0,7.090909090909091
411,18,0,8.076923076923077
411,19,0,8.076923076923077
411,20,0,8.428571428571429
411,21,0,8.428571428571429
411,22,0,9.0
411,23,0,9.0
411,24,0,9.375
411,25,0,9.375
411,26,0,10.277777777777779
411,27,0,10.277777777777779
411,28,0,10.68421052631579
411,29,1,10.68421052631579
411,30,0,10.857142857142858
411,31,0,10.857142857142858
411,32,0,11.0
411,33,0,11.0
411,34,0,11.24
412,0,0,0
412,1,0,0
412,2,0,0
412,3,0,3.0
412,4,0,3.0
412,5,0,3.0
412,6,0,3.3333333333333335
412,7,0,4.25
412,8,0,4.6
412,9,0,4.6
412,10,0,4.6
412,11,0,5.714285714285714
412,12,0,5.714285714285714
412,13,0,5.714285714285714
412,14,0,6.25
412,15,0,7.0
412,16,0,7.5
412,17,0,7.5
412,18,0,8.181818181818182
412,19,0,8.583333333333334
412,20,0,9.153846153846153
412,21,0,9.428571428571429
412,22,0,9.428571428571429
412,23,0,9.733333333333333
412,24,0,10.3125
412,25,0,10.3125
412,26,0,11.11111111111111
412,27,0,10.631578947368421
412,28,0,10.75
412,29,0,10.380952380952381
412,30,1,11.0
412,31,0,10.791666666666666
412,32,0,10.791666666666666
412,33,0,10.52
412,34,0,11.115384615384615
413,0,0,0
413,1,0,0
413,2,0,0
413,3,0,0
413,4,0,4.0
413,5,0,4.0
413,6,0,4.75
413,7,0,4.75
413,8,0,5.0
413,9,0,5.0
413,10,0,5.5
413,11,0,6.0
413,12,0,6.0
413,13,0,6.0
413,14,0,7.111111111111111
413,15,0,7.111111111111111
413,16,0,7.111111111111111
413,17,0,8.272727272727273
413,18,0,8.272727272727273
413,19,0,7.75
413,20,0,7.75
413,21,0,9.071428571428571
413,22,0,9.071428571428571
413,23,0,9.071428571428571
413,24,0,10.3125
413,25,0,10.3125
413,26,0,11.333333333333334
413,27,1,11.333333333333334
413,28,3,11.4
413,29,3,11.4
413,30,5,11.5
413,31,5,11.5
413,32,5,11.75
413,33,6,12.2
413,34,5,12.481481481481481
414,0,0,0
414,1,0,0
414,2,0,0
414,3,0,3.0
414,4,0,3.0
414,5,0,3.0
414,6,0,3.0
414,7,0,4.75
414,8,0,4.75
414,9,0,5.2
414,10,0,5.2
414,11,0,5.857142857142857
414,12,0,5.857142857142857
414,13,0,5.857142857142857
414,14,0,6.0
414,15,0,6.444444444444445
414,16,0,6.444444444444445
414,17,0,7.0
414,18,0,7.090909090909091
414,19,0,7.090909090909091
414,20,0,7.090909090909091
414,21,0,7.583333333333333
414,22,0,7.923076923076923
414,23,0,7.923076923076923
414,24,0,7.923076923076923
414,25,0,8.571428571428571
414,26,0,8.5625
414,27,0,8.61111111111111
414,28,1,9.0
414,29,2,8.7
414,30,2,9.142857142857142
414,31,3,8.909090909090908
414,32,5,9.391304347826088
414,33,4,9.208333333333334
414,34,6,10.115384615384615
415,0,0,0
415,1,0,0
415,2,0,0
415,3,0,3.0
415,4,0,3.0
415,5,0,3.0
415,6,0,3.3333333333333335
415,7,0,3.3333333333333335
415,8,0,4.0
415,9,0,4.6
415,10,0,5.166666666666667
415,11,0,5.571428571428571
415,12,0,5.571428571428571
415,13,0,5.571428571428571
415,14,0,6.25
415,15,0,6.333333333333333
415,16,0,6.333333333333333
415,17,0,7.090909090909091
415,18,0,7.090909090909091
415,19,0,7.090909090909091
415,20,0,7.666666666666667
415,21,0,8.0
415,22,0,8.0
415,23,0,8.0
415,24,0,8.714285714285714
415,25,0,9.2
415,26,0,9.176470588235293
415,27,0,9.176470588235293
415,28,0,9.176470588235293
415,29,0,10.210526315789474
415,30,0,10.210526315789474
415,31,1,10.210526315789474
415,32,0,9.8
415,33,1,10.954545454545455
415,34,0,10.652173913043478
416,0,0,0
416,1,0,0
416,2,0,2.0
416,3,0,2.0
416,4,0,2.6666666666666665
416,5,0,2.6666666666666665
416,6,0,3.6
416,7,0,3.6
416,8,0,4.0
416,9,0,4.0
416,10,0,4.0
416,11,0,4.625
416,12,0,4.777777777777778
416,13,0,5.2
416,14,0,5.083333333333333
416,15,0,5.083333333333333
416,16,0,5.083333333333333
416,17,0,5.6923076923076925
416,18,0,6.071428571428571
416,19,0,6.071428571428571
416,20,0,6.666666666666667
416,21,0,6.666666666666667
416,22,0,7.0625
416,23,0,7.0625
416,24,0,8.0
416,25,0,8.0
416,26,1,8.0
416,27,3,8.0
416,28,6,8.666666666666666
416,29,5,8.782608695652174
416,30,6,9.416666666666666
416,31,5,9.24
416,32,6,9.24
416,33,6,10.035714285714286
416,34,8,10.035714285714286
417,0,0,0
417,1,0,0
417,2,0,0
417,3,0,3.0
417,4,0,3.0
417,5,0,3.0
417,6,0,3.6666666666666665
417,7,0,3.6666666666666665
417,8,0,3.6666666666666665
417,9,0,4.6
417,10,0,4.6
417,11,0,4.6
417,12,0,4.833333333333333
417,13,0,5.285714285714286
417,14,0,5.285714285714286
417,15,0,5.75
417,16,0,6.111111111111111
417,17,0,6.111111111111111
417,18,0,6.111111111111111
417,19,0,7.181818181818182
417,20,0,7.181818181818182
417,21,0,7.181818181818182
417,22,0,7.181818181818182
417,23,0,8.307692307692308
417,24,0,7.857142857142857
417,25,0,7.466666666666667
417,26,0,8.277777777777779
417,27,0,8.0
417,28,0,8.904761904761905
417,29,0,8.904761904761905
417,30,2,8.590909090909092
417,31,3,9.541666666666666
417,32,2,9.28
417,33,2,9.807692307692308
417,34,1,9.62962962962963
418,0,0,0
418,1,0,0
418,2,0,0
418,3,0,3.0
418,4,0,3.0
418,5,0,2.6666666666666665
418,6,0,3.0
418,7,0,3.0
418,8,0,3.4
418,9,0,3.4
418,10,0,4.166666666666667
418,11,0,4.571428571428571
418,12,0,5.0
418,13,0,5.0
418,14,0,5.0
418,15,0,5.666666666666667
418,16,0,6.2
418,17,0,6.636363636363637
418,18,0,6.636363636363637
418,19,0,7.166666666666667
418,20,0,7.769230769230769
418,21,0,7.769230769230769
418,22,0,8.357142857142858
418,23,0,8.866666666666667
418,24,0,8.4375
418,25,1,8.4375
418,26,2,8.31578947368421
418,27,5,8.85
418,28,6,9.136363636363637
418,29,7,9.608695652173912
418,30,6,9.416666666666666
418,31,6,9.76923076923077
418,32,7,9.76923076923077
418,33,7,10.178571428571429
418,34,8,10.6
419,0,0,0
419,1,0,0
419,2,0,0
419,3,0,3.0
419,4,0,3.0
419,5,0,3.0
419,6,0,4.0
419,7,0,4.0
419,8,0,4.5
419,9,0,4.5
419,10,0,5.4
419,11,0,5.4
419,12,0,6.166666666666667
419,13,0,6.714285714285714
419,14,0,6.875
419,15,0,6.875
419,16,0,7.6
419,17,0,7.6
419,18,0,7.6
419,19,0,7.909090909090909
419,20,0,8.583333333333334
419,21,0,8.583333333333334
419,22,0,8.583333333333334
419,23,0,8.5
419,24,0,9.133333333333333
419,25,0,9.176470588235293
419,26,2,9.176470588235293
419,27,3,9.1
419,28,7,9.523809523809524
419,29,6,9.272727272727273
419,30,7,9.272727272727273
419,31,7,10.08
419,32,7,10.08
419,33,6,10.37037037037037
419,34,7,10.793103448275861
420,0,0,0
420,1,0,0
420,2,0,0
420,3,0,0
420,4,0,4.0
420,5,0,4.0
420,6,0,4.0
420,7,0,4.666666666666667
420,8,0,4.666666666666667
420,9,0,4.666666666666667
420,10,0,6.0
420,11,0,6.0
420,12,0,6.5
420,13,0,6.5
420,14,0,7.142857142857143
420,15,0,7.142857142857143
420,16,0,7.75
420,17,0,8.444444444444445
420,18,0,8.444444444444445
420,19,0,9.545454545454545
420,20,0,9.545454545454545
420,21,1,9.545454545454545
420,22,0,9.538461538461538
420,23,1,10.142857142857142
420,24,1,10.0625
420,25,0,10.11111111111111
420,26,1,10.11111111111111
420,27,3,9.904761904761905
420,28,3,10.318181818181818
420,29,3,10.08695652173913
420,30,5,10.08695652173913
420,31,4,10.36
420,32,4,10.653846153846153
420,33,4,10.518518518518519
420,34,5,10.518518518518519
421,0,0,0
421,1,0,0
421,2,0,0
421,3,0,3.0
421,4,0,3.0
421,5,0,3.0
421,6,0,3.0
421,7,0,4.5
421,8,0,4.333333333333333
421,9,0,4.333333333333333
421,10,0,5.2
421,11,0,5.2
421,12,0,5.2
421,13,0,5.666666666666667
421,14,0,6.571428571428571
421,15,0,6.571428571428571
421,16,0,6.571428571428571
421,17,0,7.666666666666667
421,18,0,7.666666666666667
421,19,0,7.666666666666667
421,20,0,7.909090909090909
421,21,0,8.25
421,22,0,8.571428571428571
421,23,0,8.866666666666667
421,24,0,8.866666666666667
421,25,0,9.764705882352942
421,26,0,9.333333333333334
421,27,1,9.631578947368421
421,28,3,9.904761904761905
421,29,5,9.590909090909092
421,30,6,9.590909090909092
421,31,6,9.708333333333334
421,32,7,10.32
421,33,7,10.153846153846153
421,34,8,10.153846153846153
422,0,0,0
422,1,0,1.0
422,2,0,1.5
422,3,0,1.5
422,4,0,2.3333333333333335
422,5,0,2.3333333333333335
422,6,0,2.75
422,7,0,2.75
422,8,0,3.6
422,9,0,3.6
422,10,0,3.8333333333333335
422,11,0,3.8333333333333335
422,12,0,5.0
422,13,0,5.0
422,14,0,5.0
422,15,0,5.0
422,16,0,6.4
422,17,0,6.4
422,18,0,6.4
422,19,0,7.0
422,20,0,7.384615384615385
422,21,0,7.384615384615385
422,22,0,7.533333333333333
422,23,0,7.533333333333333
422,24,0,7.388888888888889
422,25,1,7.894736842105263
422,26,3,7.65
422,27,6,8.142857142857142
422,28,5,8.434782608695652
422,29,4,8.72
422,30,6,9.153846153846153
422,31,5,9.037037037037036
422,32,4,8.964285714285714
422,33,5,9.448275862068966
422,34,5,9.806451612903226
423,0,0,0
423,1,0,0
423,2,0,2.0
423,3,0,2.0
423,4,0,2.0
423,5,0,2.0
423,6,0,3.3333333333333335
423,7,0,3.3333333333333335
423,8,0,4.4
423,9,0,4.4
423,10,0,5.166666666666667
423,11,0,5.571428571428571
423,12,0,5.571428571428571
423,13,0,6.25
423,14,0,6.25
423,15,0,6.666666666666667
423,16,0,6.666666666666667
423,17,1,7.818181818181818
423,18,0,7.333333333333333
423,19,1,7.333333333333333
423,20,0,8.133333333333333
423,21,0,8.133333333333333
423,22,0,8.166666666666666
423,23,0,8.578947368421053
423,24,0,8.25
423,25,1,8.25
423,26,2,8.304347826086957
423,27,3,8.75
423,28,5,8.56
423,29,9,8.56
423,30,8,9.464285714285714
423,31,9,9.464285714285714
423,32,9,9.933333333333334
423,33,10,9.933333333333334
423,34,11,10.34375
424,0,0,0
424,1,0,0
424,2,0,2.0
424,3,0,2.0
424,4,0,3.0
424,5,0,3.0
424,6,0,3.6666666666666665
424,7,0,3.6666666666666665
424,8,0,4.75
424,9,0,5.4
424,10,0,5.4
424,11,0,6.0
424,12,0,6.0
424,13,0,7.25
424,14,0,7.25
424,15,0,7.25
424,16,0,7.25
424,17,0,8.7
424,18,0,8.7
424,19,0,8.7
424,20,0,10.0
424,21,0,10.0
424,22,0,9.384615384615385
424,23,1,9.857142857142858
424,24,2,10.0625
424,25,0,10.055555555555555
424,26,0,9.736842105263158
424,27,1,10.454545454545455
424,28,4,10.454545454545455
424,29,6,10.130434782608695
424,30,8,10.625
424,31,9,11.115384615384615
424,32,10,11.555555555555555
424,33,10,11.357142857142858
424,34,11,12.366666666666667
425,0,0,0
425,1,0,0
425,2,0,0
425,3,0,3.0
425,4,0,3.5
425,5,0,3.5
425,6,0,4.0
425,7,0,4.5
425,8,0,5.0
425,9,0,4.5
425,10,0,4.5
425,11,0,5.285714285714286
425,12,0,5.75
425,13,0,5.75
425,14,0,5.75
425,15,0,7.0
425,16,0,7.0
425,17,0,7.454545454545454
425,18,0,7.454545454545454
425,19,0,8.25
425,20,0,8.285714285714286
425,21,1,8.285714285714286
425,22,0,7.625
425,23,1,8.352941176470589
425,24,1,8.631578947368421
425,25,0,8.631578947368421
425,26,1,9.047619047619047
425,27,2,8.727272727272727
425,28,6,9.833333333333334
425,29,8,9.68
425,30,11,10.192307692307692
425,31,11,10.0
425,32,13,11.0
425,33,12,10.866666666666667
425,34,13,10.866666666666667
426,0,0,0
426,1,0,0
426,2,0,0
426,3,0,0
426,4,0,4.0
426,5,0,4.0
426,6,0,4.333333333333333
426,7,0,4.333333333333333
426,8,0,5.0
426,9,0,5.0
426,10,0,5.6
426,11,0,5.6
426,12,0,6.5
426,13,0,7.142857142857143
426,14,0,7.142857142857143
426,15,0,7.5
426,16,0,8.0
426,17,0,8.3
426,18,1,8.3
426,19,1,7.7272727272727275
426,20,0,8.333333333333334
426,21,0,8.428571428571429
426,22,1,8.133333333333333
426,23,2,8.294117647058824
426,24,2,8.722222222222221
426,25,0,8.473684210526315
426,26,2,8.1
426,27,3,8.5
426,28,5,8.708333333333334
426,29,9,9.2
426,30,8,9.153846153846153
426,31,10,9.153846153846153
426,32,11,10.10344827586207
426,33,10,10.0
426,34,10,10.0
427,0,0,0
427,1,0,0
427,2,0,0
427,3,0,3.0
427,4,0,3.0
427,5,0,3.0
427,6,0,3.5
427,7,0,3.3333333333333335
427,8,0,3.75
427,9,0,3.75
427,10,0,4.0
427,11,0,4.0
427,12,0,4.833333333333333
427,13,0,5.142857142857143
427,14,0,5.142857142857143
427,15,0,5.142857142857143
427,16,0,6.333333333333333
427,17,0,6.333333333333333
427,18,0,6.9
427,19,0,7.181818181818182
427,20,0,7.181818181818182
427,21,0,7.181818181818182
427,22,0,7.916666666666667
427,23,0,8.23076923076923
427,24,0,8.23076923076923
427,25,1,7.785714285714286
427,26,3,8.875
427,27,4,8.529411764705882
427,28,6,8.529411764705882
427,29,5,9.35
427,30,6,9.35
427,31,5,9.19047619047619
427,32,4,9.090909090909092
427,33,4,10.166666666666666
427,34,3,10.08
428,0,0,0
428,1,0,0
428,2,0,2.0
428,3,0,2.0
428,4,0,2.6666666666666665
428,5,0,3.25
428,6,0,3.6
428,7,0,3.6
428,8,0,4.166666666666667
428,9,0,4.571428571428571
428,10,0,5.0
428,11,0,4.666666666666667
428,12,0,4.666666666666667
428,13,0,5.545454545454546
428,14,0,5.545454545454546
428,15,0,5.545454545454546
428,16,0,6.461538461538462
428,17,0,6.461538461538462
428,18,0,7.071428571428571
428,19,0,7.071428571428571
428,20,0,7.466666666666667
428,21,0,7.466666666666667
428,22,0,8.0625
428,23,0,8.0625
428,24,0,9.055555555555555
428,25,0,9.055555555555555
428,26,2,8.68421052631579
428,27,4,8.68421052631579
428,28,5,9.545454545454545
428,29,7,9.304347826086957
428,30,8,9.75
428,31,8,10.153846153846153
428,32,9,10.153846153846153
428,33,8,10.607142857142858
428,34,8,10.9
429,0,0,0
429,1,0,0
429,2,0,0
429,3,0,3.0
429,4,0,3.5
429,5,0,3.3333333333333335
429,6,0,3.3333333333333335
429,7,0,3.75
429,8,0,4.2
429,9,0,4.2
429,10,0,4.666666666666667
429,11,0,5.285714285714286
429,12,0,5.285714285714286
429,13,0,5.285714285714286
429,14,0,6.0
429,15,0,6.666666666666667
429,16,0,6.666666666666667
429,17,0,7.2
429,18,0,7.2
429,19,0,7.818181818181818
429,20,0,8.333333333333334
429,21,0,8.333333333333334
429,22,0,8.923076923076923
429,23,0,9.5
429,24,0,9.5
429,25,0,10.4375
429,26,0,10.4375
429,27,0,10.823529411764707
429,28,0,11.277777777777779
429,29,0,11.277777777777779
429,30,1,11.15
429,31,1,11.666666666666666
429,32,0,11.272727272727273
429,33,1,11.272727272727273
429,34,0,11.416666666666666
430,0,0,0
430,1,0,0
430,2,0,0
430,3,0,2.0
430,4,0,2.0
430,5,0,3.0
430,6,0,3.3333333333333335
430,7,0,3.3333333333333335
430,8,0,4.0
430,9,0,4.0
430,10,0,4.8
430,11,0,4.8
430,12,0,5.666666666666667
430,13,0,5.666666666666667
430,14,0,7.0
430,15,0,7.0
430,16,0,7.0
430,17,0,7.0
430,18,0,8.5
430,19,0,8.5
430,20,0,8.583333333333334
430,21,0,9.23076923076923
430,22,0,8.4
430,23,0,9.0
430,24,0,9.222222222222221
430,25,0,9.736842105263158
430,26,0,9.736842105263158
430,27,0,10.35
430,28,0,9.952380952380953
430,29,1,10.545454545454545
430,30,1,10.173913043478262
430,31,1,10.833333333333334
430,32,2,11.115384615384615
430,33,4,11.115384615384615
430,34,5,11.5
431,0,0,0
431,1,0,0
431,2,0,0
431,3,0,3.0
431,4,0,3.0
431,5,0,3.0
431,6,0,4.0
431,7,0,4.75
431,8,0,4.75
431,9,0,5.4
431,10,0,6.0
431,11,0,6.0
431,12,0,6.0
431,13,0,6.875
431,14,0,6.875
431,15,0,6.875
431,16,0,6.875
431,17,0,7.7
431,18,0,7.7
431,19,0,7.7
431,20,0,7.7
431,21,0,8.666666666666666
431,22,0,8.666666666666666
431,23,0,8.666666666666666
431,24,0,8.666666666666666
431,25,0,9.714285714285714
431,26,0,9.714285714285714
431,27,0,9.2
431,28,0,9.625
431,29,0,10.294117647058824
431,30,0,10.294117647058824
431,31,0,10.294117647058824
431,32,0,11.473684210526315
431,33,0,11.473684210526315
431,34,0,11.473684210526315
432,0,0,0
432,1,0,0
432,2,0,0
432,3,0,2.0
432,4,0,2.0
432,5,0,2.0
432,6,0,2.0
432,7,0,2.3333333333333335
432,8,0,2.3333333333333335
432,9,0,3.0
432,10,0,3.6
432,11,0,3.6
432,12,0,3.6
432,13,0,4.5
432,14,0,5.142857142857143
432,15,0,5.75
432,16,0,5.75
432,17,0,6.444444444444445
432,18,0,7.1
432,19,0,7.1
432,20,0,7.1
432,21,0,8.166666666666666
432,22,0,8.166666666666666
432,23,0,8.461538461538462
432,24,0,9.142857142857142
432,25,0,9.142857142857142
432,26,0,10.125
432,27,0,9.647058823529411
432,28,1,9.647058823529411
432,29,2,9.277777777777779
432,30,3,10.35
432,31,2,10.047619047619047
432,32,2,10.047619047619047
432,33,3,10.26086956521739
432,34,3,10.916666666666666
433,0,0,0
433,1,0,0
433,2,0,2.0
433,3,0,2.0
433,4,0,2.0
433,5,0,2.6666666666666665
433,6,0,3.5
433,7,0,3.5
433,8,0,3.5
433,9,0,4.833333333333333
433,10,0,4.833333333333333
433,11,0,5.428571428571429
433,12,0,5.428571428571429
433,13,0,6.25
433,14,0,6.777777777777778
433,15,0,7.2
433,16,0,7.2
433,17,0,8.083333333333334
433,18,0,8.083333333333334
433,19,0,8.083333333333334
433,20,0,8.083333333333334
433,21,0,8.666666666666666
433,22,1,8.666666666666666
433,23,0,8.3125
433,24,2,8.823529411764707
433,25,0,9.105263157894736
433,26,2,9.105263157894736
433,27,1,9.045454545454545
433,28,3,9.045454545454545
433,29,3,9.416666666666666
433,30,3,9.88
433,31,2,9.807692307692308
433,32,4,9.807692307692308
433,33,3,10.178571428571429
433,34,3,10.655172413793103
434,0,0,0
434,1,0,0
434,2,0,0
434,3,0,0
434,4,0,4.0
434,5,0,4.0
434,6,0,4.0
434,7,0,4.0
434,8,0,5.5
434,9,0,5.5
434,10,0,5.5
434,11,0,6.2
434,12,0,6.5
434,13,0,6.5
434,14,0,6.5
434,15,0,7.428571428571429
434,16,0,7.875
434,17,0,8.555555555555555
434,18,0,8.555555555555555
434,19,0,8.555555555555555
434,20,0,9.1
434,21,0,9.818181818181818
434,22,0,10.333333333333334
434,23,0,9.692307692307692
434,24,0,9.692307692307692
434,25,1,10.4375
434,26,4,10.4375
434,27,4,10.61111111111111
434,28,5,10.61111111111111
434,29,8,10.85
434,30,8,10.85
434,31,7,11.272727272727273
434,32,9,11.272727272727273
434,33,8,12.24
434,34,8,12.24
435,0,0,0
435,1,0,0
435,2,0,2.0
435,3,0,2.0
435,4,0,2.3333333333333335
435,5,0,3.0
435,6,0,3.2
435,7,0,3.2
435,8,0,3.2
435,9,0,3.8333333333333335
435,10,0,4.285714285714286
435,11,0,4.285714285714286
435,12,0,4.285714285714286
435,13,0,5.0
435,14,0,5.555555555555555
435,15,0,5.555555555555555
435,16,0,5.555555555555555
435,17,0,6.818181818181818
435,18,0,6.818181818181818
435,19,0,6.818181818181818
435,20,0,8.0
435,21,0,8.0
435,22,0,7.571428571428571
435,23,1,8.333333333333334
435,24,2,8.470588235294118
435,25,1,8.166666666666666
435,26,1,8.842105263157896
435,27,1,8.952380952380953
435,28,2,9.590909090909092
435,29,3,9.434782608695652
435,30,3,9.833333333333334
435,31,2,10.23076923076923
435,32,3,10.23076923076923
435,33,3,10.428571428571429
435,34,3,11.0
436,0,0,0
436,1,0,0
436,2,0,2.0
436,3,0,2.0
436,4,0,2.0
436,5,0,2.0
436,6,0,3.3333333333333335
436,7,0,3.5
436,8,0,3.5
436,9,0,3.5
436,10,0,4.666666666666667
436,11,0,4.666666666666667
436,12,0,4.666666666666667
436,13,0,5.142857142857143
436,14,0,6.125
436,15,0,5.666666666666667
436,16,0,5.666666666666667
436,17,0,6.2
436,18,0,7.090909090909091
436,19,1,7.583333333333333
436,20,0,7.153846153846154
436,21,0,7.153846153846154
436,22,0,7.882352941176471
436,23,0,7.882352941176471
436,24,0,8.210526315789474
436,25,0,8.9
436,26,0,9.333333333333334
436,27,0,9.333333333333334
436,28,1,9.0
436,29,2,9.695652173913043
436,30,3,9.88
436,31,3,10.538461538461538
436,32,3,10.333333333333334
436,33,5,10.785714285714286
436,34,4,10.620689655172415
437,0,0,0
437,1,0,0
437,2,0,0
437,3,0,0
437,4,0,4.0
437,5,0,4.0
437,6,0,4.0
437,7,0,5.0
437,8,0,5.0
437,9,0,5.25
437,10,0,5.25
437,11,0,6.333333333333333
437,12,0,6.333333333333333
437,13,0,6.333333333333333
437,14,0,7.285714285714286
437,15,0,7.75
437,16,0,7.8
437,17,0,7.8
437,18,0,8.272727272727273
437,19,0,8.272727272727273
437,20,0,8.538461538461538
437,21,0,8.538461538461538
437,22,0,8.25
437,23,0,8.25
437,24,1,9.0
437,25,0,9.105263157894736
437,26,0,8.7
437,27,1,8.954545454545455
437,28,3,9.333333333333334
437,29,4,9.08
437,30,6,9.08
437,31,6,9.407407407407407
437,32,6,9.89655172413793
437,33,6,9.89655172413793
437,34,6,10.290322580645162
438,0,0,0
438,1,0,0
438,2,0,0
438,3,0,0
438,4,0,4.0
438,5,0,4.0
438,6,0,4.0
438,7,0,4.75
438,8,0,4.75
438,9,0,4.75
438,10,0,4.75
438,11,0,5.5
438,12,0,5.5
438,13,0,5.5
438,14,0,5.714285714285714
438,15,0,6.75
438,16,0,6.75
438,17,0,7.0
438,18,0,7.9
438,19,0,7.9
438,20,0,8.636363636363637
438,21,0,9.0
438,22,0,9.0
438,23,0,9.0
438,24,0,10.142857142857142
438,25,0,10.142857142857142
438,26,0,10.142857142857142
438,27,0,11.1875
438,28,0,10.647058823529411
438,29,0,11.055555555555555
438,30,2,11.68421052631579
438,31,1,11.571428571428571
438,32,2,11.571428571428571
438,33,1,11.227272727272727
438,34,2,11.91304347826087
439,0,0,0
439,1,0,0
439,2,0,0
439,3,0,3.0
439,4,0,3.5
439,5,0,3.3333333333333335
439,6,0,3.3333333333333335
439,7,0,4.25
439,8,0,4.6
439,9,0,4.6
439,10,0,5.333333333333333
439,11,0,5.714285714285714
439,12,0,6.25
439,13,0,6.555555555555555
439,14,0,6.555555555555555
439,15,0,7.1
439,16,0,7.545454545454546
439,17,0,8.0
439,18,0,8.0
439,19,0,8.0
439,20,0,8.928571428571429
439,21,0,8.928571428571429
439,22,0,8.928571428571429
439,23,0,9.625
439,24,0,9.625
439,25,0,9.625
439,26,2,9.61111111111111
439,27,2,9.65
439,28,2,9.65
439,29,2,9.772727272727273
439,30,3,9.772727272727273
439,31,4,10.125
439,32,4,10.125
439,33,3,10.461538461538462
439,34,4,10.925925925925926
440,0,0,0
440,1,0,0
440,2,0,0
440,3,0,3.0
440,4,0,3.5
440,5,0,3.6666666666666665
440,6,0,3.6666666666666665
440,7,0,4.5
440,8,0,4.5
440,9,0,5.5
440,10,0,5.5
440,11,0,5.5
440,12,0,6.625
440,13,0,6.625
440,14,0,6.625
440,15,0,7.333333333333333
440,16,0,7.9
440,17,0,7.9
440,18,0,8.636363636363637
440,19,0,8.615384615384615
440,20,0,8.615384615384615
440,21,0,8.866666666666667
440,22,0,8.5
440,23,0,9.117647058823529
440,24,0,8.722222222222221
440,25,0,9.368421052631579
440,26,0,9.571428571428571
440,27,0,9.571428571428571
440,28,1,9.869565217391305
440,29,3,10.416666666666666
440,30,2,10.615384615384615
440,31,2,10.615384615384615
440,32,2,10.857142857142858
440,33,3,11.379310344827585
440,34,2,11.2
441,0,0,0
441,1,0,0
441,2,0,0
441,3,0,0
441,4,0,4.0
441,5,0,4.0
441,6,0,4.0
441,7,0,5.0
441,8,0,5.0
441,9,0,5.0
441,10,0,5.0
441,11,0,6.5
441,12,0,6.5
441,13,0,6.5
441,14,0,7.285714285714286
441,15,0,8.0
441,16,0,8.0
441,17,0,8.777777777777779
441,18,0,9.3
441,19,0,9.636363636363637
441,20,0,9.636363636363637
441,21,0,10.166666666666666
441,22,0,10.166666666666666
441,23,0,10.071428571428571
441,24,0,10.071428571428571
441,25,0,9.647058823529411
441,26,0,9.647058823529411
441,27,0,9.736842105263158
441,28,1,10.3
441,29,0,10.5
441,30,0,10.625
441,31,0,10.625
441,32,0,10.32
441,33,0,10.884615384615385
441,34,0,11.071428571428571
442,0,0,0
442,1,0,0
442,2,0,0
442,3,0,0
442,4,0,4.0
442,5,0,4.0
442,6,0,4.0
442,7,0,5.0
442,8,0,4.75
442,9,0,4.75
442,10,0,5.6
442,11,0,5.833333333333333
442,12,0,5.833333333333333
442,13,0,6.75
442,14,0,6.75
442,15,0,6.75
442,16,0,7.111111111111111
442,17,0,7.9
442,18,0,8.090909090909092
442,19,0,8.23076923076923
442,20,0,8.23076923076923
442,21,0,8.75
442,22,0,8.75
442,23,1,8.352941176470589
442,24,3,8.722222222222221
442,25,4,8.95
442,26,4,8.95
442,27,3,9.045454545454545
442,28,4,9.608695652173912
442,29,6,9.458333333333334
442,30,7,9.458333333333334
442,31,6,9.76923076923077
442,32,6,10.333333333333334
442,33,7,10.620689655172415
442,34,7,10.620689655172415
443,0,0,0
443,1,0,0
443,2,0,2.0
443,3,0,2.0
443,4,0,2.0
443,5,0,2.0
443,6,0,3.3333333333333335
443,7,0,3.3333333333333335
443,8,0,4.0
443,9,0,4.0
443,10,0,4.0
443,11,0,4.833333333333333
443,12,0,4.833333333333333
443,13,0,5.75
443,14,0,5.75
443,15,0,5.75
443,16,0,6.8
443,17,0,6.8
443,18,0,6.2727272727272725
443,19,0,6.3076923076923075
443,20,0,6.928571428571429
443,21,0,6.6
443,22,0,7.0625
443,23,0,7.588235294117647
443,24,0,7.631578947368421
443,25,0,7.631578947368421
443,26,1,7.9523809523809526
443,27,1,7.681818181818182
443,28,1,8.130434782608695
443,29,1,8.0
443,30,3,8.56
443,31,4,8.851851851851851
443,32,5,9.357142857142858
443,33,5,9.206896551724139
443,34,6,9.666666666666666
444,0,0,0
444,1,0,0
444,2,0,0
444,3,0,3.0
444,4,0,3.0
444,5,0,3.6666666666666665
444,6,0,4.0
444,7,0,4.2
444,8,0,4.2
444,9,0,4.2
444,10,0,4.666666666666667
444,11,0,5.285714285714286
444,12,0,5.285714285714286
444,13,0,5.285714285714286
444,14,0,6.0
444,15,0,6.555555555555555
444,16,0,6.555555555555555
444,17,0,7.2
444,18,0,7.2
444,19,0,7.909090909090909
444,20,0,7.909090909090909
444,21,0,8.0
444,22,0,8.642857142857142
444,23,0,8.75
444,24,0,8.75
444,25,0,8.352941176470589
444,26,0,9.2
444,27,1,9.2
444,28,0,9.454545454545455
444,29,2,9.454545454545455
444,30,2,9.75
444,31,3,10.36
444,32,2,10.115384615384615
444,33,4,10.115384615384615
444,34,5,11.03448275862069
445,0,0,0
445,1,0,0
445,2,0,0
445,3,0,0
445,4,0,3.5
445,5,0,3.5
445,6,0,3.5
445,7,0,3.5
445,8,0,4.75
445,9,0,4.75
445,10,0,4.75
445,11,0,5.4
445,12,0,6.0
445,13,0,5.75
445,14,0,6.222222222222222
445,15,0,6.6
445,16,0,6.6
445,17,0,6.181818181818182
445,18,0,7.076923076923077
445,19,0,7.076923076923077
445,20,0,7.076923076923077
445,21,0,7.266666666666667
445,22,0,7.8125
445,23,0,7.529411764705882
445,24,0,7.529411764705882
445,25,1,8.11111111111111
445,26,0,8.3
445,27,0,8.3
445,28,0,8.681818181818182
445,29,0,8.681818181818182
445,30,1,9.217391304347826
445,31,1,9.48
445,32,1,9.48
445,33,2,9.777777777777779
445,34,2,10.357142857142858
446,0,0,0
446,1,0,0
446,2,0,0
446,3,0,0
446,4,0,4.0
446,5,0,4.0
446,6,0,4.333333333333333
446,7,0,4.0
446,8,0,4.6
446,9,0,4.6
446,10,0,4.6
446,11,0,5.428571428571429
446,12,0,5.428571428571429
446,13,0,5.75
446,14,0,6.222222222222222
446,15,0,6.222222222222222
446,16,0,7.0
446,17,0,7.0
446,18,0,7.0
446,19,0,8.0
446,20,0,8.0
446,21,0,8.0
446,22,0,9.0
446,23,0,9.0
446,24,0,9.0
446,25,0,9.5625
446,26,0,10.058823529411764
446,27,1,10.052631578947368
446,28,1,10.052631578947368
446,29,1,10.636363636363637
446,30,1,10.636363636363637
446,31,0,10.875
446,32,1,10.875
446,33,0,11.115384615384615
446,34,0,11.115384615384615
447,0,0,0
447,1,0,0
447,2,0,2.0
447,3,0,2.5
447,4,0,2.5
447,5,0,2.5
447,6,0,3.6666666666666665
447,7,0,3.5
447,8,0,3.5
447,9,0,3.5
447,10,0,4.666666666666667
447,11,0,4.666666666666667
447,12,0,4.666666666666667
447,13,0,5.142857142857143
447,14,0,5.875
447,15,0,5.875
447,16,0,5.875
447,17,0,6.555555555555555
447,18,0,7.3
447,19,0,7.3
447,20,0,7.3
447,21,0,8.75
447,22,0,8.23076923076923
447,23,0,8.928571428571429
447,24,0,8.533333333333333
447,25,0,9.1875
447,26,0,8.38888888888889
447,27,0,9.6
447,28,0,9.333333333333334
447,29,0,9.333333333333334
447,30,0,9.521739130434783
447,31,0,10.166666666666666
447,32,0,10.346153846153847
447,33,0,10.346153846153847
447,34,1,10.678571428571429
448,0,0,0
448,1,0,0
448,2,0,2.0
448,3,0,2.5
448,4,0,3.0
448,5,0,3.0
448,6,0,3.5
448,7,0,4.0
448,8,0,4.0
448,9,0,4.666666666666667
448,10,0,5.142857142857143
448,11,0,5.142857142857143
448,12,0,5.625
448,13,0,5.625
448,14,0,6.222222222222222
448,15,0,6.222222222222222
448,16,0,6.8
448,17,0,6.8
448,18,0,7.545454545454546
448,19,0,8.166666666666666
448,20,0,8.76923076923077
448,21,0,8.285714285714286
448,22,0,8.4375
448,23,0,8.4375
448,24,0,9.210526315789474
448,25,2,9.210526315789474
448,26,2,8.9
448,27,2,9.954545454545455
448,28,2,9.695652173913043
448,29,4,10.166666666666666
448,30,4,10.576923076923077
448,31,5,10.576923076923077
448,32,6,10.892857142857142
448,33,6,11.413793103448276
448,34,6,11.64516129032258
449,0,0,0
449,1,0,0
449,2,0,2.0
449,3,0,2.5
449,4,0,2.5
449,5,0,2.5
449,6,0,4.0
449,7,0,4.0
449,8,0,4.0
449,9,0,4.833333333333333
449,10,0,4.833333333333333
449,11,0,4.833333333333333
449,12,0,4.833333333333333
449,13,0,6.125
449,14,0,6.125
449,15,0,6.444444444444445
449,16,0,6.9
449,17,0,6.9
449,18,0,7.363636363636363
449,19,0,7.833333333333333
449,20,0,8.23076923076923
449,21,0,8.23076923076923
449,22,0,8.642857142857142
449,23,0,8.642857142857142
449,24,0,9.066666666666666
449,25,0,9.5625
449,26,0,9.882352941176471
449,27,0,9.444444444444445
449,28,0,9.894736842105264
449,29,1,10.3
449,30,1,9.904761904761905
449,31,2,10.409090909090908
449,32,3,10.5
449,33,3,10.5
449,34,2,10.73076923076923
450,0,0,0
450,1,0,0
450,2,0,0
450,3,0,3.0
450,4,0,3.5
450,5,0,3.5
450,6,0,3.5
450,7,0,5.0
450,8,0,5.0
450,9,0,5.0
450,10,0,5.8
450,11,0,6.333333333333333
450,12,0,6.333333333333333
450,13,0,6.857142857142857
450,14,0,6.888888888888889
450,15,0,6.888888888888889
450,16,0,7.090909090909091
450,17,0,7.090909090909091
450,18,1,7.461538461538462
450,19,4,7.461538461538462
450,20,0,7.733333333333333
450,21,0,7.733333333333333
450,22,0,8.31578947368421
450,23,3,8.31578947368421
450,24,2,8.714285714285714
450,25,2,9.227272727272727
450,26,1,8.875
450,27,3,9.36
450,28,3,9.88888888888889
450,29,3,9.88888888888889
450,30,6,10.448275862068966
450,31,8,10.448275862068966
450,32,7,10.838709677419354
450,33,7,11.3125
450,34,7,11.212121212121213
451,0,0,0
451,1,0,0
451,2,0,2.0
451,3,0,2.5
451,4,0,2.5
451,5,0,3.3333333333333335
451,6,0,3.75
451,7,0,3.75
451,8,0,4.0
451,9,0,4.0
451,10,0,4.5
451,11,0,4.5
451,12,0,5.142857142857143
451,13,0,5.75
451,14,0,6.222222222222222
451,15,0,6.222222222222222
451,16,0,6.222222222222222
451,17,0,6.916666666666667
451,18,0,6.916666666666667
451,19,0,6.615384615384615
451,20,0,7.214285714285714
451,21,0,7.375
451,22,0,7.555555555555555
451,23,0,7.2631578947368425
451,24,0,7.2631578947368425
451,25,0,7.523809523809524
451,26,2,7.782608695652174
451,27,6,7.583333333333333
451,28,9,7.4
451,29,10,8.37037037037037
451,30,10,8.25
451,31,10,8.25
451,32,10,9.225806451612904
451,33,12,9.225806451612904
451,34,11,9.1875
452,0,0,0
452,1,0,0
452,2,0,2.0
452,3,0,2.3333333333333335
452,4,0,2.3333333333333335
452,5,0,3.0
452,6,0,3.0
452,7,0,3.2
452,8,0,3.2
452,9,0,4.0
452,10,0,3.857142857142857
452,11,0,4.625
452,12,0,4.625
452,13,0,4.777777777777778
452,14,0,4.777777777777778
452,15,0,5.6
452,16,0,5.2727272727272725
452,17,0,6.230769230769231
452,18,0,6.230769230769231
452,19,0,6.230769230769231
452,20,0,6.333333333333333
452,21,0,7.0625
452,22,0,6.611111111111111
452,23,2,7.0
452,24,0,6.523809523809524
452,25,2,7.181818181818182
452,26,5,7.32
452,27,5,7.32
452,28,6,7.1923076923076925
452,29,9,7.814814814814815
452,30,10,8.172413793103448
452,31,10,8.172413793103448
452,32,11,8.133333333333333
452,33,11,8.774193548387096
452,34,10,9.242424242424242
453,0,0,0
453,1,0,0
453,2,0,0
453,3,0,3.0
453,4,0,3.0
453,5,0,3.6666666666666665
453,6,0,3.6666666666666665
453,7,0,3.6666666666666665
453,8,0,4.8
453,9,0,4.8
453,10,0,4.8
453,11,0,4.8
453,12,0,6.0
453,13,0,6.0
453,14,0,6.0
453,15,0,5.875
453,16,0,6.666666666666667
453,17,0,6.5
453,18,0,6.5
453,19,0,6.090909090909091
453,20,0,6.846153846153846
453,21,0,6.571428571428571
453,22,0,6.666666666666667
453,23,0,7.3125
453,24,0,7.3125
453,25,0,7.3125
453,26,0,7.894736842105263
453,27,0,7.894736842105263
453,28,0,8.19047619047619
453,29,0,8.19047619047619
453,30,1,8.26086956521739
453,31,3,8.26086956521739
453,32,2,8.64
453,33,2,8.884615384615385
453,34,1,8.74074074074074
454,0,0,0
454,1,0,0
454,2,0,0
454,3,0,3.0
454,4,0,3.5
454,5,0,3.5
454,6,0,4.0
454,7,0,4.75
454,8,0,4.75
454,9,0,5.2
454,10,0,5.833333333333333
454,11,0,5.375
454,12,0,5.375
454,13,0,6.0
454,14,0,6.1
454,15,0,6.1
454,16,0,6.833333333333333
454,17,0,6.833333333333333
454,18,0,7.076923076923077
454,19,0,7.642857142857143
454,20,0,7.642857142857143
454,21,0,8.1875
454,22,0,8.1875
454,23,0,8.1875
454,24,0,8.647058823529411
454,25,0,8.88888888888889
454,26,0,8.88888888888889
454,27,0,8.88888888888889
454,28,0,9.285714285714286
454,29,0,9.285714285714286
454,30,0,9.285714285714286
454,31,0,9.285714285714286
454,32,0,9.916666666666666
454,33,0,9.916666666666666
454,34,0,9.916666666666666
455,0,0,0
455,1,0,0
455,2,0,0
455,3,0,2.5
455,4,0,2.5
455,5,0,2.5
455,6,0,3.75
455,7,0,3.75
455,8,0,4.2
455,9,0,4.2
455,10,0,5.0
455,11,0,5.0
455,12,0,5.571428571428571
455,13,0,5.571428571428571
455,14,0,6.375
455,15,0,6.375
455,16,0,7.7
455,17,0,7.181818181818182
455,18,0,7.181818181818182
455,19,1,7.461538461538462
455,20,0,8.071428571428571
455,21,1,7.733333333333333
455,22,4,8.0
455,23,7,8.555555555555555
455,24,7,8.31578947368421
455,25,7,8.9
455,26,8,9.0
455,27,9,9.44
455,28,11,9.961538461538462
455,29,13,9.962962962962964
455,30,13,10.0
455,31,14,10.517241379310345
455,32,13,11.03225806451613
455,33,13,11.03125
455,34,13,11.515151515151516
456,0,0,0
456,1,0,0
456,2,0,2.0
456,3,0,2.0
456,4,0,2.0
456,5,0,2.0
456,6,0,3.6666666666666665
456,7,0,3.6666666666666665
456,8,0,3.6666666666666665
456,9,0,3.6666666666666665
456,10,0,5.2
456,11,0,5.2
456,12,0,5.2
456,13,0,5.833333333333333
456,14,0,6.714285714285714
456,15,0,6.714285714285714
456,16,0,6.714285714285714
456,17,1,7.5
456,18,1,7.5
456,19,0,7.090909090909091
456,20,0,7.75
456,21,0,8.142857142857142
456,22,0,7.733333333333333
456,23,2,7.9411764705882355
456,24,2,8.157894736842104
456,25,2,8.157894736842104
456,26,1,7.95
456,27,3,9.045454545454545
456,28,5,8.91304347826087
456,29,8,9.92
456,30,8,9.807692307692308
456,31,9,9.807692307692308
456,32,9,10.655172413793103
456,33,9,10.655172413793103
456,34,9,10.566666666666666
457,0,0,0
457,1,0,0
457,2,0,0
457,3,0,3.0
457,4,0,3.0
457,5,0,3.0
457,6,0,3.0
457,7,0,4.5
457,8,0,4.5
457,9,0,4.5
457,10,0,4.5
457,11,0,6.0
457,12,0,6.0
457,13,0,6.571428571428571
457,14,0,6.571428571428571
457,15,0,7.375
457,16,0,7.375
457,17,0,8.0
457,18,0,8.8
457,19,1,8.8
457,20,0,8.916666666666666
457,21,0,9.461538461538462
457,22,0,9.6
457,23,1,9.125
457,24,1,8.705882352941176
457,25,1,8.894736842105264
457,26,3,9.5
457,27,3,9.285714285714286
457,28,5,9.863636363636363
457,29,6,10.125
457,30,7,10.125
457,31,7,9.96
457,32,7,10.538461538461538
457,33,7,10.928571428571429
457,34,9,10.928571428571429
458,0,0,0
458,1,0,0
458,2,0,2.0
458,3,0,2.5
458,4,0,2.3333333333333335
458,5,0,2.3333333333333335
458,6,0,3.4
458,7,0,3.4
458,8,0,4.285714285714286
458,9,0,4.285714285714286
458,10,0,4.285714285714286
458,11,0,4.75
458,12,0,5.222222222222222
458,13,0,5.222222222222222
458,14,0,5.7
458,15,0,5.7
458,16,0,6.833333333333333
458,17,0,6.833333333333333
458,18,0,6.833333333333333
458,19,0,7.384615384615385
458,20,0,8.0
458,21,0,7.6
458,22,0,8.0625
458,23,1,8.0625
458,24,1,8.736842105263158
458,25,1,8.736842105263158
458,26,4,9.454545454545455
458,27,4,9.454545454545455
458,28,3,9.666666666666666
458,29,4,9.666666666666666
458,30,6,9.961538461538462
458,31,7,10.37037037037037
458,32,7,10.25
458,33,9,10.25
458,34,8,11.129032258064516
459,0,0,0
459,1,0,0
459,2,0,2.0
459,3,0,2.5
459,4,0,2.5
459,5,0,3.3333333333333335
459,6,0,3.75
459,7,0,3.75
459,8,0,3.75
459,9,0,5.166666666666667
459,10,0,5.166666666666667
459,11,0,5.857142857142857
459,12,0,5.857142857142857
459,13,0,6.5
459,14,0,6.5
459,15,0,7.222222222222222
459,16,0,7.222222222222222
459,17,0,7.9
459,18,1,8.636363636363637
459,19,0,8.083333333333334
459,20,0,8.76923076923077
459,21,1,9.066666666666666
459,22,0,9.235294117647058
459,23,0,9.235294117647058
459,24,0,9.0
459,25,1,9.526315789473685
459,26,0,9.761904761904763
459,27,2,10.272727272727273
459,28,1,10.541666666666666
459,29,1,10.541666666666666
459,30,1,10.76923076923077
459,31,2,11.25925925925926
459,32,1,11.071428571428571
459,33,1,11.551724137931034
459,34,0,11.333333333333334
460,0,0,0
460,1,0,0
460,2,0,2.0
460,3,0,2.0
460,4,0,3.0
460,5,0,3.0
460,6,0,4.0
460,7,0,4.0
460,8,0,4.5
460,9,0,4.8
460,10,0,4.8
460,11,0,5.5
460,12,0,6.0
460,13,0,6.5
460,14,0,6.888888888888889
460,15,0,6.888888888888889
460,16,0,7.5
460,17,1,7.5
460,18,1,7.583333333333333
460,19,1,7.583333333333333
460,20,0,7.928571428571429
460,21,0,7.928571428571429
460,22,1,8.0
460,23,1,8.61111111111111
460,24,0,8.666666666666666
460,25,0,9.090909090909092
460,26,0,8.91304347826087
460,27,0,8.625
460,28,0,9.16
460,29,0,9.333333333333334
460,30,0,9.333333333333334
460,31,0,9.655172413793103
460,32,1,10.1
460,33,2,9.870967741935484
460,34,1,10.181818181818182
461,0,0,0
461,1,0,0
461,2,0,0
461,3,0,2.5
461,4,0,2.5
461,5,0,2.6666666666666665
461,6,0,3.25
461,7,0,3.0
461,8,0,3.0
461,9,0,3.7142857142857144
461,10,0,4.125
461,11,0,4.666666666666667
461,12,0,4.666666666666667
461,13,0,5.0
461,14,0,5.545454545454546
461,15,0,5.833333333333333
461,16,0,5.833333333333333
461,17,0,6.3076923076923075
461,18,0,6.642857142857143
461,19,0,6.642857142857143
461,20,0,6.933333333333334
461,21,0,7.4375
461,22,0,7.4375
461,23,0,7.4375
461,24,0,8.38888888888889
461,25,0,8.38888888888889
461,26,0,8.38888888888889
461,27,1,8.952380952380953
461,28,1,8.952380952380953
461,29,0,9.173913043478262
461,30,1,9.173913043478262
461,31,1,9.48
461,32,3,9.48
461,33,2,9.62962962962963
461,34,2,9.62962962962963
462,0,0,0
462,1,0,0
462,2,0,0
462,3,0,0
462,4,0,3.0
462,5,0,3.0
462,6,0,3.0
462,7,0,3.75
462,8,0,3.75
462,9,0,4.4
462,10,0,4.333333333333333
462,11,0,4.333333333333333
462,12,0,5.0
462,13,0,5.25
462,14,0,5.888888888888889
462,15,0,6.0
462,16,0,6.0
462,17,0,6.181818181818182
462,18,0,6.666666666666667
462,19,0,6.666666666666667
462,20,0,6.923076923076923
462,21,0,7.357142857142857
462,22,0,7.357142857142857
462,23,0,7.733333333333333
462,24,0,7.733333333333333
462,25,0,8.3125
462,26,0,8.333333333333334
462,27,1,8.333333333333334
462,28,2,8.052631578947368
462,29,2,9.047619047619047
462,30,1,8.818181818181818
462,31,2,8.818181818181818
462,32,3,9.083333333333334
462,33,4,9.68
462,34,3,9.576923076923077
463,0,0,0
463,1,0,0
463,2,0,0
463,3,0,0
463,4,0,4.0
463,5,0,4.0
463,6,0,3.5
463,7,0,3.5
463,8,0,4.666666666666667
463,9,0,4.75
463,10,0,5.6
463,11,0,5.6
463,12,0,5.6
463,13,0,6.0
463,14,0,6.857142857142857
463,15,0,6.857142857142857
463,16,0,7.375
463,17,0,8.11111111111111
463,18,0,7.5
463,19,0,7.5
463,20,0,7.909090909090909
463,21,0,8.153846153846153
463,22,0,8.153846153846153
463,23,0,8.928571428571429
463,24,0,9.266666666666667
463,25,0,8.8125
463,26,0,9.421052631578947
463,27,0,9.421052631578947
463,28,1,9.421052631578947
463,29,2,9.05
463,30,2,9.91304347826087
463,31,2,9.91304347826087
463,32,1,9.666666666666666
463,33,1,9.666666666666666
463,34,0,10.666666666666666
464,0,0,0
464,1,0,0
464,2,0,2.0
464,3,0,2.0
464,4,0,2.5
464,5,0,2.5
464,6,0,3.0
464,7,0,3.5
464,8,0,3.5
464,9,0,4.0
464,10,0,4.5
464,11,0,5.0
464,12,0,5.0
464,13,0,5.0
464,14,0,6.222222222222222
464,15,0,6.222222222222222
464,16,0,6.8
464,17,0,6.8
464,18,0,7.833333333333333
464,19,0,7.833333333333333
464,20,0,8.785714285714286
464,21,0,8.785714285714286
464,22,0,9.2
464,23,0,9.2
464,24,0,9.61111111111111
464,25,0,9.61111111111111
464,26,0,10.0
464,27,0,10.0
464,28,0,10.55
464,29,0,10.857142857142858
464,30,0,10.454545454545455
464,31,0,10.91304347826087
464,32,0,10.91304347826087
464,33,0,11.25
464,34,0,11.25
465,0,0,0
465,1,0,0
465,2,0,0
465,3,0,3.0
465,4,0,3.0
465,5,0,3.0
465,6,0,3.6666666666666665
465,7,0,4.0
465,8,0,4.0
465,9,0,4.0
465,10,0,5.0
465,11,0,5.0
465,12,0,5.0
465,13,0,5.571428571428571
465,14,0,6.25
465,15,0,6.25
465,16,0,6.25
465,17,0,7.6
465,18,0,7.6
465,19,0,7.6
465,20,0,7.6
465,21,0,8.833333333333334
465,22,0,8.833333333333334
465,23,0,8.833333333333334
465,24,0,9.615384615384615
465,25,0,9.6
465,26,0,9.125
465,27,0,9.823529411764707
465,28,1,9.894736842105264
465,29,1,9.894736842105264
465,30,1,10.19047619047619
465,31,1,10.727272727272727
465,32,0,10.478260869565217
465,33,1,11.125
465,34,0,11.384615384615385
466,0,0,0
466,1,0,0
466,2,0,2.0
466,3,0,2.5
466,4,0,2.5
466,5,0,3.3333333333333335
466,6,0,3.75
466,7,0,3.75
466,8,0,3.75
466,9,0,5.0
466,10,0,5.0
466,11,0,5.0
466,12,0,6.0
466,13,0,6.0
466,14,0,6.0
466,15,0,7.0
466,16,0,7.0
466,17,0,7.545454545454546
466,18,0,7.916666666666667
466,19,0,7.461538461538462
466,20,0,7.461538461538462
466,21,3,8.1875
466,22,3,7.823529411764706
466,23,3,7.823529411764706
466,24,2,8.157894736842104
466,25,2,8.095238095238095
466,26,2,8.045454545454545
466,27,2,8.043478260869565
466,28,3,8.92
466,29,4,8.884615384615385
466,30,5,9.678571428571429
466,31,5,9.551724137931034
466,32,4,9.433333333333334
466,33,5,9.32258064516129
466,34,6,10.212121212121213
467,0,0,0
467,1,0,0
467,2,0,0
467,3,0,3.0
467,4,0,3.0
467,5,0,3.0
467,6,0,3.6666666666666665
467,7,0,3.6666666666666665
467,8,0,3.6666666666666665
467,9,0,4.25
467,10,0,5.0
467,11,0,5.0
467,12,0,5.666666666666667
467,13,0,6.428571428571429
467,14,0,6.625
467,15,0,7.222222222222222
467,16,0,7.222222222222222
467,17,0,7.6
467,18,0,8.272727272727273
467,19,0,8.272727272727273
467,20,0,8.666666666666666
467,21,0,8.666666666666666
467,22,0,9.307692307692308
467,23,0,9.307692307692308
467,24,0,9.785714285714286
467,25,0,9.9375
467,26,0,9.470588235294118
467,27,2,9.11111111111111
467,28,5,9.35
467,29,9,9.857142857142858
467,30,8,9.590909090909092
467,31,10,10.08695652173913
467,32,9,10.44
467,33,9,10.44
467,34,10,10.777777777777779
468,0,0,0
468,1,0,0
468,2,0,2.0
468,3,0,2.5
468,4,0,3.0
468,5,0,3.0
468,6,0,3.0
468,7,0,3.25
468,8,0,4.0
468,9,0,4.0
468,10,0,4.857142857142857
468,11,0,4.857142857142857
468,12,0,5.25
468,13,0,5.888888888888889
468,14,0,6.2
468,15,0,6.2
468,16,0,6.7272727272727275
468,17,0,6.7272727272727275
468,18,0,6.769230769230769
468,19,0,7.0
468,20,0,7.0
468,21,1,7.388888888888889
468,22,0,7.105263157894737
468,23,0,7.105263157894737
468,24,0,7.818181818181818
468,25,0,7.818181818181818
468,26,0,7.565217391304348
468,27,1,8.28
468,28,1,8.038461538461538
468,29,2,8.296296296296296
468,30,3,8.142857142857142
468,31,2,8.533333333333333
468,32,2,8.774193548387096
468,33,1,9.151515151515152
468,34,1,9.151515151515152
469,0,0,0
469,1,0,0
469,2,0,2.0
469,3,0,2.0
469,4,0,2.6666666666666665
469,5,0,2.6666666666666665
469,6,0,2.6666666666666665
469,7,0,3.8
469,8,0,3.8
469,9,0,4.166666666666667
469,10,0,4.166666666666667
469,11,0,5.0
469,12,0,5.0
469,13,0,5.5
469,14,0,6.222222222222222
469,15,0,6.6
469,16,0,7.181818181818182
469,17,0,7.181818181818182
469,18,0,7.5
469,19,0,7.5
469,20,0,8.5
469,21,0,8.5
469,22,0,9.133333333333333
469,23,0,9.25
469,24,0,9.25
469,25,0,9.352941176470589
469,26,1,10.055555555555555
469,27,0,9.631578947368421
469,28,0,10.25
469,29,0,10.136363636363637
469,30,1,10.136363636363637
469,31,2,10.416666666666666
469,32,2,10.68
469,33,2,10.423076923076923
469,34,2,10.423076923076923
470,0,0,0
470,1,0,0
470,2,0,0
470,3,0,2.0
470,4,0,2.5
470,5,0,3.0
470,6,0,3.0
470,7,0,3.0
470,8,0,4.0
470,9,0,4.0
470,10,0,4.0
470,11,0,4.0
470,12,0,5.428571428571429
470,13,0,5.428571428571429
470,14,0,5.428571428571429
470,15,0,5.444444444444445
470,16,0,6.1
470,17,0,5.7272727272727275
470,18,1,6.25
470,19,2,5.923076923076923
470,20,0,6.5
470,21,0,6.333333333333333
470,22,1,6.529411764705882
470,23,4,6.947368421052632
470,24,4,6.947368421052632
470,25,3,7.238095238095238
470,26,3,7.238095238095238
470,27,4,7.695652173913044
470,28,4,7.695652173913044
470,29,5,8.04
470,30,7,8.04
470,31,8,8.74074074074074
470,32,9,9.107142857142858
470,33,9,9.275862068965518
470,34,8,9.741935483870968
471,0,0,0
471,1,0,0
471,2,0,0
471,3,0,0
471,4,0,4.0
471,5,0,4.0
471,6,0,4.0
471,7,0,4.0
471,8,0,5.0
471,9,0,5.0
471,10,0,5.75
471,11,0,6.6
471,12,0,6.6
471,13,0,6.6
471,14,0,7.333333333333333
471,15,0,8.0
471,16,0,8.0
471,17,0,8.75
471,18,0,9.333333333333334
471,19,0,8.6
471,20,0,8.6
471,21,0,9.384615384615385
471,22,0,8.857142857142858
471,23,0,8.466666666666667
471,24,0,9.277777777777779
471,25,0,8.947368421052632
471,26,1,9.55
471,27,2,9.391304347826088
471,28,1,9.125
471,29,1,9.56
471,30,2,9.88888888888889
471,31,4,9.88888888888889
471,32,3,9.75
471,33,2,10.033333333333333
471,34,2,10.612903225806452
472,0,0,0
472,1,0,0
472,2,0,0
472,3,0,3.0
472,4,0,3.0
472,5,0,2.5
472,6,0,2.5
472,7,0,4.0
472,8,0,4.25
472,9,0,4.25
472,10,0,5.166666666666667
472,11,0,5.166666666666667
472,12,0,5.166666666666667
472,13,0,6.0
472,14,0,6.375
472,15,0,6.888888888888889
472,16,0,7.2
472,17,0,7.2
472,18,0,8.0
472,19,0,8.0
472,20,0,8.307692307692308
472,21,0,8.307692307692308
472,22,0,8.466666666666667
472,23,0,8.6875
472,24,0,8.352941176470589
472,25,0,8.0
472,26,0,8.666666666666666
472,27,1,8.130434782608695
472,28,1,8.458333333333334
472,29,2,8.24
472,30,2,8.555555555555555
472,31,3,8.928571428571429
472,32,3,9.233333333333333
472,33,5,9.233333333333333
472,34,6,9.5
473,0,0,0
473,1,0,0
473,2,0,2.0
473,3,0,2.0
473,4,0,2.0
473,5,0,2.75
473,6,0,2.75
473,7,0,2.75
473,8,0,3.6666666666666665
473,9,0,3.6666666666666665
473,10,0,3.6666666666666665
473,11,0,4.285714285714286
473,12,0,4.875
473,13,0,4.875
473,14,0,4.875
473,15,0,5.222222222222222
473,16,0,5.9
473,17,0,5.9
473,18,0,6.2727272727272725
473,19,0,6.833333333333333
473,20,0,6.833333333333333
473,21,0,6.833333333333333
473,22,0,7.3076923076923075
473,23,0,7.857142857142857
473,24,0,7.857142857142857
473,25,0,8.333333333333334
473,26,0,8.9375
473,27,0,8.9375
473,28,0,9.470588235294118
473,29,0,10.055555555555555
473,30,0,10.055555555555555
473,31,0,11.1
473,32,1,10.666666666666666
473,33,1,11.136363636363637
473,34,0,11.291666666666666
474,0,0,0
474,1,0,0
474,2,0,0
474,3,0,3.0
474,4,0,3.5
474,5,0,4.0
474,6,0,4.0
474,7,0,4.2
474,8,0,4.2
474,9,0,4.833333333333333
474,10,0,4.833333333333333
474,11,0,5.571428571428571
474,12,0,6.25
474,13,0,6.25
474,14,0,6.5
474,15,0,7.090909090909091
474,16,0,7.090909090909091
474,17,1,7.75
474,18,3,7.3076923076923075
474,19,3,7.6
474,20,0,8.1875
474,21,0,7.9411764705882355
474,22,1,8.555555555555555
474,23,4,8.714285714285714
474,24,4,8.714285714285714
474,25,3,8.304347826086957
474,26,5,9.4
474,27,7,9.23076923076923
474,28,10,9.74074074074074
474,29,9,10.344827586206897
474,30,9,10.344827586206897
474,31,9,11.375
474,32,9,11.375
474,33,9,11.941176470588236
474,34,11,12.342857142857143
475,0,0,0
475,1,0,0
475,2,0,0
475,3,0,0
475,4,0,4.0
475,5,0,4.0
475,6,0,4.666666666666667
475,7,0,4.666666666666667
475,8,0,4.666666666666667
475,9,0,5.5
475,10,0,6.2
475,11,0,6.2
475,12,0,6.833333333333333
475,13,0,7.428571428571429
475,14,0,7.428571428571429
475,15,0,7.428571428571429
475,16,0,8.11111111111111
475,17,0,8.11111111111111
475,18,0,8.8
475,19,0,8.909090909090908
475,20,0,8.909090909090908
475,21,0,8.909090909090908
475,22,0,9.666666666666666
475,23,0,9.76923076923077
475,24,0,9.866666666666667
475,25,0,9.866666666666667
475,26,0,10.222222222222221
475,27,0,9.789473684210526
475,28,0,9.789473684210526
475,29,0,9.35
475,30,2,10.227272727272727
475,31,1,9.869565217391305
475,32,2,9.869565217391305
475,33,2,10.0
475,34,2,10.576923076923077
476,0,0,0
476,1,0,0
476,2,0,0
476,3,0,3.0
476,4,0,3.0
476,5,0,4.0
476,6,0,4.0
476,7,0,4.5
476,8,0,5.0
476,9,0,5.0
476,10,0,6.0
476,11,0,6.0
476,12,0,6.0
476,13,0,7.0
476,14,0,7.0
476,15,0,7.0
476,16,2,7.5
476,17,2,7.153846153846154
476,18,2,7.153846153846154
476,19,5,8.0
476,20,0,8.0
476,21,0,7.5
476,22,1,8.052631578947368
476,23,3,8.333333333333334
476,24,7,8.333333333333334
476,25,7,7.869565217391305
476,26,7,8.96
476,27,9,8.807692307692308
476,28,13,9.222222222222221
476,29,12,9.793103448275861
476,30,13,9.793103448275861
476,31,12,9.866666666666667
476,32,12,10.71875
476,33,11,10.909090909090908
476,34,13,11.294117647058824
477,0,0,0
477,1,0,0
477,2,0,2.0
477,3,0,2.0
477,4,0,3.3333333333333335
477,5,0,3.3333333333333335
477,6,0,3.3333333333333335
477,7,0,3.3333333333333335
477,8,0,5.0
477,9,0,5.0
477,10,0,5.333333333333333
477,11,0,6.0
477,12,0,6.0
477,13,1,6.0
477,14,0,6.111111111111111
477,15,2,6.9
477,16,1,6.636363636363637
477,17,1,7.083333333333333
477,18,1,7.5
477,19,2,7.5
477,20,0,7.4
477,21,0,8.588235294117647
477,22,0,8.157894736842104
477,23,0,8.157894736842104
477,24,0,8.8
477,25,0,9.238095238095237
477,26,0,9.478260869565217
477,27,0,9.52
477,28,0,9.52
477,29,0,9.52
477,30,1,10.214285714285714
477,31,2,10.214285714285714
477,32,2,9.96551724137931
477,33,3,10.903225806451612
477,34,2,10.71875
478,0,0,0
478,1,0,0
478,2,0,0
478,3,0,0
478,4,0,3.0
478,5,0,3.0
478,6,0,3.3333333333333335
478,7,0,4.0
478,8,0,4.0
478,9,0,4.0
478,10,0,4.333333333333333
478,11,0,4.857142857142857
478,12,0,4.857142857142857
478,13,0,5.5
478,14,0,5.5
478,15,0,6.7
478,16,0,6.7
478,17,0,6.7
478,18,0,7.363636363636363
478,19,0,7.916666666666667
478,20,0,7.916666666666667
478,21,0,8.461538461538462
478,22,0,9.071428571428571
478,23,0,8.6
478,24,0,8.764705882352942
478,25,0,9.166666666666666
478,26,0,8.842105263157896
478,27,1,9.047619047619047
478,28,3,9.047619047619047
478,29,3,9.217391304347826
478,30,5,9.217391304347826
478,31,4,9.64
478,32,3,9.461538461538462
478,33,3,9.962962962962964
478,34,2,10.413793103448276
479,0,0,0
479,1,0,0
479,2,0,2.0
479,3,0,2.5
479,4,0,2.5
479,5,0,3.3333333333333335
479,6,0,3.3333333333333335
479,7,0,4.6
479,8,0,4.6
479,9,0,4.6
479,10,0,5.333333333333333
479,11,0,6.0
479,12,0,6.0
479,13,0,6.888888888888889
479,14,0,6.888888888888889
479,15,0,6.888888888888889
479,16,0,6.888888888888889
479,17,0,8.181818181818182
479,18,0,8.181818181818182
479,19,0,8.181818181818182
479,20,0,8.153846153846153
479,21,0,8.857142857142858
479,22,0,8.4
479,23,0,8.8125
479,24,0,8.8125
479,25,0,9.055555555555555
479,26,0,9.526315789473685
479,27,2,9.15
479,28,1,9.454545454545455
479,29,3,9.541666666666666
479,30,4,10.12
479,31,4,9.923076923076923
479,32,6,10.333333333333334
479,33,6,10.655172413793103
479,34,6,10.870967741935484
480,0,0,0
480,1,0,0
480,2,0,0
480,3,0,0
480,4,0,0
480,5,0,3.0
480,6,0,3.5
480,7,0,4.0
480,8,0,4.0
480,9,0,4.0
480,10,0,4.5
480,11,0,5.2
480,12,0,5.666666666666667
480,13,0,5.666666666666667
480,14,0,5.857142857142857
480,15,0,6.25
480,16,0,6.25
480,17,0,6.25
480,18,0,6.333333333333333
480,19,0,7.0
480,20,0,7.181818181818182
480,21,0,7.181818181818182
480,22,0,7.181818181818182
480,23,0,8.076923076923077
480,24,0,8.076923076923077
480,25,0,8.428571428571429
480,26,0,8.8
480,27,0,8.8
480,28,0,9.1875
480,29,0,9.647058823529411
480,30,0,9.222222222222221
480,31,1,9.631578947368421
480,32,2,9.714285714285714
480,33,3,9.714285714285714
480,34,2,9.454545454545455
481,0,0,0
481,1,0,0
481,2,0,0
481,3,0,0
481,4,0,4.0
481,5,0,4.0
481,6,0,4.0
481,7,0,5.0
481,8,0,5.5
481,9,0,6.0
481,10,0,6.0
481,11,0,6.333333333333333
481,12,0,6.333333333333333
481,13,0,7.375
481,14,0,7.375
481,15,0,8.3
481,16,0,8.3
481,17,0,8.166666666666666
481,18,0,8.166666666666666
481,19,0,8.285714285714286
481,20,0,8.733333333333333
481,21,0,8.375
481,22,2,9.0
481,23,3,8.666666666666666
481,24,4,8.85
481,25,0,8.619047619047619
481,26,0,9.695652173913043
481,27,1,9.24
481,28,5,9.73076923076923
481,29,5,10.0
481,30,5,9.862068965517242
481,31,5,10.4
481,32,5,10.84375
481,33,6,10.84375
481,34,6,11.382352941176471
482,0,0,0
482,1,0,0
482,2,0,2.0
482,3,0,2.5
482,4,0,2.5
482,5,0,3.0
482,6,0,3.75
482,7,0,3.75
482,8,0,4.2
482,9,0,4.5
482,10,0,4.5
482,11,0,5.375
482,12,0,5.375
482,13,0,5.375
482,14,0,6.0
482,15,0,6.5
482,16,0,7.0
482,17,0,7.5
482,18,0,7.5
482,19,0,7.5
482,20,0,8.571428571428571
482,21,0,8.571428571428571
482,22,0,9.1875
482,23,0,9.1875
482,24,0,9.1875
482,25,0,9.764705882352942
482,26,0,10.055555555555555
482,27,0,9.631578947368421
482,28,0,10.2
482,29,2,9.857142857142858
482,30,3,10.181818181818182
482,31,2,9.869565217391305
482,32,2,10.375
482,33,1,10.16
482,34,2,10.538461538461538
483,0,0,0
483,1,0,0
483,2,0,0
483,3,0,0
483,4,0,4.0
483,5,0,4.0
483,6,0,4.0
483,7,0,4.0
483,8,0,5.0
483,9,0,5.5
483,10,0,5.5
483,11,0,5.5
483,12,0,6.2
483,13,0,6.833333333333333
483,14,0,6.833333333333333
483,15,0,7.75
483,16,0,7.75
483,17,0,7.75
483,18,0,8.8
483,19,0,8.8
483,20,0,9.181818181818182
483,21,0,9.181818181818182
483,22,0,10.076923076923077
483,23,0,10.076923076923077
483,24,0,10.571428571428571
483,25,0,10.571428571428571
483,26,0,10.866666666666667
483,27,1,11.4375
483,28,3,10.882352941176471
483,29,3,11.277777777777779
483,30,3,11.45
483,31,4,11.80952380952381
483,32,3,11.5
483,33,4,12.043478260869565
483,34,4,11.833333333333334
484,0,0,0
484,1,0,0
484,2,0,0
484,3,0,0
484,4,0,3.5
484,5,0,3.5
484,6,0,3.5
484,7,0,4.333333333333333
484,8,0,5.0
484,9,0,5.0
484,10,0,5.0
484,11,0,5.8
484,12,0,6.666666666666667
484,13,0,7.285714285714286
484,14,0,7.875
484,15,0,7.875
484,16,0,8.8
484,17,0,8.8
484,18,0,9.090909090909092
484,19,0,9.416666666666666
484,20,0,9.76923076923077
484,21,0,9.76923076923077
484,22,0,9.76923076923077
484,23,0,10.6
484,24,0,10.6
484,25,0,11.0625
484,26,0,10.88888888888889
484,27,1,10.473684210526315
484,28,1,10.473684210526315
484,29,4,10.619047619047619
484,30,6,11.045454545454545
484,31,5,10.782608695652174
484,32,5,11.208333333333334
484,33,5,11.423076923076923
484,34,5,11.423076923076923
485,0,0,0
485,1,0,0
485,2,0,0
485,3,0,3.0
485,4,0,3.5
485,5,0,3.5
485,6,0,4.333333333333333
485,7,0,5.0
485,8,0,5.0
485,9,0,5.4
485,10,0,5.4
485,11,0,6.166666666666667
485,12,0,6.166666666666667
485,13,0,6.714285714285714
485,14,0,7.25
485,15,0,7.25
485,16,0,8.3
485,17,0,7.7272727272727275
485,18,0,8.538461538461538
485,19,0,8.071428571428571
485,20,0,8.071428571428571
485,21,0,7.733333333333333
485,22,0,8.444444444444445
485,23,1,8.157894736842104
485,24,2,7.9
485,25,2,8.476190476190476
485,26,2,8.73913043478261
485,27,2,9.291666666666666
485,28,2,9.423076923076923
485,29,4,9.88888888888889
485,30,5,9.785714285714286
485,31,6,10.068965517241379
485,32,5,9.966666666666667
485,33,5,10.78125
485,34,5,10.666666666666666
486,0,0,0
486,1,0,0
486,2,0,2.0
486,3,0,2.0
486,4,0,3.0
486,5,0,3.0
486,6,0,3.6666666666666665
486,7,0,3.6666666666666665
486,8,0,4.75
486,9,0,5.2
486,10,0,5.2
486,11,0,6.0
486,12,0,6.571428571428571
486,13,0,6.571428571428571
486,14,0,6.571428571428571
486,15,0,7.375
486,16,0,8.0
486,17,0,8.0
486,18,0,7.818181818181818
486,19,0,7.818181818181818
486,20,0,9.0
486,21,0,9.0
486,22,0,9.0
486,23,0,9.0
486,24,0,9.6875
486,25,0,9.235294117647058
486,26,0,9.235294117647058
486,27,0,10.15
486,28,0,10.15
486,29,1,10.272727272727273
486,30,0,9.91304347826087
486,31,2,10.583333333333334
486,32,2,10.615384615384615
486,33,3,10.615384615384615
486,34,3,10.37037037037037
487,0,0,0
487,1,0,0
487,2,0,0
487,3,0,0
487,4,0,3.0
487,5,0,3.0
487,6,0,4.0
487,7,0,4.0
487,8,0,4.0
487,9,0,4.8
487,10,0,4.8
487,11,0,5.333333333333333
487,12,0,5.428571428571429
487,13,0,5.428571428571429
487,14,0,5.428571428571429
487,15,0,6.125
487,16,0,6.444444444444445
487,17,0,6.444444444444445
487,18,0,6.9
487,19,0,7.636363636363637
487,20,0,7.636363636363637
487,21,0,7.538461538461538
487,22,0,7.538461538461538
487,23,0,7.8
487,24,1,7.8
487,25,1,8.0
487,26,4,7.666666666666667
487,27,7,8.15
487,28,7,8.409090909090908
487,29,8,8.409090909090908
487,30,10,8.26086956521739
487,31,11,9.28
487,32,10,9.192307692307692
487,33,10,9.666666666666666
487,34,10,9.678571428571429
488,0,0,0
488,1,0,0
488,2,0,2.0
488,3,0,2.0
488,4,0,2.0
488,5,0,2.0
488,6,0,3.0
488,7,0,3.0
488,8,0,3.0
488,9,0,4.0
488,10,0,4.0
488,11,0,4.0
488,12,0,4.0
488,13,0,5.0
488,14,0,5.428571428571429
488,15,0,5.428571428571429
488,16,0,6.375
488,17,0,6.375
488,18,0,7.6
488,19,0,7.6
488,20,0,8.090909090909092
488,21,0,8.090909090909092
488,22,0,8.833333333333334
488,23,0,8.833333333333334
488,24,0,8.857142857142858
488,25,0,8.857142857142858
488,26,0,9.6
488,27,0,9.588235294117647
488,28,0,9.11111111111111
488,29,1,9.842105263157896
488,30,0,9.952380952380953
488,31,0,9.952380952380953
488,32,0,10.173913043478262
488,33,0,10.833333333333334
488,34,0,10.833333333333334
489,0,0,0
489,1,0,0
489,2,0,2.0
489,3,0,2.0
489,4,0,2.0
489,5,0,2.0
489,6,0,3.6666666666666665
489,7,0,3.6666666666666665
489,8,0,4.5
489,9,0,5.0
489,10,0,5.166666666666667
489,11,0,5.166666666666667
489,12,0,5.142857142857143
489,13,0,5.75
489,14,0,5.888888888888889
489,15,0,6.5
489,16,0,6.166666666666667
489,17,0,6.6923076923076925
489,18,0,6.6923076923076925
489,19,0,6.857142857142857
489,20,0,6.857142857142857
489,21,0,7.625
489,22,0,7.625
489,23,0,8.333333333333334
489,24,0,8.333333333333334
489,25,0,8.0
489,26,0,8.3
489,27,0,8.409090909090908
489,28,2,8.652173913043478
489,29,2,8.416666666666666
489,30,3,8.416666666666666
489,31,4,8.925925925925926
489,32,4,8.925925925925926
489,33,5,9.10344827586207
489,34,6,9.10344827586207
490,0,0,0
490,1,0,0
490,2,0,0
490,3,0,0
490,4,0,4.0
490,5,0,3.5
490,6,0,3.5
490,7,0,4.0
490,8,0,4.5
490,9,0,4.5
490,10,0,4.5
490,11,0,5.0
490,12,0,5.833333333333333
490,13,0,6.285714285714286
490,14,0,6.5
490,15,0,6.5
490,16,0,6.777777777777778
490,17,0,7.3
490,18,0,7.3
490,19,0,8.166666666666666
490,20,0,8.166666666666666
490,21,0,8.166666666666666
490,22,0,8.692307692307692
490,23,0,9.142857142857142
490,24,0,9.142857142857142
490,25,0,9.529411764705882
490,26,0,9.529411764705882
490,27,1,9.529411764705882
490,28,1,9.578947368421053
490,29,1,9.95
490,30,1,9.666666666666666
490,31,3,9.666666666666666
490,32,3,10.416666666666666
490,33,3,10.416666666666666
490,34,2,10.2
491,0,0,0
491,1,0,0
491,2,0,2.0
491,3,0,2.0
491,4,0,2.5
491,5,0,3.3333333333333335
491,6,0,3.3333333333333335
491,7,0,3.5
491,8,0,4.2
491,9,0,4.2
491,10,0,4.2
491,11,0,4.666666666666667
491,12,0,5.571428571428571
491,13,0,5.571428571428571
491,14,0,5.571428571428571
491,15,0,6.888888888888889
491,16,0,6.888888888888889
491,17,0,6.888888888888889
491,18,0,8.090909090909092
491,19,0,8.090909090909092
491,20,0,8.090909090909092
491,21,0,8.583333333333334
491,22,0,9.307692307692308
491,23,1,9.307692307692308
491,24,1,9.9375
491,25,0,9.470588235294118
491,26,1,9.166666666666666
491,27,2,9.25
491,28,3,9.857142857142858
491,29,6,9.681818181818182
491,30,8,10.08695652173913
491,31,9,9.875
491,32,9,10.923076923076923
491,33,8,10.851851851851851
491,34,7,10.714285714285714
492,0,0,0
492,1,0,0
492,2,0,0
492,3,0,0
492,4,0,3.5
492,5,0,3.5
492,6,0,3.6666666666666665
492,7,0,4.0
492,8,0,4.4
492,9,0,4.5
492,10,0,4.5
492,11,0,5.0
492,12,0,5.0
492,13,0,5.5
492,14,0,5.5
492,15,0,6.222222222222222
492,16,0,6.222222222222222
492,17,0,6.8
492,18,0,6.8
492,19,0,7.916666666666667
492,20,0,7.916666666666667
492,21,0,7.916666666666667
492,22,0,8.615384615384615
492,23,0,8.733333333333333
492,24,0,8.733333333333333
492,25,0,8.375
492,26,0,9.0
492,27,0,9.210526315789474
492,28,1,9.210526315789474
492,29,2,9.476190476190476
492,30,4,9.476190476190476
492,31,4,9.869565217391305
492,32,4,10.458333333333334
492,33,4,10.24
492,34,5,10.807692307692308
493,0,0,0
493,1,0,0
493,2,0,0
493,3,0,2.5
493,4,0,2.5
493,5,0,2.5
493,6,0,3.3333333333333335
493,7,0,4.25
493,8,0,4.25
493,9,0,4.25
493,10,0,5.5
493,11,0,5.5
493,12,0,5.5
493,13,0,5.5
493,14,0,7.0
493,15,0,7.0
493,16,0,7.444444444444445
493,17,0,8.2
493,18,0,8.545454545454545
493,19,0,8.545454545454545
493,20,0,8.384615384615385
493,21,0,8.666666666666666
493,22,0,8.666666666666666
493,23,0,8.25
493,24,1,9.166666666666666
493,25,2,8.5
493,26,3,8.952380952380953
493,27,6,9.217391304347826
493,28,7,9.583333333333334
493,29,7,9.4
493,30,9,9.884615384615385
493,31,9,10.142857142857142
493,32,10,10.142857142857142
493,33,9,10.068965517241379
493,34,11,10.935483870967742
494,0,0,0
494,1,0,0
494,2,0,0
494,3,0,3.0
494,4,0,3.5
494,5,0,3.5
494,6,0,3.5
494,7,0,5.0
494,8,0,5.0
494,9,0,5.0
494,10,0,5.8
494,11,0,6.333333333333333
494,12,0,6.333333333333333
494,13,0,7.0
494,14,0,7.5
494,15,0,7.5
494,16,0,7.5
494,17,0,8.333333333333334
494,18,0,8.8
494,19,0,8.8
494,20,0,8.916666666666666
494,21,0,8.916666666666666
494,22,0,10.142857142857142
494,23,0,10.142857142857142
494,24,0,10.142857142857142
494,25,0,11.375
494,26,1,11.375
494,27,0,11.38888888888889
494,28,0,11.38888888888889
494,29,2,11.65
494,30,4,12.19047619047619
494,31,3,11.772727272727273
494,32,3,11.772727272727273
494,33,3,12.6
494,34,3,12.6
495,0,0,0
495,1,0,0
495,2,0,0
495,3,0,3.0
495,4,0,3.5
495,5,0,3.5
495,6,0,4.333333333333333
495,7,0,4.333333333333333
495,8,0,5.0
495,9,0,5.6
495,10,0,5.833333333333333
495,11,0,5.833333333333333
495,12,0,5.833333333333333
495,13,0,6.428571428571429
495,14,0,6.875
495,15,0,6.875
495,16,0,7.555555555555555
495,17,0,7.9
495,18,0,7.9
495,19,0,8.916666666666666
495,20,0,8.916666666666666
495,21,0,8.916666666666666
495,22,0,9.071428571428571
495,23,1,9.533333333333333
495,24,0,8.647058823529411
495,25,0,8.647058823529411
495,26,0,8.75
495,27,1,9.238095238095237
495,28,2,9.0
495,29,4,9.478260869565217
495,30,3,9.88
495,31,4,9.88
495,32,4,10.607142857142858
495,33,4,10.607142857142858
495,34,5,10.933333333333334
496,0,0,0
496,1,0,0
496,2,0,2.0
496,3,0,2.0
496,4,0,2.6666666666666665
496,5,0,2.6666666666666665
496,6,0,2.6666666666666665
496,7,0,3.4
496,8,0,3.4
496,9,0,3.8333333333333335
496,10,0,3.857142857142857
496,11,0,3.857142857142857
496,12,0,3.857142857142857
496,13,0,4.777777777777778
496,14,0,4.777777777777778
496,15,0,4.777777777777778
496,16,0,4.777777777777778
496,17,0,5.636363636363637
496,18,0,5.636363636363637
496,19,0,5.636363636363637
496,20,0,5.636363636363637
496,21,0,6.846153846153846
496,22,0,6.846153846153846
496,23,0,7.571428571428571
496,24,0,7.571428571428571
496,25,0,7.866666666666666
496,26,0,7.888888888888889
496,27,0,7.888888888888889
496,28,0,8.571428571428571
496,29,2,8.571428571428571
496,30,3,8.318181818181818
496,31,4,8.318181818181818
496,32,3,9.16
496,33,5,9.16
496,34,5,9.038461538461538
497,0,0,0
497,1,0,0
497,2,0,0
497,3,0,3.0
497,4,0,3.0
497,5,0,3.3333333333333335
497,6,0,4.0
497,7,0,4.0
497,8,0,4.666666666666667
497,9,0,4.666666666666667
497,10,0,4.857142857142857
497,11,0,4.857142857142857
497,12,0,5.888888888888889
497,13,0,5.888888888888889
497,14,0,5.8
497,15,0,5.8
497,16,0,6.416666666666667
497,17,0,6.416666666666667
497,18,0,6.416666666666667
497,19,0,6.416666666666667
497,20,0,6.866666666666666
497,21,0,6.866666666666666
497,22,0,6.625
497,23,0,7.5
497,24,0,7.2105263157894735
497,25,0,7.9
497,26,0,7.9
497,27,0,8.727272727272727
497,28,0,8.434782608695652
497,29,2,8.434782608695652
497,30,1,9.038461538461538
497,31,1,9.038461538461538
497,32,1,9.428571428571429
497,33,1,9.655172413793103
497,34,0,9.533333333333333
498,0,0,0
498,1,0,0
498,2,0,0
498,3,0,3.0
498,4,0,3.5
498,5,0,3.5
498,6,0,4.0
498,7,0,4.25
498,8,0,4.4
498,9,0,4.4
498,10,0,5.0
498,11,0,5.0
498,12,0,5.428571428571429
498,13,0,5.428571428571429
498,14,0,6.125
498,15,0,6.555555555555555
498,16,0,6.555555555555555
498,17,0,6.555555555555555
498,18,0,7.4
498,19,0,7.909090909090909
498,20,0,7.909090909090909
498,21,0,7.909090909090909
498,22,1,9.23076923076923
498,23,1,8.266666666666667
498,24,3,8.8125
498,25,2,8.68421052631579
498,26,4,8.68421052631579
498,27,6,8.238095238095237
498,28,7,8.772727272727273
498,29,8,9.208333333333334
498,30,11,9.208333333333334
498,31,12,9.653846153846153
498,32,13,9.653846153846153
498,33,12,10.142857142857142
498,34,14,10.620689655172415
499,0,0,0
499,1,0,0
499,2,0,0
499,3,0,3.0
499,4,0,3.5
499,5,0,3.6666666666666665
499,6,0,3.6666666666666665
499,7,0,3.6666666666666665
499,8,0,5.0
499,9,0,5.0
499,10,0,5.0
499,11,0,6.285714285714286
499,12,0,6.285714285714286
499,13,0,6.285714285714286
499,14,0,7.444444444444445
499,15,0,7.444444444444445
499,16,0,7.444444444444445
499,17,1,8.0
499,18,1,8.083333333333334
499,19,1,8.083333333333334
499,20,0,8.866666666666667
499,21,0,8.866666666666667
499,22,0,8.625
499,23,0,9.31578947368421
499,24,0,9.0
499,25,0,8.666666666666666
499,26,3,8.91304347826087
499,27,3,9.16
499,28,5,9.16
499,29,4,8.961538461538462
499,30,5,9.518518518518519
499,31,5,9.931034482758621
499,32,5,10.433333333333334
499,33,5,10.35483870967742
499,34,5,10.84375
500,0,0,0
500,1,0,0
500,2,0,2.0
500,3,0,2.0
500,4,0,2.0
500,5,0,3.6666666666666665
500,6,0,3.6666666666666665
500,7,0,3.6666666666666665
500,8,0,4.5
500,9,0,5.0
500,10,0,5.0
500,11,0,5.833333333333333
500,12,0,6.428571428571429
500,13,0,7.0
500,14,0,7.0
500,15,0,7.0
500,16,0,7.666666666666667
500,17,0,7.818181818181818
500,18,0,7.818181818181818
500,19,1,7.818181818181818
500,20,0,8.714285714285714
500,21,0,8.714285714285714
500,22,0,8.705882352941176
500,23,0,9.277777777777779
500,24,0,8.894736842105264
500,25,2,9.45
500,26,2,8.818181818181818
500,27,3,9.916666666666666
500,28,4,9.68
500,29,6,9.68
500,30,5,10.037037037037036
500,31,4,10.448275862068966
500,32,4,10.448275862068966
500,33,3,10.870967741935484
500,34,3,11.375
501,0,0,0
501,1,0,0
501,2,0,2.0
501,3,0,2.0
501,4,0,3.0
501,5,0,3.0
501,6,0,4.5
501,7,0,4.5
501,8,0,5.0
501,9,0,5.0
501,10,0,5.571428571428571
501,11,0,5.571428571428571
501,12,0,5.571428571428571
501,13,0,5.571428571428571
501,14,0,6.555555555555555
501,15,0,6.555555555555555
501,16,0,7.363636363636363
501,17,0,7.363636363636363
501,18,0,7.363636363636363
501,19,0,8.307692307692308
501,20,0,8.307692307692308
501,21,0,7.857142857142857
501,22,0,8.125
501,23,0,8.11111111111111
501,24,0,7.7894736842105265
501,25,1,8.45
501,26,4,8.304347826086957
501,27,6,8.304347826086957
501,28,5,8.6
501,29,5,8.6
501,30,5,8.88888888888889
501,31,5,9.357142857142858
501,32,5,9.275862068965518
501,33,6,9.733333333333333
501,34,6,10.1875
502,0,0,0
502,1,0,0
502,2,0,0
502,3,0,3.0
502,4,0,3.0
502,5,0,4.0
502,6,0,4.0
502,7,0,4.0
502,8,0,4.75
502,9,0,4.75
502,10,0,4.8
502,11,0,5.666666666666667
502,12,0,5.857142857142857
502,13,0,5.857142857142857
502,14,0,5.857142857142857
502,15,0,6.5
502,16,0,6.5
502,17,0,6.818181818181818
502,18,0,6.416666666666667
502,19,0,7.230769230769231
502,20,0,7.2
502,21,0,7.2
502,22,0,6.9375
502,23,1,7.7894736842105265
502,24,2,7.7894736842105265
502,25,2,7.9523809523809526
502,26,3,7.9523809523809526
502,27,3,8.521739130434783
502,28,5,8.521739130434783
502,29,6,9.423076923076923
502,30,7,9.423076923076923
502,31,7,9.333333333333334
502,32,7,9.89655172413793
502,33,9,10.2
502,34,9,10.129032258064516
503,0,0,0
503,1,0,0
503,2,0,0
503,3,0,3.0
503,4,0,3.0
503,5,0,3.0
503,6,0,4.25
503,7,0,4.25
503,8,0,4.25
503,9,0,4.8
503,10,0,5.333333333333333
503,11,0,5.333333333333333
503,12,0,5.333333333333333
503,13,0,5.857142857142857
503,14,0,6.5
503,15,0,6.5
503,16,0,6.666666666666667
503,17,0,7.3
503,18,0,7.3
503,19,0,7.454545454545454
503,20,0,8.166666666666666
503,21,0,8.307692307692308
503,22,0,8.714285714285714
503,23,0,8.933333333333334
503,24,0,8.933333333333334
503,25,0,9.4375
503,26,0,9.0
503,27,0,8.947368421052632
503,28,0,8.55
503,29,0,9.095238095238095
503,30,0,9.5
503,31,0,9.173913043478262
503,32,0,9.173913043478262
503,33,0,9.44
503,34,0,9.884615384615385
504,0,0,0
504,1,0,0
504,2,0,0
504,3,0,0
504,4,0,4.0
504,5,0,4.0
504,6,0,5.0
504,7,0,5.0
504,8,0,5.666666666666667
504,9,0,5.25
504,10,0,6.0
504,11,0,6.0
504,12,0,6.0
504,13,0,6.125
504,14,0,6.125
504,15,0,6.444444444444445
504,16,0,5.9
504,17,1,6.7272727272727275
504,18,0,6.416666666666667
504,19,0,6.642857142857143
504,20,0,7.333333333333333
504,21,1,7.0625
504,22,0,6.764705882352941
504,23,0,7.277777777777778
504,24,0,7.85
504,25,1,7.85
504,26,1,7.619047619047619
504,27,1,8.045454545454545
504,28,3,8.5
504,29,3,8.5
504,30,4,8.36
504,31,5,9.481481481481481
504,32,4,9.321428571428571
504,33,4,9.321428571428571
504,34,5,9.241379310344827
505,0,0,0
505,1,0,0
505,2,0,0
505,3,0,3.0
505,4,0,3.0
505,5,0,3.0
505,6,0,3.0
505,7,0,4.5
505,8,0,4.5
505,9,0,4.5
505,10,0,5.2
505,11,0,5.833333333333333
505,12,0,5.833333333333333
505,13,0,5.833333333333333
505,14,0,6.428571428571429
505,15,0,7.125
505,16,0,7.555555555555555
505,17,0,7.0
505,18,0,7.636363636363637
505,19,0,7.6923076923076925
505,20,0,8.285714285714286
505,21,0,8.3125
505,22,0,8.3125
505,23,0,8.0
505,24,0,8.61111111111111
505,25,0,9.105263157894736
505,26,0,9.105263157894736
505,27,0,9.105263157894736
505,28,0,10.333333333333334
505,29,0,10.333333333333334
505,30,2,10.909090909090908
505,31,2,11.041666666666666
505,32,2,11.041666666666666
505,33,3,11.346153846153847
505,34,3,11.851851851851851
506,0,0,0
506,1,0,0
506,2,0,0
506,3,0,0
506,4,0,3.0
506,5,0,3.0
506,6,0,3.0
506,7,0,3.0
506,8,0,5.0
506,9,0,5.0
506,10,0,5.0
506,11,0,5.8
506,12,0,6.5
506,13,0,6.5
506,14,2,6.5
506,15,1,6.7
506,16,3,7.363636363636363
506,17,3,7.083333333333333
506,18,4,7.6923076923076925
506,19,4,7.571428571428571
506,20,0,8.2
506,21,0,8.470588235294118
506,22,2,8.055555555555555
506,23,4,8.904761904761905
506,24,5,8.727272727272727
506,25,6,9.48
506,26,9,9.192307692307692
506,27,8,9.037037037037036
506,28,12,9.535714285714286
506,29,13,9.8
506,30,16,9.8
506,31,17,10.46875
506,32,18,10.46875
506,33,17,11.058823529411764
506,34,17,11.542857142857143
507,0,0,0
507,1,0,0
507,2,0,0
507,3,0,3.0
507,4,0,3.0
507,5,0,3.3333333333333335
507,6,0,4.0
507,7,0,4.4
507,8,0,4.4
507,9,0,5.0
507,10,0,5.428571428571429
507,11,0,5.428571428571429
507,12,0,5.428571428571429
507,13,0,6.444444444444445
507,14,0,6.444444444444445
507,15,0,6.444444444444445
507,16,0,7.2
507,17,0,7.636363636363637
507,18,0,7.636363636363637
507,19,0,7.846153846153846
507,20,0,8.285714285714286
507,21,0,8.733333333333333
507,22,0,8.3125
507,23,1,8.764705882352942
507,24,0,8.55
507,25,1,8.55
507,26,2,8.090909090909092
507,27,2,8.608695652173912
507,28,3,8.88
507,29,4,8.88
507,30,5,8.73076923076923
507,31,7,9.678571428571429
507,32,7,9.586206896551724
507,33,8,10.0
507,34,7,10.40625
508,0,0,0
508,1,0,0
508,2,0,2.0
508,3,0,2.5
508,4,0,2.5
508,5,0,3.0
508,6,0,3.0
508,7,0,3.0
508,8,0,3.0
508,9,0,4.166666666666667
508,10,0,4.166666666666667
508,11,0,4.857142857142857
508,12,0,4.857142857142857
508,13,0,6.0
508,14,0,6.0
508,15,0,6.0
508,16,0,6.7
508,17,0,7.181818181818182
508,18,0,7.583333333333333
508,19,0,7.583333333333333
508,20,0,8.5
508,21,0,8.5
508,22,0,9.0
508,23,0,9.0
508,24,1,9.058823529411764
508,25,1,9.555555555555555
508,26,0,9.7
508,27,2,9.7
508,28,4,9.476190476190476
508,29,7,10.045454545454545
508,30,7,10.291666666666666
508,31,7,10.291666666666666
508,32,7,10.12
508,33,8,10.692307692307692
508,34,8,11.071428571428571
509,0,0,0
509,1,0,0
509,2,0,2.0
509,3,0,2.0
509,4,0,3.0
509,5,0,3.0
509,6,0,4.5
509,7,0,4.5
509,8,0,5.333333333333333
509,9,0,5.333333333333333
509,10,0,5.857142857142857
509,11,0,5.875
509,12,0,6.333333333333333
509,13,0,6.333333333333333
509,14,0,6.333333333333333
509,15,0,7.181818181818182
509,16,0,7.181818181818182
509,17,0,7.181818181818182
509,18,0,7.583333333333333
509,19,0,8.23076923076923
509,20,0,8.23076923076923
509,21,0,8.23076923076923
509,22,0,9.333333333333334
509,23,0,9.333333333333334
509,24,0,9.333333333333334
509,25,0,10.352941176470589
509,26,0,10.352941176470589
509,27,0,9.88888888888889
509,28,1,10.75
509,29,0,10.380952380952381
509,30,2,10.380952380952381
509,31,1,10.608695652173912
509,32,2,11.0
509,33,1,11.153846153846153
509,34,0,10.925925925925926
510,0,0,0
510,1,0,0
510,2,0,1.0
510,3,0,2.0
510,4,0,2.0
510,5,0,2.6666666666666665
510,6,0,2.6666666666666665
510,7,0,3.5
510,8,0,3.5
510,9,0,4.2
510,10,0,4.2
510,11,0,5.166666666666667
510,12,0,5.166666666666667
510,13,0,5.714285714285714
510,14,0,6.125
510,15,0,6.125
510,16,0,6.125
510,17,0,6.777777777777778
510,18,0,7.4
510,19,0,7.4
510,20,0,7.909090909090909
510,21,1,8.5
510,22,0,8.066666666666666
510,23,0,8.066666666666666
510,24,0,8.294117647058824
510,25,0,8.777777777777779
510,26,2,8.473684210526315
510,27,2,8.666666666666666
510,28,6,9.136363636363637
510,29,6,8.91304347826087
510,30,6,9.16
510,31,8,9.653846153846153
510,32,8,9.518518518518519
510,33,9,9.518518518518519
510,34,8,10.333333333333334
511,0,0,0
511,1,0,0
511,2,0,0
511,3,0,0
511,4,0,4.0
511,5,0,4.0
511,6,0,4.666666666666667
511,7,0,5.25
511,8,0,5.25
511,9,0,5.8
511,10,0,6.333333333333333
511,11,0,6.571428571428571
511,12,0,7.125
511,13,0,7.125
511,14,0,7.125
511,15,0,7.444444444444445
511,16,0,8.0
511,17,0,8.0
511,18,0,9.0
511,19,0,9.0
511,20,0,9.0
511,21,0,9.071428571428571
511,22,0,9.466666666666667
511,23,0,9.466666666666667
511,24,0,9.466666666666667
511,25,0,10.411764705882353
511,26,0,10.411764705882353
511,27,1,10.411764705882353
511,28,2,10.421052631578947
511,29,5,10.95
511,30,7,11.045454545454545
511,31,7,10.73913043478261
511,32,7,11.461538461538462
511,33,7,11.461538461538462
511,34,7,11.678571428571429
512,0,0,0
512,1,0,0
512,2,0,0
512,3,0,3.0
512,4,0,3.0
512,5,0,3.0
512,6,0,3.0
512,7,0,4.333333333333333
512,8,0,4.333333333333333
512,9,0,4.333333333333333
512,10,0,4.5
512,11,0,5.4
512,12,0,5.4
512,13,0,5.666666666666667
512,14,0,5.666666666666667
512,15,0,6.714285714285714
512,16,0,7.0
512,17,0,7.0
512,18,2,7.888888888888889
512,19,2,7.636363636363637
512,20,0,7.636363636363637
512,21,0,8.5
512,22,2,8.5
512,23,2,8.529411764705882
512,24,2,8.529411764705882
512,25,2,8.842105263157896
512,26,6,8.842105263157896
512,27,8,9.428571428571429
512,28,8,9.428571428571429
512,29,7,9.782608695652174
512,30,7,9.782608695652174
512,31,6,10.692307692307692
512,32,6,10.692307692307692
512,33,5,10.592592592592593
512,34,5,11.178571428571429
513,0,0,0
513,1,0,0
513,2,0,0
513,3,0,0
513,4,0,4.0
513,5,0,4.0
513,6,0,4.0
513,7,0,4.666666666666667
513,8,0,5.25
513,9,0,5.25
513,10,0,6.0
513,11,0,6.0
513,12,0,6.833333333333333
513,13,0,7.428571428571429
513,14,0,7.428571428571429
513,15,0,7.428571428571429
513,16,0,8.777777777777779
513,17,0,8.777777777777779
513,18,0,9.3
513,19,0,9.25
513,20,0,9.76923076923077
513,21,0,9.76923076923077
513,22,0,10.357142857142858
513,23,0,10.8
513,24,0,10.25
513,25,0,10.882352941176471
513,26,3,10.38888888888889
513,27,5,10.5
513,28,6,10.5
513,29,7,10.772727272727273
513,30,9,10.772727272727273
513,31,8,11.125
513,32,9,11.125
513,33,10,12.11111111111111
513,34,11,11.964285714285714
514,0,0,0
514,1,0,0
514,2,0,0
514,3,0,3.0
514,4,0,3.0
514,5,0,3.6666666666666665
514,6,0,4.25
514,7,0,4.25
514,8,0,4.833333333333333
514,9,0,4.833333333333333
514,10,0,4.833333333333333
514,11,0,5.875
514,12,0,5.875
514,13,0,5.875
514,14,0,6.9
514,15,0,6.9
514,16,0,6.9
514,17,0,7.454545454545454
514,18,0,7.538461538461538
514,19,0,7.538461538461538
514,20,0,8.466666666666667
514,21,0,8.466666666666667
514,22,0,9.0
514,23,0,9.0
514,24,0,9.526315789473685
514,25,0,9.526315789473685
514,26,1,9.619047619047619
514,27,0,9.272727272727273
514,28,2,9.782608695652174
514,29,1,10.0
514,30,5,10.0
514,31,4,10.296296296296296
514,32,4,10.296296296296296
514,33,3,11.0
514,34,3,11.0
515,0,0,0
515,1,0,0
515,2,0,0
515,3,0,2.0
515,4,0,3.0
515,5,0,3.0
515,6,0,3.3333333333333335
515,7,0,4.25
515,8,0,4.6
515,9,0,5.0
515,10,0,5.0
515,11,0,5.75
515,12,0,5.75
515,13,0,5.75
515,14,0,6.5
515,15,0,6.5
515,16,0,6.5
515,17,0,6.583333333333333
515,18,1,6.714285714285714
515,19,1,7.2
515,20,0,6.9375
515,21,0,6.764705882352941
515,22,0,7.45
515,23,0,7.190476190476191
515,24,1,7.590909090909091
515,25,0,7.875
515,26,1,7.961538461538462
515,27,2,8.0
515,28,3,8.0
515,29,3,7.866666666666666
515,30,4,8.65625
515,31,4,8.545454545454545
515,32,4,8.911764705882353
515,33,5,8.857142857142858
515,34,6,9.305555555555555
516,0,0,0
516,1,0,0
516,2,0,2.0
516,3,0,2.0
516,4,0,2.5
516,5,0,2.5
516,6,0,2.3333333333333335
516,7,0,2.3333333333333335
516,8,0,2.75
516,9,0,2.75
516,10,0,3.0
516,11,0,3.0
516,12,0,3.5714285714285716
516,13,0,3.5714285714285716
516,14,0,3.5714285714285716
516,15,0,3.5714285714285716
516,16,0,4.666666666666667
516,17,0,4.666666666666667
516,18,0,4.7
516,19,0,4.7
516,20,0,5.2727272727272725
516,21,0,5.416666666666667
516,22,0,5.416666666666667
516,23,0,6.0
516,24,0,6.285714285714286
516,25,0,6.285714285714286
516,26,0,6.466666666666667
516,27,0,7.0625
516,28,0,7.235294117647059
516,29,0,7.235294117647059
516,30,0,7.235294117647059
516,31,0,8.052631578947368
516,32,0,8.052631578947368
516,33,0,8.052631578947368
516,34,0,8.4
517,0,0,0
517,1,0,0
517,2,0,0
517,3,0,3.0
517,4,0,3.5
517,5,0,3.5
517,6,0,3.6666666666666665
517,7,0,4.5
517,8,0,4.5
517,9,0,5.5
517,10,0,5.5
517,11,0,5.5
517,12,0,6.375
517,13,0,6.375
517,14,0,6.375
517,15,0,6.777777777777778
517,16,0,6.909090909090909
517,17,0,6.909090909090909
517,18,0,6.909090909090909
517,19,0,7.416666666666667
517,20,0,8.076923076923077
517,21,0,7.642857142857143
517,22,0,8.8125
517,23,0,8.411764705882353
517,24,0,8.88888888888889
517,25,0,9.1
517,26,0,8.761904761904763
517,27,1,8.5
517,28,2,9.416666666666666
517,29,2,9.16
517,30,3,9.653846153846153
517,31,2,9.857142857142858
517,32,4,9.857142857142858
517,33,4,10.580645161290322
517,34,5,10.580645161290322
518,0,0,0
518,1,0,0
518,2,0,0
518,3,0,3.0
518,4,0,3.0
518,5,0,3.0
518,6,0,3.3333333333333335
518,7,0,3.3333333333333335
518,8,0,4.0
518,9,0,4.0
518,10,0,4.8
518,11,0,5.333333333333333
518,12,0,5.333333333333333
518,13,0,5.5
518,14,0,6.111111111111111
518,15,0,6.111111111111111
518,16,0,6.111111111111111
518,17,0,6.9
518,18,0,7.545454545454546
518,19,1,7.083333333333333
518,20,0,8.142857142857142
518,21,0,7.8
518,22,0,7.5625
518,23,1,8.210526315789474
518,24,2,7.9
518,25,0,7.666666666666667
518,26,1,8.608695652173912
518,27,0,8.2
518,28,1,8.2
518,29,1,8.518518518518519
518,30,2,9.0
518,31,2,9.2
518,32,2,9.2
518,33,2,9.5
518,34,3,9.5
519,0,0,0
519,1,0,0
519,2,0,0
519,3,0,3.0
519,4,0,3.0
519,5,0,3.0
519,6,0,4.0
519,7,0,4.5
519,8,0,4.5
519,9,0,5.2
519,10,0,5.2
519,11,0,5.833333333333333
519,12,0,5.875
519,13,2,6.444444444444445
519,14,1,6.1
519,15,2,6.636363636363637
519,16,3,6.923076923076923
519,17,4,6.923076923076923
519,18,4,7.4
519,19,5,7.9375
519,20,0,7.823529411764706
519,21,0,8.333333333333334
519,22,0,8.263157894736842
519,23,1,8.8
519,24,5,8.714285714285714
519,25,5,9.73913043478261
519,26,4,9.32
519,27,6,9.807692307692308
519,28,6,9.62962962962963
519,29,8,10.142857142857142
519,30,9,10.766666666666667
519,31,9,10.766666666666667
519,32,9,10.935483870967742
519,33,10,11.46875
519,34,10,12.088235294117647
520,0,0,0
520,1,0,0
520,2,0,0
520,3,0,3.0
520,4,0,3.0
520,5,0,3.0
520,6,0,3.6666666666666665
520,7,0,4.25
520,8,0,4.25
520,9,0,5.5
520,10,0,5.5
520,11,0,5.857142857142857
520,12,0,5.857142857142857
520,13,0,6.0
520,14,0,6.0
520,15,0,6.0
520,16,0,6.3
520,17,0,6.545454545454546
520,18,0,6.545454545454546
520,19,0,7.0
520,20,0,7.0
520,21,0,7.461538461538462
520,22,0,7.928571428571429
520,23,0,7.928571428571429
520,24,0,7.928571428571429
520,25,0,8.5
520,26,0,8.117647058823529
520,27,0,7.777777777777778
520,28,1,7.777777777777778
520,29,1,8.285714285714286
520,30,2,8.285714285714286
520,31,1,8.090909090909092
520,32,1,8.347826086956522
520,33,0,8.8
520,34,0,8.8
521,0,0,0
521,1,0,0
521,2,0,0
521,3,0,2.5
521,4,0,2.5
521,5,0,2.75
521,6,0,2.75
521,7,0,3.2
521,8,0,3.6666666666666665
521,9,0,3.6666666666666665
521,10,0,3.875
521,11,0,4.222222222222222
521,12,0,4.222222222222222
521,13,0,4.222222222222222
521,14,0,4.9
521,15,0,5.454545454545454
521,16,0,6.083333333333333
521,17,0,6.083333333333333
521,18,0,6.083333333333333
521,19,0,7.214285714285714
521,20,0,7.214285714285714
521,21,0,8.1875
521,22,0,7.823529411764706
521,23,0,7.823529411764706
521,24,0,8.55
521,25,0,8.55
521,26,0,8.727272727272727
521,27,0,8.727272727272727
521,28,0,8.958333333333334
521,29,0,9.48
521,30,1,9.74074074074074
521,31,1,10.178571428571429
521,32,0,10.4
521,33,0,10.774193548387096
521,34,0,10.59375
522,0,0,0
522,1,0,0
522,2,0,0
522,3,0,3.0
522,4,0,3.5
522,5,0,3.5
522,6,0,3.6666666666666665
522,7,0,4.5
522,8,0,4.5
522,9,0,5.333333333333333
522,10,0,5.333333333333333
522,11,0,5.714285714285714
522,12,0,5.714285714285714
522,13,0,6.25
522,14,0,6.666666666666667
522,15,0,7.2
522,16,0,7.454545454545454
522,17,0,7.454545454545454
522,18,0,7.916666666666667
522,19,0,8.307692307692308
522,20,0,8.307692307692308
522,21,1,8.714285714285714
522,22,0,8.6875
522,23,0,8.6875
522,24,0,8.411764705882353
522,25,0,9.368421052631579
522,26,0,9.05
522,27,1,9.565217391304348
522,28,2,9.565217391304348
522,29,3,9.72
522,30,4,9.851851851851851
522,31,5,9.851851851851851
522,32,6,10.068965517241379
522,33,6,10.466666666666667
522,34,6,10.32258064516129
523,0,0,0
523,1,0,0
523,2,0,0
523,3,0,0
523,4,0,0
523,5,0,4.0
523,6,0,4.0
523,7,0,4.666666666666667
523,8,0,4.666666666666667
523,9,0,5.5
523,10,0,6.0
523,11,0,6.0
523,12,0,6.666666666666667
523,13,0,6.666666666666667
523,14,0,6.857142857142857
523,15,0,6.857142857142857
523,16,0,7.75
523,17,0,8.11111111111111
523,18,0,8.8
523,19,0,8.8
523,20,0,9.181818181818182
523,21,0,9.181818181818182
523,22,0,10.23076923076923
523,23,0,9.642857142857142
523,24,0,9.642857142857142
523,25,0,10.266666666666667
523,26,1,10.235294117647058
523,27,4,10.833333333333334
523,28,3,10.421052631578947
523,29,5,10.421052631578947
523,30,6,10.714285714285714
523,31,8,11.181818181818182
523,32,7,11.458333333333334
523,33,7,11.8
523,34,7,12.074074074074074
524,0,0,0
524,1,0,0
524,2,0,0
524,3,0,0
524,4,0,3.0
524,5,0,3.5
524,6,0,3.5
524,7,0,4.333333333333333
524,8,0,4.333333333333333
524,9,0,5.25
524,10,0,5.8
524,11,0,5.8
524,12,0,6.333333333333333
524,13,0,6.333333333333333
524,14,0,7.0
524,15,0,7.0
524,16,0,7.625
524,17,0,8.222222222222221
524,18,0,8.222222222222221
524,19,0,8.222222222222221
524,20,0,8.363636363636363
524,21,2,8.461538461538462
524,22,4,8.071428571428571
524,23,3,8.4375
524,24,2,8.777777777777779
524,25,1,8.631578947368421
524,26,6,8.904761904761905
524,27,6,9.347826086956522
524,28,6,9.791666666666666
524,29,5,9.72
524,30,5,10.074074074074074
524,31,6,9.928571428571429
524,32,6,10.833333333333334
524,33,5,10.741935483870968
524,34,6,10.741935483870968
525,0,0,0
525,1,0,0
525,2,0,0
525,3,0,3.0
525,4,0,3.0
525,5,0,3.0
525,6,0,3.3333333333333335
525,7,0,3.3333333333333335
525,8,0,3.3333333333333335
525,9,0,4.0
525,10,0,4.6
525,11,0,4.6
525,12,0,5.0
525,13,0,5.714285714285714
525,14,0,6.125
525,15,0,6.666666666666667
525,16,0,7.0
525,17,0,7.545454545454546
525,18,0,7.545454545454546
525,19,0,7.916666666666667
525,20,0,8.384615384615385
525,21,0,8.384615384615385
525,22,0,8.857142857142858
525,23,1,8.4
525,24,1,8.473684210526315
525,25,1,8.2
525,26,3,8.363636363636363
525,27,5,8.625
525,28,5,8.625
525,29,8,8.884615384615385
525,30,8,9.107142857142858
525,31,7,9.0
525,32,8,9.0
525,33,7,9.78125
525,34,7,9.78125
526,0,0,0
526,1,0,0
526,2,0,0
526,3,0,3.0
526,4,0,3.5
526,5,0,3.5
526,6,0,4.0
526,7,0,4.25
526,8,0,4.25
526,9,0,4.25
526,10,0,5.333333333333333
526,11,0,5.333333333333333
526,12,0,5.714285714285714
526,13,0,5.714285714285714
526,14,0,6.0
526,15,0,6.555555555555555
526,16,0,6.7
526,17,0,7.090909090909091
526,18,0,6.666666666666667
526,19,0,7.428571428571429
526,20,0,7.133333333333334
526,21,2,7.133333333333334
526,22,1,6.875
526,23,2,7.777777777777778
526,24,1,7.578947368421052
526,25,0,7.578947368421052
526,26,1,7.9523809523809526
526,27,3,8.173913043478262
526,28,4,8.173913043478262
526,29,5,8.56
526,30,5,8.56
526,31,6,8.962962962962964
526,32,7,9.428571428571429
526,33,7,9.344827586206897
526,34,9,10.258064516129032
527,0,0,0
527,1,0,0
527,2,0,2.0
527,3,0,2.0
527,4,0,2.5
527,5,0,2.6666666666666665
527,6,0,2.6666666666666665
527,7,0,2.6666666666666665
527,8,0,3.75
527,9,0,4.4
527,10,0,4.4
527,11,0,5.571428571428571
527,12,0,5.571428571428571
527,13,0,5.571428571428571
527,14,0,6.375
527,15,0,7.0
527,16,0,7.0
527,17,0,7.090909090909091
527,18,1,7.666666666666667
527,19,1,7.714285714285714
527,20,0,8.266666666666667
527,21,0,8.0
527,22,0,8.222222222222221
527,23,0,8.222222222222221
527,24,0,8.636363636363637
527,25,0,8.636363636363637
527,26,1,9.173913043478262
527,27,3,8.875
527,28,6,9.76923076923077
527,29,8,9.555555555555555
527,30,10,9.964285714285714
527,31,10,9.793103448275861
527,32,11,10.129032258064516
527,33,11,10.129032258064516
527,34,10,10.484848484848484
528,0,0,0
528,1,0,0
528,2,0,2.0
528,3,0,2.0
528,4,0,2.0
528,5,0,2.3333333333333335
528,6,0,2.3333333333333335
528,7,0,2.3333333333333335
528,8,0,2.3333333333333335
528,9,0,3.5
528,10,0,3.6
528,11,0,4.333333333333333
528,12,0,4.333333333333333
528,13,0,5.142857142857143
528,14,0,5.375
528,15,0,5.375
528,16,0,5.375
528,17,0,6.6
528,18,0,6.6
528,19,0,6.6
528,20,0,6.6
528,21,0,8.0
528,22,0,8.0
528,23,0,8.0
528,24,0,8.0
528,25,0,9.5
528,26,1,8.5625
528,27,4,9.058823529411764
528,28,6,9.421052631578947
528,29,7,9.421052631578947
528,30,10,9.666666666666666
528,31,10,10.363636363636363
528,32,10,10.583333333333334
528,33,10,10.583333333333334
528,34,11,11.481481481481481
529,0,0,0
529,1,0,0
529,2,0,0
529,3,0,0
529,4,0,4.0
529,5,0,4.0
529,6,0,4.0
529,7,0,5.25
529,8,0,5.25
529,9,0,5.8
529,10,0,5.8
529,11,0,6.333333333333333
529,12,0,6.333333333333333
529,13,0,6.857142857142857
529,14,0,6.25
529,15,0,6.666666666666667
529,16,0,7.1
529,17,0,7.0
529,18,0,7.461538461538462
529,19,0,7.071428571428571
529,20,0,7.533333333333333
529,21,0,7.647058823529412
529,22,0,8.0
529,23,0,7.7368421052631575
529,24,0,8.1
529,25,0,8.619047619047619
529,26,0,8.652173913043478
529,27,0,8.652173913043478
529,28,0,8.416666666666666
529,29,1,8.96
529,30,2,9.037037037037036
529,31,4,9.037037037037036
529,32,4,8.857142857142858
529,33,6,9.448275862068966
529,34,6,9.709677419354838
530,0,0,0
530,1,0,0
530,2,0,0
530,3,0,2.5
530,4,0,2.5
530,5,0,3.0
530,6,0,3.0
530,7,0,3.0
530,8,0,3.2
530,9,0,3.3333333333333335
530,10,0,3.3333333333333335
530,11,0,3.857142857142857
530,12,0,4.25
530,13,0,4.25
530,14,0,4.0
530,15,0,5.0
530,16,0,5.0
530,17,0,5.5
530,18,0,5.5
530,19,0,6.0
530,20,0,6.0
530,21,0,6.642857142857143
530,22,0,7.2
530,23,0,7.2
530,24,0,7.8125
530,25,0,7.8125
530,26,0,8.411764705882353
530,27,0,8.055555555555555
530,28,1,8.736842105263158
530,29,1,9.047619047619047
530,30,2,9.347826086956522
530,31,3,9.875
530,32,4,10.153846153846153
530,33,4,10.153846153846153
530,34,3,9.962962962962964
531,0,0,0
531,1,0,0
531,2,0,0
531,3,0,0
531,4,0,3.5
531,5,0,3.5
531,6,0,3.5
531,7,0,4.333333333333333
531,8,0,4.75
531,9,0,4.75
531,10,0,4.75
531,11,0,6.166666666666667
531,12,0,6.166666666666667
531,13,0,6.166666666666667
531,14,0,6.166666666666667
531,15,0,7.75
531,16,0,7.75
531,17,0,8.444444444444445
531,18,1,9.0
531,19,0,8.363636363636363
531,20,0,8.363636363636363
531,21,0,9.142857142857142
531,22,1,8.733333333333333
531,23,1,8.375
531,24,3,8.941176470588236
531,25,0,9.263157894736842
531,26,1,9.7
531,27,2,9.136363636363637
531,28,2,9.136363636363637
531,29,3,9.375
531,30,3,9.88
531,31,3,9.807692307692308
531,32,4,9.807692307692308
531,33,4,10.689655172413794
531,34,4,10.689655172413794
532,0,0,0
532,1,0,0
532,2,0,2.0
532,3,0,2.0
532,4,0,2.0
532,5,0,3.0
532,6,0,4.0
532,7,0,4.0
532,8,0,4.0
532,9,0,5.6
532,10,0,5.6
532,11,0,6.428571428571429
532,12,0,6.428571428571429
532,13,0,6.428571428571429
532,14,0,7.555555555555555
532,15,0,7.555555555555555
532,16,0,8.0
532,17,0,8.0
532,18,0,8.636363636363637
532,19,0,8.636363636363637
532,20,0,8.615384615384615
532,21,3,9.285714285714286
532,22,2,8.4375
532,23,3,9.0
532,24,2,9.0
532,25,4,9.0
532,26,5,9.304347826086957
532,27,6,9.625
532,28,6,9.48
532,29,7,9.884615384615385
532,30,7,9.777777777777779
532,31,8,10.178571428571429
532,32,7,10.533333333333333
532,33,9,10.903225806451612
532,34,9,10.875
533,0,0,0
533,1,0,0
533,2,0,0
533,3,0,3.0
533,4,0,3.0
533,5,0,3.0
533,6,0,3.6666666666666665
533,7,0,3.6666666666666665
533,8,0,4.0
533,9,0,4.0
533,10,0,4.0
533,11,0,4.0
533,12,0,5.0
533,13,0,5.0
533,14,0,5.0
533,15,0,5.111111111111111
533,16,0,5.8
533,17,0,6.2727272727272725
533,18,0,6.666666666666667
533,19,0,6.3076923076923075
533,20,0,6.714285714285714
533,21,0,6.875
533,22,0,7.235294117647059
533,23,0,7.235294117647059
533,24,0,7.75
533,25,0,7.476190476190476
533,26,1,7.476190476190476
533,27,2,7.043478260869565
533,28,4,7.92
533,29,4,7.8076923076923075
533,30,5,8.0
533,31,6,8.482758620689655
533,32,5,8.4
533,33,4,8.32258064516129
533,34,5,8.6875
534,0,0,0
534,1,0,0
534,2,0,0
534,3,0,0
534,4,0,4.0
534,5,0,4.0
534,6,0,4.0
534,7,0,4.666666666666667
534,8,0,5.5
534,9,0,5.5
534,10,0,6.2
534,11,0,6.666666666666667
534,12,0,6.666666666666667
534,13,0,7.285714285714286
534,14,0,7.75
534,15,0,7.111111111111111
534,16,1,6.6
534,17,3,7.2727272727272725
534,18,2,7.538461538461538
534,19,3,8.071428571428571
534,20,0,8.3125
534,21,1,8.117647058823529
534,22,1,8.263157894736842
534,23,1,8.428571428571429
534,24,2,8.73913043478261
534,25,2,8.5
534,26,3,8.923076923076923
534,27,6,8.74074074074074
534,28,7,9.03448275862069
534,29,10,9.433333333333334
534,30,10,9.32258064516129
534,31,10,9.78125
534,32,9,9.696969696969697
534,33,8,10.085714285714285
534,34,8,10.027777777777779
535,0,0,0
535,1,0,0
535,2,0,0
535,3,0,2.0
535,4,0,3.0
535,5,0,3.0
535,6,0,3.0
535,7,0,3.6666666666666665
535,8,0,4.75
535,9,0,4.75
535,10,0,4.75
535,11,0,5.4
535,12,0,6.333333333333333
535,13,0,6.857142857142857
535,14,0,6.857142857142857
535,15,0,6.857142857142857
535,16,0,8.11111111111111
535,17,0,7.5
535,18,0,7.818181818181818
535,19,0,8.153846153846153
535,20,0,8.153846153846153
535,21,0,7.785714285714286
535,22,0,7.6875
535,23,0,8.470588235294118
535,24,0,8.166666666666666
535,25,0,8.526315789473685
535,26,0,8.2
535,27,0,8.904761904761905
535,28,0,8.956521739130435
535,29,0,9.28
535,30,1,9.0
535,31,1,9.592592592592593
535,32,0,9.758620689655173
535,33,0,9.758620689655173
535,34,0,9.6
536,0,0,0
536,1,0,0
536,2,0,0
536,3,0,3.0
536,4,0,2.6666666666666665
536,5,0,2.6666666666666665
536,6,0,3.8
536,7,0,3.8
536,8,0,4.166666666666667
536,9,0,4.166666666666667
536,10,0,4.571428571428571
536,11,0,5.125
536,12,0,5.125
536,13,0,5.666666666666667
536,14,0,5.666666666666667
536,15,1,6.3
536,16,0,6.416666666666667
536,17,1,7.0
536,18,1,6.785714285714286
536,19,1,7.333333333333333
536,20,0,7.125
536,21,0,8.166666666666666
536,22,0,8.0
536,23,2,7.7
536,24,4,8.434782608695652
536,25,3,8.208333333333334
536,26,4,8.04
536,27,6,8.407407407407407
536,28,8,8.892857142857142
536,29,7,9.233333333333333
536,30,7,9.233333333333333
536,31,6,10.06060606060606
536,32,6,10.06060606060606
536,33,6,10.457142857142857
536,34,8,10.457142857142857
537,0,0,0
537,1,0,0
537,2,0,2.0
537,3,0,2.0
537,4,0,3.0
537,5,0,3.0
537,6,0,3.3333333333333335
537,7,0,4.25
537,8,0,4.4
537,9,0,4.5
537,10,0,4.5
537,11,0,4.857142857142857
537,12,0,5.25
537,13,0,5.25
537,14,0,5.666666666666667
537,15,0,6.0
537,16,0,6.181818181818182
537,17,0,6.181818181818182
537,18,0,6.666666666666667
537,19,0,6.666666666666667
537,20,0,7.076923076923077
537,21,0,7.2
537,22,0,7.5625
537,23,0,7.5625
537,24,0,8.0
537,25,0,8.444444444444445
537,26,2,8.444444444444445
537,27,1,8.952380952380953
537,28,3,8.952380952380953
537,29,3,8.727272727272727
537,30,6,8.727272727272727
537,31,6,9.48
537,32,6,9.48
537,33,6,9.346153846153847
537,34,7,9.814814814814815
538,0,0,0
538,1,0,0
538,2,0,0
538,3,0,3.0
538,4,0,3.0
538,5,0,3.6666666666666665
538,6,0,3.6666666666666665
538,7,0,4.0
538,8,0,4.6
538,9,0,4.6
538,10,0,5.166666666666667
538,11,0,5.714285714285714
538,12,0,5.714285714285714
538,13,0,5.714285714285714
538,14,0,6.777777777777778
538,15,0,6.777777777777778
538,16,0,6.777777777777778
538,17,0,7.636363636363637
538,18,0,7.636363636363637
538,19,0,7.461538461538462
538,20,0,7.461538461538462
538,21,0,7.8
538,22,0,7.5
538,23,0,8.38888888888889
538,24,0,8.052631578947368
538,25,0,8.052631578947368
538,26,0,8.55
538,27,0,9.0
538,28,1,8.681818181818182
538,29,2,9.217391304347826
538,30,2,8.958333333333334
538,31,3,9.48
538,32,4,9.814814814814815
538,33,5,9.814814814814815
538,34,6,9.678571428571429
539,0,0,0
539,1,0,0
539,2,0,2.0
539,3,0,2.0
539,4,0,3.0
539,5,0,3.3333333333333335
539,6,0,3.3333333333333335
539,7,0,3.5
539,8,0,3.8
539,9,0,3.8
539,10,0,3.8
539,11,0,4.428571428571429
539,12,0,4.428571428571429
539,13,0,4.428571428571429
539,14,0,4.875
539,15,0,5.333333333333333
539,16,0,5.333333333333333
539,17,0,6.2727272727272725
539,18,0,6.2727272727272725
539,19,0,6.2727272727272725
539,20,0,6.833333333333333
539,21,0,6.928571428571429
539,22,0,6.666666666666667
539,23,0,6.375
539,24,0,7.444444444444445
539,25,1,7.444444444444445
539,26,1,6.9
539,27,3,7.380952380952381
539,28,2,7.782608695652174
539,29,5,7.782608695652174
539,30,7,7.666666666666667
539,31,7,8.2
539,32,6,8.666666666666666
539,33,7,8.607142857142858
539,34,8,8.607142857142858
540,0,0,0
540,1,0,0
540,2,0,0
540,3,0,2.0
540,4,0,3.0
540,5,0,3.0
540,6,0,3.0
540,7,0,4.5
540,8,0,4.5
540,9,0,4.8
540,10,0,4.8
540,11,0,5.666666666666667
540,12,0,6.0
540,13,0,6.0
540,14,0,6.0
540,15,1,7.333333333333333
540,16,0,6.8
540,17,3,7.181818181818182
540,18,3,7.615384615384615
540,19,4,7.615384615384615
540,20,0,7.733333333333333
540,21,0,8.375
540,22,2,7.888888888888889
540,23,7,8.8
540,24,6,8.523809523809524
540,25,6,8.909090909090908
540,26,6,8.458333333333334
540,27,10,9.0
540,28,10,9.407407407407407
540,29,10,9.407407407407407
540,30,12,9.793103448275861
540,31,13,10.2
540,32,12,10.193548387096774
540,33,14,10.65625
540,34,14,11.264705882352942
541,0,0,0
541,1,0,0
541,2,0,0
541,3,0,3.0
541,4,0,3.0
541,5,0,3.5
541,6,0,3.5
541,7,0,4.666666666666667
541,8,0,4.666666666666667
541,9,0,5.25
541,10,0,6.0
541,11,0,6.0
541,12,0,6.666666666666667
541,13,0,6.666666666666667
541,14,0,7.571428571428571
541,15,0,8.125
541,16,0,8.125
541,17,0,8.666666666666666
541,18,0,9.3
541,19,0,9.3
541,20,0,9.818181818181818
541,21,0,9.818181818181818
541,22,0,10.5
541,23,0,11.076923076923077
541,24,0,10.428571428571429
541,25,0,9.866666666666667
541,26,1,10.4375
541,27,1,10.5
541,28,3,11.0
541,29,3,10.65
541,30,5,11.142857142857142
541,31,4,10.863636363636363
541,32,4,11.304347826086957
541,33,4,11.083333333333334
541,34,4,11.6
542,0,0,0
542,1,0,0
542,2,0,0
542,3,0,3.0
542,4,0,3.5
542,5,0,3.5
542,6,0,4.25
542,7,0,4.25
542,8,0,4.25
542,9,0,4.833333333333333
542,10,0,4.833333333333333
542,11,0,4.833333333333333
542,12,0,4.833333333333333
542,13,0,6.125
542,14,0,6.125
542,15,0,6.777777777777778
542,16,0,7.1
542,17,0,7.1
542,18,0,7.818181818181818
542,19,0,7.818181818181818
542,20,0,8.166666666666666
542,21,1,7.6923076923076925
542,22,2,8.428571428571429
542,23,2,8.117647058823529
542,24,2,8.117647058823529
542,25,0,9.0
542,26,1,9.0
542,27,0,8.545454545454545
542,28,0,9.5
542,29,0,9.4
542,30,0,9.4
542,31,0,10.035714285714286
542,32,0,10.035714285714286
542,33,0,10.3
542,34,0,10.64516129032258
543,0,0,0
543,1,0,0
543,2,0,2.0
543,3,0,2.0
543,4,0,3.0
543,5,0,3.6666666666666665
543,6,0,4.25
543,7,0,4.25
543,8,0,4.25
543,9,0,5.0
543,10,0,5.666666666666667
543,11,0,5.666666666666667
543,12,0,5.666666666666667
543,13,0,6.571428571428571
543,14,0,7.125
543,15,0,7.777777777777778
543,16,0,8.2
543,17,0,8.2
543,18,0,8.2
543,19,0,9.0
543,20,0,9.5
543,21,0,10.153846153846153
543,22,0,10.153846153846153
543,23,0,10.153846153846153
543,24,0,10.75
543,25,0,10.235294117647058
543,26,0,9.722222222222221
543,27,0,10.421052631578947
543,28,0,10.571428571428571
543,29,1,10.181818181818182
543,30,4,10.181818181818182
543,31,5,10.541666666666666
543,32,7,11.08
543,33,7,11.481481481481481
543,34,9,11.481481481481481
544,0,0,0
544,1,0,0
544,2,0,0
544,3,0,0
544,4,0,4.0
544,5,0,4.0
544,6,0,4.333333333333333
544,7,0,4.5
544,8,0,4.4
544,9,0,4.4
544,10,0,4.833333333333333
544,11,0,5.142857142857143
544,12,0,5.142857142857143
544,13,0,5.75
544,14,0,6.111111111111111
544,15,0,6.6
544,16,0,6.6
544,17,0,6.818181818181818
544,18,0,6.818181818181818
544,19,0,7.076923076923077
544,20,0,7.357142857142857
544,21,0,7.066666666666666
544,22,1,7.625
544,23,0,7.294117647058823
544,24,0,7.722222222222222
544,25,0,7.526315789473684
544,26,0,7.857142857142857
544,27,0,8.227272727272727
544,28,0,8.227272727272727
544,29,0,8.72
544,30,1,8.72
544,31,1,9.0
544,32,2,9.25
544,33,2,9.068965517241379
544,34,3,9.774193548387096
545,0,0,0
545,1,0,0
545,2,0,0
545,3,0,0
545,4,0,0
545,5,0,4.0
545,6,0,4.0
545,7,0,4.0
545,8,0,4.0
545,9,0,5.333333333333333
545,10,0,5.75
545,11,0,5.75
545,12,0,6.833333333333333
545,13,0,6.833333333333333
545,14,0,6.833333333333333
545,15,0,6.833333333333333
545,16,0,8.125
545,17,0,7.444444444444445
545,18,1,8.2
545,19,0,7.636363636363637
545,20,0,8.0
545,21,1,7.6923076923076925
545,22,1,8.133333333333333
545,23,3,7.8125
545,24,4,8.11111111111111
545,25,1,7.894736842105263
545,26,2,8.727272727272727
545,27,5,8.565217391304348
545,28,6,8.84
545,29,7,9.423076923076923
545,30,7,9.25925925925926
545,31,8,10.172413793103448
545,32,8,10.066666666666666
545,33,9,10.612903225806452
545,34,9,10.909090909090908
546,0,0,0
546,1,0,0
546,2,0,0
546,3,0,0
546,4,0,4.0
546,5,0,4.0
546,6,0,4.0
546,7,0,4.25
546,8,0,4.25
546,9,0,4.25
546,10,0,5.0
546,11,0,4.833333333333333
546,12,0,4.833333333333333
546,13,0,5.625
546,14,0,5.625
546,15,0,5.777777777777778
546,16,0,5.777777777777778
546,17,0,6.6
546,18,0,6.6
546,19,0,7.583333333333333
546,20,0,7.583333333333333
546,21,0,7.5
546,22,1,7.133333333333334
546,23,1,8.117647058823529
546,24,1,7.833333333333333
546,25,2,8.368421052631579
546,26,1,8.272727272727273
546,27,3,8.272727272727273
546,28,2,9.0
546,29,3,9.0
546,30,3,9.25925925925926
546,31,3,9.75
546,32,3,9.620689655172415
546,33,3,10.133333333333333
546,34,3,10.40625
547,0,0,0
547,1,0,0
547,2,0,0
547,3,0,0
547,4,0,4.0
547,5,0,4.0
547,6,0,4.0
547,7,0,4.0
547,8,0,5.75
547,9,0,5.75
547,10,0,5.75
547,11,0,6.6
547,12,0,6.571428571428571
547,13,0,6.571428571428571
547,14,0,6.0
547,15,2,7.4
547,16,3,6.909090909090909
547,17,4,6.583333333333333
547,18,7,6.583333333333333
547,19,7,7.866666666666666
547,20,0,7.866666666666666
547,21,0,7.75
547,22,1,8.411764705882353
547,23,2,8.4
547,24,7,8.285714285714286
547,25,7,8.608695652173912
547,26,8,9.0
547,27,9,9.296296296296296
547,28,11,9.178571428571429
547,29,12,9.178571428571429
547,30,14,9.933333333333334
547,31,15,10.419354838709678
547,32,14,10.59375
547,33,14,11.121212121212121
547,34,13,11.771428571428572
548,0,0,0
548,1,0,0
548,2,0,0
548,3,0,2.5
548,4,0,2.5
548,5,0,2.5
548,6,0,3.5
548,7,0,3.5
548,8,0,3.8
548,9,0,3.8
548,10,0,4.166666666666667
548,11,0,4.166666666666667
548,12,0,4.714285714285714
548,13,0,4.714285714285714
548,14,0,5.375
548,15,0,6.0
548,16,0,6.0
548,17,1,6.0
548,18,1,6.833333333333333
548,19,1,6.833333333333333
548,20,0,7.214285714285714
548,21,1,7.4375
548,22,1,7.294117647058823
548,23,2,7.833333333333333
548,24,2,7.809523809523809
548,25,0,7.956521739130435
548,26,4,8.28
548,27,5,8.481481481481481
548,28,6,8.892857142857142
548,29,7,8.724137931034482
548,30,9,9.451612903225806
548,31,9,9.34375
548,32,9,9.34375
548,33,10,9.676470588235293
548,34,10,10.114285714285714
549,0,0,0
549,1,0,0
549,2,0,0
549,3,0,3.0
549,4,0,3.5
549,5,0,3.5
549,6,0,4.0
549,7,0,4.75
549,8,0,4.75
549,9,0,4.75
549,10,0,5.833333333333333
549,11,0,5.833333333333333
549,12,0,5.875
549,13,1,6.333333333333333
549,14,0,6.0
549,15,1,6.636363636363637
549,16,0,6.6923076923076925
549,17,0,6.6923076923076925
549,18,1,7.066666666666666
549,19,2,7.066666666666666
549,20,0,7.777777777777778
549,21,0,7.777777777777778
549,22,2,7.35
549,23,4,7.761904761904762
549,24,4,8.217391304347826
549,25,6,8.36
549,26,8,8.307692307692308
549,27,12,8.851851851851851
549,28,11,9.241379310344827
549,29,10,9.166666666666666
549,30,13,9.166666666666666
549,31,12,10.06060606060606
549,32,13,10.06060606060606
549,33,12,10.058823529411764
549,34,12,10.485714285714286
550,0,0,0
550,1,0,0
550,2,0,0
550,3,0,0
550,4,0,0
550,5,0,3.5
550,6,0,3.5
550,7,0,4.0
550,8,0,4.0
550,9,0,4.75
550,10,0,4.75
550,11,0,5.2
550,12,0,5.285714285714286
550,13,0,5.75
550,14,1,5.444444444444445
550,15,2,5.444444444444445
550,16,3,6.333333333333333
550,17,3,6.333333333333333
550,18,2,7.2
550,19,2,7.2
550,20,0,7.125
550,21,0,7.125
550,22,0,8.05
550,23,0,8.05
550,24,0,7.761904761904762
550,25,1,8.318181818181818
550,26,0,8.458333333333334
550,27,1,8.458333333333334
550,28,2,8.692307692307692
550,29,2,9.25925925925926
550,30,3,9.071428571428571
550,31,4,9.517241379310345
550,32,4,9.870967741935484
550,33,5,9.870967741935484
550,34,5,9.78125
551,0,0,0
551,1,0,0
551,2,0,0
551,3,0,2.0
551,4,0,3.0
551,5,0,3.0
551,6,0,3.0
551,7,0,3.0
551,8,0,4.0
551,9,0,4.0
551,10,0,4.428571428571429
551,11,0,4.428571428571429
551,12,0,4.428571428571429
551,13,0,4.428571428571429
551,14,0,4.777777777777778
551,15,0,4.777777777777778
551,16,0,5.3
551,17,0,5.3
551,18,0,5.916666666666667
551,19,0,5.916666666666667
551,20,0,5.916666666666667
551,21,0,5.916666666666667
551,22,0,6.333333333333333
551,23,2,6.333333333333333
551,24,2,6.888888888888889
551,25,0,6.888888888888889
551,26,0,6.7368421052631575
551,27,1,7.095238095238095
551,28,0,7.130434782608695
551,29,2,7.583333333333333
551,30,2,7.6
551,31,2,8.038461538461538
551,32,2,8.178571428571429
551,33,3,8.178571428571429
551,34,2,8.333333333333334
552,0,0,0
552,1,0,0
552,2,0,0
552,3,0,0
552,4,0,4.0
552,5,0,4.0
552,6,0,4.0
552,7,0,4.666666666666667
552,8,0,5.5
552,9,0,5.5
552,10,0,5.6
552,11,0,6.333333333333333
552,12,0,6.333333333333333
552,13,0,6.333333333333333
552,14,0,7.5
552,15,0,7.5
552,16,0,6.888888888888889
552,17,0,6.888888888888889
552,18,0,8.181818181818182
552,19,0,7.666666666666667
552,20,0,8.23076923076923
552,21,1,7.857142857142857
552,22,0,8.125
552,23,0,8.125
552,24,0,8.157894736842104
552,25,0,8.157894736842104
552,26,0,8.75
552,27,0,9.333333333333334
552,28,0,9.0
552,29,0,9.0
552,30,0,9.92
552,31,0,9.92
552,32,0,9.92
552,33,0,10.75
552,34,0,10.75
553,0,0,0
553,1,0,0
553,2,0,0
553,3,0,0
553,4,0,4.0
553,5,0,4.0
553,6,0,4.666666666666667
553,7,0,4.75
553,8,0,4.75
553,9,0,5.4
553,10,0,5.833333333333333
553,11,0,5.833333333333333
553,12,0,6.571428571428571
553,13,0,7.0
553,14,0,7.0
553,15,0,7.1
553,16,0,7.1
553,17,1,8.333333333333334
553,18,0,7.846153846153846
553,19,1,8.428571428571429
553,20,0,8.5625
553,21,0,8.5625
553,22,0,8.88888888888889
553,23,0,9.368421052631579
553,24,0,9.05
553,25,0,9.619047619047619
553,26,0,10.090909090909092
553,27,1,9.73913043478261
553,28,1,10.291666666666666
553,29,1,10.0
553,30,3,11.037037037037036
553,31,2,10.821428571428571
553,32,4,11.766666666666667
553,33,4,11.548387096774194
553,34,6,11.548387096774194
554,0,0,0
554,1,0,0
554,2,0,0
554,3,0,0
554,4,0,3.5
554,5,0,3.5
554,6,0,3.6666666666666665
554,7,0,4.0
554,8,0,4.0
554,9,0,4.0
554,10,0,4.714285714285714
554,11,0,4.714285714285714
554,12,0,4.75
554,13,0,5.222222222222222
554,14,0,5.4
554,15,0,5.4
554,16,0,5.4
554,17,0,5.818181818181818
554,18,0,6.166666666666667
554,19,0,6.538461538461538
554,20,0,6.538461538461538
554,21,0,6.928571428571429
554,22,0,7.4
554,23,0,7.4
554,24,0,7.6875
554,25,0,7.6875
554,26,0,8.5
554,27,0,8.5
554,28,0,8.157894736842104
554,29,0,9.047619047619047
554,30,0,9.047619047619047
554,31,0,9.047619047619047
554,32,0,9.409090909090908
554,33,0,9.91304347826087
554,34,1,9.91304347826087
555,0,0,0
555,1,0,0
555,2,0,2.0
555,3,0,2.0
555,4,0,3.0
555,5,0,3.6666666666666665
555,6,0,3.6666666666666665
555,7,0,4.5
555,8,0,4.8
555,9,0,4.8
555,10,0,5.0
555,11,0,5.714285714285714
555,12,0,5.714285714285714
555,13,0,5.714285714285714
555,14,0,6.666666666666667
555,15,0,6.666666666666667
555,16,0,6.9
555,17,0,6.9
555,18,0,7.75
555,19,0,7.75
555,20,0,7.75
555,21,0,7.75
555,22,0,8.857142857142858
555,23,0,8.857142857142858
555,24,0,9.75
555,25,0,9.75
555,26,0,9.75
555,27,0,9.666666666666666
555,28,0,10.31578947368421
555,29,1,10.238095238095237
555,30,0,10.434782608695652
555,31,0,10.125
555,32,0,10.72
555,33,0,10.777777777777779
555,34,0,10.777777777777779
556,0,0,0
556,1,0,0
556,2,0,0
556,3,0,0
556,4,0,4.0
556,5,0,4.0
556,6,0,4.0
556,7,0,5.5
556,8,0,5.5
556,9,0,5.5
556,10,0,5.5
556,11,0,7.0
556,12,0,7.0
556,13,0,7.571428571428571
556,14,0,7.555555555555555
556,15,0,7.555555555555555
556,16,0,7.636363636363637
556,17,0,8.25
556,18,0,7.846153846153846
556,19,1,9.0
556,20,0,8.625
556,21,0,9.117647058823529
556,22,0,9.05
556,23,0,9.05
556,24,0,8.956521739130435
556,25,0,9.5
556,26,0,9.5
556,27,2,9.5
556,28,3,9.576923076923077
556,29,3,10.148148148148149
556,30,2,9.928571428571429
556,31,3,10.517241379310345
556,32,2,10.774193548387096
556,33,4,11.3125
556,34,3,11.558823529411764
557,0,0,0
557,1,0,0
557,2,0,2.0
557,3,0,2.5
557,4,0,3.0
557,5,0,3.0
557,6,0,3.25
557,7,0,3.25
557,8,0,4.2
557,9,0,4.333333333333333
557,10,0,4.333333333333333
557,11,0,4.714285714285714
557,12,0,5.375
557,13,0,5.375
557,14,0,5.375
557,15,0,6.181818181818182
557,16,0,6.181818181818182
557,17,0,6.181818181818182
557,18,0,6.75
557,19,0,7.461538461538462
557,20,0,7.461538461538462
557,21,0,7.461538461538462
557,22,1,8.6
557,23,1,8.1875
557,24,1,8.5
557,25,2,8.263157894736842
557,26,6,9.0
557,27,8,8.73913043478261
557,28,9,9.0
557,29,10,9.5
557,30,11,9.714285714285714
557,31,12,10.172413793103448
557,32,11,10.066666666666666
557,33,11,10.451612903225806
557,34,11,10.40625
558,0,0,0
558,1,0,0
558,2,0,0
558,3,0,0
558,4,0,4.0
558,5,0,4.0
558,6,0,4.75
558,7,0,4.75
558,8,0,5.166666666666667
558,9,0,5.166666666666667
558,10,0,5.285714285714286
558,11,0,5.875
558,12,0,5.875
558,13,0,6.222222222222222
558,14,0,6.222222222222222
558,15,0,7.0
558,16,0,6.583333333333333
558,17,1,7.230769230769231
558,18,0,6.857142857142857
558,19,2,7.0
558,20,0,6.8125
558,21,1,7.470588235294118
558,22,0,7.35
558,23,0,7.35
558,24,0,8.0
558,25,0,7.75
558,26,0,8.538461538461538
558,27,0,8.296296296296296
558,28,0,8.296296296296296
558,29,0,8.107142857142858
558,30,3,9.0
558,31,2,8.806451612903226
558,32,2,9.375
558,33,1,9.212121212121213
558,34,2,9.558823529411764
559,0,0,0
559,1,0,0
559,2,0,0
559,3,0,2.5
559,4,0,2.5
559,5,0,2.5
559,6,0,2.5
559,7,0,4.0
559,8,0,4.0
559,9,0,4.0
559,10,0,4.6
559,11,0,5.166666666666667
559,12,0,5.166666666666667
559,13,0,5.857142857142857
559,14,0,6.375
559,15,0,6.375
559,16,0,6.375
559,17,0,7.7
559,18,0,7.7
559,19,0,7.7
559,20,0,7.7
559,21,0,9.083333333333334
559,22,0,9.083333333333334
559,23,0,9.76923076923077
559,24,0,10.285714285714286
559,25,0,10.285714285714286
559,26,0,10.285714285714286
559,27,0,11.5
559,28,0,10.941176470588236
559,29,0,11.5
559,30,0,11.052631578947368
559,31,0,11.65
559,32,0,11.238095238095237
559,33,0,11.772727272727273
559,34,0,11.772727272727273
560,0,0,0
560,1,0,0
560,2,0,2.0
560,3,0,2.0
560,4,0,3.0
560,5,0,3.6666666666666665
560,6,0,4.25
560,7,0,4.25
560,8,0,4.25
560,9,0,5.0
560,10,0,5.333333333333333
560,11,0,6.0
560,12,0,6.0
560,13,0,6.0
560,14,0,7.222222222222222
560,15,0,7.222222222222222
560,16,0,7.222222222222222
560,17,0,6.7
560,18,1,8.0
560,19,2,7.615384615384615
560,20,0,7.615384615384615
560,21,0,8.5625
560,22,3,8.176470588235293
560,23,3,8.176470588235293
560,24,3,8.2
560,25,3,8.409090909090908
560,26,5,8.391304347826088
560,27,5,8.958333333333334
560,28,7,9.5
560,29,7,9.5
560,30,6,10.551724137931034
560,31,7,10.551724137931034
560,32,7,10.5
560,33,6,10.90625
560,34,7,11.393939393939394
561,0,0,0
561,1,0,0
561,2,0,0
561,3,0,3.0
561,4,0,3.0
561,5,0,2.5
561,6,0,2.5
561,7,0,2.75
561,8,0,2.75
561,9,0,2.75
561,10,0,3.6
561,11,0,3.8333333333333335
561,12,0,4.428571428571429
561,13,0,4.428571428571429
561,14,0,4.875
561,15,0,5.555555555555555
561,16,0,5.555555555555555
561,17,0,5.2
561,18,0,5.7272727272727275
561,19,0,6.416666666666667
561,20,0,6.416666666666667
561,21,0,7.642857142857143
561,22,0,7.642857142857143
561,23,0,7.642857142857143
561,24,0,8.2
561,25,0,8.75
561,26,0,8.75
561,27,0,8.88888888888889
561,28,2,8.88888888888889
561,29,2,9.15
561,30,2,9.666666666666666
561,31,3,9.91304347826087
561,32,3,10.375
561,33,2,10.2
561,34,2,10.2
562,0,0,0
562,1,0,0
562,2,0,0
562,3,0,2.0
562,4,0,3.0
562,5,0,3.0
562,6,0,3.0
562,7,0,4.75
562,8,0,4.75
562,9,0,4.75
562,10,0,5.6
562,11,0,6.166666666666667
562,12,1,6.166666666666667
562,13,0,6.375
562,14,0,6.375
562,15,0,7.363636363636363
562,16,0,7.363636363636363
562,17,1,7.461538461538462
562,18,1,7.461538461538462
562,19,0,8.3125
562,20,0,8.058823529411764
562,21,0,7.722222222222222
562,22,1,8.0
562,23,1,8.227272727272727
562,24,2,8.0
562,25,2,8.4
562,26,6,8.192307692307692
562,27,7,8.571428571428571
562,28,8,9.10344827586207
562,29,11,9.0
562,30,12,9.516129032258064
562,31,11,9.969696969696969
562,32,12,9.969696969696969
562,33,13,10.86111111111111
562,34,14,10.86111111111111
563,0,0,0
563,1,0,0
563,2,0,2.0
563,3,0,2.0
563,4,0,3.0
563,5,0,3.6666666666666665
563,6,0,3.6666666666666665
563,7,0,3.6666666666666665
563,8,0,4.6
563,9,0,4.6
563,10,0,4.6
563,11,0,5.333333333333333
563,12,0,5.857142857142857
563,13,0,5.857142857142857
563,14,0,5.857142857142857
563,15,0,7.222222222222222
563,16,0,7.222222222222222
563,17,0,7.222222222222222
563,18,0,7.9
563,19,2,8.636363636363637
563,20,0,8.083333333333334
563,21,0,8.615384615384615
563,22,0,8.625
563,23,2,9.117647058823529
563,24,2,9.15
563,25,2,9.15
563,26,4,9.318181818181818
563,27,4,9.318181818181818
563,28,4,9.75
563,29,5,10.2
563,30,5,10.076923076923077
563,31,5,10.592592592592593
563,32,4,10.464285714285714
563,33,5,10.89655172413793
563,34,6,10.833333333333334
564,0,0,0
564,1,0,0
564,2,0,0
564,3,0,3.0
564,4,0,3.0
564,5,0,3.5
564,6,0,4.333333333333333
564,7,0,4.333333333333333
564,8,0,5.0
564,9,0,5.0
564,10,0,5.8
564,11,0,6.333333333333333
564,12,0,6.333333333333333
564,13,0,6.333333333333333
564,14,0,7.142857142857143
564,15,0,7.875
564,16,0,7.222222222222222
564,17,0,7.222222222222222
564,18,0,8.636363636363637
564,19,0,8.636363636363637
564,20,0,8.636363636363637
564,21,0,9.416666666666666
564,22,0,9.5
564,23,0,9.0
564,24,1,9.0
564,25,0,9.944444444444445
564,26,1,9.526315789473685
564,27,2,9.857142857142858
564,28,2,10.173913043478262
564,29,4,10.708333333333334
564,30,5,10.44
564,31,6,11.038461538461538
564,32,6,11.285714285714286
564,33,8,11.285714285714286
564,34,8,11.137931034482758
565,0,0,0
565,1,0,0
565,2,0,2.0
565,3,0,2.0
565,4,0,2.0
565,5,0,3.5
565,6,0,3.6666666666666665
565,7,0,3.6666666666666665
565,8,0,4.5
565,9,0,4.5
565,10,0,5.5
565,11,0,5.5
565,12,0,5.571428571428571
565,13,0,6.0
565,14,0,6.222222222222222
565,15,0,6.7
565,16,0,6.7
565,17,1,7.0
565,18,0,7.076923076923077
565,19,0,7.357142857142857
565,20,0,7.133333333333334
565,21,0,7.625
565,22,0,7.625
565,23,0,8.058823529411764
565,24,0,8.058823529411764
565,25,1,8.31578947368421
565,26,3,8.31578947368421
565,27,4,9.045454545454545
565,28,5,9.045454545454545
565,29,6,8.869565217391305
565,30,10,9.416666666666666
565,31,9,9.76923076923077
565,32,10,9.76923076923077
565,33,10,10.178571428571429
565,34,11,10.178571428571429
566,0,0,0
566,1,0,0
566,2,0,2.0
566,3,0,2.0
566,4,0,3.0
566,5,0,3.0
566,6,0,4.0
566,7,0,4.75
566,8,0,5.0
566,9,0,5.0
566,10,0,5.666666666666667
566,11,0,5.666666666666667
566,12,0,6.285714285714286
566,13,0,6.875
566,14,0,6.875
566,15,0,6.875
566,16,0,7.444444444444445
566,17,0,8.1
566,18,0,8.1
566,19,0,7.545454545454546
566,20,0,8.846153846153847
566,21,0,8.428571428571429
566,22,2,8.0
566,23,4,8.235294117647058
566,24,3,8.68421052631579
566,25,2,8.4
566,26,2,8.818181818181818
566,27,2,9.208333333333334
566,28,1,9.653846153846153
566,29,2,9.653846153846153
566,30,3,9.703703703703704
566,31,4,10.724137931034482
566,32,5,10.6
566,33,6,11.064516129032258
566,34,7,10.90625
567,0,0,0
567,1,0,0
567,2,0,0
567,3,0,0
567,4,0,0
567,5,0,4.0
567,6,0,4.0
567,7,0,4.0
567,8,0,4.333333333333333
567,9,0,5.0
567,10,0,5.4
567,11,0,5.4
567,12,0,6.142857142857143
567,13,0,6.142857142857143
567,14,0,6.142857142857143
567,15,0,6.625
567,16,0,7.0
567,17,0,7.0
567,18,0,7.0
567,19,0,7.909090909090909
567,20,0,7.909090909090909
567,21,0,8.416666666666666
567,22,0,8.692307692307692
567,23,0,9.142857142857142
567,24,0,9.142857142857142
567,25,0,9.466666666666667
567,26,0,10.0
567,27,0,10.0
567,28,0,10.235294117647058
567,29,2,9.777777777777779
567,30,2,10.31578947368421
567,31,2,10.285714285714286
567,32,2,10.285714285714286
567,33,2,10.045454545454545
567,34,2,10.565217391304348
568,0,0,0
568,1,0,0
568,2,0,0
568,3,0,3.0
568,4,0,3.0
568,5,0,3.0
568,6,0,3.0
568,7,0,4.0
568,8,0,3.5
568,9,0,3.8
568,10,0,3.8
568,11,0,5.142857142857143
568,12,0,5.142857142857143
568,13,0,5.875
568,14,0,5.875
568,15,0,6.7
568,16,0,6.7
568,17,0,6.7
568,18,0,7.0
568,19,0,7.75
568,20,0,8.076923076923077
568,21,0,8.076923076923077
568,22,0,8.785714285714286
568,23,0,8.785714285714286
568,24,0,9.75
568,25,0,9.75
568,26,0,9.75
568,27,0,9.75
568,28,1,10.777777777777779
568,29,1,10.31578947368421
568,30,3,10.65
568,31,2,10.333333333333334
568,32,2,11.391304347826088
568,33,2,11.125
568,34,2,11.125
569,0,0,0
569,1,0,0
569,2,0,2.0
569,3,0,2.0
569,4,0,3.0
569,5,0,3.3333333333333335
569,6,0,3.3333333333333335
569,7,0,4.25
569,8,0,4.25
569,9,0,5.0
569,10,0,5.5
569,11,0,5.5
569,12,0,5.5
569,13,0,6.111111111111111
569,14,0,5.7
569,15,0,5.7
569,16,0,6.916666666666667
569,17,0,6.916666666666667
569,18,1,7.461538461538462
569,19,1,7.071428571428571
569,20,0,7.666666666666667
569,21,1,7.4375
569,22,1,7.722222222222222
569,23,3,8.05
569,24,4,7.9523809523809526
569,25,1,8.26086956521739
569,26,2,8.083333333333334
569,27,4,8.5
569,28,6,8.407407407407407
569,29,8,9.379310344827585
569,30,8,9.233333333333333
569,31,8,9.233333333333333
569,32,7,9.161290322580646
569,33,8,10.181818181818182
569,34,8,10.205882352941176
570,0,0,0
570,1,0,0
570,2,0,2.0
570,3,0,2.5
570,4,0,2.5
570,5,0,2.5
570,6,0,3.6666666666666665
570,7,0,4.25
570,8,0,4.25
570,9,0,5.0
570,10,0,5.666666666666667
570,11,0,6.0
570,12,0,6.0
570,13,0,6.5
570,14,0,7.111111111111111
570,15,0,7.111111111111111
570,16,0,7.6
570,17,0,7.090909090909091
570,18,0,7.833333333333333
570,19,0,7.384615384615385
570,20,0,8.0
570,21,0,7.6
570,22,0,7.9411764705882355
570,23,0,8.5
570,24,2,8.5
570,25,1,7.85
570,26,4,8.523809523809524
570,27,7,8.708333333333334
570,28,9,8.708333333333334
570,29,10,9.192307692307692
570,30,11,9.037037037037036
570,31,11,9.571428571428571
570,32,11,10.066666666666666
570,33,11,10.066666666666666
570,34,11,11.090909090909092
571,0,0,0
571,1,0,0
571,2,0,0
571,3,0,0
571,4,0,4.0
571,5,0,4.0
571,6,0,4.0
571,7,0,4.0
571,8,0,5.0
571,9,0,5.0
571,10,0,5.4
571,11,0,5.833333333333333
571,12,0,6.142857142857143
571,13,0,6.142857142857143
571,14,0,6.142857142857143
571,15,0,6.75
571,16,0,6.7
571,17,0,6.7
571,18,0,6.7
571,19,1,6.916666666666667
571,20,0,7.538461538461538
571,21,0,7.214285714285714
571,22,0,7.0
571,23,0,7.6875
571,24,0,8.235294117647058
571,25,0,8.235294117647058
571,26,2,8.1
571,27,4,8.714285714285714
571,28,4,8.454545454545455
571,29,5,8.454545454545455
571,30,8,9.4
571,31,10,9.4
571,32,9,9.814814814814815
571,33,9,10.357142857142858
571,34,9,10.275862068965518
572,0,0,0
572,1,0,0
572,2,0,0
572,3,0,2.0
572,4,0,2.0
572,5,0,2.0
572,6,0,2.0
572,7,0,3.3333333333333335
572,8,0,3.5
572,9,0,3.5
572,10,0,3.5
572,11,0,4.6
572,12,0,5.166666666666667
572,13,0,5.166666666666667
572,14,0,5.166666666666667
572,15,0,6.285714285714286
572,16,0,6.875
572,17,1,6.875
572,18,3,7.2
572,19,6,7.818181818181818
572,20,0,7.5
572,21,1,8.23076923076923
572,22,1,8.0625
572,23,8,8.0625
572,24,9,7.555555555555555
572,25,10,8.210526315789474
572,26,11,8.363636363636363
572,27,16,8.363636363636363
572,28,17,8.875
572,29,19,9.32
572,30,19,10.0
572,31,20,10.392857142857142
572,32,20,10.551724137931034
572,33,19,11.129032258064516
572,34,20,11.129032258064516
573,0,0,0
573,1,0,0
573,2,0,0
573,3,0,3.0
573,4,0,2.5
573,5,0,2.5
573,6,0,3.3333333333333335
573,7,0,3.3333333333333335
573,8,0,4.0
573,9,0,4.0
573,10,0,5.0
573,11,0,5.0
573,12,0,6.285714285714286
573,13,0,6.285714285714286
573,14,0,6.285714285714286
573,15,0,6.285714285714286
573,16,0,7.2
573,17,1,7.2
573,18,1,7.5
573,19,2,7.5
573,20,0,7.857142857142857
573,21,1,7.857142857142857
573,22,4,8.823529411764707
573,23,4,8.61111111111111
573,24,3,8.85
573,25,1,8.714285714285714
573,26,2,9.08695652173913
573,27,5,9.041666666666666
573,28,7,9.56
573,29,9,9.384615384615385
573,30,9,9.962962962962964
573,31,10,10.275862068965518
573,32,10,10.275862068965518
573,33,9,11.09375
573,34,9,11.09375
574,0,0,0
574,1,0,0
574,2,0,2.0
574,3,0,2.5
574,4,0,2.5
574,5,0,2.5
574,6,0,3.3333333333333335
574,7,0,3.5
574,8,0,4.2
574,9,0,4.2
574,10,0,4.5
574,11,0,5.142857142857143
574,12,0,5.142857142857143
574,13,0,5.142857142857143
574,14,0,6.333333333333333
574,15,0,6.333333333333333
574,16,0,6.333333333333333
574,17,0,7.545454545454546
574,18,0,7.083333333333333
574,19,0,7.928571428571429
574,20,0,7.533333333333333
574,21,0,8.0
574,22,0,8.352941176470589
574,23,0,8.0
574,24,0,8.1
574,25,1,8.571428571428571
574,26,2,8.318181818181818
574,27,4,9.125
574,28,4,8.92
574,29,5,9.703703703703704
574,30,5,9.535714285714286
574,31,6,9.413793103448276
574,32,6,9.833333333333334
574,33,5,10.15625
574,34,5,10.15625
575,0,0,0
575,1,0,0
575,2,0,0
575,3,0,0
575,4,0,0
575,5,0,0
575,6,0,4.0
575,7,0,4.0
575,8,0,4.333333333333333
575,9,0,4.333333333333333
575,10,0,4.333333333333333
575,11,0,5.4
575,12,0,5.4
575,13,0,5.4
575,14,0,6.166666666666667
575,15,0,6.428571428571429
575,16,0,5.875
575,17,0,5.875
575,18,0,6.666666666666667
575,19,0,6.636363636363637
575,20,0,7.25
575,21,0,7.25
575,22,0,7.769230769230769
575,23,0,7.769230769230769
575,24,1,8.428571428571429
575,25,0,7.625
575,26,2,8.555555555555555
575,27,2,8.05
575,28,5,8.05
575,29,6,8.782608695652174
575,30,9,8.782608695652174
575,31,9,8.666666666666666
575,32,9,9.615384615384615
575,33,8,9.518518518518519
575,34,8,9.428571428571429
576,0,0,0
576,1,0,0
576,2,0,0
576,3,0,0
576,4,0,4.0
576,5,0,4.0
576,6,0,4.666666666666667
576,7,0,4.666666666666667
576,8,0,4.75
576,9,0,5.2
576,10,0,5.2
576,11,0,6.0
576,12,0,6.0
576,13,0,6.666666666666667
576,14,0,6.666666666666667
576,15,0,7.2
576,16,0,7.545454545454546
576,17,0,7.545454545454546
576,18,0,7.083333333333333
576,19,0,8.071428571428571
576,20,0,8.071428571428571
576,21,0,8.588235294117647
576,22,0,8.588235294117647
576,23,0,8.588235294117647
576,24,0,8.944444444444445
576,25,0,9.31578947368421
576,26,0,9.7
576,27,2,9.333333333333334
576,28,2,10.130434782608695
576,29,2,9.833333333333334
576,30,3,9.833333333333334
576,31,3,9.64
576,32,4,10.481481481481481
576,33,3,10.357142857142858
576,34,3,10.357142857142858
577,0,0,0
577,1,0,0
577,2,0,2.0
577,3,0,2.0
577,4,0,2.6666666666666665
577,5,0,2.6666666666666665
577,6,0,3.25
577,7,0,3.25
577,8,0,3.2
577,9,0,3.2
577,10,0,4.0
577,11,0,4.285714285714286
577,12,0,4.285714285714286
577,13,0,4.625
577,14,0,5.333333333333333
577,15,0,5.333333333333333
577,16,0,5.5
577,17,0,5.5
577,18,0,6.153846153846154
577,19,0,6.153846153846154
577,20,0,6.133333333333334
577,21,0,6.133333333333334
577,22,1,6.75
577,23,2,6.777777777777778
577,24,1,6.578947368421052
577,25,2,7.2
577,26,4,7.0476190476190474
577,27,7,8.0
577,28,7,7.916666666666667
577,29,9,8.48
577,30,8,8.62962962962963
577,31,8,8.62962962962963
577,32,8,8.862068965517242
577,33,9,9.366666666666667
577,34,8,9.35483870967742
578,0,0,0
578,1,0,0
578,2,0,0
578,3,0,0
578,4,0,2.0
578,5,0,2.0
578,6,0,2.0
578,7,0,2.0
578,8,0,3.3333333333333335
578,9,0,3.3333333333333335
578,10,0,4.2
578,11,0,4.2
578,12,0,4.2
578,13,0,4.5
578,14,0,5.142857142857143
578,15,0,5.142857142857143
578,16,0,5.888888888888889
578,17,0,5.888888888888889
578,18,0,6.1
578,19,0,6.636363636363637
578,20,0,6.636363636363637
578,21,0,7.083333333333333
578,22,0,7.461538461538462
578,23,0,7.461538461538462
578,24,0,7.461538461538462
578,25,0,8.071428571428571
578,26,0,8.533333333333333
578,27,0,8.533333333333333
578,28,0,9.125
578,29,0,9.125
578,30,0,9.705882352941176
578,31,0,9.68421052631579
578,32,0,9.68421052631579
578,33,0,9.80952380952381
578,34,0,10.272727272727273
579,0,0,0
579,1,0,0
579,2,0,0
579,3,0,3.0
579,4,0,3.0
579,5,0,3.0
579,6,0,3.0
579,7,0,4.25
579,8,0,4.25
579,9,0,5.0
579,10,0,5.0
579,11,0,5.5
579,12,0,6.142857142857143
579,13,0,6.142857142857143
579,14,0,6.142857142857143
579,15,0,7.444444444444445
579,16,0,7.444444444444445
579,17,0,8.1
579,18,0,8.636363636363637
579,19,0,8.636363636363637
579,20,0,8.636363636363637
579,21,0,9.923076923076923
579,22,0,9.923076923076923
579,23,0,9.357142857142858
579,24,1,9.933333333333334
579,25,0,10.176470588235293
579,26,0,10.176470588235293
579,27,1,9.421052631578947
579,28,3,9.619047619047619
579,29,4,10.272727272727273
579,30,4,10.0
579,31,5,10.5
579,32,6,10.28
579,33,7,10.961538461538462
579,34,6,10.814814814814815
580,0,0,0
580,1,0,0
580,2,0,2.0
580,3,0,2.0
580,4,0,2.5
580,5,0,3.0
580,6,0,3.0
580,7,0,3.0
580,8,0,3.8
580,9,0,3.8
580,10,0,4.333333333333333
580,11,0,4.333333333333333
580,12,0,5.142857142857143
580,13,0,5.142857142857143
580,14,0,5.75
580,15,0,5.75
580,16,0,6.666666666666667
580,17,0,6.666666666666667
580,18,0,6.7272727272727275
580,19,1,7.416666666666667
580,20,0,7.0
580,21,2,7.642857142857143
580,22,0,7.125
580,23,1,7.823529411764706
580,24,1,7.473684210526316
580,25,0,8.05
580,26,3,7.545454545454546
580,27,6,8.173913043478262
580,28,7,7.958333333333333
580,29,8,9.115384615384615
580,30,10,8.962962962962964
580,31,12,9.535714285714286
580,32,11,10.033333333333333
580,33,11,10.033333333333333
580,34,11,11.0
581,0,0,0
581,1,0,0
581,2,0,0
581,3,0,0
581,4,0,4.0
581,5,0,4.0
581,6,0,4.666666666666667
581,7,0,5.25
581,8,0,5.25
581,9,0,5.8
581,10,0,6.166666666666667
581,11,0,6.428571428571429
581,12,0,6.875
581,13,0,6.875
581,14,0,7.222222222222222
581,15,0,7.7
581,16,0,8.090909090909092
581,17,0,8.090909090909092
581,18,0,8.090909090909092
581,19,0,8.75
581,20,0,9.153846153846153
581,21,0,8.642857142857142
581,22,1,8.642857142857142
581,23,0,8.9375
581,24,1,9.294117647058824
581,25,0,9.0
581,26,0,9.3
581,27,0,9.047619047619047
581,28,2,9.173913043478262
581,29,6,9.791666666666666
581,30,8,9.52
581,31,8,10.518518518518519
581,32,9,10.321428571428571
581,33,9,10.321428571428571
581,34,8,11.225806451612904
582,0,0,0
582,1,0,0
582,2,0,0
582,3,0,3.0
582,4,0,3.5
582,5,0,3.5
582,6,0,3.5
582,7,0,4.333333333333333
582,8,0,5.0
582,9,0,5.0
582,10,0,5.4
582,11,0,6.166666666666667
582,12,0,6.571428571428571
582,13,0,6.571428571428571
582,14,0,7.25
582,15,0,7.1
582,16,1,7.1
582,17,1,7.333333333333333
582,18,1,7.333333333333333
582,19,2,7.642857142857143
582,20,0,8.2
582,21,0,8.470588235294118
582,22,3,8.470588235294118
582,23,2,8.277777777777779
582,24,3,9.4
582,25,3,8.954545454545455
582,26,5,9.434782608695652
582,27,5,9.12
582,28,6,9.653846153846153
582,29,6,9.666666666666666
582,30,10,10.107142857142858
582,31,10,10.566666666666666
582,32,10,11.0
582,33,10,10.9375
582,34,12,11.393939393939394
583,0,0,0
583,1,0,0
583,2,0,2.0
583,3,0,2.0
583,4,0,2.6666666666666665
583,5,0,2.6666666666666665
583,6,0,2.6666666666666665
583,7,0,3.25
583,8,0,3.8
583,9,0,3.8
583,10,0,4.571428571428571
583,11,0,4.571428571428571
583,12,0,4.75
583,13,0,4.888888888888889
583,14,0,4.9
583,15,0,4.9
583,16,0,4.7272727272727275
583,17,0,5.166666666666667
583,18,0,5.153846153846154
583,19,0,5.5
583,20,0,5.5
583,21,0,5.533333333333333
583,22,0,5.9375
583,23,0,5.705882352941177
583,24,1,6.2631578947368425
583,25,1,6.1
583,26,2,6.285714285714286
583,27,3,6.181818181818182
583,28,4,6.875
583,29,4,6.8
583,30,5,6.8
583,31,4,6.769230769230769
583,32,4,7.535714285714286
583,33,3,7.517241379310345
583,34,3,8.0
584,0,0,0
584,1,0,0
584,2,0,0
584,3,0,0
584,4,0,4.0
584,5,0,4.0
584,6,0,4.0
584,7,0,4.0
584,8,0,5.5
584,9,0,5.5
584,10,0,5.5
584,11,0,5.5
584,12,0,6.666666666666667
584,13,0,6.666666666666667
584,14,0,7.142857142857143
584,15,0,7.875
584,16,0,8.222222222222221
584,17,0,8.222222222222221
584,18,0,9.272727272727273
584,19,0,9.272727272727273
584,20,0,9.272727272727273
584,21,0,8.666666666666666
584,22,0,9.133333333333333
584,23,0,9.133333333333333
584,24,0,9.294117647058824
584,25,0,8.88888888888889
584,26,0,9.421052631578947
584,27,2,9.0
584,28,2,9.181818181818182
584,29,5,9.608695652173912
584,30,6,9.375
584,31,5,9.692307692307692
584,32,5,10.148148148148149
584,33,4,10.0
584,34,4,10.517241379310345
585,0,0,0
585,1,0,0
585,2,0,0
585,3,0,0
585,4,0,4.0
585,5,0,4.0
585,6,0,4.0
585,7,0,4.25
585,8,0,4.6
585,9,0,5.0
585,10,0,5.285714285714286
585,11,0,5.285714285714286
585,12,0,5.285714285714286
585,13,0,5.875
585,14,0,6.444444444444445
585,15,0,6.444444444444445
585,16,0,7.1
585,17,0,7.083333333333333
585,18,0,7.083333333333333
585,19,0,7.8
585,20,0,7.8
585,21,0,7.882352941176471
585,22,0,7.882352941176471
585,23,0,8.842105263157896
585,24,0,8.842105263157896
585,25,0,8.842105263157896
585,26,0,8.842105263157896
585,27,1,9.545454545454545
585,28,2,9.545454545454545
585,29,3,9.26086956521739
585,30,3,9.26086956521739
585,31,2,10.115384615384615
585,32,4,10.115384615384615
585,33,5,10.464285714285714
585,34,5,10.464285714285714
586,0,0,0
586,1,0,0
586,2,0,0
586,3,0,0
586,4,0,0
586,5,0,4.0
586,6,0,4.0
586,7,0,4.0
586,8,0,4.0
586,9,0,4.0
586,10,0,4.0
586,11,0,4.0
586,12,0,5.333333333333333
586,13,0,5.333333333333333
586,14,0,5.714285714285714
586,15,0,5.714285714285714
586,16,0,6.888888888888889
586,17,1,6.4
586,18,2,6.4
586,19,2,6.333333333333333
586,20,0,7.076923076923077
586,21,0,7.0
586,22,2,7.0
586,23,1,6.9375
586,24,1,7.526315789473684
586,25,0,7.5
586,26,1,7.238095238095238
586,27,1,8.041666666666666
586,28,3,8.041666666666666
586,29,5,8.115384615384615
586,30,4,8.5
586,31,5,8.758620689655173
586,32,4,8.633333333333333
586,33,4,8.633333333333333
586,34,5,9.125
587,0,0,0
587,1,0,0
587,2,0,2.0
587,3,0,2.0
587,4,0,2.0
587,5,0,2.0
587,6,0,2.0
587,7,0,3.25
587,8,0,3.25
587,9,0,3.25
587,10,0,4.5
587,11,0,4.5
587,12,0,4.5
587,13,0,5.285714285714286
587,14,0,5.75
587,15,0,5.75
587,16,0,5.75
587,17,1,6.2
587,18,2,6.636363636363637
587,19,1,6.333333333333333
587,20,0,6.769230769230769
587,21,1,7.333333333333333
587,22,3,7.0
587,23,5,6.764705882352941
587,24,5,7.75
587,25,5,7.476190476190476
587,26,5,7.913043478260869
587,27,6,8.12
587,28,9,8.74074074074074
587,29,10,8.74074074074074
587,30,12,9.275862068965518
587,31,12,9.666666666666666
587,32,12,10.09375
587,33,14,10.09375
587,34,14,10.151515151515152
588,0,0,0
588,1,0,0
588,2,0,0
588,3,0,0
588,4,0,4.0
588,5,0,4.0
588,6,0,4.0
588,7,0,4.0
588,8,0,5.0
588,9,0,5.0
588,10,0,5.0
588,11,0,5.0
588,12,0,5.666666666666667
588,13,0,5.666666666666667
588,14,0,5.714285714285714
588,15,0,5.714285714285714
588,16,0,6.111111111111111
588,17,1,6.3
588,18,0,6.0
588,19,2,6.75
588,20,0,6.857142857142857
588,21,0,7.1875
588,22,0,7.222222222222222
588,23,0,6.894736842105263
588,24,0,6.7272727272727275
588,25,0,7.083333333333333
588,26,0,7.083333333333333
588,27,0,6.92
588,28,0,7.703703703703703
588,29,1,7.703703703703703
588,30,0,7.5
588,31,0,8.333333333333334
588,32,1,8.193548387096774
588,33,2,8.4375
588,34,2,8.823529411764707
589,0,0,0
589,1,0,0
589,2,0,0
589,3,0,0
589,4,0,2.0
589,5,0,2.0
589,6,0,2.3333333333333335
589,7,0,2.3333333333333335
589,8,0,3.0
589,9,0,3.0
589,10,0,3.0
589,11,0,4.0
589,12,0,4.0
589,13,0,3.7142857142857144
589,14,0,4.555555555555555
589,15,0,4.555555555555555
589,16,0,4.555555555555555
589,17,0,5.3
589,18,0,5.7272727272727275
589,19,0,5.7272727272727275
589,20,0,6.083333333333333
589,21,0,6.769230769230769
589,22,0,6.428571428571429
589,23,0,7.4375
589,24,0,7.176470588235294
589,25,0,8.105263157894736
589,26,0,8.105263157894736
589,27,0,7.8
589,28,0,8.238095238095237
589,29,0,8.727272727272727
589,30,0,8.727272727272727
589,31,0,8.875
589,32,0,9.32
589,33,0,9.038461538461538
589,34,1,9.518518518518519
590,0,0,0
590,1,0,0
590,2,0,0
590,3,0,3.0
590,4,0,3.0
590,5,0,3.0
590,6,0,4.0
590,7,0,4.5
590,8,0,4.5
590,9,0,5.2
590,10,0,5.833333333333333
590,11,0,6.285714285714286
590,12,0,6.285714285714286
590,13,0,7.333333333333333
590,14,0,7.333333333333333
590,15,0,7.8
590,16,0,7.2727272727272725
590,17,0,8.23076923076923
590,18,0,7.785714285714286
590,19,1,7.785714285714286
590,20,0,8.0
590,21,0,8.529411764705882
590,22,0,8.277777777777779
590,23,0,8.736842105263158
590,24,0,8.4
590,25,0,8.857142857142858
590,26,0,9.0
590,27,0,9.0
590,28,0,9.08
590,29,0,9.25925925925926
590,30,3,9.25925925925926
590,31,2,9.413793103448276
590,32,4,9.9
590,33,3,9.709677419354838
590,34,5,10.09375
591,0,0,0
591,1,0,0
591,2,0,2.0
591,3,0,2.0
591,4,0,3.0
591,5,0,3.0
591,6,0,3.5
591,7,0,3.5
591,8,0,4.2
591,9,0,4.666666666666667
591,10,0,5.285714285714286
591,11,0,5.285714285714286
591,12,0,5.285714285714286
591,13,0,5.875
591,14,0,6.555555555555555
591,15,0,7.1
591,16,0,7.1
591,17,0,7.636363636363637
591,18,0,8.333333333333334
591,19,0,8.333333333333334
591,20,0,8.333333333333334
591,21,1,8.923076923076923
591,22,0,9.133333333333333
591,23,2,9.133333333333333
591,24,2,8.8125
591,25,1,9.631578947368421
591,26,3,9.35
591,27,7,9.047619047619047
591,28,12,10.217391304347826
591,29,11,10.0
591,30,13,10.56
591,31,13,10.384615384615385
591,32,14,10.75
591,33,15,11.275862068965518
591,34,15,11.166666666666666
592,0,0,0
592,1,0,0
592,2,0,0
592,3,0,3.0
592,4,0,3.5
592,5,0,3.5
592,6,0,3.5
592,7,0,4.0
592,8,0,5.0
592,9,0,5.0
592,10,0,5.6
592,11,0,6.166666666666667
592,12,0,6.166666666666667
592,13,0,6.714285714285714
592,14,0,7.375
592,15,0,7.2
592,16,0,7.2
592,17,0,7.6923076923076925
592,18,0,7.6923076923076925
592,19,0,7.285714285714286
592,20,0,8.375
592,21,0,8.0
592,22,0,8.0
592,23,0,7.722222222222222
592,24,0,8.523809523809524
592,25,0,8.227272727272727
592,26,0,8.227272727272727
592,27,0,8.24
592,28,0,8.846153846153847
592,29,0,8.62962962962963
592,30,0,8.62962962962963
592,31,0,9.178571428571429
592,32,0,9.689655172413794
592,33,0,10.2
592,34,0,10.2
593,0,0,0
593,1,0,0
593,2,0,0
593,3,0,0
593,4,0,4.0
593,5,0,4.0
593,6,0,4.666666666666667
593,7,0,4.666666666666667
593,8,0,5.8
593,9,0,5.8
593,10,0,5.8
593,11,0,5.8
593,12,0,7.142857142857143
593,13,0,7.142857142857143
593,14,0,7.75
593,15,0,8.333333333333334
593,16,0,8.333333333333334
593,17,0,8.9
593,18,1,9.545454545454545
593,19,0,8.916666666666666
593,20,0,8.461538461538462
593,21,0,9.0625
593,22,0,9.0625
593,23,0,8.333333333333334
593,24,0,8.842105263157896
593,25,0,8.818181818181818
593,26,1,8.818181818181818
593,27,2,9.0
593,28,2,9.48
593,29,4,9.26923076923077
593,30,7,9.777777777777779
593,31,6,9.607142857142858
593,32,6,10.5
593,33,5,10.387096774193548
593,34,5,10.25
594,0,0,0
594,1,0,0
594,2,0,0
594,3,0,3.0
594,4,0,3.0
594,5,0,3.0
594,6,0,3.6666666666666665
594,7,0,4.5
594,8,0,4.5
594,9,0,5.2
594,10,0,5.833333333333333
594,11,0,5.833333333333333
594,12,0,5.833333333333333
594,13,0,6.714285714285714
594,14,0,7.25
594,15,0,7.25
594,16,0,8.5
594,17,0,8.5
594,18,1,9.090909090909092
594,19,0,8.5
594,20,0,8.923076923076923
594,21,0,9.066666666666666
594,22,0,9.4375
594,23,0,9.157894736842104
594,24,0,9.157894736842104
594,25,0,8.85
594,26,1,9.285714285714286
594,27,3,9.478260869565217
594,28,5,9.478260869565217
594,29,7,10.115384615384615
594,30,7,10.115384615384615
594,31,6,9.925925925925926
594,32,6,10.392857142857142
594,33,5,10.7
594,34,5,10.7
595,0,0,0
595,1,0,0
595,2,0,0
595,3,0,3.0
595,4,0,3.0
595,5,0,4.0
595,6,0,4.0
595,7,0,4.0
595,8,0,4.0
595,9,0,5.4
595,10,0,5.4
595,11,0,6.0
595,12,0,6.0
595,13,0,6.571428571428571
595,14,0,7.25
595,15,0,7.25
595,16,0,7.25
595,17,0,7.888888888888889
595,18,0,8.0
595,19,1,8.0
595,20,0,8.307692307692308
595,21,0,8.785714285714286
595,22,0,8.466666666666667
595,23,0,9.125
595,24,0,8.705882352941176
595,25,0,9.222222222222221
595,26,1,9.222222222222221
595,27,2,9.5
595,28,5,9.857142857142858
595,29,5,9.590909090909092
595,30,7,10.26086956521739
595,31,8,10.041666666666666
595,32,9,10.48
595,33,10,10.346153846153847
595,34,10,11.0
596,0,0,0
596,1,0,0
596,2,0,0
596,3,0,3.0
596,4,0,3.0
596,5,0,3.6666666666666665
596,6,0,3.6666666666666665
596,7,0,3.6666666666666665
596,8,0,4.5
596,9,0,5.0
596,10,0,5.0
596,11,0,5.0
596,12,0,5.666666666666667
596,13,0,5.875
596,14,0,5.875
596,15,0,6.1
596,16,0,6.1
596,17,0,6.636363636363637
596,18,1,6.636363636363637
596,19,3,6.923076923076923
596,20,0,7.5
596,21,0,7.266666666666667
596,22,2,7.266666666666667
596,23,3,7.764705882352941
596,24,4,8.333333333333334
596,25,3,7.9
596,26,6,9.0
596,27,6,8.956521739130435
596,28,9,9.5
596,29,10,9.4
596,30,10,9.884615384615385
596,31,9,10.0
596,32,10,10.535714285714286
596,33,9,11.0
596,34,9,11.483870967741936
597,0,0,0
597,1,0,0
597,2,0,0
597,3,0,0
597,4,0,3.0
597,5,0,3.0
597,6,0,4.0
597,7,0,4.0
597,8,0,4.0
597,9,0,4.75
597,10,0,5.4
597,11,0,5.4
597,12,0,6.0
597,13,0,5.428571428571429
597,14,0,6.25
597,15,0,6.25
597,16,0,7.0
597,17,0,7.181818181818182
597,18,0,7.666666666666667
597,19,0,7.666666666666667
597,20,0,8.714285714285714
597,21,0,8.714285714285714
597,22,0,8.714285714285714
597,23,0,8.714285714285714
597,24,1,9.8125
597,25,0,9.352941176470589
597,26,0,9.352941176470589
597,27,1,9.15
597,28,1,9.857142857142858
597,29,1,9.545454545454545
597,30,2,9.545454545454545
597,31,1,9.833333333333334
597,32,1,10.52
597,33,1,10.307692307692308
597,34,2,10.535714285714286
598,0,0,0
598,1,0,0
598,2,0,0
598,3,0,0
598,4,0,4.0
598,5,0,4.0
598,6,0,4.0
598,7,0,4.0
598,8,0,5.333333333333333
598,9,0,5.333333333333333
598,10,0,5.5
598,11,0,5.5
598,12,0,6.0
598,13,0,6.333333333333333
598,14,0,6.333333333333333
598,15,0,6.333333333333333
598,16,0,7.0
598,17,0,7.0
598,18,0,7.0
598,19,0,7.0
598,20,0,8.363636363636363
598,21,0,7.833333333333333
598,22,0,7.833333333333333
598,23,0,7.461538461538462
598,24,2,8.866666666666667
598,25,0,8.5
598,26,0,8.61111111111111
598,27,2,8.95
598,28,1,8.761904761904763
598,29,1,8.5
598,30,4,9.0
598,31,3,9.4
598,32,4,9.4
598,33,4,10.214285714285714
598,34,5,10.03448275862069
599,0,0,0
599,1,0,0
599,2,0,0
599,3,0,3.0
599,4,0,3.0
599,5,0,3.0
599,6,0,3.3333333333333335
599,7,0,3.3333333333333335
599,8,0,3.3333333333333335
599,9,0,4.6
599,10,0,4.6
599,11,0,5.0
599,12,0,5.428571428571429
599,13,0,5.75
599,14,0,6.222222222222222
599,15,0,6.222222222222222
599,16,0,6.222222222222222
599,17,0,7.181818181818182
599,18,0,6.75
599,19,0,7.153846153846154
599,20,0,7.153846153846154
599,21,0,7.333333333333333
599,22,1,7.352941176470588
599,23,3,7.111111111111111
599,24,3,7.666666666666667
599,25,2,7.454545454545454
599,26,3,7.3478260869565215
599,27,7,7.52
599,28,8,7.925925925925926
599,29,10,8.214285714285714
599,30,10,8.206896551724139
599,31,12,8.206896551724139
599,32,13,8.67741935483871
599,33,14,9.03125
599,34,14,9.030303030303031
600,0,0,0
600,1,0,0
600,2,0,2.0
600,3,0,2.5
600,4,0,3.0
600,5,0,3.0
600,6,0,3.5
600,7,0,4.2
600,8,0,4.2
600,9,0,4.833333333333333
600,10,0,5.285714285714286
600,11,0,5.285714285714286
600,12,0,5.75
600,13,0,6.333333333333333
600,14,0,6.333333333333333
600,15,0,7.090909090909091
600,16,0,7.090909090909091
600,17,0,6.666666666666667
600,18,1,6.666666666666667
600,19,3,7.4
600,20,0,7.4
600,21,0,7.1875
600,22,3,8.11111111111111
600,23,4,7.55
600,24,4,7.55
600,25,3,8.166666666666666
600,26,5,8.166666666666666
600,27,6,8.2
600,28,9,8.2
600,29,10,9.142857142857142
600,30,11,9.142857142857142
600,31,10,9.137931034482758
600,32,12,9.6
600,33,13,10.1875
600,34,14,10.606060606060606
601,0,0,0
601,1,0,0
601,2,0,0
601,3,0,0
601,4,0,4.0
601,5,0,4.0
601,6,0,4.0
601,7,0,5.0
601,8,0,5.0
601,9,0,5.5
601,10,0,5.8
601,11,0,5.8
601,12,0,5.8
601,13,0,6.666666666666667
601,14,0,7.142857142857143
601,15,0,7.75
601,16,0,7.75
601,17,0,8.444444444444445
601,18,0,9.0
601,19,1,9.0
601,20,0,9.384615384615385
601,21,2,9.384615384615385
601,22,3,8.533333333333333
601,23,3,8.705882352941176
601,24,3,8.842105263157896
601,25,2,8.6
601,26,6,8.428571428571429
601,27,7,8.826086956521738
601,28,8,9.04
601,29,10,9.5
601,30,11,9.37037037037037
601,31,12,10.137931034482758
601,32,11,10.033333333333333
601,33,12,10.033333333333333
601,34,11,10.0
602,0,0,0
602,1,0,0
602,2,0,2.0
602,3,0,2.5
602,4,0,2.5
602,5,0,2.3333333333333335
602,6,0,2.75
602,7,0,3.6
602,8,0,3.6
602,9,0,4.333333333333333
602,10,0,4.714285714285714
602,11,0,4.714285714285714
602,12,0,5.5
602,13,0,5.777777777777778
602,14,0,5.777777777777778
602,15,0,5.777777777777778
602,16,0,6.909090909090909
602,17,0,6.5
602,18,1,6.5
602,19,0,6.230769230769231
602,20,0,7.266666666666667
602,21,0,7.0625
602,22,0,7.5
602,23,0,7.2631578947368425
602,24,0,7.65
602,25,0,8.0
602,26,1,8.0
602,27,2,8.125
602,28,3,8.125
602,29,5,8.538461538461538
602,30,7,8.538461538461538
602,31,7,8.821428571428571
602,32,8,9.413793103448276
602,33,7,9.333333333333334
602,34,8,9.333333333333334
603,0,0,0
603,1,0,0
603,2,0,2.0
603,3,0,2.0
603,4,0,3.3333333333333335
603,5,0,3.3333333333333335
603,6,0,3.3333333333333335
603,7,0,4.0
603,8,0,4.4
603,9,0,4.833333333333333
603,10,0,5.142857142857143
603,11,0,5.142857142857143
603,12,0,5.142857142857143
603,13,0,5.875
603,14,0,6.333333333333333
603,15,0,6.333333333333333
603,16,0,7.0
603,17,0,7.0
603,18,0,7.636363636363637
603,19,1,7.166666666666667
603,20,0,8.428571428571429
603,21,0,8.066666666666666
603,22,1,7.75
603,23,1,8.777777777777779
603,24,0,8.473684210526315
603,25,2,9.090909090909092
603,26,2,9.043478260869565
603,27,4,9.5
603,28,6,9.28
603,29,10,9.76923076923077
603,30,10,10.035714285714286
603,31,11,10.035714285714286
603,32,10,9.931034482758621
603,33,11,10.6875
603,34,13,10.6875
604,0,0,0
604,1,0,0
604,2,0,0
604,3,0,3.0
604,4,0,3.0
604,5,0,4.0
604,6,0,4.0
604,7,0,4.5
604,8,0,4.5
604,9,0,5.5
604,10,0,5.5
604,11,0,5.5
604,12,0,5.5
604,13,0,6.75
604,14,0,6.75
604,15,0,7.333333333333333
604,16,0,7.9
604,17,0,8.181818181818182
604,18,0,8.181818181818182
604,19,0,8.833333333333334
604,20,0,9.153846153846153
604,21,0,9.153846153846153
604,22,0,9.153846153846153
604,23,1,9.6875
604,24,2,9.6875
604,25,1,8.88888888888889
604,26,5,9.368421052631579
604,27,5,9.5
604,28,8,9.5
604,29,10,9.75
604,30,12,9.75
604,31,11,10.192307692307692
604,32,10,10.074074074074074
604,33,10,10.535714285714286
604,34,10,11.066666666666666
605,0,0,0
605,1,0,0
605,2,0,0
605,3,0,2.0
605,4,0,2.0
605,5,0,3.0
605,6,0,3.3333333333333335
605,7,0,3.3333333333333335
605,8,0,3.3333333333333335
605,9,0,4.6
605,10,0,4.6
605,11,0,4.6
605,12,0,4.6
605,13,0,5.857142857142857
605,14,0,5.857142857142857
605,15,0,6.5
605,16,0,6.5
605,17,0,7.6
605,18,0,7.6
605,19,0,7.6
605,20,0,7.090909090909091
605,21,0,8.23076923076923
605,22,0,7.466666666666667
605,23,0,7.466666666666667
605,24,1,8.0625
605,25,0,7.947368421052632
605,26,1,8.45
605,27,4,8.434782608695652
605,28,6,8.434782608695652
605,29,6,8.291666666666666
605,30,6,8.653846153846153
605,31,6,9.074074074074074
605,32,5,8.964285714285714
605,33,5,9.866666666666667
605,34,5,9.806451612903226
606,0,0,0
606,1,0,0
606,2,0,0
606,3,0,3.0
606,4,0,3.0
606,5,0,3.5
606,6,0,3.5
606,7,0,3.2
606,8,0,3.2
606,9,0,3.5
606,10,0,3.5
606,11,0,3.7142857142857144
606,12,0,4.25
606,13,0,4.444444444444445
606,14,0,4.444444444444445
606,15,0,5.0
606,16,0,5.2727272727272725
606,17,0,5.2727272727272725
606,18,0,6.153846153846154
606,19,0,6.153846153846154
606,20,0,6.714285714285714
606,21,0,7.066666666666666
606,22,0,7.625
606,23,0,7.625
606,24,0,7.625
606,25,0,8.157894736842104
606,26,1,8.157894736842104
606,27,4,7.619047619047619
606,28,5,7.619047619047619
606,29,5,8.375
606,30,7,8.375
606,31,6,8.24
606,32,7,9.11111111111111
606,33,6,9.035714285714286
606,34,6,9.0
607,0,0,0
607,1,0,0
607,2,0,0
607,3,0,0
607,4,0,4.0
607,5,0,4.0
607,6,0,4.0
607,7,0,4.666666666666667
607,8,0,5.5
607,9,0,5.5
607,10,0,6.0
607,11,0,6.0
607,12,0,6.833333333333333
607,13,0,7.142857142857143
607,14,0,7.142857142857143
607,15,0,7.5
607,16,0,7.5
607,17,0,8.0
607,18,0,7.909090909090909
607,19,0,7.909090909090909
607,20,0,8.076923076923077
607,21,0,8.571428571428571
607,22,0,8.2
607,23,2,8.6875
607,24,2,8.833333333333334
607,25,0,9.210526315789474
607,26,0,8.571428571428571
607,27,3,9.090909090909092
607,28,3,9.041666666666666
607,29,3,9.041666666666666
607,30,5,9.5
607,31,6,9.5
607,32,5,9.821428571428571
607,33,7,10.275862068965518
607,34,6,10.266666666666667
608,0,0,0
608,1,0,0
608,2,0,0
608,3,0,3.0
608,4,0,3.0
608,5,0,3.5
608,6,0,3.5
608,7,0,4.333333333333333
608,8,0,4.75
608,9,0,4.75
608,10,0,5.6
608,11,0,5.6
608,12,0,6.714285714285714
608,13,0,6.714285714285714
608,14,0,7.25
608,15,0,7.1
608,16,0,7.1
608,17,0,7.7272727272727275
608,18,0,8.25
608,19,0,8.25
608,20,0,8.76923076923077
608,21,0,9.285714285714286
608,22,0,8.8
608,23,0,9.764705882352942
608,24,0,9.333333333333334
608,25,0,9.333333333333334
608,26,1,9.095238095238095
608,27,1,9.590909090909092
608,28,1,9.791666666666666
608,29,0,10.0
608,30,0,9.74074074074074
608,31,1,10.214285714285714
608,32,2,9.931034482758621
608,33,1,10.161290322580646
608,34,1,10.161290322580646
609,0,0,0
609,1,0,0
609,2,0,0
609,3,0,3.0
609,4,0,3.5
609,5,0,3.5
609,6,0,4.333333333333333
609,7,0,5.0
609,8,0,5.0
609,9,0,5.0
609,10,0,5.2
609,11,0,6.0
609,12,0,6.0
609,13,0,6.285714285714286
609,14,0,7.125
609,15,0,7.333333333333333
609,16,0,6.8
609,17,1,6.8
609,18,0,7.25
609,19,1,7.384615384615385
609,20,0,7.142857142857143
609,21,0,8.0625
609,22,0,7.823529411764706
609,23,0,7.823529411764706
609,24,0,8.555555555555555
609,25,0,8.5
609,26,0,8.5
609,27,1,8.954545454545455
609,28,2,8.958333333333334
609,29,2,8.958333333333334
609,30,5,8.76
609,31,6,9.74074074074074
609,32,5,9.571428571428571
609,33,6,9.571428571428571
609,34,6,9.482758620689655
610,0,0,0
610,1,0,0
610,2,0,0
610,3,0,0
610,4,0,3.5
610,5,0,3.5
610,6,0,3.5
610,7,0,4.333333333333333
610,8,0,4.5
610,9,0,4.5
610,10,0,4.5
610,11,0,5.833333333333333
610,12,0,5.833333333333333
610,13,0,6.142857142857143
610,14,0,6.625
610,15,0,7.0
610,16,0,7.4
610,17,0,7.4
610,18,0,7.4
610,19,0,7.909090909090909
610,20,0,7.846153846153846
610,21,0,7.846153846153846
610,22,0,7.933333333333334
610,23,0,8.375
610,24,1,8.5
610,25,0,8.5
610,26,0,8.210526315789474
610,27,0,8.954545454545455
610,28,0,8.954545454545455
610,29,1,8.652173913043478
610,30,2,8.375
610,31,1,9.148148148148149
610,32,1,9.148148148148149
610,33,0,8.964285714285714
610,34,2,9.966666666666667
611,0,0,0
611,1,0,0
611,2,0,0
611,3,0,3.0
611,4,0,3.0
611,5,0,3.5
611,6,0,3.5
611,7,0,3.5
611,8,0,4.166666666666667
611,9,0,4.166666666666667
611,10,0,4.166666666666667
611,11,0,4.714285714285714
611,12,0,5.25
611,13,0,5.25
611,14,0,5.888888888888889
611,15,0,6.3
611,16,0,6.3
611,17,0,6.3
611,18,0,7.416666666666667
611,19,0,7.0
611,20,0,7.5
611,21,1,7.133333333333334
611,22,0,7.470588235294118
611,23,1,7.944444444444445
611,24,0,7.7894736842105265
611,25,1,8.4
611,26,2,8.636363636363637
611,27,2,8.636363636363637
611,28,3,8.916666666666666
611,29,5,8.916666666666666
611,30,4,9.115384615384615
611,31,4,9.115384615384615
611,32,4,9.464285714285714
611,33,5,9.464285714285714
611,34,4,9.8
612,0,0,0
612,1,0,0
612,2,0,0
612,3,0,0
612,4,0,3.5
612,5,0,3.5
612,6,0,3.5
612,7,0,4.666666666666667
612,8,0,5.25
612,9,0,5.25
612,10,0,5.8
612,11,0,6.333333333333333
612,12,0,6.714285714285714
612,13,0,6.714285714285714
612,14,0,7.25
612,15,0,7.25
612,16,0,7.888888888888889
612,17,0,7.818181818181818
612,18,1,7.818181818181818
612,19,3,7.6923076923076925
612,20,0,7.6923076923076925
612,21,0,8.125
612,22,2,8.125
612,23,4,7.764705882352941
612,24,5,7.7368421052631575
612,25,6,8.238095238095237
612,26,9,8.5
612,27,10,8.478260869565217
612,28,11,9.32
612,29,12,9.23076923076923
612,30,15,9.703703703703704
612,31,15,9.821428571428571
612,32,17,10.137931034482758
612,33,17,10.774193548387096
612,34,19,10.774193548387096
613,0,0,0
613,1,0,0
613,2,0,2.0
613,3,0,2.0
613,4,0,3.0
613,5,0,3.0
613,6,0,3.0
613,7,0,3.5
613,8,0,4.4
613,9,0,4.4
613,10,0,5.166666666666667
613,11,0,5.571428571428571
613,12,0,5.571428571428571
613,13,0,5.571428571428571
613,14,0,6.25
613,15,0,6.888888888888889
613,16,0,6.888888888888889
613,17,0,6.888888888888889
613,18,2,8.0
613,19,2,7.5
613,20,0,7.5
613,21,0,8.333333333333334
613,22,2,7.9375
613,23,2,8.944444444444445
613,24,1,8.842105263157896
613,25,1,9.3
613,26,0,9.238095238095237
613,27,3,9.772727272727273
613,28,3,9.73913043478261
613,29,6,9.88
613,30,8,10.384615384615385
613,31,8,10.607142857142858
613,32,8,10.607142857142858
613,33,7,11.35483870967742
613,34,7,11.35483870967742
614,0,0,0
614,1,0,0
614,2,0,0
614,3,0,3.0
614,4,0,3.0
614,5,0,3.0
614,6,0,3.0
614,7,0,4.333333333333333
614,8,0,5.0
614,9,0,5.0
614,10,0,5.0
614,11,0,6.5
614,12,0,6.5
614,13,0,6.5
614,14,0,7.428571428571429
614,15,0,7.875
614,16,1,7.875
614,17,0,7.222222222222222
614,18,0,8.454545454545455
614,19,0,8.083333333333334
614,20,0,8.083333333333334
614,21,1,8.285714285714286
614,22,1,8.4375
614,23,1,8.4375
614,24,0,8.777777777777779
614,25,1,9.31578947368421
614,26,0,8.761904761904763
614,27,0,8.761904761904763
614,28,1,9.625
614,29,2,9.625
614,30,3,9.807692307692308
614,31,3,10.035714285714286
614,32,5,10.482758620689655
614,33,4,10.3
614,34,6,10.741935483870968
615,0,0,0
615,1,0,0
615,2,0,2.0
615,3,0,2.0
615,4,0,3.0
615,5,0,3.3333333333333335
615,6,0,3.3333333333333335
615,7,0,3.3333333333333335
615,8,0,4.25
615,9,0,4.8
615,10,0,4.8
615,11,0,5.333333333333333
615,12,0,6.0
615,13,0,6.0
615,14,0,6.0
615,15,0,6.75
615,16,0,7.555555555555555
615,17,0,7.555555555555555
615,18,0,6.9
615,19,1,8.166666666666666
615,20,0,7.769230769230769
615,21,1,8.428571428571429
615,22,0,8.294117647058824
615,23,0,8.833333333333334
615,24,0,8.3
615,25,0,8.3
615,26,2,8.454545454545455
615,27,3,8.708333333333334
615,28,4,8.48
615,29,8,8.48
615,30,8,9.321428571428571
615,31,7,9.172413793103448
615,32,8,9.172413793103448
615,33,7,9.1
615,34,8,10.09375
616,0,0,0
616,1,0,0
616,2,0,2.0
616,3,0,2.0
616,4,0,2.0
616,5,0,3.0
616,6,0,4.0
616,7,0,4.0
616,8,0,4.0
616,9,0,4.8
616,10,0,4.8
616,11,0,5.166666666666667
616,12,0,5.571428571428571
616,13,0,5.571428571428571
616,14,0,6.125
616,15,0,6.666666666666667
616,16,0,7.1
616,17,0,7.545454545454546
616,18,0,7.545454545454546
616,19,0,8.0
616,20,0,8.538461538461538
616,21,0,8.071428571428571
616,22,1,8.6
616,23,0,8.333333333333334
616,24,0,8.333333333333334
616,25,0,7.85
616,26,2,8.380952380952381
616,27,2,8.652173913043478
616,28,3,8.652173913043478
616,29,3,8.96
616,30,5,8.96
616,31,6,9.407407407407407
616,32,8,9.407407407407407
616,33,8,9.793103448275861
616,34,8,10.3
617,0,0,0
617,1,0,0
617,2,0,0
617,3,0,3.0
617,4,0,3.0
617,5,0,3.5
617,6,0,4.0
617,7,0,4.0
617,8,0,4.5
617,9,0,4.5
617,10,0,5.2
617,11,0,5.833333333333333
617,12,0,5.833333333333333
617,13,0,6.571428571428571
617,14,0,7.125
617,15,0,7.125
617,16,0,7.125
617,17,0,8.5
617,18,0,7.909090909090909
617,19,0,8.416666666666666
617,20,0,8.923076923076923
617,21,0,8.923076923076923
617,22,1,8.923076923076923
617,23,0,9.625
617,24,0,9.625
617,25,1,9.294117647058824
617,26,2,10.0
617,27,5,9.666666666666666
617,28,8,9.666666666666666
617,29,7,10.043478260869565
617,30,8,10.32
617,31,7,10.115384615384615
617,32,8,10.592592592592593
617,33,7,11.0
617,34,7,11.0
618,0,0,0
618,1,0,0
618,2,0,0
618,3,0,3.0
618,4,0,3.0
618,5,0,3.0
618,6,0,3.0
618,7,0,4.0
618,8,0,4.75
618,9,0,4.75
618,10,0,5.0
618,11,0,5.666666666666667
618,12,0,5.666666666666667
618,13,0,5.142857142857143
618,14,1,6.111111111111111
618,15,2,5.8
618,16,4,5.8
618,17,5,6.615384615384615
618,18,6,6.615384615384615
618,19,6,6.866666666666666
618,20,0,6.866666666666666
618,21,0,7.411764705882353
618,22,2,7.722222222222222
618,23,2,7.421052631578948
618,24,6,8.047619047619047
618,25,6,8.434782608695652
618,26,7,8.916666666666666
618,27,7,8.961538461538462
618,28,7,9.407407407407407
618,29,6,9.482758620689655
618,30,6,9.482758620689655
618,31,6,9.7
618,32,6,10.4375
618,33,5,10.636363636363637
618,34,5,10.636363636363637
619,0,0,0
619,1,0,0
619,2,0,2.0
619,3,0,2.0
619,4,0,3.3333333333333335
619,5,0,3.3333333333333335
619,6,0,4.0
619,7,0,4.4
619,8,0,4.4
619,9,0,4.333333333333333
619,10,0,4.333333333333333
619,11,0,5.0
619,12,0,5.0
619,13,0,5.0
619,14,0,5.0
619,15,0,6.1
619,16,0,5.7272727272727275
619,17,0,6.416666666666667
619,18,0,6.416666666666667
619,19,0,6.769230769230769
619,20,0,6.769230769230769
619,21,0,7.5
619,22,0,7.5625
619,23,0,7.5625
619,24,0,7.235294117647059
619,25,0,8.31578947368421
619,26,3,8.0
619,27,3,7.714285714285714
619,28,5,8.409090909090908
619,29,4,8.666666666666666
619,30,5,8.666666666666666
619,31,5,9.555555555555555
619,32,5,9.555555555555555
619,33,4,9.96551724137931
619,34,4,10.5
620,0,0,0
620,1,0,0
620,2,0,0
620,3,0,0
620,4,0,4.0
620,5,0,4.0
620,6,0,4.0
620,7,0,4.75
620,8,0,4.75
620,9,0,4.8
620,10,0,5.5
620,11,0,5.714285714285714
620,12,0,5.714285714285714
620,13,0,6.5
620,14,0,6.5
620,15,0,7.5
620,16,0,7.5
620,17,0,8.181818181818182
620,18,0,8.181818181818182
620,19,0,8.571428571428571
620,20,0,8.571428571428571
620,21,0,8.117647058823529
620,22,3,8.117647058823529
620,23,3,8.15
620,24,4,8.523809523809524
620,25,1,8.583333333333334
620,26,5,8.96
620,27,7,9.071428571428571
620,28,8,9.071428571428571
620,29,8,8.96551724137931
620,30,9,9.741935483870968
620,31,9,9.625
620,32,9,10.411764705882353
620,33,9,10.342857142857143
620,34,10,10.342857142857143
621,0,0,0
621,1,0,0
621,2,0,2.0
621,3,0,2.0
621,4,0,2.0
621,5,0,2.0
621,6,0,3.5
621,7,0,3.6666666666666665
621,8,0,3.6666666666666665
621,9,0,4.6
621,10,0,4.6
621,11,0,4.6
621,12,0,4.6
621,13,0,5.25
621,14,0,5.25
621,15,0,4.888888888888889
621,16,0,4.888888888888889
621,17,1,6.2727272727272725
621,18,0,5.916666666666667
621,19,0,5.916666666666667
621,20,0,5.769230769230769
621,21,0,6.6875
621,22,0,6.6875
621,23,0,6.411764705882353
621,24,0,7.055555555555555
621,25,0,7.684210526315789
621,26,2,7.684210526315789
621,27,1,8.0
621,28,2,7.7727272727272725
621,29,5,8.391304347826088
621,30,6,8.25
621,31,7,8.76
621,32,8,8.615384615384615
621,33,8,9.25925925925926
621,34,9,9.689655172413794
622,0,0,0
622,1,0,0
622,2,0,2.0
622,3,0,2.5
622,4,0,3.0
622,5,0,3.0
622,6,0,3.75
622,7,0,4.0
622,8,0,4.5
622,9,0,4.5
622,10,0,5.5
622,11,0,5.5
622,12,0,5.5
622,13,0,5.5
622,14,0,6.6
622,15,0,6.6
622,16,0,6.6
622,17,0,6.6
622,18,1,8.0
622,19,1,7.538461538461538
622,20,0,7.538461538461538
622,21,1,7.933333333333334
622,22,1,8.117647058823529
622,23,2,8.117647058823529
622,24,2,8.0
622,25,3,8.68421052631579
622,26,4,8.772727272727273
622,27,7,8.772727272727273
622,28,10,8.652173913043478
622,29,13,9.76
622,30,12,9.653846153846153
622,31,14,10.148148148148149
622,32,14,10.620689655172415
622,33,14,11.1
622,34,13,11.03225806451613
623,0,0,0
623,1,0,0
623,2,0,0
623,3,0,2.0
623,4,0,3.0
623,5,0,3.0
623,6,0,3.0
623,7,0,4.25
623,8,0,4.25
623,9,0,4.25
623,10,0,4.8
623,11,0,5.333333333333333
623,12,0,5.333333333333333
623,13,0,5.333333333333333
623,14,0,6.142857142857143
623,15,0,6.75
623,16,0,7.333333333333333
623,17,0,7.333333333333333
623,18,0,8.0
623,19,1,8.0
623,20,0,8.615384615384615
623,21,1,8.615384615384615
623,22,0,8.285714285714286
623,23,1,8.866666666666667
623,24,0,9.058823529411764
623,25,0,9.058823529411764
623,26,0,8.421052631578947
623,27,1,9.523809523809524
623,28,1,9.227272727272727
623,29,1,8.956521739130435
623,30,1,8.956521739130435
623,31,2,9.76923076923077
623,32,3,9.76923076923077
623,33,2,9.592592592592593
623,34,3,10.107142857142858
624,0,0,0
624,1,0,0
624,2,0,2.0
624,3,0,2.0
624,4,0,2.6666666666666665
624,5,0,2.6666666666666665
624,6,0,3.25
624,7,0,3.8
624,8,0,4.166666666666667
624,9,0,4.166666666666667
624,10,0,5.0
624,11,0,5.0
624,12,0,5.0
624,13,0,5.444444444444445
624,14,0,6.0
624,15,0,5.636363636363637
624,16,0,6.214285714285714
624,17,1,6.214285714285714
624,18,0,5.933333333333334
624,19,1,6.4375
624,20,0,6.777777777777778
624,21,1,6.777777777777778
624,22,0,7.571428571428571
624,23,1,7.318181818181818
624,24,1,7.173913043478261
624,25,1,6.958333333333333
624,26,3,7.777777777777778
624,27,5,7.607142857142857
624,28,9,8.03448275862069
624,29,8,7.933333333333334
624,30,10,8.8125
624,31,9,8.787878787878787
624,32,10,8.787878787878787
624,33,10,9.63888888888889
624,34,9,9.594594594594595
625,0,0,0
625,1,0,0
625,2,0,0
625,3,0,0
625,4,0,4.0
625,5,0,4.0
625,6,0,4.0
625,7,0,4.333333333333333
625,8,0,5.25
625,9,0,5.25
625,10,0,5.25
625,11,0,6.666666666666667
625,12,0,6.666666666666667
625,13,0,7.428571428571429
625,14,0,7.428571428571429
625,15,0,8.0
625,16,0,8.555555555555555
625,17,0,8.555555555555555
625,18,0,9.636363636363637
625,19,0,9.636363636363637
625,20,0,9.928571428571429
625,21,0,9.928571428571429
625,22,0,9.9375
625,23,0,9.9375
625,24,0,10.368421052631579
625,25,0,10.368421052631579
625,26,0,10.380952380952381
625,27,0,10.347826086956522
625,28,1,10.347826086956522
625,29,2,10.041666666666666
625,30,5,10.48
625,31,6,10.592592592592593
625,32,6,10.357142857142858
625,33,6,10.357142857142858
625,34,5,10.7
626,0,0,0
626,1,0,0
626,2,0,0
626,3,0,2.0
626,4,0,3.0
626,5,0,3.0
626,6,0,3.6666666666666665
626,7,0,4.25
626,8,0,4.25
626,9,0,5.0
626,10,0,5.5
626,11,0,5.5
626,12,0,6.142857142857143
626,13,0,6.75
626,14,0,6.222222222222222
626,15,0,6.9
626,16,0,7.0
626,17,0,7.0
626,18,1,7.0
626,19,0,7.214285714285714
626,20,0,7.8
626,21,0,7.5625
626,22,0,7.777777777777778
626,23,0,8.157894736842104
626,24,0,7.85
626,25,0,8.428571428571429
626,26,1,8.565217391304348
626,27,2,9.083333333333334
626,28,1,8.84
626,29,2,8.84
626,30,3,9.642857142857142
626,31,3,9.642857142857142
626,32,3,9.517241379310345
626,33,3,9.966666666666667
626,34,2,10.34375
627,0,0,0
627,1,0,0
627,2,0,0
627,3,0,2.0
627,4,0,3.0
627,5,0,3.0
627,6,0,3.0
627,7,0,3.0
627,8,0,4.25
627,9,0,3.8
627,10,0,3.8
627,11,0,4.857142857142857
627,12,0,4.857142857142857
627,13,0,4.625
627,14,0,5.555555555555555
627,15,0,5.2
627,16,0,5.2727272727272725
627,17,0,6.083333333333333
627,18,0,5.857142857142857
627,19,0,6.533333333333333
627,20,0,6.625
627,21,0,6.352941176470588
627,22,0,6.947368421052632
627,23,1,6.75
627,24,2,7.363636363636363
627,25,0,7.173913043478261
627,26,0,7.125
627,27,1,6.884615384615385
627,28,2,7.481481481481482
627,29,1,7.344827586206897
627,30,3,7.344827586206897
627,31,3,7.935483870967742
627,32,2,7.909090909090909
627,33,2,8.411764705882353
627,34,2,8.314285714285715
628,0,0,0
628,1,0,0
628,2,0,0
628,3,0,3.0
628,4,0,3.0
628,5,0,3.5
628,6,0,4.333333333333333
628,7,0,4.333333333333333
628,8,0,5.4
628,9,0,5.4
628,10,0,5.4
628,11,0,6.0
628,12,0,6.571428571428571
628,13,0,6.555555555555555
628,14,0,6.555555555555555
628,15,0,7.2
628,16,0,6.636363636363637
628,17,3,7.25
628,18,2,6.846153846153846
628,19,3,7.5
628,20,0,7.875
628,21,2,7.875
628,22,3,8.263157894736842
628,23,4,8.8
628,24,3,8.409090909090908
628,25,1,8.91304347826087
628,26,2,8.6
628,27,4,9.115384615384615
628,28,3,9.607142857142858
628,29,5,9.607142857142858
628,30,6,10.419354838709678
628,31,7,10.419354838709678
628,32,8,10.848484848484848
628,33,10,11.323529411764707
628,34,9,11.228571428571428
629,0,0,0
629,1,0,0
629,2,0,2.0
629,3,0,2.0
629,4,0,2.6666666666666665
629,5,0,2.6666666666666665
629,6,0,3.0
629,7,0,3.8
629,8,0,3.8
629,9,0,3.8
629,10,0,4.571428571428571
629,11,0,4.571428571428571
629,12,0,4.571428571428571
629,13,0,4.571428571428571
629,14,0,5.888888888888889
629,15,0,5.888888888888889
629,16,0,5.888888888888889
629,17,0,6.818181818181818
629,18,0,6.818181818181818
629,19,0,7.416666666666667
629,20,0,7.6923076923076925
629,21,0,7.285714285714286
629,22,2,7.8
629,23,1,7.823529411764706
629,24,1,7.823529411764706
629,25,1,8.263157894736842
629,26,3,8.333333333333334
629,27,4,8.73913043478261
629,28,7,9.125
629,29,8,8.96
629,30,10,9.346153846153847
629,31,11,9.607142857142858
629,32,11,9.607142857142858
629,33,10,9.551724137931034
629,34,10,9.966666666666667
630,0,0,0
630,1,0,0
630,2,0,2.0
630,3,0,2.0
630,4,0,3.0
630,5,0,3.6666666666666665
630,6,0,4.0
630,7,0,4.0
630,8,0,4.2
630,9,0,4.833333333333333
630,10,0,4.833333333333333
630,11,0,5.428571428571429
630,12,0,5.875
630,13,0,6.222222222222222
630,14,0,6.222222222222222
630,15,0,6.7
630,16,0,6.7
630,17,0,7.5
630,18,0,7.5
630,19,0,7.846153846153846
630,20,0,7.846153846153846
630,21,0,8.214285714285714
630,22,0,8.214285714285714
630,23,0,8.733333333333333
630,24,0,8.733333333333333
630,25,1,9.1875
630,26,2,9.277777777777779
630,27,5,9.277777777777779
630,28,6,9.0
630,29,8,9.19047619047619
630,30,11,9.772727272727273
630,31,10,9.608695652173912
630,32,10,10.041666666666666
630,33,9,10.384615384615385
630,34,11,10.74074074074074
631,0,0,0
631,1,0,0
631,2,0,2.0
631,3,0,2.0
631,4,0,2.0
631,5,0,2.0
631,6,0,3.0
631,7,0,3.3333333333333335
631,8,0,3.3333333333333335
631,9,0,3.3333333333333335
631,10,0,4.6
631,11,0,4.6
631,12,0,5.333333333333333
631,13,0,5.333333333333333
631,14,0,5.875
631,15,0,5.875
631,16,0,6.6
631,17,0,6.6
631,18,0,6.6
631,19,0,7.181818181818182
631,20,0,7.5
631,21,0,7.923076923076923
631,22,0,7.923076923076923
631,23,0,8.357142857142858
631,24,0,8.733333333333333
631,25,0,8.733333333333333
631,26,1,8.823529411764707
631,27,1,8.444444444444445
631,28,3,8.789473684210526
631,29,2,8.55
631,30,2,8.904761904761905
631,31,1,8.727272727272727
631,32,1,9.130434782608695
631,33,1,9.0
631,34,1,9.4
632,0,0,0
632,1,0,0
632,2,0,0
632,3,0,2.0
632,4,0,2.0
632,5,0,2.0
632,6,0,3.0
632,7,0,4.0
632,8,0,4.0
632,9,0,4.75
632,10,0,4.75
632,11,0,5.6
632,12,0,5.6
632,13,0,6.25
632,14,0,6.25
632,15,0,5.777777777777778
632,16,2,5.777777777777778
632,17,3,6.75
632,18,4,6.75
632,19,4,6.538461538461538
632,20,0,7.142857142857143
632,21,0,7.6875
632,22,0,7.588235294117647
632,23,1,8.68421052631579
632,24,3,8.35
632,25,6,8.35
632,26,7,8.285714285714286
632,27,11,9.391304347826088
632,28,12,9.5
632,29,12,9.5
632,30,11,10.115384615384615
632,31,11,10.62962962962963
632,32,10,10.714285714285714
632,33,10,11.241379310344827
632,34,9,11.709677419354838
633,0,0,0
633,1,0,0
633,2,0,0
633,3,0,0
633,4,0,3.0
633,5,0,3.0
633,6,0,3.0
633,7,0,4.333333333333333
633,8,0,4.5
633,9,0,4.5
633,10,0,5.666666666666667
633,11,0,5.666666666666667
633,12,0,5.666666666666667
633,13,0,6.142857142857143
633,14,0,7.0
633,15,0,7.0
633,16,0,7.777777777777778
633,17,2,7.7272727272727275
633,18,3,7.7272727272727275
633,19,3,7.923076923076923
633,20,0,7.923076923076923
633,21,0,8.75
633,22,1,8.75
633,23,3,9.166666666666666
633,24,3,9.68421052631579
633,25,3,9.5
633,26,6,9.636363636363637
633,27,7,10.125
633,28,8,10.125
633,29,7,10.615384615384615
633,30,7,10.615384615384615
633,31,6,11.107142857142858
633,32,6,11.586206896551724
633,33,6,11.5
633,34,5,11.875
634,0,0,0
634,1,0,0
634,2,0,0
634,3,0,0
634,4,0,3.5
634,5,0,3.5
634,6,0,4.0
634,7,0,4.0
634,8,0,4.75
634,9,0,5.4
634,10,0,5.4
634,11,0,6.0
634,12,0,6.428571428571429
634,13,0,6.428571428571429
634,14,0,6.75
634,15,0,7.444444444444445
634,16,0,7.444444444444445
634,17,0,7.9
634,18,0,7.833333333333333
634,19,0,8.153846153846153
634,20,0,7.714285714285714
634,21,0,8.333333333333334
634,22,0,8.6875
634,23,0,8.6875
634,24,0,9.666666666666666
634,25,0,9.263157894736842
634,26,2,9.263157894736842
634,27,1,9.818181818181818
634,28,2,9.521739130434783
634,29,3,9.958333333333334
634,30,4,9.76
634,31,5,10.62962962962963
634,32,4,10.428571428571429
634,33,4,10.862068965517242
634,34,4,11.161290322580646
635,0,0,0
635,1,0,0
635,2,0,2.0
635,3,0,2.0
635,4,0,2.0
635,5,0,3.0
635,6,0,4.0
635,7,0,4.0
635,8,0,4.0
635,9,0,5.0
635,10,0,5.8
635,11,0,6.333333333333333
635,12,0,6.333333333333333
635,13,0,6.428571428571429
635,14,0,6.428571428571429
635,15,0,7.222222222222222
635,16,1,7.222222222222222
635,17,0,6.7
635,18,1,7.583333333333333
635,19,0,7.3076923076923075
635,20,0,7.3076923076923075
635,21,0,7.4
635,22,0,7.764705882352941
635,23,0,7.764705882352941
635,24,0,7.842105263157895
635,25,0,8.5
635,26,2,8.304347826086957
635,27,2,8.041666666666666
635,28,2,7.88
635,29,4,8.538461538461538
635,30,7,8.821428571428571
635,31,7,8.821428571428571
635,32,6,9.67741935483871
635,33,6,9.67741935483871
635,34,7,10.5
636,0,0,0
636,1,0,0
636,2,0,0
636,3,0,3.0
636,4,0,3.0
636,5,0,3.0
636,6,0,3.6666666666666665
636,7,0,4.25
636,8,0,4.6
636,9,0,5.0
636,10,0,5.0
636,11,0,5.0
636,12,0,6.25
636,13,0,6.25
636,14,1,5.777777777777778
636,15,1,5.777777777777778
636,16,1,6.75
636,17,2,6.75
636,18,3,6.615384615384615
636,19,6,6.615384615384615
636,20,0,7.625
636,21,0,7.470588235294118
636,22,1,7.684210526315789
636,23,5,7.4
636,24,6,8.173913043478262
636,25,6,7.88
636,26,6,8.346153846153847
636,27,6,8.678571428571429
636,28,9,8.678571428571429
636,29,9,8.793103448275861
636,30,9,9.741935483870968
636,31,9,9.84375
636,32,10,10.303030303030303
636,33,9,10.8
636,34,9,10.8
637,0,0,0
637,1,0,0
637,2,0,0
637,3,0,0
637,4,0,4.0
637,5,0,3.0
637,6,0,3.0
637,7,0,4.0
637,8,0,4.6
637,9,0,4.6
637,10,0,5.428571428571429
637,11,0,5.428571428571429
637,12,0,5.428571428571429
637,13,0,6.0
637,14,0,6.555555555555555
637,15,0,6.555555555555555
637,16,0,7.545454545454546
637,17,0,7.545454545454546
637,18,0,7.083333333333333
637,19,0,8.071428571428571
637,20,0,7.733333333333333
637,21,1,8.1875
637,22,1,7.882352941176471
637,23,1,8.277777777777779
637,24,1,8.052631578947368
637,25,1,8.285714285714286
637,26,4,8.565217391304348
637,27,5,8.333333333333334
637,28,7,8.8
637,29,7,8.653846153846153
637,30,8,9.074074074074074
637,31,7,8.964285714285714
637,32,6,9.333333333333334
637,33,7,9.333333333333334
637,34,7,9.84375
638,0,0,0
638,1,0,0
638,2,0,0
638,3,0,3.0
638,4,0,3.5
638,5,0,3.5
638,6,0,3.5
638,7,0,4.666666666666667
638,8,0,5.25
638,9,0,5.25
638,10,0,5.8
638,11,0,6.5
638,12,0,6.5
638,13,0,7.0
638,14,0,6.875
638,15,0,7.444444444444445
638,16,0,6.909090909090909
638,17,0,7.083333333333333
638,18,0,7.083333333333333
638,19,0,7.083333333333333
638,20,0,7.571428571428571
638,21,0,7.571428571428571
638,22,0,7.571428571428571
638,23,0,8.1875
638,24,0,8.1875
638,25,0,8.1875
638,26,1,8.1875
638,27,0,8.473684210526315
638,28,0,8.473684210526315
638,29,0,8.818181818181818
638,30,0,8.818181818181818
638,31,0,9.043478260869565
638,32,0,9.043478260869565
638,33,0,9.72
638,34,0,9.72
639,0,0,0
639,1,0,0
639,2,0,0
639,3,0,3.0
639,4,0,3.5
639,5,0,3.5
639,6,0,3.5
639,7,0,4.75
639,8,0,4.75
639,9,0,4.75
639,10,0,5.2
639,11,0,6.0
639,12,0,6.285714285714286
639,13,0,6.875
639,14,0,6.875
639,15,0,6.875
639,16,0,7.6
639,17,0,7.6
639,18,0,7.6
639,19,0,7.6
639,20,0,8.583333333333334
639,21,0,8.583333333333334
639,22,0,9.076923076923077
639,23,0,9.428571428571429
639,24,0,9.4375
639,25,0,9.0
639,26,0,9.052631578947368
639,27,0,9.45
639,28,0,9.45
639,29,0,9.590909090909092
639,30,1,9.708333333333334
639,31,1,9.708333333333334
639,32,0,9.44
639,33,2,10.37037037037037
639,34,1,10.178571428571429
640,0,0,0
640,1,0,0
640,2,0,0
640,3,0,3.0
640,4,0,3.0
640,5,0,3.6666666666666665
640,6,0,4.25
640,7,0,4.25
640,8,0,4.25
640,9,0,5.0
640,10,0,5.0
640,11,0,5.0
640,12,0,5.428571428571429
640,13,0,6.0
640,14,0,6.0
640,15,0,6.0
640,16,0,6.6
640,17,0,6.6
640,18,0,6.6
640,19,0,7.333333333333333
640,20,0,7.333333333333333
640,21,0,7.333333333333333
640,22,0,7.615384615384615
640,23,0,8.142857142857142
640,24,0,8.142857142857142
640,25,0,8.142857142857142
640,26,1,8.6
640,27,1,8.764705882352942
640,28,2,8.764705882352942
640,29,4,8.947368421052632
640,30,4,9.55
640,31,3,9.727272727272727
640,32,3,9.727272727272727
640,33,4,10.36
640,34,4,10.36
641,0,0,0
641,1,0,0
641,2,0,2.0
641,3,0,2.0
641,4,0,2.0
641,5,0,2.0
641,6,0,2.6666666666666665
641,7,0,2.6666666666666665
641,8,0,2.6666666666666665
641,9,0,2.6666666666666665
641,10,0,4.0
641,11,0,4.0
641,12,0,4.833333333333333
641,13,0,5.142857142857143
641,14,0,5.875
641,15,0,5.875
641,16,0,5.875
641,17,0,6.333333333333333
641,18,0,6.9
641,19,0,7.2727272727272725
641,20,0,7.2727272727272725
641,21,0,7.2727272727272725
641,22,0,8.0
641,23,0,8.0
641,24,0,7.6
641,25,2,7.882352941176471
641,26,2,7.611111111111111
641,27,3,7.85
641,28,3,8.380952380952381
641,29,2,8.227272727272727
641,30,3,8.96
641,31,4,8.96
641,32,3,8.846153846153847
641,33,4,9.75
641,34,3,9.689655172413794
642,0,0,0
642,1,0,0
642,2,0,0
642,3,0,0
642,4,0,4.0
642,5,0,4.0
642,6,0,4.333333333333333
642,7,0,4.333333333333333
642,8,0,5.0
642,9,0,5.6
642,10,0,6.166666666666667
642,11,0,6.166666666666667
642,12,0,6.166666666666667
642,13,0,7.375
642,14,0,7.375
642,15,0,7.375
642,16,0,8.5
642,17,0,7.909090909090909
642,18,1,7.909090909090909
642,19,2,7.416666666666667
642,20,0,8.714285714285714
642,21,0,8.4
642,22,1,7.9375
642,23,4,7.588235294117647
642,24,5,8.428571428571429
642,25,6,8.428571428571429
642,26,8,8.666666666666666
642,27,9,9.038461538461538
642,28,10,9.038461538461538
642,29,10,10.137931034482758
642,30,10,10.137931034482758
642,31,10,10.2
642,32,12,10.67741935483871
642,33,11,11.121212121212121
642,34,11,11.117647058823529
643,0,0,0
643,1,0,0
643,2,0,0
643,3,0,0
643,4,0,4.0
643,5,0,4.0
643,6,0,4.333333333333333
643,7,0,4.75
643,8,0,5.0
643,9,0,5.0
643,10,0,5.333333333333333
643,11,0,6.0
643,12,0,5.5
643,13,0,5.888888888888889
643,14,0,6.4
643,15,0,6.4
643,16,0,7.416666666666667
643,17,0,7.416666666666667
643,18,0,7.416666666666667
643,19,0,8.0
643,20,0,8.0
643,21,1,7.625
643,22,1,7.625
643,23,0,8.526315789473685
643,24,0,8.2
643,25,1,8.590909090909092
643,26,2,8.347826086956522
643,27,5,8.875
643,28,6,9.192307692307692
643,29,6,9.464285714285714
643,30,7,9.464285714285714
643,31,6,9.866666666666667
643,32,5,9.741935483870968
643,33,6,10.21875
643,34,5,10.647058823529411
644,0,0,0
644,1,0,0
644,2,0,0
644,3,0,3.0
644,4,0,3.0
644,5,0,3.6666666666666665
644,6,0,3.6666666666666665
644,7,0,4.25
644,8,0,4.4
644,9,0,4.4
644,10,0,4.4
644,11,0,5.166666666666667
644,12,0,5.571428571428571
644,13,0,5.571428571428571
644,14,0,6.125
644,15,0,6.4
644,16,0,6.4
644,17,0,6.4
644,18,0,6.583333333333333
644,19,0,7.3076923076923075
644,20,0,7.0
644,21,0,7.6
644,22,0,7.823529411764706
644,23,0,7.823529411764706
644,24,0,8.444444444444445
644,25,0,8.842105263157896
644,26,2,8.5
644,27,5,8.904761904761905
644,28,4,9.173913043478262
644,29,5,9.173913043478262
644,30,6,9.44
644,31,7,9.44
644,32,6,10.321428571428571
644,33,8,10.321428571428571
644,34,8,10.241379310344827
645,0,0,0
645,1,0,0
645,2,0,0
645,3,0,3.0
645,4,0,3.0
645,5,0,3.0
645,6,0,4.25
645,7,0,4.25
645,8,0,4.25
645,9,0,5.0
645,10,0,5.666666666666667
645,11,0,5.666666666666667
645,12,0,6.285714285714286
645,13,0,6.75
645,14,0,6.75
645,15,0,6.75
645,16,0,8.0
645,17,0,8.0
645,18,0,8.454545454545455
645,19,0,8.454545454545455
645,20,0,8.307692307692308
645,21,0,8.307692307692308
645,22,1,8.266666666666667
645,23,1,8.6875
645,24,0,8.352941176470589
645,25,1,8.352941176470589
645,26,0,9.1
645,27,1,9.1
645,28,1,9.272727272727273
645,29,2,9.695652173913043
645,30,2,9.458333333333334
645,31,2,9.88
645,32,1,10.148148148148149
645,33,2,10.571428571428571
645,34,1,10.413793103448276
646,0,0,0
646,1,0,0
646,2,0,0
646,3,0,3.0
646,4,0,3.0
646,5,0,3.5
646,6,0,3.5
646,7,0,4.666666666666667
646,8,0,5.0
646,9,0,5.0
646,10,0,5.2
646,11,0,6.0
646,12,0,6.0
646,13,0,6.0
646,14,0,6.875
646,15,0,6.875
646,16,0,6.888888888888889
646,17,0,7.7
646,18,0,7.7
646,19,0,7.909090909090909
646,20,0,8.666666666666666
646,21,1,8.666666666666666
646,22,0,8.153846153846153
646,23,0,8.066666666666666
646,24,0,8.588235294117647
646,25,0,8.277777777777779
646,26,3,8.35
646,27,4,8.727272727272727
646,28,6,9.043478260869565
646,29,6,8.833333333333334
646,30,6,8.833333333333334
646,31,6,9.384615384615385
646,32,7,9.74074074074074
646,33,6,10.310344827586206
646,34,7,10.310344827586206
647,0,0,0
647,1,0,0
647,2,0,0
647,3,0,3.0
647,4,0,3.5
647,5,0,4.0
647,6,0,4.0
647,7,0,4.0
647,8,0,4.75
647,9,0,5.4
647,10,0,5.4
647,11,0,5.4
647,12,0,6.0
647,13,0,6.857142857142857
647,14,0,6.25
647,15,0,6.25
647,16,0,7.6
647,17,0,7.6
647,18,0,7.090909090909091
647,19,0,7.090909090909091
647,20,0,8.307692307692308
647,21,0,7.857142857142857
647,22,0,7.875
647,23,0,7.588235294117647
647,24,1,8.333333333333334
647,25,0,8.0
647,26,1,8.45
647,27,3,8.238095238095237
647,28,4,9.083333333333334
647,29,3,8.84
647,30,5,8.84
647,31,4,8.692307692307692
647,32,4,9.857142857142858
647,33,4,9.758620689655173
647,34,4,9.666666666666666
648,0,0,0
648,1,0,0
648,2,0,2.0
648,3,0,2.5
648,4,0,3.0
648,5,0,3.0
648,6,0,3.75
648,7,0,4.2
648,8,0,4.5
648,9,0,4.5
648,10,0,4.5
648,11,0,5.0
648,12,0,5.0
648,13,0,5.444444444444445
648,14,0,5.7
648,15,0,5.7
648,16,0,6.181818181818182
648,17,0,6.416666666666667
648,18,0,6.769230769230769
648,19,0,6.733333333333333
648,20,0,6.733333333333333
648,21,0,6.4375
648,22,0,7.277777777777778
648,23,0,7.277777777777778
648,24,0,7.0
648,25,0,7.45
648,26,2,7.681818181818182
648,27,3,7.434782608695652
648,28,5,7.434782608695652
648,29,4,7.64
648,30,6,8.192307692307692
648,31,6,8.148148148148149
648,32,6,8.148148148148149
648,33,5,9.033333333333333
648,34,4,9.0
649,0,0,0
649,1,0,0
649,2,0,0
649,3,0,0
649,4,0,3.5
649,5,0,3.5
649,6,0,4.0
649,7,0,4.0
649,8,0,4.75
649,9,0,5.2
649,10,0,5.2
649,11,0,6.0
649,12,0,6.428571428571429
649,13,0,5.875
649,14,0,6.555555555555555
649,15,0,7.0
649,16,0,7.636363636363637
649,17,0,7.166666666666667
649,18,1,8.214285714285714
649,19,1,7.8
649,20,0,8.3125
649,21,1,8.5
649,22,3,7.85
649,23,5,8.285714285714286
649,24,4,8.0
649,25,4,8.5
649,26,5,8.74074074074074
649,27,10,8.74074074074074
649,28,11,8.75
649,29,15,9.6
649,30,14,9.548387096774194
649,31,14,9.548387096774194
649,32,14,9.5625
649,33,16,10.441176470588236
649,34,16,10.428571428571429
650,0,0,0
650,1,0,0
650,2,0,0
650,3,0,3.0
650,4,0,3.0
650,5,0,3.0
650,6,0,4.0
650,7,0,4.75
650,8,0,4.75
650,9,0,4.75
650,10,0,5.4
650,11,0,6.0
650,12,0,6.0
650,13,0,6.0
650,14,0,6.857142857142857
650,15,0,7.625
650,16,0,7.625
650,17,0,7.625
650,18,0,8.333333333333334
650,19,0,8.363636363636363
650,20,0,8.23076923076923
650,21,0,8.23076923076923
650,22,0,8.0
650,23,0,7.588235294117647
650,24,0,7.631578947368421
650,25,0,7.857142857142857
650,26,2,7.857142857142857
650,27,1,8.416666666666666
650,28,1,8.416666666666666
650,29,1,8.24
650,30,3,8.615384615384615
650,31,4,8.964285714285714
650,32,5,8.964285714285714
650,33,4,9.2
650,34,4,9.67741935483871
651,0,0,0
651,1,0,0
651,2,0,0
651,3,0,3.0
651,4,0,3.5
651,5,0,3.6666666666666665
651,6,0,3.6666666666666665
651,7,0,3.6666666666666665
651,8,0,5.2
651,9,0,5.2
651,10,0,5.2
651,11,0,5.2
651,12,0,6.125
651,13,0,6.125
651,14,0,5.777777777777778
651,15,0,5.777777777777778
651,16,0,7.363636363636363
651,17,0,6.916666666666667
651,18,2,6.916666666666667
651,19,3,7.285714285714286
651,20,0,7.866666666666666
651,21,0,7.352941176470588
651,22,4,7.833333333333333
651,23,4,8.095238095238095
651,24,4,8.095238095238095
651,25,0,8.333333333333334
651,26,3,8.88
651,27,5,8.74074074074074
651,28,5,9.25
651,29,5,9.5
651,30,6,9.451612903225806
651,31,6,9.4375
651,32,6,9.969696969696969
651,33,6,10.342857142857143
651,34,6,10.342857142857143
652,0,0,0
652,1,0,0
652,2,0,0
652,3,0,2.5
652,4,0,2.5
652,5,0,2.6666666666666665
652,6,0,2.6666666666666665
652,7,0,3.25
652,8,0,3.8
652,9,0,3.8
652,10,0,4.5
652,11,0,5.0
652,12,0,5.5
652,13,0,5.5
652,14,0,6.0
652,15,0,6.6
652,16,0,6.909090909090909
652,17,0,6.909090909090909
652,18,0,6.923076923076923
652,19,0,6.923076923076923
652,20,0,7.428571428571429
652,21,0,7.428571428571429
652,22,0,7.933333333333334
652,23,0,8.375
652,24,0,8.5
652,25,0,8.5
652,26,0,8.157894736842104
652,27,1,8.772727272727273
652,28,2,8.772727272727273
652,29,3,8.521739130434783
652,30,4,8.521739130434783
652,31,4,9.307692307692308
652,32,4,9.307692307692308
652,33,3,9.185185185185185
652,34,4,9.75
653,0,0,0
653,1,0,0
653,2,0,0
653,3,0,0
653,4,0,4.0
653,5,0,4.0
653,6,0,4.0
653,7,0,4.0
653,8,0,5.333333333333333
653,9,0,5.333333333333333
653,10,0,6.0
653,11,0,6.0
653,12,0,6.6
653,13,0,6.6
653,14,0,7.166666666666667
653,15,0,7.166666666666667
653,16,0,7.571428571428571
653,17,0,7.571428571428571
653,18,0,8.375
653,19,0,8.777777777777779
653,20,0,9.3
653,21,0,9.636363636363637
653,22,0,9.0
653,23,0,8.461538461538462
653,24,1,9.125
653,25,0,9.125
653,26,3,8.764705882352942
653,27,4,8.894736842105264
653,28,7,9.4
653,29,8,9.142857142857142
653,30,10,9.142857142857142
653,31,9,9.521739130434783
653,32,9,10.0
653,33,9,10.0
653,34,10,10.0
654,0,0,0
654,1,0,0
654,2,0,2.0
654,3,0,2.0
654,4,0,2.0
654,5,0,3.0
654,6,0,3.0
654,7,0,4.2
654,8,0,4.2
654,9,0,4.333333333333333
654,10,0,4.857142857142857
654,11,0,5.0
654,12,0,5.0
654,13,0,5.333333333333333
654,14,0,6.0
654,15,0,6.0
654,16,0,6.363636363636363
654,17,0,6.75
654,18,0,6.384615384615385
654,19,0,7.2
654,20,0,6.875
654,21,0,6.875
654,22,0,7.25
654,23,0,7.25
654,24,0,7.0
654,25,0,7.409090909090909
654,26,0,7.826086956521739
654,27,0,8.0
654,28,0,8.423076923076923
654,29,0,8.423076923076923
654,30,0,8.571428571428571
654,31,0,9.0
654,32,0,9.0
654,33,0,8.766666666666667
654,34,1,9.65625
655,0,0,0
655,1,0,0
655,2,0,2.0
655,3,0,2.0
655,4,0,2.0
655,5,0,2.0
655,6,0,3.6666666666666665
655,7,0,3.6666666666666665
655,8,0,4.25
655,9,0,5.0
655,10,0,5.0
655,11,0,5.333333333333333
655,12,0,6.0
655,13,0,6.0
655,14,0,6.0
655,15,1,6.111111111111111
655,16,1,6.9
655,17,0,6.545454545454546
655,18,1,6.545454545454546
655,19,1,7.571428571428571
655,20,0,7.571428571428571
655,21,0,8.0
655,22,2,8.0
655,23,3,8.055555555555555
655,24,4,8.055555555555555
655,25,3,8.333333333333334
655,26,6,8.333333333333334
655,27,6,9.12
655,28,7,9.12
655,29,8,9.038461538461538
655,30,9,9.481481481481481
655,31,10,10.03448275862069
655,32,10,10.466666666666667
655,33,9,10.419354838709678
655,34,10,10.96875
656,0,0,0
656,1,0,0
656,2,0,0
656,3,0,3.0
656,4,0,3.5
656,5,0,3.5
656,6,0,3.5
656,7,0,4.75
656,8,0,4.75
656,9,0,5.4
656,10,0,5.4
656,11,0,5.666666666666667
656,12,0,5.857142857142857
656,13,0,6.25
656,14,0,6.25
656,15,0,6.25
656,16,0,6.9
656,17,0,6.9
656,18,0,7.363636363636363
656,19,0,7.75
656,20,0,7.75
656,21,0,7.3076923076923075
656,22,0,7.857142857142857
656,23,0,8.266666666666667
656,24,0,8.266666666666667
656,25,0,8.75
656,26,1,9.352941176470589
656,27,1,8.944444444444445
656,28,1,9.526315789473685
656,29,2,9.714285714285714
656,30,3,9.714285714285714
656,31,3,9.5
656,32,3,10.16
656,33,4,10.16
656,34,5,10.0
657,0,0,0
657,1,0,0
657,2,0,0
657,3,0,0
657,4,0,4.0
657,5,0,3.0
657,6,0,3.0
657,7,0,4.333333333333333
657,8,0,4.5
657,9,0,4.5
657,10,0,5.4
657,11,0,5.4
657,12,0,6.428571428571429
657,13,0,5.875
657,14,0,6.555555555555555
657,15,0,6.9
657,16,0,6.9
657,17,1,6.454545454545454
657,18,2,7.538461538461538
657,19,1,7.214285714285714
657,20,0,7.214285714285714
657,21,0,8.176470588235293
657,22,2,7.833333333333333
657,23,3,7.578947368421052
657,24,4,7.55
657,25,2,8.391304347826088
657,26,4,8.333333333333334
657,27,9,8.2
657,28,11,8.23076923076923
657,29,12,9.214285714285714
657,30,11,9.10344827586207
657,31,11,9.10344827586207
657,32,11,9.612903225806452
657,33,13,10.03125
657,34,13,10.0
658,0,0,0
658,1,0,0
658,2,0,0
658,3,0,3.0
658,4,0,3.5
658,5,0,3.5
658,6,0,3.5
658,7,0,4.75
658,8,0,4.75
658,9,0,4.75
658,10,0,6.166666666666667
658,11,0,6.166666666666667
658,12,0,6.714285714285714
658,13,0,7.125
658,14,0,7.125
658,15,0,7.125
658,16,0,7.888888888888889
658,17,0,8.5
658,18,0,8.5
658,19,0,9.090909090909092
658,20,0,9.090909090909092
658,21,0,9.666666666666666
658,22,0,9.666666666666666
658,23,0,9.75
658,24,0,9.75
658,25,0,8.944444444444445
658,26,2,8.944444444444445
658,27,2,9.857142857142858
658,28,4,9.857142857142858
658,29,5,10.173913043478262
658,30,7,10.173913043478262
658,31,7,10.6
658,32,8,11.153846153846153
658,33,7,11.0
658,34,7,11.379310344827585
659,0,0,0
659,1,0,0
659,2,0,2.0
659,3,0,2.0
659,4,0,3.0
659,5,0,3.3333333333333335
659,6,0,4.0
659,7,0,4.0
659,8,0,4.666666666666667
659,9,0,4.666666666666667
659,10,0,4.666666666666667
659,11,0,4.666666666666667
659,12,0,5.75
659,13,0,5.75
659,14,0,5.75
659,15,0,6.7
659,16,0,6.7
659,17,0,7.090909090909091
659,18,0,7.583333333333333
659,19,2,7.583333333333333
659,20,0,7.153846153846154
659,21,1,8.2
659,22,2,7.588235294117647
659,23,2,7.7894736842105265
659,24,4,7.7894736842105265
659,25,5,8.238095238095237
659,26,5,8.391304347826088
659,27,4,8.375
659,28,5,8.8
659,29,7,9.185185185185185
659,30,9,9.185185185185185
659,31,8,10.033333333333333
659,32,10,10.033333333333333
659,33,11,10.03225806451613
659,34,11,10.03225806451613
660,0,0,0
660,1,0,0
660,2,0,0
660,3,0,3.0
660,4,0,3.5
660,5,0,3.5
660,6,0,3.5
660,7,0,3.75
660,8,0,4.4
660,9,0,4.4
660,10,0,4.833333333333333
660,11,0,5.285714285714286
660,12,0,5.285714285714286
660,13,0,5.75
660,14,0,5.75
660,15,0,6.333333333333333
660,16,1,6.9
660,17,0,6.454545454545454
660,18,0,6.454545454545454
660,19,0,6.6923076923076925
660,20,0,7.285714285714286
660,21,0,6.933333333333334
660,22,1,7.0588235294117645
660,23,0,7.421052631578948
660,24,0,7.421052631578948
660,25,0,7.714285714285714
660,26,0,7.714285714285714
660,27,0,8.272727272727273
660,28,0,8.73913043478261
660,29,0,8.416666666666666
660,30,1,8.416666666666666
660,31,1,8.73076923076923
660,32,1,9.25925925925926
660,33,0,9.071428571428571
660,34,1,9.586206896551724
661,0,0,0
661,1,0,0
661,2,0,0
661,3,0,3.0
661,4,0,3.5
661,5,0,3.5
661,6,0,4.0
661,7,0,4.25
661,8,0,4.25
661,9,0,4.25
661,10,0,5.333333333333333
661,11,0,5.333333333333333
661,12,0,5.333333333333333
661,13,0,6.142857142857143
661,14,0,6.75
661,15,0,7.333333333333333
661,16,0,7.333333333333333
661,17,0,7.333333333333333
661,18,0,7.454545454545454
661,19,0,8.166666666666666
661,20,0,8.76923076923077
661,21,0,8.285714285714286
661,22,0,8.866666666666667
661,23,1,9.0
661,24,0,8.61111111111111
661,25,0,8.31578947368421
661,26,0,8.666666666666666
661,27,0,8.826086956521738
661,28,0,9.04
661,29,0,9.04
661,30,1,9.222222222222221
661,31,1,9.75
661,32,1,9.517241379310345
661,33,1,9.517241379310345
661,34,2,9.870967741935484
662,0,0,0
662,1,0,0
662,2,0,2.0
662,3,0,2.0
662,4,0,2.0
662,5,0,2.0
662,6,0,3.3333333333333335
662,7,0,4.0
662,8,0,4.0
662,9,0,4.6
662,10,0,5.166666666666667
662,11,0,5.166666666666667
662,12,0,5.857142857142857
662,13,0,6.5
662,14,0,6.0
662,15,0,6.5
662,16,0,6.5
662,17,0,7.416666666666667
662,18,0,7.416666666666667
662,19,0,8.142857142857142
662,20,0,8.142857142857142
662,21,0,8.142857142857142
662,22,0,8.875
662,23,0,8.875
662,24,0,8.875
662,25,0,8.875
662,26,1,9.666666666666666
662,27,2,9.263157894736842
662,28,3,9.263157894736842
662,29,4,9.476190476190476
662,30,5,9.608695652173912
662,31,6,9.416666666666666
662,32,6,9.416666666666666
662,33,6,9.76923076923077
662,34,5,10.035714285714286
663,0,0,0
663,1,0,0
663,2,0,0
663,3,0,2.5
663,4,0,3.0
663,5,0,3.0
663,6,0,3.0
663,7,0,3.75
663,8,0,4.4
663,9,0,4.4
663,10,0,5.0
663,11,0,5.428571428571429
663,12,0,6.0
663,13,0,6.0
663,14,0,6.555555555555555
663,15,0,7.1
663,16,0,7.545454545454546
663,17,0,7.545454545454546
663,18,0,8.083333333333334
663,19,0,7.928571428571429
663,20,0,7.928571428571429
663,21,0,8.466666666666667
663,22,0,8.466666666666667
663,23,0,9.235294117647058
663,24,0,8.833333333333334
663,25,1,9.31578947368421
663,26,1,9.333333333333334
663,27,4,9.333333333333334
663,28,3,9.434782608695652
663,29,6,9.958333333333334
663,30,7,10.076923076923077
663,31,7,10.076923076923077
663,32,6,9.925925925925926
663,33,7,10.758620689655173
663,34,6,10.666666666666666
664,0,0,0
664,1,0,0
664,2,0,2.0
664,3,0,2.0
664,4,0,2.5
664,5,0,2.5
664,6,0,3.5
664,7,0,3.5
664,8,0,3.5
664,9,0,4.0
664,10,0,4.0
664,11,0,4.0
664,12,0,4.875
664,13,0,4.875
664,14,0,5.7
664,15,0,5.7
664,16,0,5.7
664,17,0,6.090909090909091
664,18,0,6.75
664,19,0,7.153846153846154
664,20,0,7.642857142857143
664,21,0,7.642857142857143
664,22,0,7.642857142857143
664,23,0,8.25
664,24,0,8.25
664,25,0,8.25
664,26,0,8.705882352941176
664,27,0,9.11111111111111
664,28,0,8.736842105263158
664,29,0,9.2
664,30,0,9.571428571428571
664,31,0,9.571428571428571
664,32,1,10.090909090909092
664,33,1,9.73913043478261
664,34,3,10.68
665,0,0,0
665,1,0,0
665,2,0,0
665,3,0,3.0
665,4,0,3.0
665,5,0,3.0
665,6,0,4.0
665,7,0,4.0
665,8,0,4.0
665,9,0,4.6
665,10,0,4.6
665,11,0,5.428571428571429
665,12,0,5.428571428571429
665,13,0,6.111111111111111
665,14,0,6.111111111111111
665,15,0,6.6
665,16,0,6.6
665,17,1,6.666666666666667
665,18,2,7.153846153846154
665,19,1,7.2
665,20,0,7.2
665,21,1,7.411764705882353
665,22,0,7.631578947368421
665,23,0,7.631578947368421
665,24,0,7.6
665,25,1,8.5
665,26,0,8.26086956521739
665,27,3,8.26086956521739
665,28,3,8.083333333333334
665,29,4,9.038461538461538
665,30,5,8.851851851851851
665,31,5,8.851851851851851
665,32,5,9.275862068965518
665,33,5,9.733333333333333
665,34,5,9.67741935483871
666,0,0,0
666,1,0,0
666,2,0,2.0
666,3,0,2.0
666,4,0,2.3333333333333335
666,5,0,2.3333333333333335
666,6,0,2.3333333333333335
666,7,0,3.25
666,8,0,4.0
666,9,0,4.5
666,10,0,4.5
666,11,0,5.142857142857143
666,12,0,5.75
666,13,0,5.75
666,14,0,5.75
666,15,0,6.444444444444445
666,16,0,7.1
666,17,0,7.7272727272727275
666,18,0,7.7272727272727275
666,19,0,8.416666666666666
666,20,0,8.416666666666666
666,21,0,8.5
666,22,0,9.133333333333333
666,23,0,8.6875
666,24,0,9.777777777777779
666,25,0,9.0
666,26,1,9.0
666,27,1,9.181818181818182
666,28,4,9.73913043478261
666,29,4,9.5
666,30,7,10.0
666,31,7,10.333333333333334
666,32,7,10.333333333333334
666,33,6,10.178571428571429
666,34,8,11.233333333333333
667,0,0,0
667,1,0,0
667,2,0,0
667,3,0,0
667,4,0,4.0
667,5,0,3.0
667,6,0,3.0
667,7,0,4.0
667,8,0,4.6
667,9,0,4.6
667,10,0,5.0
667,11,0,5.428571428571429
667,12,0,5.875
667,13,0,5.875
667,14,0,6.111111111111111
667,15,0,6.5
667,16,0,6.818181818181818
667,17,0,6.818181818181818
667,18,0,7.166666666666667
667,19,0,7.538461538461538
667,20,0,7.538461538461538
667,21,0,8.066666666666666
667,22,0,8.066666666666666
667,23,0,8.5
667,24,0,8.5
667,25,0,8.38888888888889
667,26,1,8.5
667,27,3,8.19047619047619
667,28,4,8.681818181818182
667,29,6,8.833333333333334
667,30,9,9.24
667,31,9,9.076923076923077
667,32,10,9.321428571428571
667,33,10,9.689655172413794
667,34,10,9.633333333333333
668,0,0,0
668,1,0,0
668,2,0,0
668,3,0,3.0
668,4,0,3.0
668,5,0,3.0
668,6,0,3.0
668,7,0,4.75
668,8,0,4.75
668,9,0,5.2
668,10,0,5.666666666666667
668,11,0,5.666666666666667
668,12,0,5.666666666666667
668,13,0,6.75
668,14,0,6.75
668,15,0,6.75
668,16,0,6.75
668,17,0,8.1
668,18,0,7.545454545454546
668,19,0,7.545454545454546
668,20,0,7.545454545454546
668,21,0,8.357142857142858
668,22,0,8.357142857142858
668,23,0,9.0
668,24,0,9.5625
668,25,0,10.117647058823529
668,26,0,10.117647058823529
668,27,0,10.666666666666666
668,28,3,10.7
668,29,3,10.7
668,30,5,11.173913043478262
668,31,6,11.173913043478262
668,32,7,10.916666666666666
668,33,8,11.24
668,34,8,11.518518518518519
669,0,0,0
669,1,0,0
669,2,0,2.0
669,3,0,2.0
669,4,0,3.0
669,5,0,3.0
669,6,0,3.0
669,7,0,4.0
669,8,0,4.0
669,9,0,4.0
669,10,0,5.0
669,11,0,5.0
669,12,0,5.0
669,13,0,5.625
669,14,0,6.333333333333333
669,15,0,6.333333333333333
669,16,1,7.2727272727272725
669,17,1,6.833333333333333
669,18,3,6.833333333333333
669,19,3,7.214285714285714
669,20,0,7.733333333333333
669,21,0,7.5625
669,22,3,8.058823529411764
669,23,3,8.263157894736842
669,24,2,8.428571428571429
669,25,2,8.409090909090908
669,26,4,8.708333333333334
669,27,6,9.192307692307692
669,28,7,9.192307692307692
669,29,7,9.75
669,30,8,10.172413793103448
669,31,7,10.066666666666666
669,32,6,10.4375
669,33,6,10.878787878787879
669,34,5,11.285714285714286
670,0,0,0
670,1,0,0
670,2,0,0
670,3,0,0
670,4,0,2.0
670,5,0,2.0
670,6,0,3.0
670,7,0,3.0
670,8,0,4.5
670,9,0,4.0
670,10,0,4.0
670,11,0,5.142857142857143
670,12,0,5.142857142857143
670,13,0,5.142857142857143
670,14,1,6.444444444444445
670,15,0,6.0
670,16,0,6.0
670,17,0,6.416666666666667
670,18,0,7.0
670,19,0,7.0
670,20,0,7.266666666666667
670,21,1,7.266666666666667
670,22,0,7.647058823529412
670,23,0,8.055555555555555
670,24,0,8.047619047619047
670,25,0,8.363636363636363
670,26,3,8.130434782608695
670,27,4,7.875
670,28,6,8.653846153846153
670,29,5,8.481481481481481
670,30,6,8.357142857142858
670,31,7,9.133333333333333
670,32,6,9.096774193548388
670,33,6,9.096774193548388
670,34,5,9.424242424242424
671,0,0,0
671,1,0,0
671,2,0,0
671,3,0,3.0
671,4,0,3.0
671,5,0,3.75
671,6,0,3.75
671,7,0,3.75
671,8,0,3.75
671,9,0,4.0
671,10,0,4.0
671,11,0,4.285714285714286
671,12,0,4.75
671,13,0,4.75
671,14,0,4.777777777777778
671,15,0,4.777777777777778
671,16,0,5.2
671,17,0,5.2727272727272725
671,18,0,5.2727272727272725
671,19,0,5.75
671,20,0,6.0
671,21,0,6.0
671,22,0,6.0
671,23,0,6.8
671,24,0,6.5
671,25,0,6.5
671,26,1,7.0
671,27,0,6.75
671,28,2,7.0476190476190474
671,29,4,6.909090909090909
671,30,8,7.666666666666667
671,31,7,7.52
671,32,6,7.423076923076923
671,33,6,7.423076923076923
671,34,6,8.206896551724139
672,0,0,0
672,1,0,0
672,2,0,0
672,3,0,0
672,4,0,3.5
672,5,0,3.5
672,6,0,3.5
672,7,0,4.0
672,8,0,4.75
672,9,0,4.75
672,10,0,4.75
672,11,0,5.6
672,12,0,6.0
672,13,0,5.428571428571429
672,14,0,6.125
672,15,1,5.777777777777778
672,16,1,6.4
672,17,0,6.75
672,18,1,7.230769230769231
672,19,0,7.6
672,20,0,7.6
672,21,0,7.705882352941177
672,22,0,8.222222222222221
672,23,0,8.222222222222221
672,24,0,8.578947368421053
672,25,0,8.25
672,26,0,9.227272727272727
672,27,0,8.91304347826087
672,28,0,9.458333333333334
672,29,0,9.458333333333334
672,30,0,9.84
672,31,0,9.84
672,32,0,10.11111111111111
672,33,0,10.11111111111111
672,34,1,10.275862068965518
673,0,0,0
673,1,0,0
673,2,0,2.0
673,3,0,2.5
673,4,0,2.5
673,5,0,3.3333333333333335
673,6,0,3.0
673,7,0,3.2
673,8,0,3.8333333333333335
673,9,0,3.8333333333333335
673,10,0,3.8333333333333335
673,11,0,4.285714285714286
673,12,0,5.125
673,13,0,5.0
673,14,0,5.0
673,15,0,5.7272727272727275
673,16,0,6.0
673,17,0,6.0
673,18,0,6.0
673,19,0,6.769230769230769
673,20,0,6.733333333333333
673,21,0,6.733333333333333
673,22,0,7.176470588235294
673,23,0,7.176470588235294
673,24,1,7.666666666666667
673,25,0,7.368421052631579
673,26,0,8.523809523809524
673,27,0,8.043478260869565
673,28,0,8.043478260869565
673,29,1,7.833333333333333
673,30,1,8.961538461538462
673,31,0,8.74074074074074
673,32,2,9.214285714285714
673,33,2,9.666666666666666
673,34,3,10.096774193548388
674,0,0,0
674,1,0,0
674,2,0,2.0
674,3,0,2.0
674,4,0,3.0
674,5,0,3.6666666666666665
674,6,0,3.6666666666666665
674,7,0,4.5
674,8,0,5.0
674,9,0,5.0
674,10,0,6.142857142857143
674,11,0,6.142857142857143
674,12,0,6.75
674,13,0,6.222222222222222
674,14,1,6.8
674,15,1,6.363636363636363
674,16,1,7.0
674,17,0,7.357142857142857
674,18,1,7.357142857142857
674,19,1,7.8125
674,20,0,7.8125
674,21,0,7.842105263157895
674,22,1,7.842105263157895
674,23,2,8.19047619047619
674,24,2,8.434782608695652
674,25,1,8.333333333333334
674,26,3,8.12
674,27,5,9.071428571428571
674,28,7,9.071428571428571
674,29,8,9.633333333333333
674,30,11,9.483870967741936
674,31,11,10.0
674,32,10,9.93939393939394
674,33,10,10.371428571428572
674,34,11,10.305555555555555
675,0,0,0
675,1,0,0
675,2,0,0
675,3,0,3.0
675,4,0,3.0
675,5,0,3.0
675,6,0,3.0
675,7,0,4.5
675,8,0,4.5
675,9,0,5.5
675,10,0,5.5
675,11,0,5.5
675,12,0,6.142857142857143
675,13,0,6.75
675,14,0,6.75
675,15,0,6.75
675,16,0,7.363636363636363
675,17,0,7.363636363636363
675,18,2,7.363636363636363
675,19,4,7.615384615384615
675,20,0,8.214285714285714
675,21,0,7.933333333333334
675,22,2,8.4375
675,23,5,8.31578947368421
675,24,7,8.31578947368421
675,25,7,8.5
675,26,8,8.5
675,27,9,9.384615384615385
675,28,12,9.384615384615385
675,29,13,9.444444444444445
675,30,15,9.928571428571429
675,31,14,10.433333333333334
675,32,14,10.433333333333334
675,33,13,10.548387096774194
675,34,14,11.393939393939394
676,0,0,0
676,1,0,0
676,2,0,0
676,3,0,0
676,4,0,0
676,5,0,0
676,6,0,4.0
676,7,0,4.0
676,8,0,4.666666666666667
676,9,0,4.666666666666667
676,10,0,5.25
676,11,0,5.25
676,12,0,6.0
676,13,0,6.666666666666667
676,14,0,6.666666666666667
676,15,0,6.5
676,16,1,7.222222222222222
676,17,2,6.7
676,18,3,7.090909090909091
676,19,5,6.833333333333333
676,20,0,7.461538461538462
676,21,0,7.285714285714286
676,22,0,8.375
676,23,2,8.058823529411764
676,24,3,7.722222222222222
676,25,7,7.904761904761905
676,26,9,8.304347826086957
676,27,9,8.6
676,28,11,8.653846153846153
676,29,11,9.074074074074074
676,30,13,9.142857142857142
676,31,14,9.655172413793103
676,32,13,10.0
676,33,14,10.46875
676,34,13,10.696969696969697
677,0,0,0
677,1,0,0
677,2,0,0
677,3,0,0
677,4,0,4.0
677,5,0,4.0
677,6,0,4.0
677,7,0,5.0
677,8,0,4.5
677,9,0,4.5
677,10,0,5.2
677,11,0,5.2
677,12,0,5.5
677,13,0,5.0
677,14,0,5.875
677,15,0,5.555555555555555
677,16,0,6.0
677,17,1,6.333333333333333
677,18,1,6.333333333333333
677,19,0,6.571428571428571
677,20,0,7.2
677,21,0,7.0625
677,22,0,7.0625
677,23,0,8.166666666666666
677,24,0,7.842105263157895
677,25,0,7.55
677,26,0,7.909090909090909
677,27,1,8.391304347826088
677,28,1,8.68
677,29,1,8.68
677,30,0,8.5
677,31,1,9.037037037037036
677,32,0,9.413793103448276
677,33,1,9.413793103448276
677,34,0,9.233333333333333
678,0,0,0
678,1,0,0
678,2,0,0
678,3,0,0
678,4,0,4.0
678,5,0,4.0
678,6,0,4.0
678,7,0,4.0
678,8,0,5.2
678,9,0,5.2
678,10,0,6.0
678,11,0,6.0
678,12,0,6.0
678,13,0,6.75
678,14,0,7.222222222222222
678,15,2,7.7
678,16,1,7.181818181818182
678,17,2,7.583333333333333
678,18,1,7.857142857142857
678,19,3,7.857142857142857
678,20,0,8.1875
678,21,0,8.705882352941176
678,22,3,8.555555555555555
678,23,3,8.8
678,24,5,9.045454545454545
678,25,4,8.956521739130435
678,26,6,9.16
678,27,9,9.115384615384615
678,28,10,10.0
678,29,11,10.0
678,30,13,10.0
678,31,14,10.387096774193548
678,32,15,10.84375
678,33,15,11.235294117647058
678,34,16,11.235294117647058
679,0,0,0
679,1,0,0
679,2,0,0
679,3,0,0
679,4,0,4.0
679,5,0,3.5
679,6,0,3.5
679,7,0,3.5
679,8,0,4.75
679,9,0,4.75
679,10,0,4.75
679,11,0,4.75
679,12,0,6.333333333333333
679,13,0,6.333333333333333
679,14,0,6.333333333333333
679,15,0,7.25
679,16,0,7.25
679,17,0,7.888888888888889
679,18,0,8.1
679,19,0,8.636363636363637
679,20,0,8.636363636363637
679,21,0,8.083333333333334
679,22,0,9.0
679,23,0,9.0
679,24,0,9.533333333333333
679,25,0,9.75
679,26,0,10.176470588235293
679,27,1,10.444444444444445
679,28,0,10.0
679,29,2,10.0
679,30,3,10.238095238095237
679,31,4,10.454545454545455
679,32,3,10.173913043478262
679,33,4,10.173913043478262
679,34,4,10.4
680,0,0,0
680,1,0,0
680,2,0,0
680,3,0,0
680,4,0,3.5
680,5,0,3.5
680,6,0,4.0
680,7,0,4.0
680,8,0,4.75
680,9,0,4.75
680,10,0,5.4
680,11,0,5.4
680,12,0,6.333333333333333
680,13,0,6.571428571428571
680,14,0,6.571428571428571
680,15,0,6.571428571428571
680,16,0,7.5
680,17,0,8.0
680,18,0,7.4
680,19,1,7.4
680,20,0,8.307692307692308
680,21,0,8.307692307692308
680,22,0,7.6
680,23,1,8.823529411764707
680,24,0,8.105263157894736
680,25,1,8.105263157894736
680,26,1,7.666666666666667
680,27,3,8.826086956521738
680,28,4,8.625
680,29,5,9.2
680,30,6,9.038461538461538
680,31,6,10.071428571428571
680,32,5,9.931034482758621
680,33,7,9.931034482758621
680,34,8,10.290322580645162
681,0,0,0
681,1,0,0
681,2,0,0
681,3,0,0
681,4,0,3.5
681,5,0,3.5
681,6,0,3.5
681,7,0,4.75
681,8,0,4.75
681,9,0,4.75
681,10,0,5.2
681,11,0,5.5
681,12,0,5.857142857142857
681,13,0,5.857142857142857
681,14,0,6.25
681,15,0,6.25
681,16,1,6.888888888888889
681,17,3,6.4
681,18,3,6.909090909090909
681,19,2,7.230769230769231
681,20,0,7.642857142857143
681,21,0,7.3125
681,22,1,7.882352941176471
681,23,0,7.526315789473684
681,24,0,8.428571428571429
681,25,0,8.043478260869565
681,26,1,8.043478260869565
681,27,1,8.407407407407407
681,28,0,8.214285714285714
681,29,1,8.586206896551724
681,30,2,8.433333333333334
681,31,3,8.870967741935484
681,32,3,8.71875
681,33,5,9.558823529411764
681,34,5,9.428571428571429
682,0,0,0
682,1,0,0
682,2,0,0
682,3,0,3.0
682,4,0,3.0
682,5,0,3.6666666666666665
682,6,0,3.6666666666666665
682,7,0,3.6666666666666665
682,8,0,3.6666666666666665
682,9,0,5.0
682,10,0,5.0
682,11,0,5.0
682,12,0,5.833333333333333
682,13,0,5.714285714285714
682,14,0,5.25
682,15,0,6.0
682,16,0,5.6
682,17,0,5.818181818181818
682,18,0,6.583333333333333
682,19,0,6.583333333333333
682,20,0,6.923076923076923
682,21,0,7.571428571428571
682,22,0,7.2
682,23,1,7.5625
682,24,1,7.578947368421052
682,25,0,7.578947368421052
682,26,2,7.809523809523809
682,27,3,8.130434782608695
682,28,3,8.130434782608695
682,29,5,7.958333333333333
682,30,8,8.36
682,31,7,8.925925925925926
682,32,7,8.925925925925926
682,33,8,9.733333333333333
682,34,8,9.733333333333333
683,0,0,0
683,1,0,0
683,2,0,0
683,3,0,0
683,4,0,2.0
683,5,0,2.0
683,6,0,3.0
683,7,0,3.0
683,8,0,3.3333333333333335
683,9,0,3.3333333333333335
683,10,0,4.5
683,11,0,4.8
683,12,0,4.8
683,13,0,5.333333333333333
683,14,0,5.857142857142857
683,15,0,5.857142857142857
683,16,0,6.0
683,17,0,6.444444444444445
683,18,0,6.7
683,19,0,6.7
683,20,0,7.090909090909091
683,21,0,7.0
683,22,0,7.0
683,23,0,7.0
683,24,0,7.933333333333334
683,25,0,7.5625
683,26,0,7.176470588235294
683,27,0,7.5
683,28,1,7.8
683,29,4,7.8
683,30,4,8.090909090909092
683,31,5,8.291666666666666
683,32,7,8.291666666666666
683,33,8,8.925925925925926
683,34,10,8.925925925925926
684,0,0,0
684,1,0,0
684,2,0,2.0
684,3,0,2.0
684,4,0,3.0
684,5,0,3.0
684,6,0,3.0
684,7,0,4.4
684,8,0,4.4
684,9,0,4.4
684,10,0,4.4
684,11,0,5.857142857142857
684,12,0,5.857142857142857
684,13,0,6.625
684,14,0,7.222222222222222
684,15,0,7.222222222222222
684,16,0,7.8
684,17,0,7.8
684,18,0,8.363636363636363
684,19,0,8.384615384615385
684,20,0,7.857142857142857
684,21,1,8.466666666666667
684,22,0,8.0625
684,23,0,8.647058823529411
684,24,0,8.38888888888889
684,25,0,9.5
684,26,1,9.142857142857142
684,27,3,8.818181818181818
684,28,4,9.875
684,29,5,9.64
684,30,7,10.115384615384615
684,31,6,10.357142857142858
684,32,6,10.827586206896552
684,33,5,10.7
684,34,4,11.03125
685,0,0,0
685,1,0,0
685,2,0,0
685,3,0,0
685,4,0,4.0
685,5,0,4.0
685,6,0,4.0
685,7,0,4.333333333333333
685,8,0,4.333333333333333
685,9,0,5.25
685,10,0,5.8
685,11,0,5.8
685,12,0,5.8
685,13,0,7.0
685,14,0,7.0
685,15,0,7.5
685,16,0,7.5
685,17,0,8.7
685,18,0,8.090909090909092
685,19,0,8.090909090909092
685,20,0,8.153846153846153
685,21,0,8.2
685,22,0,8.2
685,23,0,7.8125
685,24,0,8.352941176470589
685,25,0,8.578947368421053
685,26,0,8.2
685,27,3,8.5
685,28,3,8.875
685,29,4,8.875
685,30,5,9.192307692307692
685,31,5,9.74074074074074
685,32,4,9.607142857142858
685,33,4,10.566666666666666
685,34,3,10.483870967741936
686,0,0,0
686,1,0,0
686,2,0,0
686,3,0,3.0
686,4,0,3.5
686,5,0,4.0
686,6,0,4.0
686,7,0,4.75
686,8,0,5.0
686,9,0,5.0
686,10,0,5.857142857142857
686,11,0,5.857142857142857
686,12,0,5.857142857142857
686,13,0,6.3
686,14,0,6.3
686,15,0,6.3
686,16,0,6.5
686,17,0,7.076923076923077
686,18,1,6.785714285714286
686,19,3,7.75
686,20,0,7.470588235294118
686,21,0,7.684210526315789
686,22,2,7.55
686,23,1,8.173913043478262
686,24,2,8.173913043478262
686,25,1,8.125
686,26,3,8.884615384615385
686,27,4,8.851851851851851
686,28,5,9.107142857142858
686,29,6,9.0
686,30,6,9.533333333333333
686,31,6,9.71875
686,32,6,9.71875
686,33,5,9.666666666666666
686,34,5,10.205882352941176
687,0,0,0
687,1,0,0
687,2,0,0
687,3,0,0
687,4,0,3.5
687,5,0,3.5
687,6,0,3.5
687,7,0,3.8
687,8,0,3.8
687,9,0,3.8
687,10,0,4.333333333333333
687,11,0,4.857142857142857
687,12,0,5.375
687,13,0,5.375
687,14,0,5.375
687,15,0,6.5
687,16,0,6.5
687,17,0,6.5
687,18,2,7.090909090909091
687,19,4,7.3076923076923075
687,20,0,7.3076923076923075
687,21,1,7.071428571428571
687,22,2,7.25
687,23,3,7.5
687,24,7,7.315789473684211
687,25,6,7.571428571428571
687,26,5,7.454545454545454
687,27,5,8.23076923076923
687,28,6,8.23076923076923
687,29,6,8.296296296296296
687,30,7,8.296296296296296
687,31,6,9.3
687,32,7,9.3
687,33,6,9.875
687,34,7,10.272727272727273
688,0,0,0
688,1,0,0
688,2,0,0
688,3,0,3.0
688,4,0,3.5
688,5,0,3.5
688,6,0,4.333333333333333
688,7,0,5.0
688,8,0,5.0
688,9,0,5.6
688,10,0,5.6
688,11,0,6.571428571428571
688,12,0,6.571428571428571
688,13,0,6.571428571428571
688,14,0,7.0
688,15,0,7.2
688,16,0,7.2
688,17,0,6.636363636363637
688,18,2,6.846153846153846
688,19,4,7.571428571428571
688,20,0,7.266666666666667
688,21,0,7.8125
688,22,2,8.333333333333334
688,23,1,8.65
688,24,1,8.65
688,25,1,9.0
688,26,4,9.478260869565217
688,27,4,9.88
688,28,7,9.88
688,29,8,10.148148148148149
688,30,10,10.148148148148149
688,31,9,10.448275862068966
688,32,9,10.333333333333334
688,33,9,10.838709677419354
688,34,8,10.78125
689,0,0,0
689,1,0,0
689,2,0,0
689,3,0,0
689,4,0,4.0
689,5,0,3.5
689,6,0,3.5
689,7,0,4.666666666666667
689,8,0,4.5
689,9,0,4.5
689,10,0,4.5
689,11,0,5.833333333333333
689,12,0,5.833333333333333
689,13,0,6.571428571428571
689,14,0,6.75
689,15,0,7.111111111111111
689,16,0,7.111111111111111
689,17,0,7.4
689,18,0,6.909090909090909
689,19,0,7.769230769230769
689,20,0,7.769230769230769
689,21,0,7.769230769230769
689,22,0,8.357142857142858
689,23,0,8.3125
689,24,0,8.823529411764707
689,25,0,8.823529411764707
689,26,2,9.222222222222221
689,27,2,9.35
689,28,3,9.35
689,29,3,9.095238095238095
689,30,3,9.409090909090908
689,31,2,9.833333333333334
689,32,4,9.833333333333334
689,33,4,10.076923076923077
689,34,4,10.076923076923077
690,0,0,0
690,1,0,0
690,2,0,0
690,3,0,3.0
690,4,0,3.5
690,5,0,3.5
690,6,0,3.5
690,7,0,4.0
690,8,0,4.75
690,9,0,4.75
690,10,0,5.4
690,11,0,6.166666666666667
690,12,0,5.571428571428571
690,13,0,5.571428571428571
690,14,0,5.777777777777778
690,15,0,6.5
690,16,0,6.090909090909091
690,17,0,6.833333333333333
690,18,0,7.0
690,19,0,7.0
690,20,0,7.0
690,21,0,8.3125
690,22,0,7.611111111111111
690,23,1,7.611111111111111
690,24,1,7.9
690,25,2,8.523809523809524
690,26,3,8.043478260869565
690,27,4,9.08
690,28,7,8.923076923076923
690,29,10,8.923076923076923
690,30,10,8.814814814814815
690,31,12,9.931034482758621
690,32,12,9.833333333333334
690,33,13,9.833333333333334
690,34,14,10.3125
691,0,0,0
691,1,0,0
691,2,0,0
691,3,0,3.0
691,4,0,2.5
691,5,0,2.5
691,6,0,3.75
691,7,0,3.75
691,8,0,4.0
691,9,0,4.666666666666667
691,10,0,4.666666666666667
691,11,0,5.428571428571429
691,12,0,5.875
691,13,0,5.875
691,14,0,6.9
691,15,0,6.9
691,16,0,7.2727272727272725
691,17,0,7.666666666666667
691,18,0,7.666666666666667
691,19,0,8.214285714285714
691,20,0,8.214285714285714
691,21,0,8.125
691,22,0,8.470588235294118
691,23,0,8.470588235294118
691,24,0,9.210526315789474
691,25,0,9.210526315789474
691,26,1,9.238095238095237
691,27,3,9.636363636363637
691,28,4,9.75
691,29,6,9.75
691,30,7,9.846153846153847
691,31,9,10.25925925925926
691,32,9,10.107142857142858
691,33,9,10.448275862068966
691,34,9,10.366666666666667
692,0,0,0
692,1,0,0
692,2,0,2.0
692,3,0,2.0
692,4,0,3.0
692,5,0,3.3333333333333335
692,6,0,3.3333333333333335
692,7,0,4.0
692,8,0,4.4
692,9,0,4.4
692,10,0,5.0
692,11,0,5.571428571428571
692,12,0,5.571428571428571
692,13,0,5.571428571428571
692,14,0,5.888888888888889
692,15,0,6.5
692,16,0,6.5
692,17,3,6.090909090909091
692,18,4,6.75
692,19,3,7.142857142857143
692,20,0,7.142857142857143
692,21,1,7.0
692,22,1,7.411764705882353
692,23,4,7.7368421052631575
692,24,7,7.6
692,25,6,8.521739130434783
692,26,7,8.583333333333334
692,27,13,8.923076923076923
692,28,13,9.0
692,29,14,9.89655172413793
692,30,15,9.933333333333334
692,31,14,9.870967741935484
692,32,16,10.34375
692,33,17,10.794117647058824
692,34,18,10.794117647058824
693,0,0,0
693,1,0,0
693,2,0,0
693,3,0,2.5
693,4,0,2.5
693,5,0,2.5
693,6,0,3.25
693,7,0,3.25
693,8,0,3.25
693,9,0,3.8
693,10,0,4.166666666666667
693,11,0,4.166666666666667
693,12,0,5.25
693,13,0,5.25
693,14,0,5.25
693,15,0,5.25
693,16,1,6.0
693,17,2,6.0
693,18,3,5.75
693,19,5,6.3076923076923075
693,20,0,6.733333333333333
693,21,0,6.733333333333333
693,22,1,7.473684210526316
693,23,2,7.4
693,24,1,7.090909090909091
693,25,1,7.565217391304348
693,26,3,8.04
693,27,5,8.04
693,28,5,8.115384615384615
693,29,6,8.592592592592593
693,30,7,8.89655172413793
693,31,7,9.333333333333334
693,32,7,9.258064516129032
693,33,8,9.636363636363637
693,34,7,9.588235294117647
694,0,0,0
694,1,0,0
694,2,0,0
694,3,0,3.0
694,4,0,3.0
694,5,0,3.0
694,6,0,4.0
694,7,0,4.0
694,8,0,4.75
694,9,0,5.4
694,10,0,5.4
694,11,0,6.0
694,12,0,6.571428571428571
694,13,0,6.444444444444445
694,14,1,6.9
694,15,0,6.454545454545454
694,16,2,6.454545454545454
694,17,2,6.6923076923076925
694,18,2,7.285714285714286
694,19,1,7.066666666666666
694,20,0,7.066666666666666
694,21,0,7.470588235294118
694,22,0,7.947368421052632
694,23,0,7.947368421052632
694,24,0,8.238095238095237
694,25,0,8.681818181818182
694,26,1,8.916666666666666
694,27,1,9.0
694,28,2,9.0
694,29,1,8.851851851851851
694,30,2,9.392857142857142
694,31,1,9.666666666666666
694,32,2,10.161290322580646
694,33,1,10.03125
694,34,1,10.941176470588236
695,0,0,0
695,1,0,0
695,2,0,2.0
695,3,0,2.0
695,4,0,2.5
695,5,0,3.0
695,6,0,3.5
695,7,0,3.5
695,8,0,3.5
695,9,0,4.833333333333333
695,10,0,4.833333333333333
695,11,0,5.428571428571429
695,12,0,5.428571428571429
695,13,0,6.125
695,14,0,6.125
695,15,0,6.888888888888889
695,16,0,7.0
695,17,0,7.0
695,18,0,7.666666666666667
695,19,0,7.666666666666667
695,20,0,7.857142857142857
695,21,0,7.857142857142857
695,22,0,7.9411764705882355
695,23,1,7.9411764705882355
695,24,0,8.263157894736842
695,25,1,8.571428571428571
695,26,1,8.363636363636363
695,27,1,9.16
695,28,2,8.961538461538462
695,29,5,8.961538461538462
695,30,6,9.357142857142858
695,31,6,9.793103448275861
695,32,6,9.633333333333333
695,33,6,10.161290322580646
695,34,6,10.0625
696,0,0,0
696,1,0,0
696,2,0,2.0
696,3,0,2.0
696,4,0,2.5
696,5,0,2.5
696,6,0,3.6666666666666665
696,7,0,3.6666666666666665
696,8,0,4.5
696,9,0,4.5
696,10,0,5.4
696,11,0,5.4
696,12,0,6.166666666666667
696,13,0,7.0
696,14,0,7.5
696,15,0,7.5
696,16,0,8.7
696,17,0,8.7
696,18,0,9.181818181818182
696,19,0,9.833333333333334
696,20,0,9.833333333333334
696,21,0,9.785714285714286
696,22,1,10.2
696,23,0,9.6875
696,24,0,10.235294117647058
696,25,1,9.88888888888889
696,26,1,10.31578947368421
696,27,3,10.523809523809524
696,28,5,10.523809523809524
696,29,7,10.695652173913043
696,30,9,10.695652173913043
696,31,8,10.96
696,32,8,10.96
696,33,7,11.714285714285714
696,34,7,11.714285714285714
697,0,0,0
697,1,0,0
697,2,0,0
697,3,0,0
697,4,0,2.5
697,5,0,2.5
697,6,0,3.0
697,7,0,3.5
697,8,0,3.5
697,9,0,4.0
697,10,0,4.5
697,11,0,4.5
697,12,0,4.5
697,13,0,5.75
697,14,0,5.75
697,15,0,5.75
697,16,0,6.333333333333333
697,17,0,6.9
697,18,0,7.0
697,19,0,7.0
697,20,0,7.214285714285714
697,21,0,7.214285714285714
697,22,1,7.176470588235294
697,23,2,7.176470588235294
697,24,1,7.25
697,25,1,7.25
697,26,1,7.958333333333333
697,27,3,7.958333333333333
697,28,3,7.84
697,29,4,8.185185185185185
697,30,5,8.714285714285714
697,31,5,8.586206896551724
697,32,6,9.066666666666666
697,33,6,9.0
697,34,6,9.53125
698,0,0,0
698,1,0,0
698,2,0,0
698,3,0,3.0
698,4,0,3.5
698,5,0,3.5
698,6,0,3.6666666666666665
698,7,0,3.6666666666666665
698,8,0,4.5
698,9,0,5.0
698,10,0,5.666666666666667
698,11,0,5.666666666666667
698,12,0,5.666666666666667
698,13,0,5.75
698,14,1,6.333333333333333
698,15,0,6.0
698,16,0,5.7272727272727275
698,17,0,6.6923076923076925
698,18,1,6.428571428571429
698,19,1,7.0
698,20,0,7.0588235294117645
698,21,0,7.0588235294117645
698,22,0,6.944444444444445
698,23,1,7.95
698,24,0,7.666666666666667
698,25,0,7.666666666666667
698,26,0,7.782608695652174
698,27,1,8.375
698,28,1,8.16
698,29,2,8.16
698,30,1,8.892857142857142
698,31,1,8.892857142857142
698,32,0,9.0
698,33,0,9.40625
698,34,0,9.40625
699,0,0,0
699,1,0,0
699,2,0,0
699,3,0,2.0
699,4,0,3.0
699,5,0,3.0
699,6,0,3.0
699,7,0,3.0
699,8,0,4.0
699,9,0,4.0
699,10,0,4.285714285714286
699,11,0,4.285714285714286
699,12,0,5.333333333333333
699,13,0,5.333333333333333
699,14,0,5.333333333333333
699,15,0,5.333333333333333
699,16,0,6.454545454545454
699,17,0,6.083333333333333
699,18,0,6.928571428571429
699,19,1,6.928571428571429
699,20,0,7.125
699,21,0,7.125
699,22,0,7.052631578947368
699,23,0,7.45
699,24,0,7.45
699,25,0,7.590909090909091
699,26,0,8.0
699,27,0,8.0
699,28,1,8.16
699,29,1,8.37037037037037
699,30,4,8.75
699,31,3,8.586206896551724
699,32,3,8.433333333333334
699,33,3,9.28125
699,34,2,9.151515151515152
700,0,0,0
700,1,0,0
700,2,0,0
700,3,0,2.0
700,4,0,2.0
700,5,0,2.0
700,6,0,2.0
700,7,0,4.0
700,8,0,4.0
700,9,0,4.0
700,10,0,4.0
700,11,0,5.8
700,12,0,5.8
700,13,0,6.666666666666667
700,14,0,6.0
700,15,0,6.625
700,16,0,6.625
700,17,0,6.7
700,18,0,6.7
700,19,2,8.0
700,20,0,7.538461538461538
700,21,1,8.071428571428571
700,22,2,7.8
700,23,2,8.722222222222221
700,24,2,8.473684210526315
700,25,2,8.35
700,26,2,9.130434782608695
700,27,1,9.083333333333334
700,28,1,9.083333333333334
700,29,0,9.0
700,30,2,10.0
700,31,1,9.892857142857142
700,32,1,10.133333333333333
700,33,1,10.580645161290322
700,34,0,10.40625
701,0,0,0
701,1,0,0
701,2,0,0
701,3,0,0
701,4,0,4.0
701,5,0,3.0
701,6,0,3.0
701,7,0,3.0
701,8,0,4.0
701,9,0,4.0
701,10,0,4.4
701,11,0,5.166666666666667
701,12,0,5.166666666666667
701,13,0,5.166666666666667
701,14,0,6.0
701,15,0,6.0
701,16,0,5.6
701,17,0,6.363636363636363
701,18,0,6.538461538461538
701,19,0,6.538461538461538
701,20,0,7.214285714285714
701,21,0,7.214285714285714
701,22,0,8.0
701,23,0,8.0
701,24,1,8.263157894736842
701,25,1,8.7
701,26,2,8.136363636363637
701,27,5,8.136363636363637
701,28,7,8.625
701,29,9,9.08
701,30,10,9.481481481481481
701,31,11,9.481481481481481
701,32,12,9.392857142857142
701,33,12,9.8
701,34,13,10.28125
702,0,0,0
702,1,0,0
702,2,0,0
702,3,0,3.0
702,4,0,3.0
702,5,0,3.6666666666666665
702,6,0,3.6666666666666665
702,7,0,3.6666666666666665
702,8,0,4.8
702,9,0,4.8
702,10,0,5.166666666666667
702,11,0,5.166666666666667
702,12,0,6.125
702,13,0,6.125
702,14,0,6.125
702,15,0,6.125
702,16,1,6.9
702,17,1,6.454545454545454
702,18,1,6.454545454545454
702,19,0,7.071428571428571
702,20,0,7.071428571428571
702,21,1,7.625
702,22,1,7.555555555555555
702,23,0,7.75
702,24,0,7.75
702,25,0,7.681818181818182
702,26,1,7.681818181818182
702,27,1,7.76
702,28,3,7.76
702,29,4,7.814814814814815
702,30,6,8.321428571428571
702,31,5,8.206896551724139
702,32,5,8.206896551724139
702,33,6,8.35483870967742
702,34,8,8.875
703,0,0,0
703,1,0,0
703,2,0,0
703,3,0,0
703,4,0,4.0
703,5,0,3.5
703,6,0,3.6666666666666665
703,7,0,3.6666666666666665
703,8,0,4.2
703,9,0,4.2
703,10,0,4.2
703,11,0,4.428571428571429
703,12,0,4.428571428571429
703,13,0,4.428571428571429
703,14,0,4.428571428571429
703,15,0,5.222222222222222
703,16,0,5.222222222222222
703,17,0,5.4
703,18,0,6.090909090909091
703,19,0,5.75
703,20,0,5.75
703,21,0,6.4
703,22,0,6.4
703,23,0,6.6875
703,24,0,7.294117647058823
703,25,0,7.611111111111111
703,26,0,7.611111111111111
703,27,0,7.315789473684211
703,28,2,7.95
703,29,1,8.090909090909092
703,30,2,8.090909090909092
703,31,2,8.333333333333334
703,32,3,8.92
703,33,3,8.807692307692308
703,34,4,9.37037037037037
704,0,0,0
704,1,0,0
704,2,0,0
704,3,0,0
704,4,0,3.5
704,5,0,3.5
704,6,0,4.0
704,7,0,4.2
704,8,0,4.2
704,9,0,4.2
704,10,0,4.833333333333333
704,11,0,5.571428571428571
704,12,0,5.571428571428571
704,13,0,5.571428571428571
704,14,0,6.125
704,15,0,6.3
704,16,0,6.3
704,17,0,6.909090909090909
704,18,0,7.583333333333333
704,19,0,7.153846153846154
704,20,0,7.714285714285714
704,21,0,7.9375
704,22,0,8.055555555555555
704,23,0,8.055555555555555
704,24,0,7.857142857142857
704,25,1,8.363636363636363
704,26,2,7.833333333333333
704,27,2,7.64
704,28,6,8.115384615384615
704,29,8,8.464285714285714
704,30,7,8.344827586206897
704,31,8,9.258064516129032
704,32,9,9.15625
704,33,9,9.15625
704,34,8,9.5
705,0,0,0
705,1,0,0
705,2,0,0
705,3,0,0
705,4,0,4.0
705,5,0,4.0
705,6,0,4.666666666666667
705,7,0,4.666666666666667
705,8,0,5.25
705,9,0,5.8
705,10,0,5.8
705,11,0,5.8
705,12,0,6.5
705,13,0,6.625
705,14,0,6.625
705,15,0,6.7
705,16,1,7.363636363636363
705,17,0,6.916666666666667
705,18,1,7.384615384615385
705,19,1,7.142857142857143
705,20,0,8.3125
705,21,0,8.058823529411764
705,22,2,8.666666666666666
705,23,2,8.473684210526315
705,24,2,9.523809523809524
705,25,2,9.363636363636363
705,26,2,9.363636363636363
705,27,1,9.875
705,28,2,10.28
705,29,2,10.153846153846153
705,30,3,10.153846153846153
705,31,4,10.535714285714286
705,32,5,10.96551724137931
705,33,4,11.290322580645162
705,34,4,11.290322580645162
706,0,0,0
706,1,0,0
706,2,0,0
706,3,0,3.0
706,4,0,3.0
706,5,0,3.6666666666666665
706,6,0,3.6666666666666665
706,7,0,4.25
706,8,0,3.8
706,9,0,3.8
706,10,0,4.571428571428571
706,11,0,4.571428571428571
706,12,0,4.625
706,13,0,5.333333333333333
706,14,0,5.333333333333333
706,15,0,5.6
706,16,0,6.181818181818182
706,17,0,6.181818181818182
706,18,0,6.416666666666667
706,19,0,6.416666666666667
706,20,0,7.076923076923077
706,21,0,7.428571428571429
706,22,0,7.428571428571429
706,23,0,8.133333333333333
706,24,0,8.5
706,25,0,9.117647058823529
706,26,0,9.117647058823529
706,27,0,9.263157894736842
706,28,2,9.7
706,29,3,9.380952380952381
706,30,4,9.954545454545455
706,31,3,9.695652173913043
706,32,4,10.6
706,33,3,10.423076923076923
706,34,4,10.423076923076923
707,0,0,0
707,1,0,0
707,2,0,2.0
707,3,0,2.0
707,4,0,2.0
707,5,0,2.0
707,6,0,3.0
707,7,0,3.3333333333333335
707,8,0,3.75
707,9,0,3.75
707,10,0,3.75
707,11,0,4.4
707,12,0,4.833333333333333
707,13,0,4.833333333333333
707,14,0,5.571428571428571
707,15,0,6.125
707,16,0,6.125
707,17,0,6.666666666666667
707,18,0,6.818181818181818
707,19,1,6.818181818181818
707,20,0,6.5
707,21,0,7.785714285714286
707,22,2,7.1875
707,23,3,7.705882352941177
707,24,2,7.555555555555555
707,25,2,8.105263157894736
707,26,3,8.523809523809524
707,27,4,8.523809523809524
707,28,6,9.541666666666666
707,29,7,9.541666666666666
707,30,9,9.6
707,31,10,10.115384615384615
707,32,10,10.392857142857142
707,33,12,10.862068965517242
707,34,11,10.8
708,0,0,0
708,1,0,0
708,2,0,0
708,3,0,0
708,4,0,0
708,5,0,0
708,6,0,0
708,7,0,4.0
708,8,0,4.0
708,9,0,4.666666666666667
708,10,0,4.666666666666667
708,11,0,4.666666666666667
708,12,0,5.0
708,13,0,5.0
708,14,0,4.8
708,15,0,5.5
708,16,0,5.5
708,17,0,5.5
708,18,0,6.375
708,19,0,6.375
708,20,0,6.888888888888889
708,21,0,6.888888888888889
708,22,0,7.636363636363637
708,23,0,7.636363636363637
708,24,0,7.636363636363637
708,25,0,8.461538461538462
708,26,0,8.461538461538462
708,27,0,8.461538461538462
708,28,0,9.4
708,29,0,8.9375
708,30,0,8.9375
708,31,1,9.352941176470589
708,32,1,9.421052631578947
708,33,3,9.421052631578947
708,34,2,10.045454545454545
709,0,0,0
709,1,0,0
709,2,0,0
709,3,0,3.0
709,4,0,3.5
709,5,0,3.5
709,6,0,3.5
709,7,0,3.5
709,8,0,4.75
709,9,0,4.75
709,10,0,4.75
709,11,0,5.8
709,12,0,6.166666666666667
709,13,0,7.0
709,14,0,7.0
709,15,0,7.0
709,16,0,8.222222222222221
709,17,0,8.222222222222221
709,18,0,8.75
709,19,1,8.75
709,20,0,8.307692307692308
709,21,1,8.785714285714286
709,22,0,9.125
709,23,0,9.588235294117647
709,24,0,9.842105263157896
709,25,0,9.842105263157896
709,26,0,9.45
709,27,3,10.043478260869565
709,28,4,10.043478260869565
709,29,4,9.75
709,30,6,10.28
709,31,6,10.592592592592593
709,32,7,10.592592592592593
709,33,7,10.96551724137931
709,34,8,11.225806451612904
710,0,0,0
710,1,0,0
710,2,0,2.0
710,3,0,2.0
710,4,0,3.0
710,5,0,3.0
710,6,0,4.0
710,7,0,4.0
710,8,0,5.4
710,9,0,5.4
710,10,0,6.428571428571429
710,11,0,6.428571428571429
710,12,0,6.428571428571429
710,13,0,6.428571428571429
710,14,0,7.777777777777778
710,15,0,7.777777777777778
710,16,2,8.3
710,17,1,8.333333333333334
710,18,1,8.333333333333334
710,19,1,8.642857142857142
710,20,0,9.133333333333333
710,21,1,8.9375
710,22,0,9.055555555555555
710,23,0,9.526315789473685
710,24,0,9.80952380952381
710,25,0,9.80952380952381
710,26,0,9.80952380952381
710,27,1,10.826086956521738
710,28,1,10.458333333333334
710,29,2,10.458333333333334
710,30,2,10.2
710,31,2,11.25925925925926
710,32,1,11.035714285714286
710,33,3,11.551724137931034
710,34,2,11.870967741935484
711,0,0,0
711,1,0,0
711,2,0,2.0
711,3,0,2.0
711,4,0,3.3333333333333335
711,5,0,3.3333333333333335
711,6,0,3.3333333333333335
711,7,0,3.3333333333333335
711,8,0,5.0
711,9,0,5.0
711,10,0,5.666666666666667
711,11,0,5.666666666666667
711,12,1,5.875
711,13,3,5.875
711,14,4,6.2
711,15,7,6.818181818181818
711,16,8,6.666666666666667
711,17,10,7.3076923076923075
711,18,10,7.8
711,19,9,7.75
711,20,0,8.777777777777779
711,21,0,8.736842105263158
711,22,0,8.736842105263158
711,23,0,8.736842105263158
711,24,1,9.217391304347826
711,25,4,9.217391304347826
711,26,9,9.461538461538462
711,27,12,9.461538461538462
711,28,12,10.178571428571429
711,29,13,10.178571428571429
711,30,14,10.866666666666667
711,31,15,11.35483870967742
711,32,15,11.969696969696969
711,33,17,12.441176470588236
711,34,17,12.6
712,0,0,0
712,1,0,0
712,2,0,0
712,3,0,3.0
712,4,0,3.0
712,5,0,3.0
712,6,0,3.0
712,7,0,4.75
712,8,0,4.75
712,9,0,4.75
712,10,0,4.75
712,11,0,6.166666666666667
712,12,0,6.166666666666667
712,13,0,6.166666666666667
712,14,0,7.0
712,15,0,7.375
712,16,0,6.666666666666667
712,17,0,6.666666666666667
712,18,0,7.909090909090909
712,19,1,7.416666666666667
712,20,0,7.416666666666667
712,21,0,8.266666666666667
712,22,2,8.266666666666667
712,23,2,8.0625
712,24,2,8.333333333333334
712,25,0,8.75
712,26,2,9.045454545454545
712,27,2,9.416666666666666
712,28,2,9.416666666666666
712,29,3,9.2
712,30,3,9.73076923076923
712,31,3,10.142857142857142
712,32,4,10.142857142857142
712,33,5,11.03225806451613
712,34,5,11.03225806451613
713,0,0,0
713,1,0,0
713,2,0,0
713,3,0,0
713,4,0,4.0
713,5,0,4.0
713,6,0,4.0
713,7,0,5.25
713,8,0,5.25
713,9,0,6.0
713,10,0,6.0
713,11,0,6.0
713,12,0,6.75
713,13,0,6.75
713,14,0,7.333333333333333
713,15,0,7.333333333333333
713,16,0,8.090909090909092
713,17,0,8.090909090909092
713,18,0,8.090909090909092
713,19,0,8.5
713,20,0,9.0
713,21,0,8.5
713,22,1,8.3125
713,23,0,8.0
713,24,0,8.61111111111111
713,25,0,8.05
713,26,0,8.428571428571429
713,27,0,8.136363636363637
713,28,0,8.695652173913043
713,29,1,8.416666666666666
713,30,2,9.346153846153847
713,31,1,9.11111111111111
713,32,1,9.11111111111111
713,33,1,9.9
713,34,0,9.741935483870968
714,0,0,0
714,1,0,0
714,2,0,0
714,3,0,0
714,4,0,4.0
714,5,0,4.0
714,6,0,4.0
714,7,0,4.333333333333333
714,8,0,4.333333333333333
714,9,0,5.0
714,10,0,5.0
714,11,0,5.333333333333333
714,12,0,5.714285714285714
714,13,0,5.714285714285714
714,14,0,6.25
714,15,0,6.777777777777778
714,16,0,6.777777777777778
714,17,0,6.777777777777778
714,18,0,6.818181818181818
714,19,0,7.416666666666667
714,20,0,7.416666666666667
714,21,0,7.0
714,22,0,7.333333333333333
714,23,1,7.875
714,24,0,7.588235294117647
714,25,0,7.588235294117647
714,26,3,7.7
714,27,5,8.238095238095237
714,28,5,8.0
714,29,7,8.478260869565217
714,30,8,8.84
714,31,9,9.192307692307692
714,32,8,9.11111111111111
714,33,8,9.071428571428571
714,34,10,9.586206896551724
715,0,0,0
715,1,0,0
715,2,0,0
715,3,0,2.5
715,4,0,2.5
715,5,0,3.3333333333333335
715,6,0,3.75
715,7,0,3.75
715,8,0,4.2
715,9,0,4.833333333333333
715,10,0,4.833333333333333
715,11,0,4.833333333333333
715,12,0,6.125
715,13,0,6.125
715,14,0,6.125
715,15,0,7.2
715,16,0,7.2
715,17,0,7.2
715,18,0,7.818181818181818
715,19,0,7.923076923076923
715,20,0,7.5
715,21,1,7.5
715,22,2,8.055555555555555
715,23,5,8.055555555555555
715,24,6,7.65
715,25,3,8.434782608695652
715,26,4,8.25
715,27,8,8.653846153846153
715,28,9,8.653846153846153
715,29,11,9.448275862068966
715,30,15,9.448275862068966
715,31,14,9.4
715,32,15,9.4
715,33,15,10.303030303030303
715,34,16,10.303030303030303
716,0,0,0
716,1,0,0
716,2,0,0
716,3,0,0
716,4,0,3.0
716,5,0,3.0
716,6,0,3.0
716,7,0,4.5
716,8,0,4.5
716,9,0,4.333333333333333
716,10,0,4.333333333333333
716,11,0,4.5
716,12,0,4.4
716,13,0,4.666666666666667
716,14,0,4.857142857142857
716,15,0,4.857142857142857
716,16,0,5.125
716,17,0,5.666666666666667
716,18,0,6.0
716,19,0,6.0
716,20,0,6.545454545454546
716,21,0,6.538461538461538
716,22,0,6.538461538461538
716,23,0,6.785714285714286
716,24,0,7.333333333333333
716,25,0,7.333333333333333
716,26,0,7.352941176470588
716,27,0,7.526315789473684
716,28,0,7.526315789473684
716,29,0,7.619047619047619
716,30,0,7.826086956521739
716,31,0,7.826086956521739
716,32,1,8.375
716,33,0,8.5
716,34,0,8.5
717,0,0,0
717,1,0,0
717,2,0,0
717,3,0,0
717,4,0,4.0
717,5,0,3.5
717,6,0,3.5
717,7,0,4.0
717,8,0,4.0
717,9,0,4.6
717,10,0,5.0
717,11,0,5.0
717,12,0,5.0
717,13,0,5.625
717,14,0,5.625
717,15,0,5.777777777777778
717,16,0,5.4
717,17,1,6.0
717,18,1,6.076923076923077
717,19,1,6.076923076923077
717,20,0,5.928571428571429
717,21,2,6.6
717,22,2,6.555555555555555
717,23,5,6.555555555555555
717,24,5,7.136363636363637
717,25,2,7.136363636363637
717,26,2,7.52
717,27,8,7.52
717,28,12,7.814814814814815
717,29,14,7.714285714285714
717,30,14,8.1
717,31,14,8.451612903225806
717,32,15,8.375
717,33,15,8.818181818181818
717,34,14,9.17142857142857
718,0,0,0
718,1,0,0
718,2,0,0
718,3,0,3.0
718,4,0,3.0
718,5,0,3.6666666666666665
718,6,0,3.6
718,7,0,3.6
718,8,0,3.6
718,9,0,4.333333333333333
718,10,0,5.0
718,11,0,5.0
718,12,0,5.75
718,13,0,5.75
718,14,0,6.9
718,15,0,6.9
718,16,0,7.363636363636363
718,17,0,8.0
718,18,0,8.0
718,19,0,8.384615384615385
718,20,0,7.928571428571429
718,21,0,8.6
718,22,0,8.222222222222221
718,23,0,8.5
718,24,3,8.545454545454545
718,25,1,8.304347826086957
718,26,4,8.64
718,27,3,8.777777777777779
718,28,4,9.285714285714286
718,29,5,9.172413793103448
718,30,4,9.033333333333333
718,31,5,9.8125
718,32,4,9.787878787878787
718,33,4,10.117647058823529
718,34,3,10.583333333333334
719,0,0,0
719,1,0,0
719,2,0,2.0
719,3,0,2.5
719,4,0,3.0
719,5,0,3.0
719,6,0,3.0
719,7,0,3.75
719,8,0,4.2
719,9,0,4.666666666666667
719,10,0,5.0
719,11,0,5.0
719,12,0,5.888888888888889
719,13,0,5.888888888888889
719,14,0,6.3
719,15,0,6.3
719,16,0,6.909090909090909
719,17,0,7.0
719,18,0,7.0
719,19,0,7.5
719,20,0,8.0
719,21,0,7.625
719,22,0,7.625
719,23,0,7.833333333333333
719,24,1,8.368421052631579
719,25,1,8.1
719,26,2,8.363636363636363
719,27,4,8.173913043478262
719,28,4,8.52
719,29,5,8.52
719,30,7,8.925925925925926
719,31,7,8.821428571428571
719,32,9,9.379310344827585
719,33,9,9.838709677419354
719,34,11,9.838709677419354
720,0,0,0
720,1,0,0
720,2,0,2.0
720,3,0,2.0
720,4,0,2.0
720,5,0,2.0
720,6,0,2.6666666666666665
720,7,0,2.6666666666666665
720,8,0,2.6666666666666665
720,9,0,3.75
720,10,0,4.2
720,11,0,4.833333333333333
720,12,0,4.833333333333333
720,13,0,5.75
720,14,0,5.75
720,15,0,6.333333333333333
720,16,0,6.333333333333333
720,17,0,7.363636363636363
720,18,0,6.916666666666667
720,19,0,7.3076923076923075
720,20,0,7.714285714285714
720,21,0,7.333333333333333
720,22,0,7.333333333333333
720,23,0,7.833333333333333
720,24,0,7.833333333333333
720,25,0,7.473684210526316
720,26,0,7.619047619047619
720,27,0,8.090909090909092
720,28,0,8.090909090909092
720,29,2,8.76
720,30,3,8.76
720,31,2,8.538461538461538
720,32,4,9.0
720,33,3,9.344827586206897
720,34,3,9.8
721,0,0,0
721,1,0,0
721,2,0,0
721,3,0,2.0
721,4,0,2.0
721,5,0,2.0
721,6,0,2.0
721,7,0,3.0
721,8,0,3.3333333333333335
721,9,0,3.0
721,10,0,3.8
721,11,0,3.8
721,12,0,3.857142857142857
721,13,0,3.857142857142857
721,14,0,4.375
721,15,0,4.375
721,16,0,4.888888888888889
721,17,0,5.4
721,18,0,5.4
721,19,0,5.4
721,20,0,6.5
721,21,0,6.5
721,22,0,7.076923076923077
721,23,0,7.428571428571429
721,24,0,7.933333333333334
721,25,0,7.933333333333334
721,26,0,7.933333333333334
721,27,0,8.941176470588236
721,28,0,8.941176470588236
721,29,1,8.941176470588236
721,30,2,9.052631578947368
721,31,2,9.65
721,32,2,9.818181818181818
721,33,1,9.565217391304348
721,34,2,10.041666666666666
722,0,0,0
722,1,0,0
722,2,0,0
722,3,0,0
722,4,0,3.0
722,5,0,3.0
722,6,0,3.0
722,7,0,4.0
722,8,0,4.75
722,9,0,4.75
722,10,0,5.0
722,11,0,5.0
722,12,0,5.833333333333333
722,13,0,6.285714285714286
722,14,0,6.285714285714286
722,15,0,7.125
722,16,2,7.125
722,17,3,7.1
722,18,3,7.1
722,19,3,8.076923076923077
722,20,0,8.076923076923077
722,21,0,8.333333333333334
722,22,4,8.333333333333334
722,23,4,8.222222222222221
722,24,4,8.222222222222221
722,25,3,8.4
722,26,4,8.727272727272727
722,27,4,9.208333333333334
722,28,6,9.208333333333334
722,29,7,10.296296296296296
722,30,7,10.296296296296296
722,31,8,10.392857142857142
722,32,8,11.3
722,33,8,11.290322580645162
722,34,9,11.84375
723,0,0,0
723,1,0,0
723,2,0,0
723,3,0,3.0
723,4,0,3.5
723,5,0,3.5
723,6,0,3.5
723,7,0,5.25
723,8,0,5.25
723,9,0,5.25
723,10,0,5.25
723,11,0,6.833333333333333
723,12,0,6.833333333333333
723,13,0,6.833333333333333
723,14,0,7.0
723,15,1,7.666666666666667
723,16,0,7.1
723,17,3,7.818181818181818
723,18,3,8.0
723,19,4,8.0
723,20,0,8.4
723,21,2,8.4
723,22,3,8.555555555555555
723,23,6,8.555555555555555
723,24,4,9.227272727272727
723,25,3,9.227272727272727
723,26,6,9.0
723,27,10,9.52
723,28,9,9.925925925925926
723,29,12,9.925925925925926
723,30,13,10.551724137931034
723,31,15,11.066666666666666
723,32,14,11.193548387096774
723,33,14,11.193548387096774
723,34,15,11.606060606060606
724,0,0,0
724,1,0,0
724,2,0,0
724,3,0,3.0
724,4,0,3.0
724,5,0,3.5
724,6,0,3.5
724,7,0,3.3333333333333335
724,8,0,4.25
724,9,0,4.25
724,10,0,4.4
724,11,0,4.4
724,12,0,5.333333333333333
724,13,0,5.714285714285714
724,14,0,6.25
724,15,0,6.25
724,16,0,6.25
724,17,1,7.3
724,18,2,6.818181818181818
724,19,2,6.818181818181818
724,20,0,7.230769230769231
724,21,0,7.785714285714286
724,22,0,7.882352941176471
724,23,0,8.333333333333334
724,24,1,8.0
724,25,0,7.7
724,26,1,8.434782608695652
724,27,2,8.25
724,28,2,8.5
724,29,5,8.5
724,30,5,8.857142857142858
724,31,5,9.344827586206897
724,32,5,9.67741935483871
724,33,5,9.67741935483871
724,34,4,10.06060606060606
725,0,0,0
725,1,0,0
725,2,0,0
725,3,0,3.0
725,4,0,3.5
725,5,0,3.5
725,6,0,4.0
725,7,0,4.75
725,8,0,5.2
725,9,0,5.2
725,10,0,5.2
725,11,0,6.0
725,12,0,6.0
725,13,0,6.0
725,14,0,6.0
725,15,0,6.2
725,16,0,6.818181818181818
725,17,0,7.5
725,18,0,7.5
725,19,0,8.5
725,20,0,8.066666666666666
725,21,0,8.066666666666666
725,22,0,7.6875
725,23,0,8.833333333333334
725,24,0,8.526315789473685
725,25,0,8.526315789473685
725,26,0,7.904761904761905
725,27,2,9.0
725,28,3,8.75
725,29,6,9.28
725,30,5,9.076923076923077
725,31,5,9.555555555555555
725,32,4,9.96551724137931
725,33,4,9.96551724137931
725,34,5,9.866666666666667
726,0,0,0
726,1,0,0
726,2,0,0
726,3,0,0
726,4,0,4.0
726,5,0,3.5
726,6,0,3.5
726,7,0,4.0
726,8,0,4.0
726,9,0,4.5
726,10,0,5.2
726,11,0,5.2
726,12,0,5.666666666666667
726,13,0,6.142857142857143
726,14,0,6.142857142857143
726,15,0,6.142857142857143
726,16,0,6.875
726,17,0,7.555555555555555
726,18,0,8.1
726,19,0,8.1
726,20,0,8.166666666666666
726,21,0,8.166666666666666
726,22,0,8.5
726,23,0,8.5
726,24,0,8.5
726,25,0,8.31578947368421
726,26,1,8.571428571428571
726,27,3,8.272727272727273
726,28,5,9.375
726,29,6,9.16
726,30,8,9.444444444444445
726,31,9,9.444444444444445
726,32,8,9.827586206896552
726,33,9,10.333333333333334
726,34,8,10.258064516129032
727,0,0,0
727,1,0,0
727,2,0,0
727,3,0,0
727,4,0,3.0
727,5,0,3.0
727,6,0,3.0
727,7,0,3.0
727,8,0,3.75
727,9,0,4.0
727,10,0,4.5
727,11,0,4.857142857142857
727,12,0,4.857142857142857
727,13,0,5.0
727,14,0,5.0
727,15,0,5.7
727,16,0,5.7
727,17,0,6.0
727,18,0,6.0
727,19,0,6.230769230769231
727,20,0,6.230769230769231
727,21,0,6.333333333333333
727,22,0,6.875
727,23,0,6.875
727,24,0,6.875
727,25,0,7.352941176470588
727,26,1,7.684210526315789
727,27,2,7.4
727,28,6,7.4
727,29,6,8.304347826086957
727,30,8,8.304347826086957
727,31,8,9.192307692307692
727,32,10,9.192307692307692
727,33,10,9.11111111111111
727,34,11,9.571428571428571
728,0,0,0
728,1,0,0
728,2,0,0
728,3,0,3.0
728,4,0,3.5
728,5,0,3.5
728,6,0,3.5
728,7,0,3.3333333333333335
728,8,0,4.5
728,9,0,4.5
728,10,0,4.5
728,11,1,4.8
728,12,1,5.285714285714286
728,13,0,5.0
728,14,0,5.0
728,15,0,5.4
728,16,0,5.916666666666667
728,17,0,5.916666666666667
728,18,1,6.071428571428571
728,19,2,6.8
728,20,0,6.5625
728,21,1,6.5625
728,22,3,7.631578947368421
728,23,3,7.35
728,24,4,7.818181818181818
728,25,4,8.208333333333334
728,26,5,7.96
728,27,7,8.518518518518519
728,28,8,8.964285714285714
728,29,9,9.0
728,30,10,8.966666666666667
728,31,10,9.548387096774194
728,32,9,9.969696969696969
728,33,9,9.969696969696969
728,34,9,9.970588235294118
729,0,0,0
729,1,0,0
729,2,0,0
729,3,0,3.0
729,4,0,3.0
729,5,0,3.0
729,6,0,3.0
729,7,0,2.8
729,8,0,3.1666666666666665
729,9,0,3.1666666666666665
729,10,0,3.875
729,11,0,3.875
729,12,0,4.0
729,13,0,4.5
729,14,0,4.5
729,15,0,4.7272727272727275
729,16,0,5.0
729,17,0,5.0
729,18,0,5.142857142857143
729,19,0,5.733333333333333
729,20,0,5.733333333333333
729,21,0,6.1875
729,22,0,6.222222222222222
729,23,0,6.222222222222222
729,24,0,6.222222222222222
729,25,0,6.666666666666667
729,26,0,6.666666666666667
729,27,1,6.909090909090909
729,28,4,6.695652173913044
729,29,3,7.0
729,30,5,7.269230769230769
729,31,4,7.148148148148148
729,32,5,7.148148148148148
729,33,4,7.586206896551724
729,34,6,7.933333333333334
730,0,0,0
730,1,0,0
730,2,0,0
730,3,0,0
730,4,0,3.0
730,5,0,3.5
730,6,0,3.5
730,7,0,4.0
730,8,0,4.75
730,9,0,4.8
730,10,0,4.8
730,11,0,4.8
730,12,0,5.571428571428571
730,13,0,5.571428571428571
730,14,0,5.571428571428571
730,15,0,6.0
730,16,0,6.0
730,17,0,6.166666666666667
730,18,2,6.615384615384615
730,19,1,6.357142857142857
730,20,0,6.8
730,21,1,6.625
730,22,6,7.2631578947368425
730,23,6,6.809523809523809
730,24,9,7.521739130434782
730,25,4,7.44
730,26,8,7.8076923076923075
730,27,13,7.75
730,28,14,8.137931034482758
730,29,14,8.2
730,30,15,8.580645161290322
730,31,15,8.969696969696969
730,32,15,8.969696969696969
730,33,14,9.0
730,34,14,9.75
731,0,0,0
731,1,0,0
731,2,0,0
731,3,0,0
731,4,0,4.0
731,5,0,4.0
731,6,0,4.666666666666667
731,7,0,5.0
731,8,0,5.0
731,9,0,5.833333333333333
731,10,0,5.833333333333333
731,11,0,6.428571428571429
731,12,0,6.875
731,13,0,6.875
731,14,0,6.9
731,15,1,6.9
731,16,0,7.083333333333333
731,17,0,7.083333333333333
731,18,0,7.866666666666666
731,19,1,7.866666666666666
731,20,0,7.5625
731,21,1,7.5625
731,22,0,8.31578947368421
731,23,1,8.0
731,24,2,8.363636363636363
731,25,0,8.541666666666666
731,26,3,8.36
731,27,3,8.192307692307692
731,28,6,8.703703703703704
731,29,6,8.96551724137931
731,30,7,9.387096774193548
731,31,7,9.387096774193548
731,32,6,9.34375
731,33,6,10.205882352941176
731,34,5,10.142857142857142
732,0,0,0
732,1,0,0
732,2,0,0
732,3,0,3.0
732,4,0,3.0
732,5,0,3.6666666666666665
732,6,0,3.5
732,7,0,3.5
732,8,0,4.2
732,9,0,4.2
732,10,0,4.666666666666667
732,11,0,5.285714285714286
732,12,0,5.285714285714286
732,13,0,6.222222222222222
732,14,1,6.222222222222222
732,15,0,6.5
732,16,0,6.5
732,17,0,6.3076923076923075
732,18,0,6.333333333333333
732,19,1,6.9375
732,20,0,6.647058823529412
732,21,1,6.944444444444445
732,22,1,6.6
732,23,2,7.190476190476191
732,24,1,7.3478260869565215
732,25,0,7.916666666666667
732,26,0,7.8
732,27,0,7.888888888888889
732,28,0,7.888888888888889
732,29,1,8.275862068965518
732,30,2,8.5
732,31,1,8.8125
732,32,1,8.8125
732,33,2,9.4
732,34,1,9.277777777777779
733,0,0,0
733,1,0,0
733,2,0,2.0
733,3,0,2.0
733,4,0,3.0
733,5,0,3.0
733,6,0,3.0
733,7,0,4.0
733,8,0,4.4
733,9,0,4.4
733,10,0,4.4
733,11,0,5.428571428571429
733,12,0,5.428571428571429
733,13,0,6.125
733,14,0,6.125
733,15,0,6.666666666666667
733,16,1,7.2
733,17,2,6.7272727272727275
733,18,3,6.7272727272727275
733,19,3,6.846153846153846
733,20,0,7.428571428571429
733,21,0,7.625
733,22,2,7.625
733,23,1,7.588235294117647
733,24,1,7.894736842105263
733,25,2,8.285714285714286
733,26,4,8.285714285714286
733,27,6,8.826086956521738
733,28,10,9.25
733,29,11,9.08
733,30,12,9.615384615384615
733,31,12,9.518518518518519
733,32,12,10.448275862068966
733,33,13,10.366666666666667
733,34,13,10.32258064516129
734,0,0,0
734,1,0,0
734,2,0,2.0
734,3,0,2.0
734,4,0,2.0
734,5,0,3.0
734,6,0,3.0
734,7,0,3.3333333333333335
734,8,0,3.3333333333333335
734,9,0,4.5
734,10,0,4.5
734,11,0,5.833333333333333
734,12,0,5.833333333333333
734,13,0,5.285714285714286
734,14,0,5.285714285714286
734,15,0,6.777777777777778
734,16,0,6.777777777777778
734,17,0,7.0
734,18,2,7.583333333333333
734,19,1,7.785714285714286
734,20,0,7.785714285714286
734,21,2,8.125
734,22,4,8.277777777777779
734,23,3,8.0
734,24,3,7.95
734,25,1,8.782608695652174
734,26,4,8.625
734,27,8,8.52
734,28,10,8.962962962962964
734,29,11,9.464285714285714
734,30,12,9.310344827586206
734,31,13,9.766666666666667
734,32,13,10.1875
734,33,13,10.181818181818182
734,34,13,10.6
735,0,0,0
735,1,0,0
735,2,0,2.0
735,3,0,2.0
735,4,0,3.0
735,5,0,3.0
735,6,0,4.0
735,7,0,4.0
735,8,0,4.75
735,9,0,4.75
735,10,0,5.4
735,11,0,6.0
735,12,0,6.571428571428571
735,13,0,6.571428571428571
735,14,0,6.571428571428571
735,15,0,7.375
735,16,1,7.3
735,17,1,7.3
735,18,0,7.583333333333333
735,19,0,8.153846153846153
735,20,0,7.928571428571429
735,21,0,8.466666666666667
735,22,0,9.0
735,23,0,8.588235294117647
735,24,0,9.166666666666666
735,25,0,9.736842105263158
735,26,0,9.736842105263158
735,27,1,9.904761904761905
735,28,4,9.904761904761905
735,29,5,10.08695652173913
735,30,5,10.08695652173913
735,31,6,10.48
735,32,7,10.48
735,33,6,10.851851851851851
735,34,6,10.851851851851851
736,0,0,0
736,1,0,0
736,2,0,0
736,3,0,2.0
736,4,0,3.0
736,5,0,3.0
736,6,0,3.6666666666666665
736,7,0,3.6666666666666665
736,8,0,4.25
736,9,0,4.8
736,10,0,4.8
736,11,0,5.5
736,12,0,5.5
736,13,0,6.285714285714286
736,14,0,6.222222222222222
736,15,0,6.222222222222222
736,16,0,6.222222222222222
736,17,0,7.545454545454546
736,18,0,7.083333333333333
736,19,0,7.083333333333333
736,20,0,7.933333333333334
736,21,0,7.5625
736,22,2,7.235294117647059
736,23,2,7.473684210526316
736,24,4,7.761904761904762
736,25,3,8.043478260869565
736,26,4,7.916666666666667
736,27,7,7.76
736,28,6,8.222222222222221
736,29,9,8.714285714285714
736,30,10,8.655172413793103
736,31,11,9.166666666666666
736,32,10,9.161290322580646
736,33,10,9.65625
736,34,9,10.117647058823529
737,0,0,0
737,1,0,0
737,2,0,0
737,3,0,2.0
737,4,0,3.0
737,5,0,3.0
737,6,0,3.75
737,7,0,3.75
737,8,0,4.2
737,9,0,4.666666666666667
737,10,0,4.666666666666667
737,11,0,4.666666666666667
737,12,0,5.285714285714286
737,13,0,5.875
737,14,0,5.875
737,15,0,5.875
737,16,0,6.444444444444445
737,17,1,7.2
737,18,0,6.7272727272727275
737,19,1,7.333333333333333
737,20,0,7.076923076923077
737,21,2,7.2
737,22,3,7.529411764705882
737,23,3,7.7894736842105265
737,24,4,7.6
737,25,2,8.045454545454545
737,26,3,7.956521739130435
737,27,5,8.28
737,28,6,8.28
737,29,6,8.703703703703704
737,30,6,9.178571428571429
737,31,5,9.137931034482758
737,32,6,10.0
737,33,6,10.0625
737,34,8,10.484848484848484
738,0,0,0
738,1,0,0
738,2,0,2.0
738,3,0,2.5
738,4,0,2.5
738,5,0,3.0
738,6,0,3.0
738,7,0,3.75
738,8,0,4.4
738,9,0,4.833333333333333
738,10,0,4.833333333333333
738,11,0,5.285714285714286
738,12,0,5.75
738,13,0,5.75
738,14,0,6.333333333333333
738,15,0,6.9
738,16,0,6.9
738,17,0,7.0
738,18,0,7.0
738,19,0,7.142857142857143
738,20,0,7.142857142857143
738,21,0,7.666666666666667
738,22,0,7.555555555555555
738,23,0,7.555555555555555
738,24,1,7.2631578947368425
738,25,0,7.782608695652174
738,26,0,7.782608695652174
738,27,0,7.625
738,28,0,7.923076923076923
738,29,0,8.407407407407407
738,30,0,8.178571428571429
738,31,0,9.166666666666666
738,32,0,9.166666666666666
738,33,0,9.166666666666666
738,34,0,9.166666666666666
739,0,0,0
739,1,0,0
739,2,0,0
739,3,0,0
739,4,0,3.5
739,5,0,3.5
739,6,0,3.5
739,7,0,4.0
739,8,0,4.75
739,9,0,4.75
739,10,0,4.75
739,11,0,5.833333333333333
739,12,0,5.142857142857143
739,13,0,5.5
739,14,0,5.8
739,15,1,6.0
739,16,2,5.75
739,17,3,6.461538461538462
739,18,3,6.6
739,19,5,7.1875
739,20,0,7.0588235294117645
739,21,2,7.105263157894737
739,22,4,7.1
739,23,4,7.636363636363637
739,24,3,7.478260869565218
739,25,0,7.8
739,26,0,8.25925925925926
739,27,3,8.285714285714286
739,28,4,8.285714285714286
739,29,4,8.366666666666667
739,30,5,8.903225806451612
739,31,6,8.9375
739,32,6,9.212121212121213
739,33,7,9.264705882352942
739,34,8,9.771428571428572
740,0,0,0
740,1,0,0
740,2,0,0
740,3,0,3.0
740,4,0,3.0
740,5,0,3.0
740,6,0,3.5
740,7,0,4.0
740,8,0,4.5
740,9,0,4.5
740,10,0,5.2
740,11,0,5.5
740,12,0,5.0
740,13,0,5.0
740,14,2,5.75
740,15,3,5.8
740,16,4,5.8
740,17,5,6.25
740,18,6,6.25
740,19,7,6.785714285714286
740,20,0,6.785714285714286
740,21,1,7.4375
740,22,0,7.611111111111111
740,23,2,7.9
740,24,4,7.714285714285714
740,25,8,8.227272727272727
740,26,13,7.791666666666667
740,27,15,8.32
740,28,17,8.23076923076923
740,29,18,8.74074074074074
740,30,18,9.0
740,31,20,10.033333333333333
740,32,20,10.225806451612904
740,33,20,10.71875
740,34,21,10.878787878787879
741,0,0,0
741,1,0,0
741,2,0,0
741,3,0,2.5
741,4,0,2.5
741,5,0,2.5
741,6,0,3.3333333333333335
741,7,0,3.3333333333333335
741,8,0,3.5
741,9,0,4.2
741,10,0,3.6666666666666665
741,11,0,4.142857142857143
741,12,0,4.142857142857143
741,13,0,5.333333333333333
741,14,0,5.333333333333333
741,15,0,6.0
741,16,0,6.0
741,17,0,6.0
741,18,1,5.6923076923076925
741,19,3,6.428571428571429
741,20,0,6.625
741,21,0,6.470588235294118
741,22,2,6.470588235294118
741,23,2,7.052631578947368
741,24,2,7.55
741,25,1,7.2727272727272725
741,26,5,7.869565217391305
741,27,6,8.076923076923077
741,28,7,8.076923076923077
741,29,6,8.607142857142858
741,30,7,9.0
741,31,7,8.9
741,32,7,9.451612903225806
741,33,8,9.818181818181818
741,34,8,10.352941176470589
742,0,0,0
742,1,0,0
742,2,0,2.0
742,3,0,2.0
742,4,0,3.0
742,5,0,3.3333333333333335
742,6,0,3.3333333333333335
742,7,0,3.0
742,8,0,4.0
742,9,0,4.0
742,10,0,4.0
742,11,0,3.8333333333333335
742,12,0,4.714285714285714
742,13,0,4.625
742,14,0,4.625
742,15,0,4.625
742,16,0,5.666666666666667
742,17,0,5.8
742,18,0,5.8
742,19,0,5.8
742,20,0,6.3076923076923075
742,21,0,6.3076923076923075
742,22,0,6.266666666666667
742,23,0,6.266666666666667
742,24,0,6.705882352941177
742,25,0,6.705882352941177
742,26,1,6.842105263157895
742,27,1,7.238095238095238
742,28,1,7.545454545454546
742,29,1,7.434782608695652
742,30,1,8.36
742,31,0,8.23076923076923
742,32,0,8.23076923076923
742,33,1,8.931034482758621
742,34,2,8.7
743,0,0,0
743,1,0,0
743,2,0,2.0
743,3,0,2.0
743,4,0,2.0
743,5,0,2.0
743,6,0,4.0
743,7,0,4.0
743,8,0,4.0
743,9,0,4.75
743,10,0,5.6
743,11,0,5.6
743,12,0,6.285714285714286
743,13,0,6.285714285714286
743,14,0,6.5
743,15,0,6.888888888888889
743,16,0,6.4
743,17,0,6.7272727272727275
743,18,0,6.333333333333333
743,19,0,6.846153846153846
743,20,0,6.933333333333334
743,21,0,6.933333333333334
743,22,0,6.882352941176471
743,23,0,7.444444444444445
743,24,0,7.444444444444445
743,25,0,7.157894736842105
743,26,2,8.142857142857142
743,27,2,7.909090909090909
743,28,2,7.909090909090909
743,29,3,8.333333333333334
743,30,4,8.76
743,31,3,8.653846153846153
743,32,2,9.107142857142858
743,33,4,9.107142857142858
743,34,3,9.96774193548387
744,0,0,0
744,1,0,0
744,2,0,0
744,3,0,3.0
744,4,0,3.0
744,5,0,3.0
744,6,0,3.75
744,7,0,3.75
744,8,0,3.75
744,9,0,4.2
744,10,0,5.0
744,11,0,5.0
744,12,0,5.428571428571429
744,13,0,5.428571428571429
744,14,0,5.888888888888889
744,15,3,6.4
744,16,2,6.090909090909091
744,17,3,6.583333333333333
744,18,4,7.071428571428571
744,19,7,7.071428571428571
744,20,0,7.5
744,21,1,7.5
744,22,1,8.222222222222221
744,23,5,8.45
744,24,6,8.772727272727273
744,25,3,8.782608695652174
744,26,5,9.08
744,27,5,9.518518518518519
744,28,7,9.518518518518519
744,29,7,9.607142857142858
744,30,11,10.10344827586207
744,31,11,10.612903225806452
744,32,11,10.612903225806452
744,33,10,10.75
744,34,9,11.542857142857143
745,0,0,0
745,1,0,0
745,2,0,2.0
745,3,0,2.0
745,4,0,2.25
745,5,0,2.25
745,6,0,2.25
745,7,0,3.1666666666666665
745,8,0,3.1666666666666665
745,9,0,3.1666666666666665
745,10,0,4.125
745,11,0,4.125
745,12,0,4.9
745,13,0,4.9
745,14,0,4.9
745,15,0,5.454545454545454
745,16,0,5.6923076923076925
745,17,0,5.6923076923076925
745,18,1,6.0
745,19,3,6.0
745,20,0,6.294117647058823
745,21,0,6.722222222222222
745,22,3,6.809523809523809
745,23,4,6.809523809523809
745,24,4,6.608695652173913
745,25,2,7.083333333333333
745,26,2,7.481481481481482
745,27,4,7.481481481481482
745,28,5,7.896551724137931
745,29,7,8.333333333333334
745,30,9,8.32258064516129
745,31,11,9.090909090909092
745,32,12,9.088235294117647
745,33,12,9.514285714285714
745,34,11,9.783783783783784
746,0,0,0
746,1,0,0
746,2,0,2.0
746,3,0,2.5
746,4,0,3.0
746,5,0,3.0
746,6,0,3.5
746,7,0,4.0
746,8,0,4.0
746,9,0,4.5
746,10,0,5.0
746,11,0,5.0
746,12,0,5.625
746,13,0,6.222222222222222
746,14,0,6.5
746,15,0,7.0
746,16,0,7.0
746,17,0,7.416666666666667
746,18,0,7.416666666666667
746,19,0,8.0
746,20,0,8.428571428571429
746,21,0,8.5
746,22,0,8.117647058823529
746,23,0,8.117647058823529
746,24,1,8.157894736842104
746,25,0,8.428571428571429
746,26,1,8.181818181818182
746,27,4,8.0
746,28,6,9.0
746,29,7,8.846153846153847
746,30,9,8.846153846153847
746,31,9,8.703703703703704
746,32,8,9.633333333333333
746,33,9,9.633333333333333
746,34,9,9.580645161290322
747,0,0,0
747,1,0,0
747,2,0,0
747,3,0,3.0
747,4,0,3.0
747,5,0,3.5
747,6,0,4.0
747,7,0,4.0
747,8,0,4.8
747,9,0,4.8
747,10,0,4.8
747,11,0,6.0
747,12,1,6.0
747,13,0,5.5
747,14,3,6.111111111111111
747,15,3,6.454545454545454
747,16,4,7.0
747,17,7,7.285714285714286
747,18,9,7.285714285714286
747,19,9,7.6875
747,20,0,8.176470588235293
747,21,0,8.166666666666666
747,22,0,7.842105263157895
747,23,1,8.095238095238095
747,24,6,8.347826086956522
747,25,11,8.615384615384615
747,26,14,8.615384615384615
747,27,14,9.166666666666666
747,28,18,9.166666666666666
747,29,17,9.35483870967742
747,30,17,9.35483870967742
747,31,16,10.382352941176471
747,32,16,10.382352941176471
747,33,15,10.542857142857143
747,34,16,10.944444444444445
748,0,0,0
748,1,0,0
748,2,0,0
748,3,0,0
748,4,0,3.5
748,5,0,3.5
748,6,0,4.0
748,7,0,4.5
748,8,0,4.5
748,9,0,4.5
748,10,0,5.2
748,11,0,5.833333333333333
748,12,0,5.833333333333333
748,13,0,5.833333333333333
748,14,0,7.25
748,15,1,6.666666666666667
748,16,2,7.7272727272727275
748,17,1,7.333333333333333
748,18,1,7.333333333333333
748,19,0,8.066666666666666
748,20,0,8.066666666666666
748,21,0,8.411764705882353
748,22,0,8.526315789473685
748,23,0,8.526315789473685
748,24,0,8.526315789473685
748,25,0,9.428571428571429
748,26,0,9.428571428571429
748,27,0,9.090909090909092
748,28,1,9.090909090909092
748,29,2,9.84
748,30,3,9.84
748,31,2,10.11111111111111
748,32,3,10.11111111111111
748,33,2,10.448275862068966
748,34,2,10.448275862068966
749,0,0,0
749,1,0,0
749,2,0,2.0
749,3,0,2.0
749,4,0,2.5
749,5,0,2.5
749,6,0,3.6666666666666665
749,7,0,3.75
749,8,0,4.4
749,9,0,4.4
749,10,0,5.166666666666667
749,11,0,5.571428571428571
749,12,0,5.571428571428571
749,13,0,5.125
749,14,0,6.3
749,15,0,6.3
749,16,0,6.3
749,17,0,7.5
749,18,0,7.5
749,19,0,7.923076923076923
749,20,0,8.428571428571429
749,21,0,8.428571428571429
749,22,0,8.866666666666667
749,23,0,9.4375
749,24,0,9.0
749,25,0,9.555555555555555
749,26,0,10.0
749,27,0,9.6
749,28,2,9.6
749,29,2,9.909090909090908
749,30,5,10.434782608695652
749,31,5,10.166666666666666
749,32,5,10.166666666666666
749,33,6,10.576923076923077
749,34,7,11.074074074074074
750,0,0,0
750,1,0,0
750,2,0,0
750,3,0,3.0
750,4,0,3.5
750,5,0,3.5
750,6,0,4.0
750,7,0,4.75
750,8,0,5.0
750,9,0,5.5
750,10,0,5.714285714285714
750,11,0,5.714285714285714
750,12,0,6.1
750,13,0,6.1
750,14,0,6.1
750,15,1,6.166666666666667
750,16,1,6.769230769230769
750,17,2,6.5
750,18,5,7.4375
750,19,5,7.294117647058823
750,20,0,7.294117647058823
750,21,0,7.7368421052631575
750,22,0,7.857142857142857
750,23,4,7.857142857142857
750,24,4,8.391304347826088
750,25,5,8.56
750,26,5,8.576923076923077
750,27,7,8.785714285714286
750,28,9,9.3
750,29,10,9.709677419354838
750,30,11,9.8125
750,31,12,10.617647058823529
750,32,12,10.714285714285714
750,33,11,10.694444444444445
750,34,13,11.0
751,0,0,0
751,1,0,0
751,2,0,0
751,3,0,2.0
751,4,0,2.5
751,5,0,2.6666666666666665
751,6,0,2.6666666666666665
751,7,0,2.6666666666666665
751,8,0,4.0
751,9,0,4.0
751,10,0,4.0
751,11,0,4.833333333333333
751,12,0,5.428571428571429
751,13,0,6.125
751,14,0,6.0
751,15,1,6.545454545454546
751,16,0,6.25
751,17,1,6.6923076923076925
751,18,1,6.5
751,19,2,7.133333333333334
751,20,0,6.9375
751,21,0,7.0588235294117645
751,22,0,6.7894736842105265
751,23,2,7.35
751,24,1,7.142857142857143
751,25,0,7.086956521739131
751,26,2,6.958333333333333
751,27,3,7.269230769230769
751,28,4,7.269230769230769
751,29,5,7.428571428571429
751,30,6,7.9655172413793105
751,31,6,7.933333333333334
751,32,8,8.6875
751,33,8,8.636363636363637
751,34,9,8.636363636363637
752,0,0,0
752,1,0,0
752,2,0,0
752,3,0,0
752,4,0,3.5
752,5,0,3.5
752,6,0,3.6666666666666665
752,7,0,3.6666666666666665
752,8,0,4.25
752,9,0,4.4
752,10,0,4.4
752,11,0,4.833333333333333
752,12,0,5.571428571428571
752,13,0,5.571428571428571
752,14,0,5.571428571428571
752,15,0,6.444444444444445
752,16,0,6.0
752,17,0,6.0
752,18,0,6.25
752,19,0,6.615384615384615
752,20,0,6.357142857142857
752,21,0,6.866666666666666
752,22,0,6.411764705882353
752,23,1,6.722222222222222
752,24,1,6.526315789473684
752,25,0,7.1
752,26,1,7.2727272727272725
752,27,2,7.625
752,28,3,7.48
752,29,5,7.3076923076923075
752,30,7,8.068965517241379
752,31,9,8.068965517241379
752,32,8,8.451612903225806
752,33,8,8.8125
752,34,7,8.757575757575758
753,0,0,0
753,1,0,0
753,2,0,0
753,3,0,3.0
753,4,0,3.0
753,5,0,3.5
753,6,0,3.6666666666666665
753,7,0,3.6666666666666665
753,8,0,4.5
753,9,0,5.0
753,10,0,5.0
753,11,0,5.5
753,12,0,5.5
753,13,0,6.375
753,14,0,6.375
753,15,0,6.375
753,16,0,6.888888888888889
753,17,0,7.0
753,18,0,7.0
753,19,0,7.153846153846154
753,20,0,6.785714285714286
753,21,2,7.4
753,22,2,7.333333333333333
753,23,3,7.894736842105263
753,24,1,7.428571428571429
753,25,1,7.869565217391305
753,26,1,8.16
753,27,0,8.076923076923077
753,28,3,8.076923076923077
753,29,4,8.5
753,30,5,8.96551724137931
753,31,6,8.8
753,32,6,8.8
753,33,6,9.25
753,34,8,9.757575757575758
754,0,0,0
754,1,0,0
754,2,0,0
754,3,0,3.0
754,4,0,3.0
754,5,0,2.6666666666666665
754,6,0,3.5
754,7,0,3.4
754,8,0,3.4
754,9,0,3.4
754,10,0,4.333333333333333
754,11,0,4.428571428571429
754,12,0,4.428571428571429
754,13,0,5.375
754,14,0,5.375
754,15,0,5.777777777777778
754,16,1,5.777777777777778
754,17,1,6.5
754,18,1,6.5
754,19,1,7.0
754,20,0,7.333333333333333
754,21,0,7.764705882352941
754,22,0,7.555555555555555
754,23,0,7.2631578947368425
754,24,1,8.285714285714286
754,25,0,7.739130434782608
754,26,1,8.125
754,27,0,8.185185185185185
754,28,1,8.185185185185185
754,29,3,8.413793103448276
754,30,4,8.8
754,31,4,9.03125
754,32,5,9.03125
754,33,5,8.909090909090908
754,34,7,9.742857142857142
755,0,0,0
755,1,0,0
755,2,0,0
755,3,0,0
755,4,0,3.0
755,5,0,3.5
755,6,0,3.5
755,7,0,4.333333333333333
755,8,0,5.0
755,9,0,5.0
755,10,0,5.0
755,11,0,5.2
755,12,0,6.0
755,13,0,6.285714285714286
755,14,0,6.875
755,15,0,6.875
755,16,0,7.555555555555555
755,17,0,7.9
755,18,0,7.9
755,19,1,7.9
755,20,0,8.23076923076923
755,21,0,7.857142857142857
755,22,0,8.333333333333334
755,23,0,8.333333333333334
755,24,0,8.411764705882353
755,25,0,8.833333333333334
755,26,1,8.619047619047619
755,27,2,8.619047619047619
755,28,3,8.826086956521738
755,29,4,9.25
755,30,3,9.08
755,31,3,9.5
755,32,2,9.37037037037037
755,33,2,9.857142857142858
755,34,1,10.166666666666666
756,0,0,0
756,1,0,0
756,2,0,0
756,3,0,2.5
756,4,0,2.5
756,5,0,2.6666666666666665
756,6,0,2.6666666666666665
756,7,0,2.6666666666666665
756,8,0,3.6
756,9,0,3.6
756,10,0,4.166666666666667
756,11,0,4.428571428571429
756,12,0,4.875
756,13,0,5.111111111111111
756,14,0,5.111111111111111
756,15,0,5.5
756,16,0,6.090909090909091
756,17,0,6.090909090909091
756,18,0,5.75
756,19,0,6.714285714285714
756,20,0,6.714285714285714
756,21,0,6.6875
756,22,0,6.6875
756,23,0,7.5
756,24,0,7.2105263157894735
756,25,1,7.428571428571429
756,26,2,7.181818181818182
756,27,6,7.333333333333333
756,28,5,7.6923076923076925
756,29,6,7.555555555555555
756,30,6,7.555555555555555
756,31,6,8.366666666666667
756,32,8,8.366666666666667
756,33,8,8.32258064516129
756,34,8,8.8125
757,0,0,0
757,1,0,0
757,2,0,0
757,3,0,3.0
757,4,0,3.0
757,5,0,3.0
757,6,0,3.0
757,7,0,4.5
757,8,0,4.5
757,9,0,5.2
757,10,0,5.666666666666667
757,11,0,5.666666666666667
757,12,0,5.666666666666667
757,13,0,6.5
757,14,0,6.5
757,15,0,7.111111111111111
757,16,0,7.111111111111111
757,17,0,7.5
757,18,0,8.0
757,19,0,8.0
757,20,0,7.5
757,21,0,7.571428571428571
757,22,0,7.75
757,23,0,7.470588235294118
757,24,0,7.166666666666667
757,25,0,7.7368421052631575
757,26,3,7.7727272727272725
757,27,5,8.173913043478262
757,28,6,7.958333333333333
757,29,7,7.8
757,30,7,8.814814814814815
757,31,6,8.714285714285714
757,32,6,9.206896551724139
757,33,6,9.166666666666666
757,34,7,9.612903225806452
758,0,0,0
758,1,0,0
758,2,0,0
758,3,0,0
758,4,0,0
758,5,0,3.0
758,6,0,3.0
758,7,0,3.5
758,8,0,3.5
758,9,0,3.5
758,10,0,4.666666666666667
758,11,0,4.5
758,12,0,4.5
758,13,0,4.5
758,14,0,5.6
758,15,0,6.0
758,16,0,6.0
758,17,0,7.0
758,18,0,6.666666666666667
758,19,0,6.666666666666667
758,20,0,7.0
758,21,0,7.5
758,22,0,6.857142857142857
758,23,1,6.857142857142857
758,24,0,7.5
758,25,1,7.5
758,26,2,8.045454545454545
758,27,2,8.045454545454545
758,28,4,7.869565217391305
758,29,6,8.333333333333334
758,30,7,8.76923076923077
758,31,7,8.76923076923077
758,32,8,9.178571428571429
758,33,9,9.689655172413794
758,34,8,9.6
759,0,0,0
759,1,0,0
759,2,0,2.0
759,3,0,2.5
759,4,0,2.3333333333333335
759,5,0,2.75
759,6,0,2.4
759,7,0,2.8333333333333335
759,8,0,3.4285714285714284
759,9,0,3.4285714285714284
759,10,0,3.875
759,11,0,4.444444444444445
759,12,0,4.9
759,13,0,4.9
759,14,0,4.9
759,15,0,5.916666666666667
759,16,0,5.916666666666667
759,17,0,5.916666666666667
759,18,0,5.916666666666667
759,19,0,7.142857142857143
759,20,0,6.8
759,21,1,7.3125
759,22,1,7.611111111111111
759,23,2,7.611111111111111
759,24,1,8.0
759,25,1,8.523809523809524
759,26,3,8.08695652173913
759,27,6,8.28
759,28,8,8.73076923076923
759,29,8,8.555555555555555
759,30,10,8.555555555555555
759,31,9,9.333333333333334
759,32,9,9.333333333333334
759,33,10,9.75
759,34,10,10.181818181818182
760,0,0,0
760,1,0,0
760,2,0,0
760,3,0,3.0
760,4,0,3.5
760,5,0,3.6666666666666665
760,6,0,4.0
760,7,0,4.0
760,8,0,4.0
760,9,0,4.666666666666667
760,10,0,4.666666666666667
760,11,0,5.285714285714286
760,12,0,5.625
760,13,0,5.625
760,14,0,5.625
760,15,0,6.7
760,16,0,6.7
760,17,0,6.7
760,18,0,7.230769230769231
760,19,0,7.230769230769231
760,20,0,6.928571428571429
760,21,0,6.928571428571429
760,22,0,8.0625
760,23,0,7.705882352941177
760,24,0,7.705882352941177
760,25,0,8.444444444444445
760,26,0,8.45
760,27,2,8.45
760,28,3,8.545454545454545
760,29,4,9.217391304347826
760,30,7,9.0
760,31,7,9.0
760,32,8,10.0
760,33,9,10.0
760,34,10,10.517241379310345
761,0,0,0
761,1,0,0
761,2,0,0
761,3,0,0
761,4,0,3.0
761,5,0,3.0
761,6,0,3.0
761,7,0,3.0
761,8,0,4.75
761,9,0,4.75
761,10,0,4.75
761,11,0,5.4
761,12,0,6.0
761,13,0,6.0
761,14,0,6.125
761,15,1,6.125
761,16,0,6.909090909090909
761,17,0,6.909090909090909
761,18,0,6.666666666666667
761,19,1,7.3076923076923075
761,20,0,7.266666666666667
761,21,0,7.266666666666667
761,22,0,7.444444444444445
761,23,0,7.444444444444445
761,24,0,7.095238095238095
761,25,2,7.095238095238095
761,26,4,7.25
761,27,3,7.346153846153846
761,28,5,7.851851851851852
761,29,7,7.75
761,30,6,7.966666666666667
761,31,6,7.966666666666667
761,32,5,8.46875
761,33,6,8.46875
761,34,6,8.823529411764707
762,0,0,0
762,1,0,0
762,2,0,2.0
762,3,0,2.0
762,4,0,3.0
762,5,0,3.0
762,6,0,3.0
762,7,0,3.75
762,8,0,4.2
762,9,0,4.2
762,10,0,4.2
762,11,0,5.0
762,12,0,5.571428571428571
762,13,0,5.571428571428571
762,14,0,5.666666666666667
762,15,0,6.3
762,16,0,6.3
762,17,0,5.909090909090909
762,18,1,7.153846153846154
762,19,0,6.785714285714286
762,20,0,7.333333333333333
762,21,0,7.705882352941177
762,22,0,7.444444444444445
762,23,0,7.65
762,24,1,7.65
762,25,1,7.954545454545454
762,26,3,7.954545454545454
762,27,3,8.72
762,28,3,8.72
762,29,2,8.576923076923077
762,30,4,9.392857142857142
762,31,3,9.275862068965518
762,32,3,9.275862068965518
762,33,2,9.233333333333333
762,34,4,10.15625
763,0,0,0
763,1,0,0
763,2,0,2.0
763,3,0,2.0
763,4,0,3.0
763,5,0,3.0
763,6,0,3.0
763,7,0,3.6
763,8,0,3.6
763,9,0,3.6
763,10,0,4.714285714285714
763,11,0,4.714285714285714
763,12,0,5.125
763,13,0,5.125
763,14,0,5.7
763,15,0,5.7
763,16,0,6.090909090909091
763,17,0,6.090909090909091
763,18,0,6.583333333333333
763,19,0,7.0
763,20,0,6.642857142857143
763,21,0,6.642857142857143
763,22,0,7.2
763,23,0,7.352941176470588
763,24,0,7.352941176470588
763,25,1,7.055555555555555
763,26,4,8.1
763,27,6,7.857142857142857
763,28,8,7.857142857142857
763,29,9,8.304347826086957
763,30,10,8.791666666666666
763,31,9,8.68
763,32,11,9.192307692307692
763,33,10,9.148148148148149
763,34,10,10.172413793103448
764,0,0,0
764,1,0,0
764,2,0,0
764,3,0,0
764,4,0,4.0
764,5,0,4.0
764,6,0,4.0
764,7,0,4.666666666666667
764,8,0,5.5
764,9,0,5.5
764,10,0,6.0
764,11,0,5.333333333333333
764,12,0,6.142857142857143
764,13,0,6.75
764,14,1,7.444444444444445
764,15,0,6.9
764,16,2,8.0
764,17,1,7.6923076923076925
764,18,1,8.6
764,19,0,8.3125
764,20,0,8.3125
764,21,0,9.105263157894736
764,22,2,9.105263157894736
764,23,3,9.636363636363637
764,24,4,9.636363636363637
764,25,5,10.16
764,26,6,10.16
764,27,6,10.333333333333334
764,28,8,10.821428571428571
764,29,8,10.689655172413794
764,30,10,10.966666666666667
764,31,9,10.903225806451612
764,32,10,11.696969696969697
764,33,10,11.647058823529411
764,34,12,11.647058823529411
765,0,0,0
765,1,0,0
765,2,0,0
765,3,0,2.5
765,4,0,2.5
765,5,0,2.5
765,6,0,2.5
765,7,0,4.5
765,8,0,4.5
765,9,0,5.0
765,10,0,5.0
765,11,0,6.0
765,12,0,6.0
765,13,0,6.375
765,14,0,6.375
765,15,0,7.111111111111111
765,16,0,7.111111111111111
765,17,0,7.7
765,18,1,7.833333333333333
765,19,3,8.307692307692308
765,20,0,7.928571428571429
765,21,0,8.6
765,22,2,8.375
765,23,2,8.61111111111111
765,24,2,8.85
765,25,1,8.761904761904763
765,26,4,9.0
765,27,5,8.958333333333334
765,28,6,9.48
765,29,6,9.703703703703704
765,30,7,9.535714285714286
765,31,7,10.4
765,32,6,10.35483870967742
765,33,6,10.35483870967742
765,34,5,11.205882352941176
766,0,0,0
766,1,0,0
766,2,0,0
766,3,0,3.0
766,4,0,3.5
766,5,0,3.5
766,6,0,3.5
766,7,0,4.666666666666667
766,8,0,4.75
766,9,0,4.75
766,10,0,4.75
766,11,0,5.6
766,12,0,5.571428571428571
766,13,0,5.571428571428571
766,14,0,6.555555555555555
766,15,0,6.1
766,16,0,6.1
766,17,0,6.25
766,18,0,6.923076923076923
766,19,0,6.642857142857143
766,20,0,7.066666666666666
766,21,0,7.352941176470588
766,22,0,7.352941176470588
766,23,0,7.526315789473684
766,24,2,8.05
766,25,0,7.809523809523809
766,26,1,8.318181818181818
766,27,1,8.28
766,28,3,8.28
766,29,2,8.192307692307692
766,30,4,9.107142857142858
766,31,3,9.03448275862069
766,32,5,9.03448275862069
766,33,6,9.451612903225806
766,34,7,9.875
767,0,0,0
767,1,0,0
767,2,0,0
767,3,0,3.0
767,4,0,3.5
767,5,0,3.5
767,6,0,4.333333333333333
767,7,0,4.333333333333333
767,8,0,5.0
767,9,0,5.6
767,10,0,5.6
767,11,0,5.6
767,12,0,6.5
767,13,0,6.375
767,14,0,6.375
767,15,1,7.111111111111111
767,16,1,7.090909090909091
767,17,1,7.090909090909091
767,18,1,6.833333333333333
767,19,2,7.615384615384615
767,20,0,7.933333333333334
767,21,1,7.933333333333334
767,22,1,8.166666666666666
767,23,1,7.894736842105263
767,24,1,8.047619047619047
767,25,1,8.391304347826088
767,26,2,8.333333333333334
767,27,6,8.538461538461538
767,28,7,8.407407407407407
767,29,9,9.0
767,30,10,9.266666666666667
767,31,10,9.266666666666667
767,32,9,9.78125
767,33,9,9.696969696969697
767,34,9,10.147058823529411
768,0,0,0
768,1,0,0
768,2,0,0
768,3,0,0
768,4,0,4.0
768,5,0,4.0
768,6,0,3.5
768,7,0,4.666666666666667
768,8,0,4.75
768,9,0,5.4
768,10,0,5.4
768,11,0,4.833333333333333
768,12,0,4.75
768,13,0,5.555555555555555
768,14,0,5.2
768,15,0,5.2
768,16,0,5.846153846153846
768,17,0,5.846153846153846
768,18,0,6.2
768,19,0,6.25
768,20,0,6.0588235294117645
768,21,0,6.0588235294117645
768,22,0,6.473684210526316
768,23,0,6.7
768,24,0,7.090909090909091
768,25,0,7.090909090909091
768,26,0,7.090909090909091
768,27,0,7.304347826086956
768,28,1,7.958333333333333
768,29,1,7.72
768,30,2,7.884615384615385
768,31,1,7.7407407407407405
768,32,1,8.586206896551724
768,33,1,8.466666666666667
768,34,2,8.466666666666667
769,0,0,0
769,1,0,0
769,2,0,2.0
769,3,0,2.0
769,4,0,2.6666666666666665
769,5,0,3.25
769,6,0,3.25
769,7,0,3.8
769,8,0,4.166666666666667
769,9,0,4.166666666666667
769,10,0,5.0
769,11,0,5.0
769,12,0,5.0
769,13,0,5.555555555555555
769,14,0,5.8
769,15,0,5.8
769,16,0,6.363636363636363
769,17,1,6.75
769,18,1,6.384615384615385
769,19,2,6.785714285714286
769,20,0,6.6
769,21,1,6.823529411764706
769,22,1,7.0
769,23,3,7.0
769,24,4,7.380952380952381
769,25,5,7.818181818181818
769,26,6,7.541666666666667
769,27,8,8.384615384615385
769,28,9,8.296296296296296
769,29,10,9.10344827586207
769,30,10,9.066666666666666
769,31,11,9.066666666666666
769,32,10,9.818181818181818
769,33,10,9.818181818181818
769,34,10,10.2
770,0,0,0
770,1,0,0
770,2,0,2.0
770,3,0,2.3333333333333335
770,4,0,2.3333333333333335
770,5,0,2.3333333333333335
770,6,0,3.0
770,7,0,3.6
770,8,0,3.6
770,9,0,3.6
770,10,0,4.5
770,11,0,5.142857142857143
770,12,0,5.222222222222222
770,13,0,5.222222222222222
770,14,0,6.181818181818182
770,15,1,5.833333333333333
770,16,1,5.833333333333333
770,17,1,6.071428571428571
770,18,1,6.666666666666667
770,19,0,6.5625
770,20,0,7.0
770,21,0,6.888888888888889
770,22,1,7.473684210526316
770,23,1,7.0
770,24,1,8.0
770,25,0,7.6
770,26,3,7.6
770,27,2,8.428571428571429
770,28,3,8.428571428571429
770,29,3,8.7
770,30,3,9.193548387096774
770,31,2,9.09375
770,32,4,9.09375
770,33,3,9.971428571428572
770,34,3,9.971428571428572
771,0,0,0
771,1,0,0
771,2,0,0
771,3,0,2.5
771,4,0,2.5
771,5,0,2.5
771,6,0,4.0
771,7,0,4.0
771,8,0,4.6
771,9,0,4.833333333333333
771,10,0,5.285714285714286
771,11,0,5.285714285714286
771,12,0,5.7
771,13,0,5.7
771,14,0,5.454545454545454
771,15,0,6.0
771,16,2,6.142857142857143
771,17,3,6.533333333333333
771,18,5,6.3125
771,19,7,6.3125
771,20,0,7.157894736842105
771,21,0,7.157894736842105
771,22,1,7.619047619047619
771,23,1,7.619047619047619
771,24,3,7.869565217391305
771,25,8,8.08
771,26,9,7.961538461538462
771,27,11,8.89655172413793
771,28,13,8.89655172413793
771,29,16,9.0
771,30,17,9.0
771,31,18,10.030303030303031
771,32,20,10.030303030303031
771,33,19,10.0
771,34,19,10.88888888888889
772,0,0,0
772,1,0,0
772,2,0,0
772,3,0,0
772,4,0,4.0
772,5,0,4.0
772,6,0,4.0
772,7,0,5.0
772,8,0,5.0
772,9,0,5.25
772,10,0,5.25
772,11,0,5.4
772,12,0,5.4
772,13,0,5.833333333333333
772,14,0,6.142857142857143
772,15,0,6.142857142857143
772,16,0,6.142857142857143
772,17,0,7.333333333333333
772,18,0,6.8
772,19,1,6.8
772,20,0,7.461538461538462
772,21,1,7.071428571428571
772,22,1,6.866666666666666
772,23,1,7.705882352941177
772,24,2,7.5
772,25,0,7.2105263157894735
772,26,2,7.619047619047619
772,27,3,7.739130434782608
772,28,5,7.739130434782608
772,29,4,7.583333333333333
772,30,6,8.16
772,31,6,8.518518518518519
772,32,6,8.518518518518519
772,33,6,8.464285714285714
772,34,8,9.0
773,0,0,0
773,1,0,0
773,2,0,2.0
773,3,0,2.0
773,4,0,2.5
773,5,0,2.6666666666666665
773,6,0,2.6666666666666665
773,7,0,3.5
773,8,0,4.0
773,9,0,4.0
773,10,0,4.5
773,11,0,5.142857142857143
773,12,0,5.142857142857143
773,13,0,5.625
773,14,0,6.333333333333333
773,15,0,6.333333333333333
773,16,0,6.9
773,17,0,6.916666666666667
773,18,0,6.916666666666667
773,19,0,7.3076923076923075
773,20,0,7.857142857142857
773,21,0,7.857142857142857
773,22,0,8.266666666666667
773,23,0,8.75
773,24,0,8.75
773,25,0,9.235294117647058
773,26,1,9.5
773,27,1,9.105263157894736
773,28,3,9.55
773,29,2,9.285714285714286
773,30,4,9.590909090909092
773,31,3,9.391304347826088
773,32,3,9.875
773,33,2,9.72
773,34,3,10.076923076923077
774,0,0,0
774,1,0,0
774,2,0,0
774,3,0,0
774,4,0,4.0
774,5,0,4.0
774,6,0,4.666666666666667
774,7,0,5.25
774,8,0,5.25
774,9,0,5.4
774,10,0,6.0
774,11,0,6.0
774,12,0,6.0
774,13,0,7.25
774,14,0,7.25
774,15,0,7.25
774,16,0,7.25
774,17,0,7.909090909090909
774,18,0,7.909090909090909
774,19,0,7.416666666666667
774,20,0,8.642857142857142
774,21,0,8.266666666666667
774,22,1,8.352941176470589
774,23,2,8.944444444444445
774,24,2,8.631578947368421
774,25,3,8.631578947368421
774,26,5,9.047619047619047
774,27,7,9.681818181818182
774,28,7,9.521739130434783
774,29,8,9.521739130434783
774,30,8,9.92
774,31,9,10.5
774,32,8,10.407407407407407
774,33,9,11.0
774,34,9,11.433333333333334
775,0,0,0
775,1,0,0
775,2,0,0
775,3,0,0
775,4,0,4.0
775,5,0,4.0
775,6,0,4.666666666666667
775,7,0,4.666666666666667
775,8,0,5.5
775,9,0,6.0
775,10,0,6.0
775,11,0,6.5
775,12,0,6.5
775,13,0,6.5
775,14,0,7.090909090909091
775,15,1,7.090909090909091
775,16,0,7.230769230769231
775,17,0,7.642857142857143
775,18,0,7.4
775,19,0,7.875
775,20,0,7.588235294117647
775,21,0,7.7368421052631575
775,22,2,8.2
775,23,3,7.9523809523809526
775,24,3,8.173913043478262
775,25,0,8.0
775,26,0,8.346153846153847
775,27,5,8.25925925925926
775,28,6,8.966666666666667
775,29,8,8.966666666666667
775,30,10,8.806451612903226
775,31,11,9.696969696969697
775,32,11,9.588235294117647
775,33,11,9.588235294117647
775,34,11,10.055555555555555
776,0,0,0
776,1,0,0
776,2,0,2.0
776,3,0,2.0
776,4,0,3.0
776,5,0,3.6666666666666665
776,6,0,4.0
776,7,0,4.0
776,8,0,4.0
776,9,0,4.8
776,10,0,5.333333333333333
776,11,0,5.714285714285714
776,12,0,6.25
776,13,1,6.2
776,14,2,6.636363636363637
776,15,3,6.333333333333333
776,16,5,6.333333333333333
776,17,4,6.714285714285714
776,18,5,7.2
776,19,4,7.588235294117647
776,20,0,7.588235294117647
776,21,0,7.555555555555555
776,22,3,8.052631578947368
776,23,5,8.238095238095237
776,24,7,8.434782608695652
776,25,6,8.25
776,26,7,8.5
776,27,8,9.107142857142858
776,28,8,9.533333333333333
776,29,9,9.96774193548387
776,30,10,10.15625
776,31,10,10.15625
776,32,9,11.228571428571428
776,33,10,11.228571428571428
776,34,9,11.38888888888889
777,0,0,0
777,1,0,0
777,2,0,2.0
777,3,0,2.5
777,4,0,2.5
777,5,0,2.5
777,6,0,3.3333333333333335
777,7,0,4.25
777,8,0,4.6
777,9,0,4.6
777,10,0,5.166666666666667
777,11,0,5.857142857142857
777,12,0,5.857142857142857
777,13,0,6.125
777,14,0,6.666666666666667
777,15,0,6.666666666666667
777,16,0,6.666666666666667
777,17,0,7.166666666666667
777,18,0,7.166666666666667
777,19,0,7.615384615384615
777,20,0,8.142857142857142
777,21,0,8.142857142857142
777,22,0,8.142857142857142
777,23,0,9.0625
777,24,0,8.647058823529411
777,25,1,8.647058823529411
777,26,0,8.894736842105264
777,27,4,9.4
777,28,5,9.142857142857142
777,29,7,9.545454545454545
777,30,8,9.304347826086957
777,31,9,10.24
777,32,10,10.076923076923077
777,33,10,10.076923076923077
777,34,10,10.535714285714286
778,0,0,0
778,1,0,0
778,2,0,0
778,3,0,3.0
778,4,0,3.5
778,5,0,3.5
778,6,0,4.333333333333333
778,7,0,4.333333333333333
778,8,0,4.5
778,9,0,4.5
778,10,0,5.2
778,11,0,5.5
778,12,0,5.5
778,13,0,6.5
778,14,1,6.5
778,15,0,6.6
778,16,1,7.0
778,17,0,6.75
778,18,0,7.3076923076923075
778,19,1,7.466666666666667
778,20,0,7.466666666666667
778,21,0,7.764705882352941
778,22,0,7.555555555555555
778,23,0,8.238095238095237
778,24,0,8.238095238095237
778,25,0,7.695652173913044
778,26,1,8.208333333333334
778,27,0,8.222222222222221
778,28,0,8.642857142857142
778,29,1,8.9
778,30,2,9.290322580645162
778,31,1,9.484848484848484
778,32,2,9.484848484848484
778,33,2,9.742857142857142
778,34,2,10.166666666666666
779,0,0,0
779,1,0,0
779,2,0,0
779,3,0,3.0
779,4,0,2.3333333333333335
779,5,0,2.3333333333333335
779,6,0,2.3333333333333335
779,7,0,3.1666666666666665
779,8,0,3.1666666666666665
779,9,0,3.1666666666666665
779,10,0,3.1666666666666665
779,11,0,4.75
779,12,0,4.444444444444445
779,13,0,4.444444444444445
779,14,0,5.545454545454546
779,15,0,5.545454545454546
779,16,0,6.25
779,17,0,6.25
779,18,0,6.428571428571429
779,19,1,7.0
779,20,0,6.75
779,21,1,7.235294117647059
779,22,1,7.578947368421052
779,23,0,7.3
779,24,1,7.636363636363637
779,25,2,7.958333333333333
779,26,2,7.958333333333333
779,27,2,7.8
779,28,5,8.26923076923077
779,29,4,8.642857142857142
779,30,4,8.551724137931034
779,31,4,8.806451612903226
779,32,4,8.806451612903226
779,33,3,9.588235294117647
779,34,3,9.588235294117647
780,0,0,0
780,1,0,0
780,2,0,0
780,3,0,0
780,4,0,4.0
780,5,0,3.5
780,6,0,4.0
780,7,0,4.0
780,8,0,4.25
780,9,0,5.0
780,10,0,5.0
780,11,0,4.833333333333333
780,12,0,4.833333333333333
780,13,0,5.428571428571429
780,14,0,5.428571428571429
780,15,0,5.75
780,16,0,5.75
780,17,0,6.444444444444445
780,18,0,6.444444444444445
780,19,0,6.454545454545454
780,20,0,6.454545454545454
780,21,0,7.285714285714286
780,22,0,7.285714285714286
780,23,0,7.285714285714286
780,24,0,7.4375
780,25,1,8.0
780,26,2,7.666666666666667
780,27,3,8.7
780,28,2,8.476190476190476
780,29,2,8.476190476190476
780,30,2,8.826086956521738
780,31,3,9.375
780,32,4,9.28
780,33,4,9.28
780,34,3,10.142857142857142
781,0,0,0
781,1,0,0
781,2,0,0
781,3,0,0
781,4,0,0
781,5,0,4.0
781,6,0,4.0
781,7,0,4.666666666666667
781,8,0,4.666666666666667
781,9,0,5.6
781,10,0,5.6
781,11,0,5.6
781,12,2,5.6
781,13,5,6.25
781,14,7,6.25
781,15,7,6.0
781,16,10,7.0
781,17,10,6.916666666666667
781,18,10,6.916666666666667
781,19,12,7.8
781,20,0,7.8
781,21,0,7.875
781,22,0,8.0
781,23,0,8.473684210526315
781,24,0,8.2
781,25,0,9.136363636363637
781,26,2,8.916666666666666
781,27,8,9.36
781,28,11,9.615384615384615
781,29,16,10.074074074074074
781,30,17,10.724137931034482
781,31,18,11.133333333333333
781,32,17,11.193548387096774
781,33,17,11.625
781,34,17,11.515151515151516
782,0,0,0
782,1,0,0
782,2,0,2.0
782,3,0,2.0
782,4,0,2.0
782,5,0,2.6666666666666665
782,6,0,2.6666666666666665
782,7,0,2.6666666666666665
782,8,0,3.4
782,9,0,3.4
782,10,0,4.0
782,11,0,4.0
782,12,0,4.375
782,13,0,4.375
782,14,0,4.777777777777778
782,15,0,4.777777777777778
782,16,0,5.2
782,17,0,5.636363636363637
782,18,0,5.636363636363637
782,19,0,6.166666666666667
782,20,0,6.357142857142857
782,21,0,6.357142857142857
782,22,0,6.5
782,23,1,6.235294117647059
782,24,3,6.473684210526316
782,25,2,6.666666666666667
782,26,5,6.5
782,27,7,7.2
782,28,6,7.076923076923077
782,29,7,7.076923076923077
782,30,8,7.037037037037037
782,31,8,7.896551724137931
782,32,7,7.866666666666666
782,33,7,7.866666666666666
782,34,7,7.903225806451613
783,0,0,0
783,1,0,0
783,2,0,2.0
783,3,0,2.0
783,4,0,2.5
783,5,0,2.5
783,6,0,3.3333333333333335
783,7,0,4.0
783,8,0,4.0
783,9,0,4.8
783,10,0,4.8
783,11,0,5.571428571428571
783,12,0,5.571428571428571
783,13,0,5.571428571428571
783,14,0,6.25
783,15,0,6.3
783,16,1,6.3
783,17,0,6.0
783,18,2,7.076923076923077
783,19,3,6.857142857142857
783,20,0,6.857142857142857
783,21,0,7.529411764705882
783,22,2,7.222222222222222
783,23,3,7.222222222222222
783,24,4,7.2105263157894735
783,25,3,7.954545454545454
783,26,4,7.956521739130435
783,27,6,7.791666666666667
783,28,6,8.592592592592593
783,29,6,8.592592592592593
783,30,6,9.0
783,31,6,9.0
783,32,5,9.35483870967742
783,33,5,9.35483870967742
783,34,4,9.787878787878787
784,0,0,0
784,1,0,0
784,2,0,0
784,3,0,2.5
784,4,0,2.5
784,5,0,2.5
784,6,0,2.6666666666666665
784,7,0,3.5
784,8,0,3.5
784,9,0,3.5
784,10,0,4.833333333333333
784,11,0,4.833333333333333
784,12,0,4.833333333333333
784,13,0,5.875
784,14,0,5.875
784,15,0,5.444444444444445
784,16,2,5.444444444444445
784,17,4,6.333333333333333
784,18,5,6.333333333333333
784,19,4,6.5
784,20,0,7.066666666666666
784,21,0,7.0
784,22,0,7.352941176470588
784,23,4,7.888888888888889
784,24,3,7.894736842105263
784,25,3,7.9523809523809526
784,26,2,8.565217391304348
784,27,4,8.916666666666666
784,28,4,9.5
784,29,4,9.5
784,30,4,10.0
784,31,6,10.448275862068966
784,32,5,10.533333333333333
784,33,6,10.533333333333333
784,34,6,11.272727272727273
785,0,0,0
785,1,0,0
785,2,0,0
785,3,0,2.0
785,4,0,2.0
785,5,0,3.0
785,6,0,3.0
785,7,0,3.0
785,8,0,3.0
785,9,0,4.4
785,10,0,4.4
785,11,0,5.166666666666667
785,12,0,5.166666666666667
785,13,0,5.857142857142857
785,14,0,5.857142857142857
785,15,0,6.625
785,16,0,6.4
785,17,0,6.4
785,18,0,6.416666666666667
785,19,0,7.153846153846154
785,20,0,7.153846153846154
785,21,0,7.2
785,22,0,7.875
785,23,0,7.529411764705882
785,24,0,7.222222222222222
785,25,0,8.35
785,26,3,8.047619047619047
785,27,2,8.217391304347826
785,28,2,8.217391304347826
785,29,4,8.68
785,30,7,9.115384615384615
785,31,8,9.0
785,32,8,9.0
785,33,8,9.586206896551724
785,34,8,10.033333333333333
786,0,0,0
786,1,0,0
786,2,0,2.0
786,3,0,2.0
786,4,0,2.3333333333333335
786,5,0,3.0
786,6,0,3.0
786,7,0,3.0
786,8,0,3.8
786,9,0,4.333333333333333
786,10,0,4.333333333333333
786,11,0,5.0
786,12,0,5.625
786,13,0,5.625
786,14,0,5.8
786,15,0,6.2727272727272725
786,16,1,6.2727272727272725
786,17,1,6.538461538461538
786,18,3,7.071428571428571
786,19,5,6.866666666666666
786,20,0,7.3125
786,21,0,7.315789473684211
786,22,1,7.315789473684211
786,23,4,6.809523809523809
786,24,9,7.318181818181818
786,25,7,7.6
786,26,10,7.6
786,27,13,8.035714285714286
786,28,14,8.035714285714286
786,29,15,8.633333333333333
786,30,16,8.633333333333333
786,31,15,9.25
786,32,16,9.242424242424242
786,33,17,10.194444444444445
786,34,18,10.194444444444445
787,0,0,0
787,1,0,0
787,2,0,0
787,3,0,2.0
787,4,0,2.0
787,5,0,3.0
787,6,0,3.0
787,7,0,3.6666666666666665
787,8,0,3.6666666666666665
787,9,0,4.8
787,10,0,4.8
787,11,0,4.8
787,12,0,5.666666666666667
787,13,0,6.285714285714286
787,14,0,6.75
787,15,0,6.75
787,16,0,6.75
787,17,0,7.444444444444445
787,18,0,7.8
787,19,0,7.8
787,20,0,7.8
787,21,0,8.545454545454545
787,22,0,8.916666666666666
787,23,0,8.916666666666666
787,24,0,9.692307692307692
787,25,0,10.071428571428571
787,26,1,9.533333333333333
787,27,2,9.0625
787,28,4,10.222222222222221
787,29,5,9.894736842105264
787,30,5,9.952380952380953
787,31,5,9.952380952380953
787,32,5,10.173913043478262
787,33,5,10.0
787,34,6,10.307692307692308
788,0,0,0
788,1,0,0
788,2,0,2.0
788,3,0,2.0
788,4,0,2.0
788,5,0,2.0
788,6,0,3.3333333333333335
788,7,0,3.3333333333333335
788,8,0,3.3333333333333335
788,9,0,4.0
788,10,0,4.4
788,11,0,4.4
788,12,0,5.166666666666667
788,13,0,5.166666666666667
788,14,0,5.857142857142857
788,15,0,6.5
788,16,0,6.5
788,17,0,7.111111111111111
788,18,0,7.181818181818182
788,19,1,7.181818181818182
788,20,0,7.384615384615385
788,21,0,7.384615384615385
788,22,1,7.5
788,23,0,7.722222222222222
788,24,1,8.31578947368421
788,25,1,8.1
788,26,2,8.619047619047619
788,27,1,8.956521739130435
788,28,2,8.956521739130435
788,29,1,8.791666666666666
788,30,1,9.884615384615385
788,31,1,9.74074074074074
788,32,2,10.620689655172415
788,33,1,10.466666666666667
788,34,3,11.0
789,0,0,0
789,1,0,0
789,2,0,0
789,3,0,0
789,4,0,4.0
789,5,0,4.0
789,6,0,4.0
789,7,0,4.333333333333333
789,8,0,4.75
789,9,0,4.75
789,10,0,4.75
789,11,0,5.0
789,12,0,5.285714285714286
789,13,0,5.285714285714286
789,14,0,5.625
789,15,0,5.9
789,16,0,6.181818181818182
789,17,0,5.833333333333333
789,18,2,5.833333333333333
789,19,3,6.466666666666667
789,20,0,6.466666666666667
789,21,0,6.3125
789,22,2,6.588235294117647
789,23,1,7.0
789,24,2,7.238095238095238
789,25,1,7.541666666666667
789,26,4,7.64
789,27,6,7.518518518518518
789,28,9,7.642857142857143
789,29,10,8.133333333333333
789,30,9,8.03225806451613
789,31,9,8.121212121212121
789,32,11,8.121212121212121
789,33,10,8.833333333333334
789,34,10,8.833333333333334
790,0,0,0
790,1,0,0
790,2,0,0
790,3,0,3.0
790,4,0,3.0
790,5,0,3.0
790,6,0,4.0
790,7,0,4.0
790,8,0,4.6
790,9,0,4.6
790,10,0,5.0
790,11,0,5.571428571428571
790,12,0,5.571428571428571
790,13,0,6.0
790,14,0,6.0
790,15,0,6.666666666666667
790,16,0,6.666666666666667
790,17,0,7.3
790,18,0,8.0
790,19,1,8.5
790,20,0,8.428571428571429
790,21,0,8.933333333333334
790,22,0,8.294117647058824
790,23,2,8.61111111111111
790,24,1,8.421052631578947
790,25,1,8.9
790,26,2,8.666666666666666
790,27,5,9.090909090909092
790,28,6,8.956521739130435
790,29,9,9.458333333333334
790,30,11,9.28
790,31,12,9.592592592592593
790,32,14,10.035714285714286
790,33,15,10.266666666666667
790,34,16,10.193548387096774
791,0,0,0
791,1,0,0
791,2,0,2.0
791,3,0,2.5
791,4,0,2.5
791,5,0,2.5
791,6,0,3.5
791,7,0,3.5
791,8,0,4.0
791,9,0,4.0
791,10,0,4.857142857142857
791,11,0,4.375
791,12,0,4.375
791,13,0,4.375
791,14,1,5.5
791,15,1,5.181818181818182
791,16,1,5.181818181818182
791,17,1,5.6923076923076925
791,18,3,6.214285714285714
791,19,6,6.625
791,20,0,7.117647058823529
791,21,0,7.473684210526316
791,22,2,7.473684210526316
791,23,2,7.545454545454546
791,24,4,7.916666666666667
791,25,3,7.76
791,26,4,8.642857142857142
791,27,5,8.482758620689655
791,28,6,8.533333333333333
791,29,7,8.533333333333333
791,30,8,9.545454545454545
791,31,10,9.545454545454545
791,32,10,10.085714285714285
791,33,11,10.527777777777779
791,34,11,10.486486486486486
792,0,0,0
792,1,0,0
792,2,0,0
792,3,0,0
792,4,0,4.0
792,5,0,4.0
792,6,0,4.0
792,7,0,4.0
792,8,0,4.333333333333333
792,9,0,4.75
792,10,0,4.75
792,11,0,5.0
792,12,0,5.0
792,13,0,5.666666666666667
792,14,0,5.666666666666667
792,15,0,6.142857142857143
792,16,0,6.142857142857143
792,17,0,7.0
792,18,0,7.444444444444445
792,19,0,7.444444444444445
792,20,0,8.545454545454545
792,21,0,8.0
792,22,0,8.461538461538462
792,23,0,8.533333333333333
792,24,0,8.875
792,25,0,8.470588235294118
792,26,1,8.631578947368421
792,27,3,8.666666666666666
792,28,4,8.666666666666666
792,29,4,8.454545454545455
792,30,5,9.0
792,31,5,9.28
792,32,5,9.153846153846153
792,33,6,9.153846153846153
792,34,5,9.642857142857142
793,0,0,0
793,1,0,0
793,2,0,0
793,3,0,3.0
793,4,0,3.0
793,5,0,3.5
793,6,0,4.333333333333333
793,7,0,4.75
793,8,0,5.2
793,9,0,5.2
793,10,0,6.142857142857143
793,11,0,6.142857142857143
793,12,0,6.142857142857143
793,13,0,6.142857142857143
793,14,0,7.333333333333333
793,15,0,6.8
793,16,0,7.363636363636363
793,17,0,7.3076923076923075
793,18,0,7.3076923076923075
793,19,0,7.3076923076923075
793,20,0,7.928571428571429
793,21,0,8.533333333333333
793,22,1,8.529411764705882
793,23,3,8.529411764705882
793,24,4,8.222222222222221
793,25,0,9.25
793,26,0,9.047619047619047
793,27,3,9.304347826086957
793,28,6,9.708333333333334
793,29,5,9.44
793,30,6,9.44
793,31,5,10.214285714285714
793,32,6,10.214285714285714
793,33,6,10.766666666666667
793,34,7,10.766666666666667
794,0,0,0
794,1,0,0
794,2,0,0
794,3,0,0
794,4,0,4.0
794,5,0,4.0
794,6,0,4.0
794,7,0,4.0
794,8,0,5.333333333333333
794,9,0,5.75
794,10,0,5.75
794,11,0,5.75
794,12,0,6.8
794,13,0,7.333333333333333
794,14,0,7.857142857142857
794,15,0,8.25
794,16,0,8.25
794,17,1,8.1
794,18,3,8.727272727272727
794,19,4,8.25
794,20,0,8.25
794,21,2,9.0
794,22,2,8.5625
794,23,5,9.058823529411764
794,24,4,8.9
794,25,4,8.545454545454545
794,26,7,9.043478260869565
794,27,6,9.23076923076923
794,28,9,9.23076923076923
794,29,10,10.03448275862069
794,30,13,10.03448275862069
794,31,14,10.580645161290322
794,32,15,11.0
794,33,15,11.529411764705882
794,34,15,11.529411764705882
795,0,0,0
795,1,0,0
795,2,0,0
795,3,0,3.0
795,4,0,3.0
795,5,0,3.0
795,6,0,4.0
795,7,0,4.0
795,8,0,4.5
795,9,0,5.0
795,10,0,5.5
795,11,0,5.5
795,12,0,5.5
795,13,0,6.0
795,14,0,6.125
795,15,0,6.125
795,16,0,6.777777777777778
795,17,2,7.1
795,18,3,7.166666666666667
795,19,5,7.384615384615385
795,20,0,7.666666666666667
795,21,0,7.9375
795,22,1,7.5
795,23,7,8.2
795,24,6,7.863636363636363
795,25,5,8.32
795,26,7,8.307692307692308
795,27,9,8.148148148148149
795,28,10,8.766666666666667
795,29,12,8.766666666666667
795,30,12,9.03125
795,31,13,9.424242424242424
795,32,12,9.885714285714286
795,33,12,9.885714285714286
795,34,12,10.083333333333334
796,0,0,0
796,1,0,0
796,2,0,0
796,3,0,3.0
796,4,0,3.0
796,5,0,3.3333333333333335
796,6,0,3.3333333333333335
796,7,0,3.3333333333333335
796,8,0,3.75
796,9,0,4.6
796,10,0,4.6
796,11,0,4.6
796,12,0,5.333333333333333
796,13,0,5.857142857142857
796,14,0,5.857142857142857
796,15,0,6.5
796,16,0,7.111111111111111
796,17,0,7.111111111111111
796,18,0,7.111111111111111
796,19,0,7.7
796,20,0,8.363636363636363
796,21,0,7.833333333333333
796,22,0,8.307692307692308
796,23,0,7.928571428571429
796,24,0,8.666666666666666
796,25,0,8.25
796,26,1,8.764705882352942
796,27,3,8.444444444444445
796,28,5,9.105263157894736
796,29,6,8.85
796,30,7,9.818181818181818
796,31,7,9.608695652173912
796,32,8,9.608695652173912
796,33,8,10.0
796,34,8,10.5
797,0,0,0
797,1,0,0
797,2,0,0
797,3,0,2.0
797,4,0,2.5
797,5,0,2.5
797,6,0,2.5
797,7,0,3.3333333333333335
797,8,0,4.0
797,9,0,4.0
797,10,0,4.6
797,11,0,4.6
797,12,0,5.0
797,13,0,5.5
797,14,0,5.5
797,15,0,6.111111111111111
797,16,0,6.363636363636363
797,17,1,6.363636363636363
797,18,1,6.0
797,19,1,6.615384615384615
797,20,0,7.133333333333334
797,21,1,7.133333333333334
797,22,2,7.222222222222222
797,23,2,7.222222222222222
797,24,3,7.75
797,25,3,7.476190476190476
797,26,4,8.458333333333334
797,27,6,8.28
797,28,5,8.74074074074074
797,29,7,8.74074074074074
797,30,9,9.137931034482758
797,31,8,9.580645161290322
797,32,10,9.580645161290322
797,33,9,10.441176470588236
797,34,9,10.441176470588236
798,0,0,0
798,1,0,0
798,2,0,0
798,3,0,0
798,4,0,4.0
798,5,0,4.0
798,6,0,4.0
798,7,0,5.0
798,8,0,5.0
798,9,0,5.0
798,10,0,5.8
798,11,0,5.8
798,12,0,6.5
798,13,0,6.857142857142857
798,14,0,7.125
798,15,0,7.444444444444445
798,16,0,7.444444444444445
798,17,0,7.9
798,18,0,8.272727272727273
798,19,0,8.272727272727273
798,20,0,8.272727272727273
798,21,0,8.833333333333334
798,22,0,9.384615384615385
798,23,0,9.384615384615385
798,24,0,9.857142857142858
798,25,0,10.333333333333334
798,26,0,9.8125
798,27,0,10.352941176470589
798,28,0,9.88888888888889
798,29,2,10.8
798,30,1,10.428571428571429
798,31,1,10.428571428571429
798,32,0,10.608695652173912
798,33,0,10.88
798,34,1,11.346153846153847
799,0,0,0
799,1,0,0
799,2,0,2.0
799,3,0,2.0
799,4,0,2.0
799,5,0,3.0
799,6,0,3.0
799,7,0,3.0
799,8,0,3.0
799,9,0,4.5
799,10,0,4.5
799,11,0,4.5
799,12,0,5.333333333333333
799,13,0,5.333333333333333
799,14,0,5.1
799,15,2,5.1
799,16,2,6.230769230769231
799,17,3,6.230769230769231
799,18,3,6.6
799,19,3,6.6
799,20,0,7.176470588235294
799,21,1,7.722222222222222
799,22,2,8.25
799,23,1,8.19047619047619
799,24,1,8.0
799,25,2,8.5
799,26,3,8.76923076923077
799,27,5,8.74074074074074
799,28,5,9.178571428571429
799,29,5,9.566666666666666
799,30,7,9.566666666666666
799,31,6,9.90625
799,32,6,10.424242424242424
799,33,5,10.352941176470589
799,34,7,10.771428571428572
800,0,0,0
800,1,0,0
800,2,0,0
800,3,0,2.0
800,4,0,2.0
800,5,0,2.0
800,6,0,2.0
800,7,0,4.0
800,8,0,4.0
800,9,0,3.75
800,10,0,3.75
800,11,0,3.6
800,12,0,4.0
800,13,0,4.0
800,14,0,4.285714285714286
800,15,0,4.125
800,16,0,4.125
800,17,0,4.125
800,18,0,4.7
800,19,0,4.7
800,20,0,4.7
800,21,0,5.5
800,22,0,5.230769230769231
800,23,0,5.785714285714286
800,24,0,5.785714285714286
800,25,0,6.133333333333334
800,26,0,6.133333333333334
800,27,0,6.411764705882353
800,28,1,6.777777777777778
800,29,0,6.578947368421052
800,30,1,7.380952380952381
800,31,0,7.2272727272727275
800,32,0,7.2272727272727275
800,33,0,7.88
800,34,0,7.88
801,0,0,0
801,1,0,0
801,2,0,0
801,3,0,2.0
801,4,0,2.0
801,5,0,2.0
801,6,0,3.0
801,7,0,4.0
801,8,0,4.0
801,9,0,4.0
801,10,0,5.0
801,11,0,5.8
801,12,0,5.8
801,13,0,6.5
801,14,0,6.5
801,15,0,6.625
801,16,2,6.625
801,17,3,6.9
801,18,3,6.9
801,19,2,7.923076923076923
801,20,0,7.923076923076923
801,21,0,8.4
801,22,2,8.9375
801,23,4,8.68421052631579
801,24,6,8.68421052631579
801,25,7,8.55
801,26,9,9.142857142857142
801,27,10,9.608695652173912
801,28,14,9.608695652173912
801,29,17,10.28
801,30,19,10.807692307692308
801,31,18,10.962962962962964
801,32,20,10.962962962962964
801,33,20,12.066666666666666
801,34,20,12.066666666666666
802,0,0,0
802,1,0,0
802,2,0,2.0
802,3,0,2.0
802,4,0,2.5
802,5,0,2.5
802,6,0,3.75
802,7,0,3.75
802,8,0,4.5
802,9,0,4.5
802,10,0,5.125
802,11,0,5.125
802,12,0,5.333333333333333
802,13,0,5.9
802,14,0,5.9
802,15,0,6.583333333333333
802,16,0,6.583333333333333
802,17,0,6.583333333333333
802,18,1,7.153846153846154
802,19,0,7.133333333333334
802,20,0,7.133333333333334
802,21,1,7.470588235294118
802,22,3,7.222222222222222
802,23,3,7.45
802,24,2,7.608695652173913
802,25,2,7.608695652173913
802,26,3,7.769230769230769
802,27,4,7.769230769230769
802,28,4,8.107142857142858
802,29,7,8.551724137931034
802,30,7,8.466666666666667
802,31,9,8.466666666666667
802,32,8,9.393939393939394
802,33,9,9.382352941176471
802,34,9,9.382352941176471
803,0,0,0
803,1,0,0
803,2,0,0
803,3,0,3.0
803,4,0,3.5
803,5,0,3.5
803,6,0,3.5
803,7,0,5.25
803,8,0,5.25
803,9,0,5.25
803,10,0,5.25
803,11,0,6.833333333333333
803,12,0,6.833333333333333
803,13,0,7.571428571428571
803,14,0,8.25
803,15,0,8.25
803,16,0,8.88888888888889
803,17,0,9.5
803,18,0,9.5
803,19,0,10.090909090909092
803,20,0,9.416666666666666
803,21,1,10.428571428571429
803,22,2,9.933333333333334
803,23,1,9.5
803,24,1,10.0
803,25,0,9.8
803,26,2,10.238095238095237
803,27,2,9.695652173913043
803,28,2,9.695652173913043
803,29,3,10.461538461538462
803,30,4,10.461538461538462
803,31,4,10.333333333333334
803,32,4,10.333333333333334
803,33,3,11.233333333333333
803,34,2,11.064516129032258
804,0,0,0
804,1,0,0
804,2,0,2.0
804,3,0,2.0
804,4,0,2.0
804,5,0,2.6666666666666665
804,6,0,2.6666666666666665
804,7,0,2.6666666666666665
804,8,0,3.75
804,9,0,4.2
804,10,0,4.2
804,11,0,4.2
804,12,0,5.166666666666667
804,13,0,5.714285714285714
804,14,0,5.714285714285714
804,15,0,5.714285714285714
804,16,0,7.333333333333333
804,17,0,6.8
804,18,0,7.0
804,19,0,7.0
804,20,0,7.615384615384615
804,21,1,7.214285714285714
804,22,1,8.5
804,23,0,8.176470588235293
804,24,0,8.666666666666666
804,25,0,8.473684210526315
804,26,0,8.761904761904763
804,27,3,8.761904761904763
804,28,3,9.043478260869565
804,29,5,9.4
804,30,7,9.4
804,31,6,9.23076923076923
804,32,6,9.777777777777779
804,33,6,10.275862068965518
804,34,6,10.166666666666666
805,0,0,0
805,1,0,0
805,2,0,2.0
805,3,0,2.5
805,4,0,2.5
805,5,0,2.5
805,6,0,3.6666666666666665
805,7,0,4.25
805,8,0,4.0
805,9,0,4.5
805,10,0,4.5
805,11,0,4.5
805,12,0,4.714285714285714
805,13,0,5.25
805,14,0,5.25
805,15,0,5.25
805,16,0,5.777777777777778
805,17,0,6.3
805,18,1,6.3
805,19,4,6.333333333333333
805,20,0,6.333333333333333
805,21,0,6.785714285714286
805,22,0,7.2
805,23,4,7.2
805,24,5,8.055555555555555
805,25,4,7.7368421052631575
805,26,6,7.75
805,27,9,8.391304347826088
805,28,10,8.458333333333334
805,29,12,8.458333333333334
805,30,13,8.961538461538462
805,31,13,9.444444444444445
805,32,13,9.931034482758621
805,33,14,9.931034482758621
805,34,13,10.133333333333333
806,0,0,0
806,1,0,0
806,2,0,0
806,3,0,2.0
806,4,0,2.0
806,5,0,2.6666666666666665
806,6,0,2.6666666666666665
806,7,0,3.0
806,8,0,3.6
806,9,0,3.8333333333333335
806,10,0,3.8333333333333335
806,11,0,4.285714285714286
806,12,0,4.75
806,13,0,4.75
806,14,0,4.75
806,15,0,5.6
806,16,0,5.6
806,17,0,5.6
806,18,0,5.6
806,19,0,6.384615384615385
806,20,0,6.384615384615385
806,21,0,6.6
806,22,0,6.6
806,23,0,6.705882352941177
806,24,0,7.222222222222222
806,25,0,7.4
806,26,1,7.4
806,27,2,7.681818181818182
806,28,5,7.681818181818182
806,29,8,8.0
806,30,10,8.346153846153847
806,31,9,8.222222222222221
806,32,10,8.222222222222221
806,33,10,8.655172413793103
806,34,11,9.2
807,0,0,0
807,1,0,0
807,2,0,2.0
807,3,0,2.5
807,4,0,2.5
807,5,0,3.0
807,6,0,3.75
807,7,0,3.75
807,8,0,3.8
807,9,0,4.5
807,10,0,4.571428571428571
807,11,0,5.125
807,12,0,5.125
807,13,0,5.777777777777778
807,14,0,6.1
807,15,0,5.7272727272727275
807,16,1,5.7272727272727275
807,17,2,6.076923076923077
807,18,2,6.5
807,19,1,6.8125
807,20,0,6.8125
807,21,0,6.705882352941177
807,22,0,7.105263157894737
807,23,0,7.6
807,24,0,7.2272727272727275
807,25,0,7.695652173913044
807,26,1,7.24
807,27,2,7.730769230769231
807,28,3,7.555555555555555
807,29,6,8.035714285714286
807,30,6,8.433333333333334
807,31,7,8.433333333333334
807,32,6,8.8125
807,33,8,9.303030303030303
807,34,8,9.235294117647058
808,0,0,0
808,1,0,0
808,2,0,0
808,3,0,3.0
808,4,0,3.0
808,5,0,3.0
808,6,0,3.6666666666666665
808,7,0,4.0
808,8,0,4.0
808,9,0,4.833333333333333
808,10,0,4.833333333333333
808,11,0,4.833333333333333
808,12,0,6.0
808,13,0,6.0
808,14,0,5.444444444444445
808,15,0,5.444444444444445
808,16,0,6.7272727272727275
808,17,0,6.333333333333333
808,18,0,6.923076923076923
808,19,0,7.2
808,20,0,7.2
808,21,0,7.166666666666667
808,22,3,6.842105263157895
808,23,3,7.190476190476191
808,24,3,7.434782608695652
808,25,3,7.291666666666667
808,26,4,8.148148148148149
808,27,7,8.148148148148149
808,28,6,8.178571428571429
808,29,9,8.178571428571429
808,30,11,9.129032258064516
808,31,11,9.129032258064516
808,32,11,9.575757575757576
808,33,12,10.0
808,34,11,9.971428571428572
809,0,0,0
809,1,0,0
809,2,0,2.0
809,3,0,2.0
809,4,0,2.0
809,5,0,2.0
809,6,0,3.25
809,7,0,3.25
809,8,0,3.25
809,9,0,4.0
809,10,0,4.142857142857143
809,11,0,4.142857142857143
809,12,0,4.75
809,13,0,5.444444444444445
809,14,0,5.444444444444445
809,15,0,5.444444444444445
809,16,0,5.818181818181818
809,17,1,6.5
809,18,0,6.230769230769231
809,19,2,6.857142857142857
809,20,0,7.3125
809,21,0,7.3125
809,22,0,7.473684210526316
809,23,0,8.0
809,24,0,7.857142857142857
809,25,0,8.409090909090908
809,26,0,8.666666666666666
809,27,0,8.4
809,28,0,8.884615384615385
809,29,0,9.407407407407407
809,30,0,9.407407407407407
809,31,0,9.407407407407407
809,32,0,9.928571428571429
809,33,0,10.233333333333333
809,34,0,10.709677419354838
810,0,0,0
810,1,0,0
810,2,0,0
810,3,0,3.0
810,4,0,3.0
810,5,0,3.0
810,6,0,3.5
810,7,0,3.3333333333333335
810,8,0,3.3333333333333335
810,9,0,3.3333333333333335
810,10,0,4.0
810,11,0,4.6
810,12,0,4.6
810,13,0,5.333333333333333
810,14,0,5.333333333333333
810,15,0,5.25
810,16,0,5.25
810,17,0,6.0
810,18,0,6.4
810,19,0,6.0
810,20,0,6.583333333333333
810,21,0,6.230769230769231
810,22,0,6.266666666666667
810,23,0,6.266666666666667
810,24,1,6.888888888888889
810,25,0,6.631578947368421
810,26,1,6.631578947368421
810,27,0,7.130434782608695
810,28,0,7.130434782608695
810,29,1,7.0
810,30,1,7.36
810,31,0,7.7407407407407405
810,32,0,7.7407407407407405
810,33,0,8.0
810,34,2,8.0
811,0,0,0
811,1,0,0
811,2,0,0
811,3,0,3.0
811,4,0,3.0
811,5,0,4.0
811,6,0,4.0
811,7,0,4.0
811,8,0,4.0
811,9,0,5.0
811,10,0,5.6
811,11,0,5.6
811,12,0,6.333333333333333
811,13,0,6.714285714285714
811,14,0,7.125
811,15,0,7.444444444444445
811,16,0,7.444444444444445
811,17,0,7.444444444444445
811,18,0,8.1
811,19,0,7.916666666666667
811,20,0,7.916666666666667
811,21,0,8.785714285714286
811,22,0,8.333333333333334
811,23,0,8.875
811,24,0,8.88888888888889
811,25,0,8.88888888888889
811,26,0,9.1
811,27,1,9.476190476190476
811,28,0,9.608695652173912
811,29,0,9.875
811,30,0,9.64
811,31,0,9.64
811,32,1,10.142857142857142
811,33,1,10.142857142857142
811,34,0,9.89655172413793
812,0,0,0
812,1,0,0
812,2,0,0
812,3,0,3.0
812,4,0,3.5
812,5,0,3.5
812,6,0,3.5
812,7,0,4.666666666666667
812,8,0,5.5
812,9,0,5.8
812,10,0,5.8
812,11,0,6.333333333333333
812,12,0,7.0
812,13,0,7.0
812,14,0,7.0
812,15,0,7.625
812,16,0,7.7
812,17,1,7.7
812,18,1,8.153846153846153
812,19,2,8.153846153846153
812,20,0,7.857142857142857
812,21,0,8.6875
812,22,3,8.470588235294118
812,23,3,8.526315789473685
812,24,2,8.2
812,25,1,8.956521739130435
812,26,3,8.75
812,27,4,8.72
812,28,5,9.192307692307692
812,29,5,9.642857142857142
812,30,5,9.642857142857142
812,31,5,9.517241379310345
812,32,5,10.0
812,33,6,10.375
812,34,7,10.375
813,0,0,0
813,1,0,0
813,2,0,0
813,3,0,0
813,4,0,4.0
813,5,0,3.5
813,6,0,3.5
813,7,0,4.666666666666667
813,8,0,4.75
813,9,0,5.4
813,10,0,5.333333333333333
813,11,0,5.333333333333333
813,12,0,5.875
813,13,0,5.875
813,14,0,5.875
813,15,0,5.875
813,16,0,6.8
813,17,0,6.8
813,18,0,6.8
813,19,0,7.545454545454546
813,20,0,7.916666666666667
813,21,0,7.916666666666667
813,22,0,8.615384615384615
813,23,0,8.533333333333333
813,24,0,8.533333333333333
813,25,0,9.25
813,26,0,9.705882352941176
813,27,0,9.705882352941176
813,28,0,9.947368421052632
813,29,0,10.4
813,30,0,10.047619047619047
813,31,0,10.681818181818182
813,32,0,10.666666666666666
813,33,0,10.666666666666666
813,34,0,11.25925925925926
814,0,0,0
814,1,0,0
814,2,0,0
814,3,0,0
814,4,0,3.0
814,5,0,3.0
814,6,0,3.3333333333333335
814,7,0,3.3333333333333335
814,8,0,4.25
814,9,0,4.25
814,10,0,4.8
814,11,0,4.8
814,12,0,5.5
814,13,0,5.5
814,14,0,5.888888888888889
814,15,0,5.888888888888889
814,16,0,6.4
814,17,0,6.4
814,18,0,6.7272727272727275
814,19,0,6.333333333333333
814,20,0,7.285714285714286
814,21,0,7.285714285714286
814,22,0,7.5
814,23,0,7.882352941176471
814,24,1,7.315789473684211
814,25,1,7.65
814,26,1,7.695652173913044
814,27,4,7.695652173913044
814,28,4,7.96
814,29,6,7.96
814,30,6,8.75
814,31,6,8.75
814,32,7,9.483870967741936
814,33,8,9.483870967741936
814,34,7,9.93939393939394
815,0,0,0
815,1,0,0
815,2,0,0
815,3,0,0
815,4,0,3.5
815,5,0,3.5
815,6,0,3.5
815,7,0,4.333333333333333
815,8,0,5.0
815,9,0,5.0
815,10,0,5.0
815,11,0,6.333333333333333
815,12,0,6.333333333333333
815,13,0,6.333333333333333
815,14,0,6.333333333333333
815,15,0,7.625
815,16,0,7.0
815,17,3,7.7
815,18,3,7.75
815,19,4,7.75
815,20,0,8.466666666666667
815,21,0,8.466666666666667
815,22,2,8.3125
815,23,1,9.105263157894736
815,24,1,9.105263157894736
815,25,2,9.380952380952381
815,26,4,9.380952380952381
815,27,4,9.869565217391305
815,28,3,9.625
815,29,3,9.96
815,30,5,9.807692307692308
815,31,6,10.37037037037037
815,32,6,10.25
815,33,6,10.655172413793103
815,34,5,11.064516129032258
816,0,0,0
816,1,0,0
816,2,0,0
816,3,0,3.0
816,4,0,3.0
816,5,0,3.0
816,6,0,4.0
816,7,0,4.0
816,8,0,4.0
816,9,0,4.666666666666667
816,10,0,5.142857142857143
816,11,0,5.142857142857143
816,12,0,5.625
816,13,0,6.0
816,14,0,6.0
816,15,0,6.5
816,16,0,7.0
816,17,0,7.0
816,18,0,7.0
816,19,0,7.153846153846154
816,20,0,7.642857142857143
816,21,0,7.333333333333333
816,22,0,8.11111111111111
816,23,0,7.842105263157895
816,24,0,7.55
816,25,0,7.333333333333333
816,26,0,8.083333333333334
816,27,0,8.083333333333334
816,28,0,8.56
816,29,2,8.307692307692308
816,30,3,8.74074074074074
816,31,2,8.535714285714286
816,32,2,9.03448275862069
816,33,2,8.9
816,34,1,9.696969696969697
817,0,0,0
817,1,0,0
817,2,0,0
817,3,0,3.0
817,4,0,3.0
817,5,0,3.0
817,6,0,4.0
817,7,0,4.25
817,8,0,4.25
817,9,0,4.25
817,10,0,5.166666666666667
817,11,0,5.166666666666667
817,12,0,5.166666666666667
817,13,0,5.625
817,14,0,5.777777777777778
817,15,0,5.777777777777778
817,16,0,6.6
817,17,0,6.6
817,18,0,7.076923076923077
817,19,0,6.714285714285714
817,20,0,6.333333333333333
817,21,1,6.333333333333333
817,22,1,7.277777777777778
817,23,1,7.277777777777778
817,24,1,7.45
817,25,0,7.45
817,26,3,8.0
817,27,5,8.125
817,28,7,8.125
817,29,7,8.346153846153847
817,30,9,8.857142857142858
817,31,9,8.857142857142858
817,32,9,9.266666666666667
817,33,10,9.266666666666667
817,34,9,9.84375
818,0,0,0
818,1,0,0
818,2,0,2.0
818,3,0,2.0
818,4,0,3.0
818,5,0,3.6666666666666665
818,6,0,4.25
818,7,0,4.25
818,8,0,5.0
818,9,0,5.0
818,10,0,5.0
818,11,0,6.0
818,12,0,6.0
818,13,0,6.444444444444445
818,14,0,6.444444444444445
818,15,0,6.636363636363637
818,16,0,6.636363636363637
818,17,0,6.846153846153846
818,18,1,7.5
818,19,0,7.2
818,20,0,7.75
818,21,0,8.055555555555555
818,22,0,7.7894736842105265
818,23,1,7.7894736842105265
818,24,1,7.818181818181818
818,25,0,8.347826086956522
818,26,1,8.384615384615385
818,27,2,8.384615384615385
818,28,2,8.185185185185185
818,29,5,8.75
818,30,6,9.166666666666666
818,31,8,9.166666666666666
818,32,8,9.59375
818,33,8,9.59375
818,34,7,10.029411764705882
819,0,0,0
819,1,0,0
819,2,0,0
819,3,0,0
819,4,0,4.0
819,5,0,4.0
819,6,0,4.0
819,7,0,5.0
819,8,0,5.5
819,9,0,5.5
819,10,0,6.2
819,11,0,6.833333333333333
819,12,0,6.833333333333333
819,13,0,6.833333333333333
819,14,0,8.25
819,15,0,8.25
819,16,0,8.88888888888889
819,17,0,8.818181818181818
819,18,1,8.818181818181818
819,19,2,8.25
819,20,0,9.571428571428571
819,21,0,9.2
819,22,2,9.75
819,23,2,9.470588235294118
819,24,3,10.055555555555555
819,25,2,9.894736842105264
819,26,4,10.5
819,27,5,10.380952380952381
819,28,7,11.478260869565217
819,29,9,11.291666666666666
819,30,11,11.291666666666666
819,31,12,12.11111111111111
819,32,13,12.11111111111111
819,33,13,12.448275862068966
819,34,12,12.806451612903226
820,0,0,0
820,1,0,0
820,2,0,2.0
820,3,0,2.0
820,4,0,2.0
820,5,0,2.6666666666666665
820,6,0,2.6666666666666665
820,7,0,2.6666666666666665
820,8,0,3.75
820,9,0,3.8
820,10,0,3.8
820,11,0,4.5
820,12,0,4.571428571428571
820,13,0,4.571428571428571
820,14,0,4.666666666666667
820,15,0,5.0
820,16,0,5.0
820,17,0,5.363636363636363
820,18,0,5.666666666666667
820,19,0,6.076923076923077
820,20,0,6.076923076923077
820,21,0,6.133333333333334
820,22,0,6.5625
820,23,0,6.764705882352941
820,24,0,7.166666666666667
820,25,0,7.166666666666667
820,26,1,7.315789473684211
820,27,2,7.523809523809524
820,28,3,7.523809523809524
820,29,3,7.565217391304348
820,30,3,7.565217391304348
820,31,3,7.96
820,32,3,8.23076923076923
820,33,3,8.185185185185185
820,34,3,8.185185185185185
821,0,0,0
821,1,0,0
821,2,0,0
821,3,0,0
821,4,0,4.0
821,5,0,4.0
821,6,0,4.5
821,7,0,4.333333333333333
821,8,0,5.0
821,9,0,5.0
821,10,0,5.6
821,11,0,5.666666666666667
821,12,0,5.666666666666667
821,13,0,5.666666666666667
821,14,0,6.625
821,15,0,6.625
821,16,0,6.625
821,17,0,6.6
821,18,0,7.090909090909091
821,19,1,6.666666666666667
821,20,0,6.666666666666667
821,21,2,7.266666666666667
821,22,3,7.0625
821,23,6,6.823529411764706
821,24,7,6.722222222222222
821,25,4,7.571428571428571
821,26,6,7.454545454545454
821,27,8,7.391304347826087
821,28,7,8.153846153846153
821,29,9,8.153846153846153
821,30,9,8.148148148148149
821,31,11,8.571428571428571
821,32,12,9.066666666666666
821,33,12,9.066666666666666
821,34,11,9.129032258064516
822,0,0,0
822,1,0,0
822,2,0,0
822,3,0,3.0
822,4,0,3.5
822,5,0,3.5
822,6,0,4.0
822,7,0,4.75
822,8,0,4.2
822,9,0,4.2
822,10,0,4.857142857142857
822,11,0,4.857142857142857
822,12,0,5.625
822,13,0,5.625
822,14,0,5.777777777777778
822,15,0,5.777777777777778
822,16,0,6.6
822,17,0,6.909090909090909
822,18,0,6.909090909090909
822,19,0,6.909090909090909
822,20,0,8.153846153846153
822,21,0,7.266666666666667
822,22,0,7.266666666666667
822,23,0,7.888888888888889
822,24,0,7.578947368421052
822,25,0,7.714285714285714
822,26,3,7.956521739130435
822,27,5,8.12
822,28,6,8.12
822,29,5,8.407407407407407
822,30,7,8.785714285714286
822,31,8,8.689655172413794
822,32,9,9.166666666666666
822,33,10,9.129032258064516
822,34,10,9.53125
823,0,0,0
823,1,0,0
823,2,0,0
823,3,0,3.0
823,4,0,3.5
823,5,0,3.5
823,6,0,3.5
823,7,0,4.666666666666667
823,8,0,4.75
823,9,0,4.75
823,10,0,5.666666666666667
823,11,0,5.666666666666667
823,12,0,5.666666666666667
823,13,0,6.142857142857143
823,14,0,7.0
823,15,0,7.0
823,16,0,7.2
823,17,1,7.454545454545454
823,18,0,7.083333333333333
823,19,0,7.428571428571429
823,20,0,7.8
823,21,0,7.8
823,22,1,8.058823529411764
823,23,1,7.722222222222222
823,24,1,8.380952380952381
823,25,1,8.136363636363637
823,26,3,8.25
823,27,4,8.25
823,28,6,8.615384615384615
823,29,9,8.615384615384615
823,30,11,8.785714285714286
823,31,12,9.310344827586206
823,32,11,9.233333333333333
823,33,13,9.548387096774194
823,34,14,10.030303030303031
824,0,0,0
824,1,0,0
824,2,0,0
824,3,0,0
824,4,0,3.0
824,5,0,3.0
824,6,0,3.0
824,7,0,3.5
824,8,0,4.666666666666667
824,9,0,5.0
824,10,0,5.6
824,11,0,5.6
824,12,0,5.833333333333333
824,13,0,6.285714285714286
824,14,0,6.285714285714286
824,15,0,6.5
824,16,0,6.5
824,17,0,6.7
824,18,0,6.7
824,19,0,7.666666666666667
824,20,0,7.666666666666667
824,21,0,7.666666666666667
824,22,1,7.666666666666667
824,23,0,8.466666666666667
824,24,0,8.0625
824,25,0,7.823529411764706
824,26,0,7.555555555555555
824,27,3,8.476190476190476
824,28,4,8.476190476190476
824,29,5,8.73913043478261
824,30,6,9.208333333333334
824,31,5,9.04
824,32,7,10.0
824,33,6,9.892857142857142
824,34,6,9.892857142857142
825,0,0,0
825,1,0,0
825,2,0,0
825,3,0,0
825,4,0,4.0
825,5,0,4.0
825,6,0,4.0
825,7,0,4.0
825,8,0,5.0
825,9,0,5.0
825,10,0,6.2
825,11,0,6.2
825,12,0,6.2
825,13,0,6.5
825,14,0,7.285714285714286
825,15,1,6.625
825,16,3,7.111111111111111
825,17,2,7.454545454545454
825,18,2,7.833333333333333
825,19,2,8.142857142857142
825,20,0,8.142857142857142
825,21,0,8.3125
825,22,0,8.5
825,23,3,8.157894736842104
825,24,2,8.0
825,25,2,8.652173913043478
825,26,4,8.48
825,27,5,8.48
825,28,5,8.962962962962964
825,29,5,9.357142857142858
825,30,4,9.413793103448276
825,31,4,9.67741935483871
825,32,5,10.125
825,33,5,10.06060606060606
825,34,5,10.029411764705882
826,0,0,0
826,1,0,0
826,2,0,0
826,3,0,0
826,4,0,4.0
826,5,0,4.0
826,6,0,4.0
826,7,0,4.0
826,8,0,5.75
826,9,0,5.75
826,10,0,6.666666666666667
826,11,0,6.666666666666667
826,12,0,7.142857142857143
826,13,0,6.5
826,14,0,6.777777777777778
826,15,0,6.818181818181818
826,16,0,7.0
826,17,0,7.0
826,18,0,7.428571428571429
826,19,0,7.428571428571429
826,20,0,7.066666666666666
826,21,0,7.066666666666666
826,22,0,7.823529411764706
826,23,0,7.5
826,24,0,8.105263157894736
826,25,0,7.9523809523809526
826,26,0,8.5
826,27,1,8.26086956521739
826,28,3,9.04
826,29,3,8.807692307692308
826,30,5,9.142857142857142
826,31,7,9.344827586206897
826,32,6,9.709677419354838
826,33,6,9.709677419354838
826,34,5,10.264705882352942
827,0,0,0
827,1,0,0
827,2,0,0
827,3,0,3.0
827,4,0,2.5
827,5,0,2.5
827,6,0,2.5
827,7,0,3.5
827,8,0,3.5
827,9,0,3.5
827,10,0,3.8
827,11,0,4.833333333333333
827,12,0,4.5
827,13,0,4.5
827,14,0,5.6
827,15,0,5.2727272727272725
827,16,0,6.0
827,17,0,5.714285714285714
827,18,0,5.714285714285714
827,19,0,5.714285714285714
827,20,0,6.6875
827,21,0,6.411764705882353
827,22,0,6.421052631578948
827,23,1,6.809523809523809
827,24,1,6.869565217391305
827,25,3,6.869565217391305
827,26,4,7.115384615384615
827,27,6,7.115384615384615
827,28,8,7.321428571428571
827,29,10,7.321428571428571
827,30,11,7.833333333333333
827,31,12,7.833333333333333
827,32,12,8.1875
827,33,12,8.1875
827,34,11,8.794117647058824
828,0,0,0
828,1,0,0
828,2,0,0
828,3,0,3.0
828,4,0,3.5
828,5,0,3.6666666666666665
828,6,0,3.6666666666666665
828,7,0,4.5
828,8,0,4.5
828,9,0,5.333333333333333
828,10,0,5.333333333333333
828,11,0,5.5
828,12,0,5.5
828,13,0,6.0
828,14,0,6.6
828,15,0,6.181818181818182
828,16,0,6.181818181818182
828,17,0,7.0
828,18,0,7.0
828,19,0,6.666666666666667
828,20,0,7.764705882352941
828,21,1,7.444444444444445
828,22,1,7.157894736842105
828,23,0,7.428571428571429
828,24,0,7.739130434782608
828,25,0,7.625
828,26,2,7.44
828,27,2,8.214285714285714
828,28,1,8.03448275862069
828,29,4,8.03448275862069
828,30,5,8.8125
828,31,5,8.8125
828,32,4,8.757575757575758
828,33,4,8.757575757575758
828,34,5,9.583333333333334
829,0,0,0
829,1,0,0
829,2,0,2.0
829,3,0,2.0
829,4,0,3.0
829,5,0,3.0
829,6,0,3.5
829,7,0,3.8
829,8,0,3.8
829,9,0,3.8
829,10,0,4.571428571428571
829,11,0,4.571428571428571
829,12,0,4.571428571428571
829,13,0,4.25
829,14,0,5.2
829,15,0,5.2
829,16,0,4.909090909090909
829,17,0,5.615384615384615
829,18,0,5.615384615384615
829,19,0,5.615384615384615
829,20,0,5.857142857142857
829,21,0,6.4
829,22,0,6.125
829,23,1,5.882352941176471
829,24,0,6.55
829,25,0,6.333333333333333
829,26,2,6.2272727272727275
829,27,2,6.043478260869565
829,28,2,6.96
829,29,2,6.846153846153846
829,30,3,6.846153846153846
829,31,4,7.357142857142857
829,32,3,7.733333333333333
829,33,3,7.733333333333333
829,34,2,8.1875
830,0,0,0
830,1,0,0
830,2,0,0
830,3,0,0
830,4,0,3.0
830,5,0,3.0
830,6,0,4.0
830,7,0,4.0
830,8,0,4.0
830,9,0,5.0
830,10,0,5.0
830,11,1,5.285714285714286
830,12,0,4.875
830,13,1,5.555555555555555
830,14,0,5.4
830,15,0,5.909090909090909
830,16,0,6.3076923076923075
830,17,1,6.3076923076923075
830,18,3,6.4
830,19,3,6.875
830,20,0,6.705882352941177
830,21,2,7.166666666666667
830,22,2,7.55
830,23,6,7.476190476190476
830,24,6,8.166666666666666
830,25,5,8.08
830,26,6,8.0
830,27,9,7.888888888888889
830,28,11,8.758620689655173
830,29,11,8.7
830,30,13,9.161290322580646
830,31,13,9.3125
830,32,13,9.696969696969697
830,33,13,10.257142857142858
830,34,14,10.555555555555555
831,0,0,0
831,1,0,0
831,2,0,2.0
831,3,0,2.0
831,4,0,3.0
831,5,0,3.0
831,6,0,4.0
831,7,0,4.75
831,8,0,4.75
831,9,0,5.285714285714286
831,10,0,5.285714285714286
831,11,0,5.285714285714286
831,12,0,6.1
831,13,0,6.1
831,14,0,5.7272727272727275
831,15,1,6.333333333333333
831,16,0,6.5
831,17,2,6.5
831,18,3,6.75
831,19,4,7.352941176470588
831,20,0,7.166666666666667
831,21,2,7.578947368421052
831,22,1,7.7727272727272725
831,23,3,7.7727272727272725
831,24,6,7.92
831,25,7,8.346153846153847
831,26,9,8.214285714285714
831,27,12,8.689655172413794
831,28,12,8.766666666666667
831,29,12,9.193548387096774
831,30,13,9.25
831,31,15,9.727272727272727
831,32,16,10.257142857142858
831,33,16,10.257142857142858
831,34,15,10.38888888888889
832,0,0,0
832,1,0,0
832,2,0,2.0
832,3,0,2.0
832,4,0,3.0
832,5,0,3.6666666666666665
832,6,0,4.0
832,7,0,4.0
832,8,0,4.5
832,9,0,4.5
832,10,0,4.5
832,11,0,4.857142857142857
832,12,0,5.25
832,13,0,5.25
832,14,0,5.25
832,15,0,5.888888888888889
832,16,0,6.4
832,17,1,6.818181818181818
832,18,1,6.923076923076923
832,19,2,6.923076923076923
832,20,0,6.714285714285714
832,21,0,7.2
832,22,1,7.588235294117647
832,23,0,7.444444444444445
832,24,2,7.444444444444445
832,25,3,7.9
832,26,3,8.476190476190476
832,27,4,8.272727272727273
832,28,4,9.166666666666666
832,29,4,9.04
832,30,6,9.04
832,31,7,9.444444444444445
832,32,8,9.862068965517242
832,33,9,9.862068965517242
832,34,9,10.6875
833,0,0,0
833,1,0,0
833,2,0,2.0
833,3,0,2.0
833,4,0,2.5
833,5,0,3.3333333333333335
833,6,0,3.3333333333333335
833,7,0,4.0
833,8,0,4.6
833,9,0,5.0
833,10,0,5.571428571428571
833,11,0,5.125
833,12,0,5.555555555555555
833,13,1,6.1
833,14,0,6.166666666666667
833,15,2,6.538461538461538
833,16,3,6.733333333333333
833,17,3,6.733333333333333
833,18,3,7.0
833,19,3,6.888888888888889
833,20,0,7.368421052631579
833,21,0,7.3
833,22,2,7.913043478260869
833,23,5,7.666666666666667
833,24,7,7.48
833,25,7,7.777777777777778
833,26,8,8.344827586206897
833,27,10,8.258064516129032
833,28,10,9.06060606060606
833,29,12,9.117647058823529
833,30,13,9.542857142857143
833,31,12,9.972972972972974
833,32,13,9.972972972972974
833,33,12,10.078947368421053
833,34,12,10.512820512820513
834,0,0,0
834,1,0,0
834,2,0,0
834,3,0,3.0
834,4,0,3.0
834,5,0,3.0
834,6,0,4.0
834,7,0,4.0
834,8,0,4.0
834,9,0,4.5
834,10,0,5.4
834,11,0,5.4
834,12,0,5.4
834,13,0,6.714285714285714
834,14,0,6.714285714285714
834,15,0,6.555555555555555
834,16,1,7.3
834,17,1,6.818181818181818
834,18,3,7.25
834,19,4,7.0
834,20,0,7.642857142857143
834,21,0,7.647058823529412
834,22,3,7.647058823529412
834,23,2,7.9
834,24,3,8.333333333333334
834,25,1,8.130434782608695
834,26,5,8.583333333333334
834,27,6,8.925925925925926
834,28,6,8.925925925925926
834,29,8,8.857142857142858
834,30,12,9.833333333333334
834,31,12,9.709677419354838
834,32,12,10.21875
834,33,13,10.558823529411764
834,34,14,11.028571428571428
835,0,0,0
835,1,0,0
835,2,0,2.0
835,3,0,2.0
835,4,0,2.0
835,5,0,3.0
835,6,0,3.0
835,7,0,3.0
835,8,0,3.4
835,9,0,4.0
835,10,0,4.0
835,11,0,4.0
835,12,0,4.25
835,13,0,5.0
835,14,0,5.2727272727272725
835,15,0,5.2727272727272725
835,16,0,6.071428571428571
835,17,0,6.071428571428571
835,18,0,6.4375
835,19,0,6.882352941176471
835,20,0,6.611111111111111
835,21,1,7.157894736842105
835,22,1,6.714285714285714
835,23,3,7.045454545454546
835,24,3,6.956521739130435
835,25,3,7.541666666666667
835,26,4,7.555555555555555
835,27,7,7.555555555555555
835,28,8,8.03448275862069
835,29,9,8.366666666666667
835,30,9,8.35483870967742
835,31,9,8.35483870967742
835,32,9,9.205882352941176
835,33,9,9.205882352941176
835,34,8,9.2
836,0,0,0
836,1,0,0
836,2,0,2.0
836,3,0,2.0
836,4,0,2.0
836,5,0,2.0
836,6,0,3.75
836,7,0,3.75
836,8,0,3.75
836,9,0,4.2
836,10,0,4.666666666666667
836,11,0,4.666666666666667
836,12,0,4.285714285714286
836,13,0,5.0
836,14,0,5.3
836,15,0,5.3
836,16,0,5.0
836,17,1,6.230769230769231
836,18,0,6.0
836,19,0,6.6
836,20,0,6.4375
836,21,0,6.777777777777778
836,22,0,7.1
836,23,0,7.1
836,24,0,7.363636363636363
836,25,0,7.869565217391305
836,26,2,7.869565217391305
836,27,4,8.16
836,28,6,8.653846153846153
836,29,9,8.481481481481481
836,30,12,8.928571428571429
836,31,11,9.333333333333334
836,32,12,9.333333333333334
836,33,12,9.59375
836,34,13,9.59375
837,0,0,0
837,1,0,0
837,2,0,2.0
837,3,0,2.0
837,4,0,2.3333333333333335
837,5,0,2.3333333333333335
837,6,0,2.5
837,7,0,3.0
837,8,0,3.0
837,9,0,3.0
837,10,0,4.142857142857143
837,11,0,4.142857142857143
837,12,0,4.142857142857143
837,13,0,5.333333333333333
837,14,0,5.333333333333333
837,15,0,5.9
837,16,0,6.2727272727272725
837,17,0,6.2727272727272725
837,18,0,6.538461538461538
837,19,2,6.538461538461538
837,20,0,6.666666666666667
837,21,3,7.25
837,22,3,6.777777777777778
837,23,6,6.777777777777778
837,24,5,7.363636363636363
837,25,1,7.304347826086956
837,26,1,7.48
837,27,6,7.777777777777778
837,28,8,7.777777777777778
837,29,8,8.068965517241379
837,30,9,8.4
837,31,8,8.290322580645162
837,32,8,8.290322580645162
837,33,7,8.636363636363637
837,34,8,9.0
838,0,0,0
838,1,0,0
838,2,0,0
838,3,0,3.0
838,4,0,3.5
838,5,0,3.5
838,6,0,3.5
838,7,0,5.0
838,8,0,5.0
838,9,0,5.0
838,10,0,5.8
838,11,0,6.5
838,12,0,6.5
838,13,0,7.142857142857143
838,14,0,7.142857142857143
838,15,0,7.333333333333333
838,16,1,7.333333333333333
838,17,2,8.0
838,18,2,8.0
838,19,2,8.666666666666666
838,20,0,8.666666666666666
838,21,0,8.941176470588236
838,22,3,8.941176470588236
838,23,3,9.45
838,24,3,9.095238095238095
838,25,3,9.565217391304348
838,26,7,9.958333333333334
838,27,8,10.346153846153847
838,28,8,10.346153846153847
838,29,10,10.75
838,30,14,11.172413793103448
838,31,13,11.1
838,32,13,11.90625
838,33,12,11.818181818181818
838,34,12,12.235294117647058
839,0,0,0
839,1,0,0
839,2,0,0
839,3,0,0
839,4,0,4.0
839,5,0,4.0
839,6,0,3.5
839,7,0,4.666666666666667
839,8,0,4.666666666666667
839,9,0,4.666666666666667
839,10,0,5.25
839,11,0,6.2
839,12,0,6.2
839,13,0,6.2
839,14,0,6.833333333333333
839,15,0,7.714285714285714
839,16,0,7.714285714285714
839,17,0,7.75
839,18,0,7.75
839,19,0,8.666666666666666
839,20,0,8.666666666666666
839,21,0,9.0
839,22,0,9.0
839,23,0,9.166666666666666
839,24,1,9.461538461538462
839,25,1,9.25
839,26,1,9.529411764705882
839,27,0,9.222222222222221
839,28,3,9.578947368421053
839,29,2,9.761904761904763
839,30,4,9.761904761904763
839,31,5,9.869565217391305
839,32,6,10.333333333333334
839,33,6,10.16
839,34,6,10.16
840,0,0,0
840,1,0,0
840,2,0,0
840,3,0,0
840,4,0,3.0
840,5,0,3.5
840,6,0,3.5
840,7,0,4.0
840,8,0,4.75
840,9,0,4.8
840,10,0,4.8
840,11,0,4.8
840,12,0,5.666666666666667
840,13,0,5.857142857142857
840,14,0,5.857142857142857
840,15,0,5.875
840,16,0,6.666666666666667
840,17,0,6.666666666666667
840,18,0,7.0
840,19,0,7.166666666666667
840,20,0,7.166666666666667
840,21,0,7.923076923076923
840,22,0,8.142857142857142
840,23,0,8.142857142857142
840,24,0,8.411764705882353
840,25,0,8.055555555555555
840,26,0,8.31578947368421
840,27,1,8.31578947368421
840,28,3,8.727272727272727
840,29,4,8.727272727272727
840,30,4,9.2
840,31,4,9.2
840,32,3,9.038461538461538
840,33,5,9.555555555555555
840,34,6,9.724137931034482
841,0,0,0
841,1,0,0
841,2,0,2.0
841,3,0,2.5
841,4,0,2.5
841,5,0,3.5
841,6,0,3.5
841,7,0,3.5
841,8,0,4.5
841,9,0,4.5
841,10,0,5.25
841,11,0,5.25
841,12,0,5.444444444444445
841,13,0,5.9
841,14,0,5.545454545454546
841,15,0,5.916666666666667
841,16,0,6.461538461538462
841,17,0,6.461538461538462
841,18,0,6.785714285714286
841,19,0,7.333333333333333
841,20,0,7.333333333333333
841,21,0,7.0
841,22,2,8.055555555555555
841,23,1,7.7894736842105265
841,24,1,7.285714285714286
841,25,0,7.863636363636363
841,26,4,7.84
841,27,7,8.346153846153847
841,28,8,8.464285714285714
841,29,9,8.96551724137931
841,30,9,8.833333333333334
841,31,11,9.161290322580646
841,32,10,9.575757575757576
841,33,10,9.575757575757576
841,34,9,9.558823529411764
842,0,0,0
842,1,0,0
842,2,0,2.0
842,3,0,2.0
842,4,0,3.0
842,5,0,3.0
842,6,0,4.0
842,7,0,4.0
842,8,0,5.2
842,9,0,5.2
842,10,0,5.833333333333333
842,11,0,5.833333333333333
842,12,0,6.142857142857143
842,13,0,6.222222222222222
842,14,0,6.222222222222222
842,15,0,5.8
842,16,0,6.2727272727272725
842,17,0,6.6923076923076925
842,18,0,6.6923076923076925
842,19,1,7.375
842,20,0,7.375
842,21,1,7.117647058823529
842,22,0,6.833333333333333
842,23,2,7.619047619047619
842,24,1,7.545454545454546
842,25,1,7.833333333333333
842,26,1,8.115384615384615
842,27,2,8.428571428571429
842,28,2,8.666666666666666
842,29,3,8.666666666666666
842,30,2,8.548387096774194
842,31,4,9.454545454545455
842,32,3,9.352941176470589
842,33,3,9.352941176470589
842,34,3,10.135135135135135
843,0,0,0
843,1,0,0
843,2,0,2.0
843,3,0,2.5
843,4,0,2.5
843,5,0,3.25
843,6,0,3.25
843,7,0,3.25
843,8,0,4.0
843,9,0,4.5
843,10,0,4.5
843,11,0,4.5
843,12,0,4.857142857142857
843,13,0,5.5
843,14,0,5.5
843,15,0,5.5
843,16,0,5.6
843,17,1,6.363636363636363
843,18,0,6.0
843,19,0,6.153846153846154
843,20,0,6.666666666666667
843,21,0,6.8125
843,22,0,6.529411764705882
843,23,0,6.529411764705882
843,24,0,6.7
843,25,0,6.636363636363637
843,26,4,6.636363636363637
843,27,4,6.75
843,28,5,7.4
843,29,4,7.518518518518518
843,30,5,8.107142857142858
843,31,6,8.03448275862069
843,32,6,8.566666666666666
843,33,7,8.84375
843,34,8,8.84375
844,0,0,0
844,1,0,0
844,2,0,0
844,3,0,0
844,4,0,0
844,5,0,4.0
844,6,0,4.0
844,7,0,4.0
844,8,0,5.0
844,9,0,5.75
844,10,0,5.75
844,11,0,5.75
844,12,0,6.6
844,13,0,6.571428571428571
844,14,0,6.571428571428571
844,15,0,6.888888888888889
844,16,0,7.6
844,17,1,7.090909090909091
844,18,3,7.75
844,19,4,7.384615384615385
844,20,0,8.0
844,21,0,8.375
844,22,3,8.375
844,23,6,7.944444444444445
844,24,8,8.35
844,25,6,8.681818181818182
844,26,7,8.416666666666666
844,27,11,8.88
844,28,13,9.222222222222221
844,29,14,9.678571428571429
844,30,13,9.758620689655173
844,31,15,10.233333333333333
844,32,15,10.75
844,33,15,11.181818181818182
844,34,15,11.176470588235293
845,0,0,0
845,1,0,0
845,2,0,0
845,3,0,3.0
845,4,0,3.0
845,5,0,3.0
845,6,0,4.25
845,7,0,4.25
845,8,0,4.25
845,9,0,4.4
845,10,0,5.166666666666667
845,11,0,5.428571428571429
845,12,0,5.428571428571429
845,13,0,5.428571428571429
845,14,0,6.375
845,15,0,6.777777777777778
845,16,0,6.3
845,17,0,7.090909090909091
845,18,0,7.5
845,19,0,7.076923076923077
845,20,0,7.642857142857143
845,21,0,6.9375
845,22,1,7.352941176470588
845,23,2,6.842105263157895
845,24,4,7.15
845,25,1,7.260869565217392
845,26,6,7.583333333333333
845,27,7,7.346153846153846
845,28,9,7.777777777777778
845,29,11,8.03448275862069
845,30,14,7.933333333333334
845,31,14,8.258064516129032
845,32,14,8.666666666666666
845,33,14,8.666666666666666
845,34,15,8.971428571428572
846,0,0,0
846,1,0,0
846,2,0,2.0
846,3,0,2.0
846,4,0,3.0
846,5,0,3.0
846,6,0,3.0
846,7,0,3.0
846,8,0,4.25
846,9,0,4.25
846,10,0,4.25
846,11,0,5.0
846,12,0,5.0
846,13,0,5.0
846,14,0,5.875
846,15,0,5.875
846,16,1,6.111111111111111
846,17,0,5.7
846,18,2,6.454545454545454
846,19,1,6.615384615384615
846,20,0,6.615384615384615
846,21,0,6.5
846,22,1,7.0588235294117645
846,23,0,7.1
846,24,2,7.1
846,25,3,7.3478260869565215
846,26,5,7.3478260869565215
846,27,4,7.384615384615385
846,28,5,7.888888888888889
846,29,5,7.821428571428571
846,30,7,7.821428571428571
846,31,8,8.67741935483871
846,32,9,8.67741935483871
846,33,8,9.06060606060606
846,34,9,9.558823529411764
847,0,0,0
847,1,0,0
847,2,0,0
847,3,0,0
847,4,0,4.0
847,5,0,4.0
847,6,0,4.0
847,7,0,4.0
847,8,0,5.333333333333333
847,9,0,5.75
847,10,0,5.75
847,11,0,7.0
847,12,0,7.0
847,13,0,7.0
847,14,0,7.285714285714286
847,15,0,8.125
847,16,0,8.125
847,17,0,8.555555555555555
847,18,0,8.555555555555555
847,19,1,9.3
847,20,0,8.636363636363637
847,21,0,9.083333333333334
847,22,0,9.285714285714286
847,23,0,9.25
847,24,0,9.25
847,25,0,9.222222222222221
847,26,1,9.45
847,27,0,9.142857142857142
847,28,1,9.142857142857142
847,29,0,9.391304347826088
847,30,2,9.958333333333334
847,31,3,10.076923076923077
847,32,2,10.285714285714286
847,33,4,10.285714285714286
847,34,5,10.10344827586207
848,0,0,0
848,1,0,0
848,2,0,0
848,3,0,3.0
848,4,0,3.0
848,5,0,3.0
848,6,0,3.0
848,7,0,4.666666666666667
848,8,0,4.666666666666667
848,9,0,4.666666666666667
848,10,0,5.5
848,11,0,6.0
848,12,0,6.0
848,13,0,6.0
848,14,1,6.285714285714286
848,15,0,6.222222222222222
848,16,1,6.9
848,17,0,6.636363636363637
848,18,0,6.636363636363637
848,19,0,7.428571428571429
848,20,0,7.428571428571429
848,21,2,7.133333333333334
848,22,1,7.111111111111111
848,23,1,7.473684210526316
848,24,1,7.3
848,25,1,7.666666666666667
848,26,0,8.173913043478262
848,27,1,8.173913043478262
848,28,0,8.041666666666666
848,29,3,9.0
848,30,3,8.814814814814815
848,31,3,9.357142857142858
848,32,2,9.172413793103448
848,33,4,9.6
848,34,3,9.96875
849,0,0,0
849,1,0,0
849,2,0,0
849,3,0,3.0
849,4,0,3.0
849,5,0,3.0
849,6,0,3.3333333333333335
849,7,0,3.75
849,8,0,4.0
849,9,0,4.0
849,10,0,4.333333333333333
849,11,0,4.714285714285714
849,12,0,4.714285714285714
849,13,0,4.714285714285714
849,14,0,5.666666666666667
849,15,0,5.666666666666667
849,16,0,5.666666666666667
849,17,0,6.2
849,18,0,6.818181818181818
849,19,0,7.333333333333333
849,20,0,7.333333333333333
849,21,0,8.285714285714286
849,22,0,8.285714285714286
849,23,0,7.866666666666666
849,24,0,8.375
849,25,0,8.5
849,26,2,8.45
849,27,2,8.19047619047619
849,28,3,8.19047619047619
849,29,3,8.791666666666666
849,30,3,8.64
849,31,5,9.153846153846153
849,32,5,9.037037037037036
849,33,5,9.321428571428571
849,34,5,9.733333333333333
850,0,0,0
850,1,0,0
850,2,0,2.0
850,3,0,2.0
850,4,0,2.0
850,5,0,3.0
850,6,0,3.75
850,7,0,3.75
850,8,0,4.4
850,9,0,5.0
850,10,0,5.0
850,11,0,5.571428571428571
850,12,0,6.25
850,13,0,6.25
850,14,0,6.777777777777778
850,15,0,7.4
850,16,0,6.909090909090909
850,17,1,8.0
850,18,1,7.642857142857143
850,19,2,7.642857142857143
850,20,0,8.0
850,21,3,8.470588235294118
850,22,1,7.947368421052632
850,23,2,7.947368421052632
850,24,1,8.695652173913043
850,25,0,8.458333333333334
850,26,1,8.923076923076923
850,27,2,8.74074074074074
850,28,3,9.333333333333334
850,29,4,9.333333333333334
850,30,6,9.225806451612904
850,31,7,10.030303030303031
850,32,6,9.911764705882353
850,33,7,9.911764705882353
850,34,6,10.194444444444445
851,0,0,0
851,1,0,0
851,2,0,0
851,3,0,3.0
851,4,0,3.5
851,5,0,3.5
851,6,0,4.333333333333333
851,7,0,4.333333333333333
851,8,0,5.4
851,9,0,5.4
851,10,0,5.4
851,11,0,6.571428571428571
851,12,0,6.0
851,13,0,6.555555555555555
851,14,0,6.636363636363637
851,15,0,7.166666666666667
851,16,0,7.166666666666667
851,17,0,7.6923076923076925
851,18,1,8.214285714285714
851,19,2,7.8
851,20,0,8.375
851,21,0,8.61111111111111
851,22,0,8.65
851,23,3,8.65
851,24,2,8.695652173913043
851,25,2,8.695652173913043
851,26,2,9.25925925925926
851,27,4,9.25925925925926
851,28,6,9.25
851,29,7,9.25
851,30,9,10.225806451612904
851,31,9,10.225806451612904
851,32,9,10.575757575757576
851,33,9,10.575757575757576
851,34,10,11.305555555555555
852,0,0,0
852,1,0,0
852,2,0,0
852,3,0,0
852,4,0,4.0
852,5,0,4.0
852,6,0,4.0
852,7,0,4.333333333333333
852,8,0,4.75
852,9,0,4.75
852,10,0,4.75
852,11,0,5.6
852,12,0,6.0
852,13,0,6.0
852,14,0,6.571428571428571
852,15,0,6.571428571428571
852,16,0,7.111111111111111
852,17,0,7.111111111111111
852,18,0,7.111111111111111
852,19,0,7.111111111111111
852,20,0,7.909090909090909
852,21,0,7.909090909090909
852,22,0,7.909090909090909
852,23,0,8.846153846153847
852,24,0,7.933333333333334
852,25,1,8.25
852,26,1,8.555555555555555
852,27,1,8.555555555555555
852,28,2,9.19047619047619
852,29,3,9.19047619047619
852,30,5,9.0
852,31,5,9.0
852,32,6,9.8
852,33,6,9.8
852,34,5,9.692307692307692
853,0,0,0
853,1,0,0
853,2,0,0
853,3,0,0
853,4,0,4.0
853,5,0,4.0
853,6,0,4.0
853,7,0,4.666666666666667
853,8,0,5.5
853,9,0,5.5
853,10,0,5.5
853,11,0,6.833333333333333
853,12,0,6.833333333333333
853,13,0,6.142857142857143
853,14,1,6.444444444444445
853,15,1,6.545454545454546
853,16,3,6.545454545454546
853,17,5,7.357142857142857
853,18,6,7.357142857142857
853,19,7,8.058823529411764
853,20,0,8.058823529411764
853,21,0,7.944444444444445
853,22,0,8.2
853,23,1,8.619047619047619
853,24,5,8.73913043478261
853,25,5,9.2
853,26,8,9.407407407407407
853,27,9,9.758620689655173
853,28,10,9.758620689655173
853,29,11,9.833333333333334
853,30,12,10.59375
853,31,13,10.666666666666666
853,32,13,11.088235294117647
853,33,13,11.5
853,34,13,11.5
854,0,0,0
854,1,0,0
854,2,0,0
854,3,0,3.0
854,4,0,3.5
854,5,0,3.5
854,6,0,4.333333333333333
854,7,0,4.333333333333333
854,8,0,5.6
854,9,0,5.6
854,10,0,5.6
854,11,0,6.333333333333333
854,12,0,6.857142857142857
854,13,0,6.857142857142857
854,14,0,7.5
854,15,0,8.0
854,16,0,8.5
854,17,0,9.0
854,18,0,9.0
854,19,0,9.583333333333334
854,20,0,10.076923076923077
854,21,0,10.076923076923077
854,22,0,10.285714285714286
854,23,0,10.8
854,24,0,11.0
854,25,0,11.0
854,26,1,11.0
854,27,1,11.055555555555555
854,28,2,11.368421052631579
854,29,1,11.0
854,30,2,11.0
854,31,1,11.318181818181818
854,32,3,11.695652173913043
854,33,4,11.458333333333334
854,34,6,11.458333333333334
855,0,0,0
855,1,0,0
855,2,0,0
855,3,0,3.0
855,4,0,3.0
855,5,0,3.5
855,6,0,3.5
855,7,0,4.333333333333333
855,8,0,4.75
855,9,0,5.4
855,10,0,5.4
855,11,0,6.285714285714286
855,12,0,6.285714285714286
855,13,0,6.75
855,14,0,6.222222222222222
855,15,0,6.8
855,16,0,6.833333333333333
855,17,0,7.384615384615385
855,18,1,7.071428571428571
855,19,1,7.071428571428571
855,20,0,7.375
855,21,0,7.5
855,22,0,7.85
855,23,0,8.238095238095237
855,24,0,7.954545454545454
855,25,0,8.478260869565217
855,26,0,8.0
855,27,0,8.461538461538462
855,28,1,8.962962962962964
855,29,0,9.137931034482758
855,30,0,9.137931034482758
855,31,0,9.419354838709678
855,32,0,9.90625
855,33,0,9.696969696969697
855,34,0,9.696969696969697
856,0,0,0
856,1,0,0
856,2,0,0
856,3,0,3.0
856,4,0,3.0
856,5,0,3.6666666666666665
856,6,0,3.6666666666666665
856,7,0,3.6666666666666665
856,8,0,4.5
856,9,0,5.0
856,10,0,5.5
856,11,0,5.857142857142857
856,12,0,6.375
856,13,0,6.375
856,14,0,6.888888888888889
856,15,0,6.909090909090909
856,16,1,6.909090909090909
856,17,1,7.076923076923077
856,18,4,7.076923076923077
856,19,5,7.466666666666667
856,20,0,7.466666666666667
856,21,1,7.882352941176471
856,22,1,8.105263157894736
856,23,5,7.85
856,24,5,8.0
856,25,7,8.25
856,26,8,8.08
856,27,11,8.538461538461538
856,28,12,8.62962962962963
856,29,14,9.035714285714286
856,30,14,9.172413793103448
856,31,14,10.03225806451613
856,32,14,10.15625
856,33,15,10.15625
856,34,14,10.333333333333334
857,0,0,0
857,1,0,0
857,2,0,2.0
857,3,0,2.0
857,4,0,3.0
857,5,0,3.6666666666666665
857,6,0,3.75
857,7,0,4.2
857,8,0,4.2
857,9,0,4.5
857,10,0,4.857142857142857
857,11,0,4.857142857142857
857,12,0,5.125
857,13,0,5.666666666666667
857,14,0,5.666666666666667
857,15,0,6.1
857,16,0,6.25
857,17,0,6.615384615384615
857,18,0,6.285714285714286
857,19,0,6.733333333333333
857,20,0,7.3125
857,21,0,7.388888888888889
857,22,0,7.388888888888889
857,23,0,6.85
857,24,1,7.818181818181818
857,25,0,7.333333333333333
857,26,1,7.333333333333333
857,27,1,7.964285714285714
857,28,1,7.964285714285714
857,29,2,7.827586206896552
857,30,3,7.827586206896552
857,31,3,8.65625
857,32,3,8.65625
857,33,3,8.970588235294118
857,34,3,8.970588235294118
858,0,0,0
858,1,0,0
858,2,0,0
858,3,0,3.0
858,4,0,3.0
858,5,0,3.3333333333333335
858,6,0,4.0
858,7,0,4.4
858,8,0,4.4
858,9,0,4.4
858,10,0,4.833333333333333
858,11,0,5.428571428571429
858,12,0,5.875
858,13,0,5.875
858,14,0,6.8
858,15,0,6.8
858,16,0,6.8
858,17,0,7.454545454545454
858,18,0,7.461538461538462
858,19,1,7.928571428571429
858,20,0,7.533333333333333
858,21,0,8.0
858,22,0,8.0
858,23,0,8.0
858,24,0,8.636363636363637
858,25,0,8.636363636363637
858,26,1,8.125
858,27,3,8.125
858,28,6,8.851851851851851
858,29,6,8.678571428571429
858,30,7,8.678571428571429
858,31,8,9.066666666666666
858,32,9,9.516129032258064
858,33,9,9.4375
858,34,10,9.4375
859,0,0,0
859,1,0,0
859,2,0,2.0
859,3,0,2.0
859,4,0,3.3333333333333335
859,5,0,3.3333333333333335
859,6,0,3.75
859,7,0,4.4
859,8,0,4.833333333333333
859,9,0,4.833333333333333
859,10,0,5.428571428571429
859,11,0,5.428571428571429
859,12,0,6.444444444444445
859,13,0,6.444444444444445
859,14,0,6.9
859,15,0,6.454545454545454
859,16,0,7.384615384615385
859,17,0,7.0
859,18,0,7.6
859,19,0,7.588235294117647
859,20,0,8.055555555555555
859,21,0,8.368421052631579
859,22,0,8.368421052631579
859,23,1,8.368421052631579
859,24,0,8.954545454545455
859,25,0,8.954545454545455
859,26,0,9.208333333333334
859,27,2,9.56
859,28,3,9.26923076923077
859,29,6,9.26923076923077
859,30,7,9.607142857142858
859,31,9,10.03448275862069
859,32,8,9.9
859,33,9,9.774193548387096
859,34,8,10.212121212121213
860,0,0,0
860,1,0,0
860,2,0,2.0
860,3,0,2.0
860,4,0,3.0
860,5,0,3.6666666666666665
860,6,0,3.6666666666666665
860,7,0,4.4
860,8,0,4.4
860,9,0,4.4
860,10,0,4.666666666666667
860,11,0,5.428571428571429
860,12,0,5.428571428571429
860,13,0,5.875
860,14,0,5.875
860,15,0,6.666666666666667
860,16,0,6.666666666666667
860,17,0,7.2
860,18,0,7.2
860,19,1,7.923076923076923
860,20,0,7.923076923076923
860,21,2,8.2
860,22,4,7.8125
860,23,6,8.0
860,24,5,7.894736842105263
860,25,5,8.333333333333334
860,26,6,8.181818181818182
860,27,8,8.541666666666666
860,28,10,9.115384615384615
860,29,11,9.115384615384615
860,30,13,9.642857142857142
860,31,13,9.642857142857142
860,32,12,10.2
860,33,13,10.64516129032258
860,34,13,11.151515151515152
861,0,0,0
861,1,0,0
861,2,0,0
861,3,0,0
861,4,0,3.5
861,5,0,3.5
861,6,0,3.5
861,7,0,4.5
861,8,0,4.5
861,9,0,5.333333333333333
861,10,0,5.333333333333333
861,11,0,5.333333333333333
861,12,0,6.0
861,13,0,6.5
861,14,0,6.0
861,15,0,6.5
861,16,0,6.090909090909091
861,17,1,6.583333333333333
861,18,0,6.3076923076923075
861,19,0,6.857142857142857
861,20,0,6.666666666666667
861,21,0,7.1875
861,22,0,7.444444444444445
861,23,0,7.444444444444445
861,24,0,7.2105263157894735
861,25,0,7.954545454545454
861,26,2,7.954545454545454
861,27,3,7.739130434782608
861,28,3,8.333333333333334
861,29,4,8.653846153846153
861,30,5,8.653846153846153
861,31,5,9.551724137931034
861,32,6,9.551724137931034
861,33,5,9.935483870967742
861,34,5,10.375
862,0,0,0
862,1,0,0
862,2,0,2.0
862,3,0,2.0
862,4,0,3.0
862,5,0,3.3333333333333335
862,6,0,3.3333333333333335
862,7,0,3.5
862,8,0,4.0
862,9,0,4.0
862,10,0,4.714285714285714
862,11,0,4.375
862,12,0,4.375
862,13,0,5.0
862,14,0,5.4
862,15,0,5.818181818181818
862,16,0,5.818181818181818
862,17,0,5.818181818181818
862,18,0,6.416666666666667
862,19,0,6.571428571428571
862,20,0,6.571428571428571
862,21,1,6.875
862,22,3,7.0
862,23,3,6.7894736842105265
862,24,5,7.142857142857143
862,25,4,7.3478260869565215
862,26,5,7.333333333333333
862,27,8,7.576923076923077
862,28,10,8.035714285714286
862,29,12,8.035714285714286
862,30,14,8.935483870967742
862,31,14,8.935483870967742
862,32,14,8.9375
862,33,14,9.735294117647058
862,34,14,9.771428571428572
863,0,0,0
863,1,0,0
863,2,0,0
863,3,0,2.0
863,4,0,2.0
863,5,0,3.0
863,6,0,3.0
863,7,0,4.0
863,8,0,4.0
863,9,0,5.4
863,10,0,5.4
863,11,0,5.4
863,12,0,6.571428571428571
863,13,0,6.571428571428571
863,14,0,6.571428571428571
863,15,1,7.25
863,16,1,7.3
863,17,1,7.909090909090909
863,18,0,8.076923076923077
863,19,0,8.076923076923077
863,20,0,7.857142857142857
863,21,0,8.9375
863,22,0,8.588235294117647
863,23,0,9.15
863,24,0,9.15
863,25,0,9.227272727272727
863,26,0,9.333333333333334
863,27,1,9.333333333333334
863,28,2,9.461538461538462
863,29,3,9.925925925925926
863,30,2,9.714285714285714
863,31,3,10.10344827586207
863,32,3,10.387096774193548
863,33,4,10.78125
863,34,3,11.088235294117647
864,0,0,0
864,1,0,0
864,2,0,0
864,3,0,0
864,4,0,4.0
864,5,0,4.0
864,6,0,4.0
864,7,0,4.666666666666667
864,8,0,4.75
864,9,0,4.75
864,10,0,5.2
864,11,0,5.5
864,12,0,5.5
864,13,0,5.428571428571429
864,14,0,5.428571428571429
864,15,0,6.125
864,16,0,6.333333333333333
864,17,0,6.8
864,18,0,6.363636363636363
864,19,0,6.666666666666667
864,20,0,6.714285714285714
864,21,0,6.714285714285714
864,22,0,6.466666666666667
864,23,1,7.166666666666667
864,24,1,6.947368421052632
864,25,1,6.7
864,26,3,6.954545454545454
864,27,5,7.333333333333333
864,28,8,7.333333333333333
864,29,8,7.615384615384615
864,30,10,7.615384615384615
864,31,10,8.107142857142858
864,32,11,8.482758620689655
864,33,12,8.466666666666667
864,34,13,8.466666666666667
865,0,0,0
865,1,0,0
865,2,0,0
865,3,0,0
865,4,0,4.0
865,5,0,3.5
865,6,0,3.5
865,7,0,3.0
865,8,0,4.25
865,9,0,4.0
865,10,0,4.0
865,11,0,4.0
865,12,0,5.142857142857143
865,13,0,5.142857142857143
865,14,0,5.125
865,15,0,5.125
865,16,0,6.2
865,17,0,6.2
865,18,0,6.0
865,19,0,6.769230769230769
865,20,0,6.5
865,21,0,7.2
865,22,0,7.176470588235294
865,23,0,6.888888888888889
865,24,0,7.7
865,25,0,7.476190476190476
865,26,0,7.476190476190476
865,27,0,7.476190476190476
865,28,0,8.434782608695652
865,29,0,8.166666666666666
865,30,1,8.48
865,31,0,8.26923076923077
865,32,2,8.88888888888889
865,33,3,9.03448275862069
865,34,4,9.6
866,0,0,0
866,1,0,0
866,2,0,0
866,3,0,0
866,4,0,4.0
866,5,0,4.0
866,6,0,4.0
866,7,0,4.0
866,8,0,5.75
866,9,0,5.75
866,10,0,5.75
866,11,0,6.4
866,12,0,7.0
866,13,0,7.0
866,14,0,7.0
866,15,1,7.857142857142857
866,16,1,7.888888888888889
866,17,2,8.4
866,18,1,8.0
866,19,3,8.0
866,20,0,8.928571428571429
866,21,0,8.928571428571429
866,22,2,8.823529411764707
866,23,3,8.61111111111111
866,24,3,9.210526315789474
866,25,2,9.523809523809524
866,26,4,9.523809523809524
866,27,6,10.043478260869565
866,28,7,10.36
866,29,8,10.807692307692308
866,30,8,10.851851851851851
866,31,8,11.321428571428571
866,32,7,11.566666666666666
866,33,9,11.96774193548387
866,34,8,12.272727272727273
867,0,0,0
867,1,0,0
867,2,0,2.0
867,3,0,2.0
867,4,0,2.0
867,5,0,3.6666666666666665
867,6,0,3.6666666666666665
867,7,0,3.6666666666666665
867,8,0,4.5
867,9,0,5.2
867,10,0,5.2
867,11,0,5.2
867,12,0,6.571428571428571
867,13,0,6.571428571428571
867,14,0,6.571428571428571
867,15,0,7.25
867,16,0,7.888888888888889
867,17,0,7.3
867,18,1,8.0
867,19,2,8.076923076923077
867,20,0,8.076923076923077
867,21,0,8.333333333333334
867,22,0,8.647058823529411
867,23,1,8.333333333333334
867,24,2,8.210526315789474
867,25,2,8.380952380952381
867,26,3,8.652173913043478
867,27,4,8.92
867,28,5,8.76923076923077
867,29,7,8.76923076923077
867,30,9,9.586206896551724
867,31,10,9.586206896551724
867,32,9,9.5
867,33,10,10.4375
867,34,9,10.393939393939394
868,0,0,0
868,1,0,0
868,2,0,0
868,3,0,3.0
868,4,0,3.0
868,5,0,3.5
868,6,0,3.5
868,7,0,4.75
868,8,0,4.75
868,9,0,4.75
868,10,0,5.4
868,11,0,5.428571428571429
868,12,0,5.875
868,13,0,5.875
868,14,0,5.9
868,15,0,6.545454545454546
868,16,0,6.545454545454546
868,17,0,6.166666666666667
868,18,1,7.285714285714286
868,19,1,6.933333333333334
868,20,0,6.933333333333334
868,21,2,7.294117647058823
868,22,3,7.631578947368421
868,23,4,7.35
868,24,3,7.7272727272727275
868,25,5,7.521739130434782
868,26,8,8.08
868,27,10,7.884615384615385
868,28,11,8.321428571428571
868,29,13,8.321428571428571
868,30,14,8.933333333333334
868,31,15,9.387096774193548
868,32,15,9.40625
868,33,16,9.393939393939394
868,34,17,10.4
869,0,0,0
869,1,0,0
869,2,0,0
869,3,0,2.0
869,4,0,2.0
869,5,0,3.0
869,6,0,3.0
869,7,0,4.25
869,8,0,4.25
869,9,0,4.25
869,10,0,4.8
869,11,0,5.166666666666667
869,12,0,5.166666666666667
869,13,0,5.166666666666667
869,14,0,6.0
869,15,0,6.375
869,16,0,6.375
869,17,0,6.375
869,18,0,7.0
869,19,0,7.0
869,20,0,7.666666666666667
869,21,0,7.230769230769231
869,22,0,7.333333333333333
869,23,0,7.588235294117647
869,24,0,7.777777777777778
869,25,0,7.777777777777778
869,26,0,7.619047619047619
869,27,2,7.619047619047619
869,28,3,7.695652173913044
869,29,4,7.695652173913044
869,30,4,8.26923076923077
869,31,5,8.26923076923077
869,32,5,8.185185185185185
869,33,6,8.5
869,34,7,8.9
870,0,0,0
870,1,0,0
870,2,0,2.0
870,3,0,2.0
870,4,0,3.0
870,5,0,3.0
870,6,0,3.6666666666666665
870,7,0,3.6666666666666665
870,8,0,4.25
870,9,0,4.25
870,10,0,5.0
870,11,0,5.0
870,12,0,5.833333333333333
870,13,0,5.833333333333333
870,14,0,6.428571428571429
870,15,0,7.0
870,16,0,7.0
870,17,0,7.8
870,18,0,7.2727272727272725
870,19,1,7.2727272727272725
870,20,0,7.785714285714286
870,21,1,7.785714285714286
870,22,0,7.9375
870,23,1,7.9375
870,24,0,8.055555555555555
870,25,1,8.473684210526315
870,26,3,7.9523809523809526
870,27,3,8.363636363636363
870,28,4,8.173913043478262
870,29,8,8.666666666666666
870,30,7,8.884615384615385
870,31,8,8.884615384615385
870,32,7,9.655172413793103
870,33,8,9.655172413793103
870,34,8,10.4375
871,0,0,0
871,1,0,0
871,2,0,0
871,3,0,0
871,4,0,4.0
871,5,0,4.0
871,6,0,4.0
871,7,0,5.0
871,8,0,5.5
871,9,0,6.0
871,10,0,6.0
871,11,0,5.666666666666667
871,12,0,5.666666666666667
871,13,0,6.571428571428571
871,14,0,6.375
871,15,0,6.375
871,16,1,6.375
871,17,0,6.8
871,18,0,7.0
871,19,0,6.75
871,20,0,6.923076923076923
871,21,0,7.266666666666667
871,22,0,7.0
871,23,0,7.055555555555555
871,24,1,7.7368421052631575
871,25,0,7.5
871,26,1,7.809523809523809
871,27,2,7.391304347826087
871,28,2,8.041666666666666
871,29,1,7.92
871,30,4,8.26923076923077
871,31,5,8.148148148148149
871,32,7,8.821428571428571
871,33,7,8.758620689655173
871,34,8,9.166666666666666
872,0,0,0
872,1,0,0
872,2,0,0
872,3,0,2.5
872,4,0,2.5
872,5,0,3.25
872,6,0,3.25
872,7,0,3.6
872,8,0,4.166666666666667
872,9,0,4.285714285714286
872,10,0,4.285714285714286
872,11,0,4.285714285714286
872,12,0,5.0
872,13,0,5.1
872,14,1,5.1
872,15,0,5.5
872,16,0,5.846153846153846
872,17,0,5.714285714285714
872,18,0,6.333333333333333
872,19,0,6.75
872,20,0,6.75
872,21,2,6.166666666666667
872,22,1,6.9523809523809526
872,23,1,6.7727272727272725
872,24,2,6.695652173913044
872,25,0,7.12
872,26,2,7.481481481481482
872,27,3,7.357142857142857
872,28,5,7.206896551724138
872,29,8,7.741935483870968
872,30,12,8.15625
872,31,13,8.647058823529411
872,32,14,8.571428571428571
872,33,14,9.432432432432432
872,34,13,9.368421052631579
873,0,0,0
873,1,0,0
873,2,0,0
873,3,0,3.0
873,4,0,3.0
873,5,0,3.0
873,6,0,3.6666666666666665
873,7,0,3.6666666666666665
873,8,0,3.5
873,9,0,3.5
873,10,0,4.6
873,11,0,4.6
873,12,0,5.714285714285714
873,13,0,5.714285714285714
873,14,0,6.5
873,15,0,6.5
873,16,0,6.888888888888889
873,17,0,6.888888888888889
873,18,1,7.7
873,19,0,7.181818181818182
873,20,0,7.75
873,21,0,8.214285714285714
873,22,0,8.214285714285714
873,23,0,8.6
873,24,0,8.6
873,25,0,8.941176470588236
873,26,0,8.941176470588236
873,27,2,9.55
873,28,4,9.55
873,29,6,9.238095238095237
873,30,8,10.173913043478262
873,31,7,9.958333333333334
873,32,7,10.36
873,33,7,10.23076923076923
873,34,9,10.74074074074074
874,0,0,0
874,1,0,0
874,2,0,0
874,3,0,0
874,4,0,4.0
874,5,0,4.0
874,6,0,4.666666666666667
874,7,0,5.25
874,8,0,5.25
874,9,0,5.8
874,10,0,6.333333333333333
874,11,0,6.333333333333333
874,12,0,6.333333333333333
874,13,0,7.625
874,14,0,7.0
874,15,0,7.4
874,16,0,7.5
874,17,2,7.5
874,18,3,7.571428571428571
874,19,5,8.0
874,20,0,8.176470588235293
874,21,0,8.176470588235293
874,22,1,8.666666666666666
874,23,3,8.666666666666666
874,24,6,8.545454545454545
874,25,6,8.708333333333334
874,26,7,9.076923076923077
874,27,7,9.076923076923077
874,28,8,8.962962962962964
874,29,8,9.428571428571429
874,30,11,10.0
874,31,11,10.0
874,32,11,9.96774193548387
874,33,11,10.757575757575758
874,34,12,10.764705882352942
875,0,0,0
875,1,0,0
875,2,0,0
875,3,0,3.0
875,4,0,3.0
875,5,0,3.0
875,6,0,3.75
875,7,0,3.75
875,8,0,4.4
875,9,0,4.4
875,10,0,5.428571428571429
875,11,0,5.428571428571429
875,12,0,5.428571428571429
875,13,0,6.444444444444445
875,14,0,6.0
875,15,0,6.0
875,16,0,6.636363636363637
875,17,0,7.166666666666667
875,18,0,7.166666666666667
875,19,0,7.357142857142857
875,20,0,7.357142857142857
875,21,1,7.5625
875,22,0,7.833333333333333
875,23,0,7.833333333333333
875,24,0,8.1
875,25,0,8.666666666666666
875,26,1,8.409090909090908
875,27,2,8.409090909090908
875,28,2,8.625
875,29,5,9.24
875,30,5,9.481481481481481
875,31,6,9.321428571428571
875,32,6,9.733333333333333
875,33,7,9.733333333333333
875,34,7,10.575757575757576
876,0,0,0
876,1,0,0
876,2,0,0
876,3,0,0
876,4,0,0
876,5,0,4.0
876,6,0,4.0
876,7,0,4.0
876,8,0,5.0
876,9,0,5.0
876,10,0,5.0
876,11,0,5.8
876,12,0,5.8
876,13,0,5.8
876,14,0,6.857142857142857
876,15,0,6.857142857142857
876,16,0,7.0
876,17,0,7.333333333333333
876,18,0,7.333333333333333
876,19,0,7.8
876,20,0,7.666666666666667
876,21,0,7.666666666666667
876,22,0,7.642857142857143
876,23,0,8.133333333333333
876,24,0,8.133333333333333
876,25,0,8.5
876,26,0,9.0
876,27,0,9.166666666666666
876,28,0,8.789473684210526
876,29,1,8.95
876,30,1,9.227272727272727
876,31,1,9.227272727272727
876,32,0,9.166666666666666
876,33,0,9.166666666666666
876,34,0,9.576923076923077
877,0,0,0
877,1,0,0
877,2,0,2.0
877,3,0,2.0
877,4,0,3.0
877,5,0,3.0
877,6,0,3.3333333333333335
877,7,0,3.3333333333333335
877,8,0,4.25
877,9,0,4.6
877,10,0,4.6
877,11,0,4.6
877,12,0,6.142857142857143
877,13,0,6.142857142857143
877,14,0,5.625
877,15,1,6.222222222222222
877,16,1,6.636363636363637
877,17,1,6.636363636363637
877,18,2,6.846153846153846
877,19,3,7.571428571428571
877,20,0,7.75
877,21,0,8.352941176470589
877,22,0,8.25
877,23,0,8.761904761904763
877,24,0,8.681818181818182
877,25,0,8.681818181818182
877,26,0,9.038461538461538
877,27,2,9.038461538461538
877,28,2,9.321428571428571
877,29,4,9.321428571428571
877,30,5,9.5
877,31,6,9.5
877,32,5,10.272727272727273
877,33,6,10.272727272727273
877,34,5,10.176470588235293
878,0,0,0
878,1,0,0
878,2,0,0
878,3,0,3.0
878,4,0,3.0
878,5,0,3.0
878,6,0,4.0
878,7,0,4.5
878,8,0,4.5
878,9,0,4.5
878,10,0,5.833333333333333
878,11,0,5.833333333333333
878,12,0,5.833333333333333
878,13,0,7.0
878,14,0,7.0
878,15,1,7.0
878,16,1,7.2
878,17,2,7.7272727272727275
878,18,2,7.416666666666667
878,19,3,7.923076923076923
878,20,0,8.266666666666667
878,21,0,8.266666666666667
878,22,3,8.125
878,23,4,8.333333333333334
878,24,4,8.45
878,25,4,8.380952380952381
878,26,7,8.227272727272727
878,27,6,8.75
878,28,10,9.16
878,29,10,9.26923076923077
878,30,11,9.814814814814815
878,31,11,9.892857142857142
878,32,11,10.344827586206897
878,33,11,10.838709677419354
878,34,12,10.838709677419354
879,0,0,0
879,1,0,0
879,2,0,0
879,3,0,3.0
879,4,0,3.0
879,5,0,3.5
879,6,0,3.5
879,7,0,4.666666666666667
879,8,0,4.666666666666667
879,9,0,5.25
879,10,0,5.25
879,11,0,6.0
879,12,0,6.666666666666667
879,13,0,6.666666666666667
879,14,0,6.625
879,15,0,6.625
879,16,0,6.7
879,17,1,6.7
879,18,1,7.0
879,19,1,7.0
879,20,0,7.428571428571429
879,21,2,7.428571428571429
879,22,2,7.529411764705882
879,23,3,7.529411764705882
879,24,2,7.85
879,25,3,8.090909090909092
879,26,5,8.458333333333334
879,27,7,8.24
879,28,7,8.62962962962963
879,29,9,9.068965517241379
879,30,9,9.068965517241379
879,31,8,9.483870967741936
879,32,9,9.9375
879,33,9,9.878787878787879
879,34,11,10.382352941176471
880,0,0,0
880,1,0,0
880,2,0,0
880,3,0,0
880,4,0,3.0
880,5,0,3.0
880,6,0,3.25
880,7,0,3.25
880,8,0,3.25
880,9,0,3.8
880,10,0,4.5
880,11,0,4.5
880,12,0,4.5
880,13,0,5.285714285714286
880,14,0,6.125
880,15,0,6.125
880,16,0,6.777777777777778
880,17,0,7.5
880,18,0,8.090909090909092
880,19,0,8.75
880,20,0,8.642857142857142
880,21,0,8.866666666666667
880,22,0,8.5
880,23,0,8.941176470588236
880,24,1,8.263157894736842
880,25,3,8.6
880,26,3,8.818181818181818
880,27,4,8.818181818181818
880,28,5,8.652173913043478
880,29,6,9.083333333333334
880,30,6,9.461538461538462
880,31,6,9.461538461538462
880,32,5,9.821428571428571
880,33,5,9.821428571428571
880,34,5,10.709677419354838
881,0,0,0
881,1,0,0
881,2,0,0
881,3,0,0
881,4,0,4.0
881,5,0,4.0
881,6,0,4.0
881,7,0,4.0
881,8,0,6.0
881,9,0,6.0
881,10,0,6.6
881,11,1,7.166666666666667
881,12,1,6.428571428571429
881,13,2,7.666666666666667
881,14,2,7.3
881,15,3,7.3
881,16,5,7.090909090909091
881,17,7,8.153846153846153
881,18,8,8.0
881,19,9,8.466666666666667
881,20,0,8.375
881,21,1,9.0
881,22,0,8.944444444444445
881,23,1,9.31578947368421
881,24,4,8.714285714285714
881,25,7,9.318181818181818
881,26,7,9.083333333333334
881,27,9,9.52
881,28,10,10.185185185185185
881,29,10,10.185185185185185
881,30,11,11.266666666666667
881,31,11,11.266666666666667
881,32,10,11.387096774193548
881,33,10,11.90625
881,34,9,12.411764705882353
882,0,0,0
882,1,0,0
882,2,0,0
882,3,0,3.0
882,4,0,3.5
882,5,0,3.5
882,6,0,3.5
882,7,0,4.666666666666667
882,8,0,5.5
882,9,0,5.5
882,10,0,5.5
882,11,0,6.4
882,12,0,7.166666666666667
882,13,0,7.166666666666667
882,14,0,8.0
882,15,0,8.625
882,16,0,8.625
882,17,0,9.222222222222221
882,18,0,9.090909090909092
882,19,0,9.090909090909092
882,20,0,9.090909090909092
882,21,0,10.461538461538462
882,22,0,9.857142857142858
882,23,0,9.9375
882,24,0,10.055555555555555
882,25,0,9.631578947368421
882,26,1,9.631578947368421
882,27,3,9.904761904761905
882,28,6,10.545454545454545
882,29,5,10.833333333333334
882,30,8,10.833333333333334
882,31,8,11.076923076923077
882,32,9,11.076923076923077
882,33,8,11.535714285714286
882,34,9,11.535714285714286
883,0,0,0
883,1,0,0
883,2,0,0
883,3,0,3.0
883,4,0,2.5
883,5,0,2.5
883,6,0,2.5
883,7,0,4.0
883,8,0,4.5
883,9,0,4.5
883,10,0,5.4
883,11,0,5.4
883,12,0,6.0
883,13,0,6.0
883,14,1,6.375
883,15,1,7.0
883,16,1,6.6
883,17,1,7.2727272727272725
883,18,1,7.083333333333333
883,19,3,7.384615384615385
883,20,0,7.8
883,21,1,7.8
883,22,2,7.294117647058823
883,23,2,8.210526315789474
883,24,1,7.904761904761905
883,25,1,7.904761904761905
883,26,2,8.56
883,27,4,8.56
883,28,4,8.576923076923077
883,29,6,9.392857142857142
883,30,6,9.241379310344827
883,31,6,9.241379310344827
883,32,7,10.0
883,33,7,10.0
883,34,6,10.411764705882353
884,0,0,0
884,1,0,0
884,2,0,2.0
884,3,0,2.0
884,4,0,2.0
884,5,0,2.6666666666666665
884,6,0,2.6666666666666665
884,7,0,3.25
884,8,0,3.8
884,9,0,3.8
884,10,0,3.8
884,11,0,4.666666666666667
884,12,0,5.142857142857143
884,13,0,5.75
884,14,0,5.75
884,15,0,6.111111111111111
884,16,0,5.7
884,17,0,6.083333333333333
884,18,0,5.6923076923076925
884,19,0,6.071428571428571
884,20,0,6.071428571428571
884,21,0,6.375
884,22,0,6.555555555555555
884,23,0,6.315789473684211
884,24,1,6.1
884,25,2,6.913043478260869
884,26,3,6.75
884,27,5,7.0
884,28,5,6.925925925925926
884,29,5,7.827586206896552
884,30,7,7.766666666666667
884,31,8,7.766666666666667
884,32,8,8.28125
884,33,9,8.696969696969697
884,34,9,8.735294117647058
885,0,0,0
885,1,0,0
885,2,0,2.0
885,3,0,2.0
885,4,0,2.0
885,5,0,2.5
885,6,0,3.0
885,7,0,3.0
885,8,0,3.75
885,9,0,3.75
885,10,0,4.666666666666667
885,11,0,4.666666666666667
885,12,0,4.666666666666667
885,13,0,5.875
885,14,0,5.875
885,15,0,5.875
885,16,0,5.875
885,17,0,6.7272727272727275
885,18,2,6.7272727272727275
885,19,2,6.416666666666667
885,20,0,7.076923076923077
885,21,0,7.533333333333333
885,22,3,7.533333333333333
885,23,2,7.333333333333333
885,24,3,7.947368421052632
885,25,2,7.666666666666667
885,26,3,8.73913043478261
885,27,4,8.52
885,28,6,9.038461538461538
885,29,6,9.074074074074074
885,30,8,9.464285714285714
885,31,8,9.8
885,32,7,9.709677419354838
885,33,8,10.0625
885,34,9,10.382352941176471
886,0,0,0
886,1,0,0
886,2,0,0
886,3,0,3.0
886,4,0,3.5
886,5,0,3.5
886,6,0,3.5
886,7,0,4.333333333333333
886,8,0,5.0
886,9,0,5.0
886,10,0,5.8
886,11,0,5.8
886,12,0,5.857142857142857
886,13,1,5.857142857142857
886,14,1,6.111111111111111
886,15,1,6.111111111111111
886,16,0,6.636363636363637
886,17,1,6.636363636363637
886,18,0,7.785714285714286
886,19,0,7.785714285714286
886,20,0,8.125
886,21,1,8.647058823529411
886,22,0,8.277777777777779
886,23,0,8.952380952380953
886,24,0,8.727272727272727
886,25,0,8.727272727272727
886,26,2,9.36
886,27,5,9.36
886,28,7,9.115384615384615
886,29,9,9.115384615384615
886,30,8,9.931034482758621
886,31,9,9.931034482758621
886,32,9,10.78125
886,33,10,10.78125
886,34,9,10.696969696969697
887,0,0,0
887,1,0,0
887,2,0,0
887,3,0,0
887,4,0,4.0
887,5,0,4.0
887,6,0,4.0
887,7,0,4.0
887,8,0,5.75
887,9,0,5.75
887,10,0,5.75
887,11,0,6.4
887,12,1,7.166666666666667
887,13,1,6.428571428571429
887,14,2,7.25
887,15,1,7.4
887,16,3,7.4
887,17,4,7.833333333333333
887,18,6,8.142857142857142
887,19,8,8.142857142857142
887,20,0,7.933333333333334
887,21,2,9.0
887,22,1,8.526315789473685
887,23,2,9.05
887,24,4,8.590909090909092
887,25,6,9.56
887,26,6,9.384615384615385
887,27,6,9.892857142857142
887,28,8,10.310344827586206
887,29,9,10.366666666666667
887,30,10,10.366666666666667
887,31,10,11.363636363636363
887,32,10,11.363636363636363
887,33,9,11.470588235294118
887,34,10,11.942857142857143
888,0,0,0
888,1,0,0
888,2,0,2.0
888,3,0,2.0
888,4,0,3.0
888,5,0,3.0
888,6,0,3.25
888,7,0,3.6
888,8,0,3.6
888,9,0,3.6
888,10,0,4.428571428571429
888,11,0,4.428571428571429
888,12,0,4.428571428571429
888,13,0,5.222222222222222
888,14,0,5.222222222222222
888,15,0,5.6
888,16,0,6.181818181818182
888,17,0,6.181818181818182
888,18,0,6.5
888,19,0,6.5
888,20,0,7.357142857142857
888,21,0,7.357142857142857
888,22,0,7.357142857142857
888,23,0,7.933333333333334
888,24,0,8.375
888,25,0,8.375
888,26,0,9.0
888,27,1,9.444444444444445
888,28,3,9.55
888,29,3,9.55
888,30,3,9.285714285714286
888,31,3,10.041666666666666
888,32,4,10.041666666666666
888,33,5,9.88
888,34,5,9.88
889,0,0,0
889,1,0,0
889,2,0,0
889,3,0,2.5
889,4,0,2.5
889,5,0,2.5
889,6,0,3.3333333333333335
889,7,0,3.3333333333333335
889,8,0,3.3333333333333335
889,9,0,4.2
889,10,0,4.2
889,11,0,4.2
889,12,0,5.285714285714286
889,13,0,5.285714285714286
889,14,0,5.285714285714286
889,15,0,6.333333333333333
889,16,0,6.333333333333333
889,17,0,6.333333333333333
889,18,1,7.545454545454546
889,19,1,7.083333333333333
889,20,0,6.769230769230769
889,21,1,7.071428571428571
889,22,2,7.176470588235294
889,23,3,7.176470588235294
889,24,3,7.2
889,25,3,7.2
889,26,3,7.6521739130434785
889,27,3,7.6521739130434785
889,28,4,8.08
889,29,7,8.08
889,30,8,8.62962962962963
889,31,8,8.62962962962963
889,32,8,9.6
889,33,8,9.6
889,34,7,10.15625
890,0,0,0
890,1,0,0
890,2,0,0
890,3,0,3.0
890,4,0,3.0
890,5,0,3.6666666666666665
890,6,0,3.6666666666666665
890,7,0,3.6666666666666665
890,8,0,4.25
890,9,0,5.0
890,10,0,5.0
890,11,0,5.5
890,12,0,5.5
890,13,0,6.142857142857143
890,14,0,6.75
890,15,0,6.75
890,16,0,7.444444444444445
890,17,0,7.444444444444445
890,18,1,8.0
890,19,1,7.454545454545454
890,20,0,7.6923076923076925
890,21,0,8.214285714285714
890,22,0,7.933333333333334
890,23,0,8.375
890,24,0,8.941176470588236
890,25,0,8.947368421052632
890,26,0,8.947368421052632
890,27,1,8.333333333333334
890,28,0,8.608695652173912
890,29,1,9.0
890,30,2,9.307692307692308
890,31,2,9.307692307692308
890,32,2,9.11111111111111
890,33,3,10.068965517241379
890,34,2,9.9
891,0,0,0
891,1,0,0
891,2,0,0
891,3,0,3.0
891,4,0,3.5
891,5,0,3.5
891,6,0,4.0
891,7,0,4.0
891,8,0,4.2
891,9,0,4.2
891,10,0,5.142857142857143
891,11,0,5.142857142857143
891,12,0,5.625
891,13,0,6.0
891,14,0,6.0
891,15,0,6.5
891,16,0,6.818181818181818
891,17,0,6.818181818181818
891,18,0,6.818181818181818
891,19,0,7.333333333333333
891,20,0,7.846153846153846
891,21,0,7.846153846153846
891,22,0,8.428571428571429
891,23,0,8.428571428571429
891,24,0,9.0
891,25,0,8.5625
891,26,2,9.666666666666666
891,27,2,9.263157894736842
891,28,2,9.263157894736842
891,29,2,9.772727272727273
891,30,5,9.772727272727273
891,31,4,10.083333333333334
891,32,4,10.44
891,33,3,10.307692307692308
891,34,3,10.307692307692308
892,0,0,0
892,1,0,0
892,2,0,0
892,3,0,0
892,4,0,0
892,5,0,0
892,6,0,3.0
892,7,0,3.5
892,8,0,3.5
892,9,0,4.5
892,10,0,4.5
892,11,0,4.8
892,12,0,4.8
892,13,0,5.5
892,14,0,5.5
892,15,0,6.142857142857143
892,16,0,6.75
892,17,0,6.75
892,18,0,7.333333333333333
892,19,0,7.333333333333333
892,20,0,7.454545454545454
892,21,0,8.0
892,22,0,8.0
892,23,0,7.538461538461538
892,24,0,8.285714285714286
892,25,0,8.1875
892,26,0,8.823529411764707
892,27,1,8.789473684210526
892,28,2,8.789473684210526
892,29,1,9.047619047619047
892,30,2,9.047619047619047
892,31,3,9.217391304347826
892,32,3,9.217391304347826
892,33,2,9.68
892,34,3,9.68
893,0,0,0
893,1,0,0
893,2,0,2.0
893,3,0,2.0
893,4,0,2.0
893,5,0,3.0
893,6,0,3.75
893,7,0,3.75
893,8,0,4.166666666666667
893,9,0,4.166666666666667
893,10,0,4.166666666666667
893,11,0,4.166666666666667
893,12,0,5.25
893,13,0,5.25
893,14,0,5.25
893,15,0,5.25
893,16,0,6.4
893,17,0,6.4
893,18,0,6.909090909090909
893,19,0,6.909090909090909
893,20,0,7.571428571428571
893,21,0,7.571428571428571
893,22,0,7.266666666666667
893,23,0,8.294117647058824
893,24,0,8.294117647058824
893,25,0,8.833333333333334
893,26,0,9.31578947368421
893,27,0,8.95
893,28,0,9.045454545454545
893,29,2,9.521739130434783
893,30,1,9.25
893,31,1,9.25
893,32,0,9.5
893,33,0,10.0
893,34,0,9.857142857142858
894,0,0,0
894,1,0,0
894,2,0,2.0
894,3,0,2.5
894,4,0,2.5
894,5,0,2.6666666666666665
894,6,0,2.6666666666666665
894,7,0,3.75
894,8,0,3.75
894,9,0,4.4
894,10,0,4.833333333333333
894,11,0,4.833333333333333
894,12,0,5.428571428571429
894,13,0,6.0
894,14,0,6.0
894,15,0,6.0
894,16,0,5.8
894,17,0,6.545454545454546
894,18,0,6.166666666666667
894,19,0,6.538461538461538
894,20,0,7.214285714285714
894,21,0,6.866666666666666
894,22,0,6.866666666666666
894,23,0,7.9411764705882355
894,24,0,7.9411764705882355
894,25,0,8.842105263157896
894,26,0,8.5
894,27,1,8.5
894,28,0,9.043478260869565
894,29,0,9.043478260869565
894,30,0,8.833333333333334
894,31,0,9.576923076923077
894,32,0,9.333333333333334
894,33,0,9.821428571428571
894,34,0,9.821428571428571
895,0,0,0
895,1,0,0
895,2,0,0
895,3,0,3.0
895,4,0,3.5
895,5,0,3.5
895,6,0,4.5
895,7,0,4.5
895,8,0,5.0
895,9,0,5.0
895,10,0,5.5
895,11,0,6.0
895,12,0,6.0
895,13,0,6.375
895,14,0,7.0
895,15,0,7.0
895,16,0,7.5
895,17,0,7.583333333333333
895,18,0,7.583333333333333
895,19,0,8.23076923076923
895,20,0,8.2
895,21,0,8.2
895,22,0,7.8125
895,23,1,8.470588235294118
895,24,0,8.68421052631579
895,25,1,8.68421052631579
895,26,3,9.095238095238095
895,27,4,9.095238095238095
895,28,3,9.391304347826088
895,29,5,9.958333333333334
895,30,5,9.76
895,31,6,10.23076923076923
895,32,6,10.11111111111111
895,33,6,11.068965517241379
895,34,5,11.0
896,0,0,0
896,1,0,0
896,2,0,2.0
896,3,0,2.0
896,4,0,3.0
896,5,0,3.0
896,6,0,3.5
896,7,0,3.5
896,8,0,4.2
896,9,0,4.5
896,10,0,4.5
896,11,0,5.142857142857143
896,12,0,5.142857142857143
896,13,0,5.75
896,14,0,5.75
896,15,0,6.444444444444445
896,16,0,6.0
896,17,0,6.636363636363637
896,18,0,6.636363636363637
896,19,1,7.428571428571429
896,20,0,7.428571428571429
896,21,0,7.133333333333334
896,22,2,6.8125
896,23,2,7.888888888888889
896,24,1,7.5
896,25,2,7.5
896,26,4,7.476190476190476
896,27,6,8.478260869565217
896,28,7,8.5
896,29,7,8.92
896,30,9,8.807692307692308
896,31,10,9.333333333333334
896,32,9,9.25
896,33,9,9.724137931034482
896,34,10,9.7
897,0,0,0
897,1,0,0
897,2,0,0
897,3,0,0
897,4,0,4.0
897,5,0,4.0
897,6,0,5.0
897,7,0,5.0
897,8,0,5.0
897,9,0,5.0
897,10,0,6.166666666666667
897,11,0,6.166666666666667
897,12,0,6.714285714285714
897,13,0,6.125
897,14,0,6.777777777777778
897,15,0,6.777777777777778
897,16,0,7.5
897,17,0,7.5
897,18,1,8.090909090909092
897,19,3,8.23076923076923
897,20,0,8.4
897,21,0,8.4
897,22,2,8.277777777777779
897,23,2,8.894736842105264
897,24,1,8.954545454545455
897,25,1,8.954545454545455
897,26,1,9.458333333333334
897,27,2,9.458333333333334
897,28,3,10.407407407407407
897,29,2,10.178571428571429
897,30,5,10.178571428571429
897,31,4,10.433333333333334
897,32,4,10.96774193548387
897,33,3,11.212121212121213
897,34,3,11.705882352941176
898,0,0,0
898,1,0,0
898,2,0,0
898,3,0,3.0
898,4,0,3.5
898,5,0,3.5
898,6,0,3.3333333333333335
898,7,0,4.25
898,8,0,4.0
898,9,0,4.666666666666667
898,10,0,4.714285714285714
898,11,0,4.714285714285714
898,12,0,5.333333333333333
898,13,0,5.333333333333333
898,14,0,5.2
898,15,0,5.2
898,16,0,6.0
898,17,0,5.769230769230769
898,18,0,5.769230769230769
898,19,0,5.571428571428571
898,20,0,6.4375
898,21,0,6.4375
898,22,0,6.176470588235294
898,23,1,6.176470588235294
898,24,0,6.95
898,25,1,6.95
898,26,3,6.590909090909091
898,27,5,6.590909090909091
898,28,7,7.48
898,29,9,7.48
898,30,9,7.703703703703703
898,31,11,7.703703703703703
898,32,10,8.344827586206897
898,33,11,8.666666666666666
898,34,10,8.67741935483871
899,0,0,0
899,1,0,0
899,2,0,2.0
899,3,0,2.0
899,4,0,3.0
899,5,0,3.6666666666666665
899,6,0,3.6666666666666665
899,7,0,4.5
899,8,0,5.0
899,9,0,5.0
899,10,0,5.0
899,11,1,5.5
899,12,1,5.75
899,13,2,5.75
899,14,2,5.555555555555555
899,15,2,6.7272727272727275
899,16,1,6.583333333333333
899,17,1,7.0
899,18,0,7.533333333333333
899,19,3,7.533333333333333
899,20,0,7.5
899,21,0,7.9411764705882355
899,22,0,7.95
899,23,5,7.95
899,24,4,8.583333333333334
899,25,4,8.583333333333334
899,26,6,8.62962962962963
899,27,8,9.107142857142858
899,28,8,9.137931034482758
899,29,9,9.533333333333333
899,30,9,9.580645161290322
899,31,10,10.09375
899,32,9,10.181818181818182
899,33,9,11.085714285714285
899,34,9,11.055555555555555
900,0,0,0
900,1,0,0
900,2,0,0
900,3,0,2.0
900,4,0,3.0
900,5,0,3.3333333333333335
900,6,0,3.3333333333333335
900,7,0,4.2
900,8,0,4.2
900,9,0,4.2
900,10,0,4.285714285714286
900,11,0,5.0
900,12,0,5.0
900,13,0,5.555555555555555
900,14,0,6.1
900,15,0,6.545454545454546
900,16,0,6.545454545454546
900,17,0,7.166666666666667
900,18,0,7.615384615384615
900,19,0,8.142857142857142
900,20,0,8.142857142857142
900,21,0,8.25
900,22,0,8.333333333333334
900,23,1,8.333333333333334
900,24,1,8.238095238095237
900,25,2,8.0
900,26,4,8.25
900,27,4,8.08
900,28,6,8.538461538461538
900,29,7,8.407407407407407
900,30,8,8.928571428571429
900,31,7,8.862068965517242
900,32,6,9.290322580645162
900,33,8,9.75
900,34,7,9.757575757575758
901,0,0,0
901,1,0,0
901,2,0,0
901,3,0,3.0
901,4,0,3.0
901,5,0,3.5
901,6,0,3.5
901,7,0,4.333333333333333
901,8,0,4.0
901,9,0,4.0
901,10,0,4.0
901,11,0,4.833333333333333
901,12,0,5.0
901,13,0,5.5
901,14,0,5.5
901,15,0,6.111111111111111
901,16,0,6.0
901,17,0,6.5
901,18,0,6.142857142857143
901,19,0,6.142857142857143
901,20,0,6.0625
901,21,0,6.529411764705882
901,22,0,6.277777777777778
901,23,1,6.95
901,24,0,6.714285714285714
901,25,0,6.714285714285714
901,26,0,6.869565217391305
901,27,1,7.16
901,28,1,6.961538461538462
901,29,1,6.961538461538462
901,30,0,7.689655172413793
901,31,1,7.689655172413793
901,32,0,7.6
901,33,1,7.935483870967742
901,34,0,8.333333333333334
902,0,0,0
902,1,0,0
902,2,0,2.0
902,3,0,2.0
902,4,0,2.0
902,5,0,3.5
902,6,0,3.5
902,7,0,3.5
902,8,0,3.5
902,9,0,4.75
902,10,0,4.75
902,11,0,4.8
902,12,0,5.833333333333333
902,13,0,5.833333333333333
902,14,0,6.0
902,15,0,6.0
902,16,0,6.875
902,17,0,6.875
902,18,0,7.222222222222222
902,19,0,7.222222222222222
902,20,0,7.666666666666667
902,21,0,7.666666666666667
902,22,0,7.857142857142857
902,23,0,7.857142857142857
902,24,1,8.588235294117647
902,25,0,8.588235294117647
902,26,2,8.277777777777779
902,27,4,8.6
902,28,4,8.818181818181818
902,29,6,9.208333333333334
902,30,8,9.56
902,31,7,9.925925925925926
902,32,8,9.925925925925926
902,33,8,9.821428571428571
902,34,9,10.241379310344827
903,0,0,0
903,1,0,0
903,2,0,0
903,3,0,3.0
903,4,0,3.0
903,5,0,3.0
903,6,0,3.0
903,7,0,4.5
903,8,0,4.5
903,9,0,5.0
903,10,0,5.0
903,11,0,5.666666666666667
903,12,0,5.666666666666667
903,13,0,6.285714285714286
903,14,0,6.875
903,15,0,6.875
903,16,0,7.555555555555555
903,17,1,7.555555555555555
903,18,2,8.166666666666666
903,19,3,8.166666666666666
903,20,0,7.846153846153846
903,21,1,8.375
903,22,1,8.176470588235293
903,23,1,8.055555555555555
903,24,1,8.619047619047619
903,25,0,8.5
903,26,1,8.304347826086957
903,27,2,8.32
903,28,4,8.846153846153847
903,29,3,9.035714285714286
903,30,2,8.862068965517242
903,31,3,9.366666666666667
903,32,4,9.5625
903,33,4,10.06060606060606
903,34,4,9.970588235294118
904,0,0,0
904,1,0,0
904,2,0,2.0
904,3,0,2.0
904,4,0,2.0
904,5,0,3.3333333333333335
904,6,0,3.3333333333333335
904,7,0,3.3333333333333335
904,8,0,3.75
904,9,0,4.6
904,10,0,4.6
904,11,0,4.6
904,12,0,5.333333333333333
904,13,1,6.142857142857143
904,14,0,5.625
904,15,0,6.444444444444445
904,16,0,6.7272727272727275
904,17,0,6.7272727272727275
904,18,0,6.416666666666667
904,19,0,7.571428571428571
904,20,0,7.2
904,21,0,7.2
904,22,0,7.333333333333333
904,23,0,7.842105263157895
904,24,0,8.142857142857142
904,25,0,7.863636363636363
904,26,2,7.863636363636363
904,27,1,7.92
904,28,3,8.5
904,29,3,8.333333333333334
904,30,4,8.821428571428571
904,31,4,9.3
904,32,5,9.774193548387096
904,33,4,10.151515151515152
904,34,5,10.151515151515152
905,0,0,0
905,1,0,0
905,2,0,0
905,3,0,3.0
905,4,0,3.5
905,5,0,3.5
905,6,0,4.75
905,7,0,4.75
905,8,0,4.75
905,9,0,5.0
905,10,0,5.666666666666667
905,11,0,5.142857142857143
905,12,0,4.75
905,13,0,5.9
905,14,0,5.9
905,15,0,5.545454545454546
905,16,0,6.615384615384615
905,17,1,6.357142857142857
905,18,3,6.8
905,19,4,7.0588235294117645
905,20,0,7.0588235294117645
905,21,0,6.944444444444445
905,22,0,8.0
905,23,3,7.636363636363637
905,24,5,7.791666666666667
905,25,4,8.26923076923077
905,26,5,8.074074074074074
905,27,5,8.551724137931034
905,28,8,8.551724137931034
905,29,9,9.129032258064516
905,30,12,9.4375
905,31,11,9.515151515151516
905,32,11,9.852941176470589
905,33,10,10.333333333333334
905,34,10,10.64864864864865
906,0,0,0
906,1,0,0
906,2,0,0
906,3,0,3.0
906,4,0,3.0
906,5,0,2.5
906,6,0,2.5
906,7,0,4.0
906,8,0,4.0
906,9,0,4.0
906,10,0,5.0
906,11,0,4.5
906,12,0,5.25
906,13,0,5.25
906,14,0,5.666666666666667
906,15,0,6.0
906,16,0,6.0
906,17,0,6.0
906,18,0,6.545454545454546
906,19,0,7.0
906,20,0,7.0
906,21,0,7.538461538461538
906,22,0,7.142857142857143
906,23,0,7.666666666666667
906,24,0,7.3125
906,25,0,7.9411764705882355
906,26,1,7.368421052631579
906,27,3,7.9
906,28,4,8.227272727272727
906,29,5,8.541666666666666
906,30,7,8.36
906,31,7,8.884615384615385
906,32,8,8.777777777777779
906,33,9,9.214285714285714
906,34,8,9.633333333333333
907,0,0,0
907,1,0,0
907,2,0,2.0
907,3,0,2.5
907,4,0,2.5
907,5,0,3.25
907,6,0,3.25
907,7,0,3.6666666666666665
907,8,0,3.6666666666666665
907,9,0,3.6666666666666665
907,10,0,4.375
907,11,0,4.375
907,12,0,4.375
907,13,0,4.375
907,14,0,5.4
907,15,0,5.4
907,16,0,6.0
907,17,0,6.333333333333333
907,18,0,6.846153846153846
907,19,0,6.846153846153846
907,20,0,7.214285714285714
907,21,0,7.214285714285714
907,22,0,8.125
907,23,0,8.125
907,24,0,8.125
907,25,0,8.166666666666666
907,26,0,8.3
907,27,2,8.363636363636363
907,28,3,8.363636363636363
907,29,2,8.130434782608695
907,30,2,9.0
907,31,2,8.846153846153847
907,32,3,8.846153846153847
907,33,2,9.214285714285714
907,34,3,9.689655172413794
908,0,0,0
908,1,0,0
908,2,0,0
908,3,0,3.0
908,4,0,3.5
908,5,0,3.5
908,6,0,3.5
908,7,0,4.333333333333333
908,8,0,5.0
908,9,0,5.0
908,10,0,6.166666666666667
908,11,0,6.166666666666667
908,12,0,6.125
908,13,0,6.666666666666667
908,14,0,6.666666666666667
908,15,0,7.1
908,16,1,7.545454545454546
908,17,1,7.083333333333333
908,18,3,7.083333333333333
908,19,3,7.214285714285714
908,20,0,7.8
908,21,0,7.625
908,22,2,7.294117647058823
908,23,7,8.31578947368421
908,24,6,8.05
908,25,7,8.05
908,26,8,8.363636363636363
908,27,10,8.956521739130435
908,28,9,9.4
908,29,10,9.4
908,30,10,9.88888888888889
908,31,10,9.88888888888889
908,32,9,10.379310344827585
908,33,9,10.933333333333334
908,34,9,11.129032258064516
909,0,0,0
909,1,0,0
909,2,0,0
909,3,0,0
909,4,0,4.0
909,5,0,4.0
909,6,0,4.0
909,7,0,4.75
909,8,0,4.75
909,9,0,5.2
909,10,0,5.833333333333333
909,11,0,5.833333333333333
909,12,0,5.833333333333333
909,13,0,6.428571428571429
909,14,0,7.125
909,15,0,7.125
909,16,0,7.125
909,17,0,8.4
909,18,0,8.4
909,19,0,9.0
909,20,0,9.0
909,21,0,9.0
909,22,0,9.133333333333333
909,23,1,9.6875
909,24,0,9.294117647058824
909,25,1,10.210526315789474
909,26,0,9.9
909,27,2,9.9
909,28,1,9.619047619047619
909,29,4,10.652173913043478
909,30,3,10.375
909,31,4,11.346153846153847
909,32,5,11.148148148148149
909,33,6,11.148148148148149
909,34,7,10.964285714285714
910,0,0,0
910,1,0,0
910,2,0,0
910,3,0,3.0
910,4,0,3.0
910,5,0,4.0
910,6,0,4.0
910,7,0,4.0
910,8,0,4.75
910,9,0,5.0
910,10,0,5.0
910,11,0,5.0
910,12,0,5.285714285714286
910,13,0,5.625
910,14,0,6.111111111111111
910,15,0,6.5
910,16,0,6.5
910,17,1,7.090909090909091
910,18,2,7.076923076923077
910,19,2,7.076923076923077
910,20,0,6.857142857142857
910,21,2,7.466666666666667
910,22,3,7.444444444444445
910,23,3,7.368421052631579
910,24,5,7.15
910,25,4,8.08695652173913
910,26,7,7.916666666666667
910,27,6,7.84
910,28,12,8.777777777777779
910,29,11,8.75
910,30,11,8.75
910,31,10,9.2
910,32,10,9.64516129032258
910,33,10,10.090909090909092
910,34,10,10.090909090909092
911,0,0,0
911,1,0,0
911,2,0,0
911,3,0,0
911,4,0,4.0
911,5,0,4.0
911,6,0,4.0
911,7,0,4.666666666666667
911,8,0,5.25
911,9,0,5.6
911,10,0,6.0
911,11,0,6.0
911,12,0,6.428571428571429
911,13,0,7.0
911,14,0,7.0
911,15,0,7.444444444444445
911,16,0,7.8
911,17,0,7.8
911,18,0,7.2727272727272725
911,19,0,7.916666666666667
911,20,0,8.071428571428571
911,21,1,8.533333333333333
911,22,0,7.823529411764706
911,23,0,8.333333333333334
911,24,0,8.157894736842104
911,25,1,8.65
911,26,2,8.521739130434783
911,27,2,9.0
911,28,3,8.8
911,29,5,9.074074074074074
911,30,6,9.535714285714286
911,31,5,9.413793103448276
911,32,6,9.866666666666667
911,33,5,10.1875
911,34,5,10.1875
912,0,0,0
912,1,0,0
912,2,0,0
912,3,0,0
912,4,0,3.0
912,5,0,3.0
912,6,0,3.0
912,7,0,4.0
912,8,0,4.0
912,9,0,4.5
912,10,0,4.5
912,11,0,4.5
912,12,0,4.5
912,13,0,5.625
912,14,0,5.625
912,15,0,5.625
912,16,0,6.8
912,17,0,6.363636363636363
912,18,0,6.363636363636363
912,19,0,6.538461538461538
912,20,0,7.214285714285714
912,21,0,7.214285714285714
912,22,1,7.8
912,23,1,8.0
912,24,1,8.0
912,25,0,8.285714285714286
912,26,3,8.045454545454545
912,27,4,7.913043478260869
912,28,6,8.76
912,29,7,8.576923076923077
912,30,9,8.962962962962964
912,31,8,9.241379310344827
912,32,8,9.241379310344827
912,33,9,9.580645161290322
912,34,9,9.580645161290322
913,0,0,0
913,1,0,0
913,2,0,0
913,3,0,0
913,4,0,3.0
913,5,0,3.0
913,6,0,3.0
913,7,0,3.0
913,8,0,4.0
913,9,0,4.0
913,10,0,4.6
913,11,0,4.666666666666667
913,12,0,4.666666666666667
913,13,0,4.666666666666667
913,14,0,5.75
913,15,0,5.75
913,16,0,5.75
913,17,0,6.9
913,18,0,6.9
913,19,0,6.9
913,20,0,7.833333333333333
913,21,0,7.833333333333333
913,22,0,7.833333333333333
913,23,0,8.615384615384615
913,24,0,8.0625
913,25,1,8.0625
913,26,1,7.444444444444445
913,27,4,8.4
913,28,4,8.19047619047619
913,29,8,8.545454545454545
913,30,8,8.958333333333334
913,31,9,8.958333333333334
913,32,8,8.84
913,33,8,9.678571428571429
913,34,9,9.678571428571429
914,0,0,0
914,1,0,0
914,2,0,2.0
914,3,0,2.0
914,4,0,2.0
914,5,0,3.0
914,6,0,3.0
914,7,0,3.25
914,8,0,4.0
914,9,0,4.0
914,10,0,4.0
914,11,0,4.5
914,12,0,5.285714285714286
914,13,0,5.285714285714286
914,14,0,5.75
914,15,0,5.75
914,16,0,6.111111111111111
914,17,0,6.6
914,18,0,6.6
914,19,0,7.181818181818182
914,20,0,7.666666666666667
914,21,0,8.0
914,22,0,8.0
914,23,0,8.25
914,24,0,8.25
914,25,0,8.277777777777779
914,26,3,8.277777777777779
914,27,3,8.095238095238095
914,28,4,8.095238095238095
914,29,5,8.347826086956522
914,30,7,8.75
914,31,6,9.038461538461538
914,32,7,9.038461538461538
914,33,6,9.392857142857142
914,34,7,9.793103448275861
915,0,0,0
915,1,0,0
915,2,0,0
915,3,0,2.0
915,4,0,2.0
915,5,0,2.0
915,6,0,2.3333333333333335
915,7,0,2.5
915,8,0,2.5
915,9,0,2.6
915,10,0,3.1666666666666665
915,11,0,3.1666666666666665
915,12,0,3.857142857142857
915,13,0,4.0
915,14,0,4.0
915,15,0,4.666666666666667
915,16,0,4.666666666666667
915,17,0,5.636363636363637
915,18,0,5.636363636363637
915,19,0,6.0
915,20,0,5.6923076923076925
915,21,0,6.25
915,22,0,6.0588235294117645
915,23,0,6.0588235294117645
915,24,0,6.555555555555555
915,25,0,6.6
915,26,0,6.6
915,27,0,7.095238095238095
915,28,0,7.095238095238095
915,29,0,7.454545454545454
915,30,0,7.708333333333333
915,31,0,7.708333333333333
915,32,0,7.708333333333333
915,33,0,8.12
915,34,0,8.692307692307692
916,0,0,0
916,1,0,0
916,2,0,0
916,3,0,0
916,4,0,3.5
916,5,0,3.5
916,6,0,4.333333333333333
916,7,0,4.333333333333333
916,8,0,4.5
916,9,0,4.5
916,10,0,5.2
916,11,0,5.2
916,12,0,5.5
916,13,0,6.142857142857143
916,14,0,6.142857142857143
916,15,0,6.5
916,16,0,6.5
916,17,1,6.5
916,18,1,6.666666666666667
916,19,3,7.153846153846154
916,20,0,7.333333333333333
916,21,0,7.6875
916,22,2,7.222222222222222
916,23,4,7.631578947368421
916,24,3,7.857142857142857
916,25,3,7.956521739130435
916,26,3,7.958333333333333
916,27,6,7.958333333333333
916,28,6,8.814814814814815
916,29,8,8.814814814814815
916,30,9,9.344827586206897
916,31,9,9.733333333333333
916,32,8,9.838709677419354
916,33,8,9.838709677419354
916,34,7,10.588235294117647
917,0,0,0
917,1,0,0
917,2,0,0
917,3,0,3.0
917,4,0,3.0
917,5,0,3.0
917,6,0,3.6666666666666665
917,7,0,3.6666666666666665
917,8,0,4.25
917,9,0,4.25
917,10,0,5.2
917,11,0,5.333333333333333
917,12,0,5.333333333333333
917,13,0,6.142857142857143
917,14,0,6.142857142857143
917,15,0,6.625
917,16,0,6.625
917,17,0,7.181818181818182
917,18,0,6.75
917,19,2,6.75
917,20,0,6.461538461538462
917,21,1,7.666666666666667
917,22,2,7.4375
917,23,4,7.117647058823529
917,24,4,6.944444444444445
917,25,4,8.047619047619047
917,26,5,7.818181818181818
917,27,5,8.333333333333334
917,28,6,8.333333333333334
917,29,7,8.73076923076923
917,30,9,9.222222222222221
917,31,9,9.758620689655173
917,32,9,9.758620689655173
917,33,10,9.9
917,34,12,10.84375
918,0,0,0
918,1,0,0
918,2,0,0
918,3,0,3.0
918,4,0,3.0
918,5,0,3.0
918,6,0,4.25
918,7,0,4.25
918,8,0,4.4
918,9,0,4.666666666666667
918,10,0,4.666666666666667
918,11,0,4.666666666666667
918,12,0,5.142857142857143
918,13,0,5.75
918,14,0,5.75
918,15,0,5.8
918,16,0,5.8
918,17,0,6.3076923076923075
918,18,0,6.0
918,19,2,6.6
918,20,0,6.705882352941177
918,21,0,6.705882352941177
918,22,1,6.9
918,23,1,7.238095238095238
918,24,2,7.045454545454546
918,25,2,6.826086956521739
918,26,3,7.5
918,27,3,7.37037037037037
918,28,4,7.517241379310345
918,29,5,7.966666666666667
918,30,7,7.903225806451613
918,31,9,8.1875
918,32,9,8.617647058823529
918,33,9,8.617647058823529
918,34,8,9.35135135135135
919,0,0,0
919,1,0,0
919,2,0,2.0
919,3,0,2.5
919,4,0,2.5
919,5,0,2.5
919,6,0,4.25
919,7,0,4.25
919,8,0,4.25
919,9,0,4.6
919,10,0,5.333333333333333
919,11,0,5.333333333333333
919,12,0,6.0
919,13,0,6.5
919,14,0,5.888888888888889
919,15,0,6.5
919,16,0,6.5
919,17,0,7.666666666666667
919,18,0,7.230769230769231
919,19,0,7.230769230769231
919,20,0,8.333333333333334
919,21,0,8.333333333333334
919,22,0,8.875
919,23,0,9.0
919,24,0,9.0
919,25,0,9.666666666666666
919,26,1,9.666666666666666
919,27,1,9.043478260869565
919,28,3,9.28
919,29,6,9.807692307692308
919,30,6,9.592592592592593
919,31,7,10.482758620689655
919,32,6,10.3
919,33,6,10.3
919,34,6,10.625
920,0,0,0
920,1,0,0
920,2,0,2.0
920,3,0,2.0
920,4,0,2.0
920,5,0,3.0
920,6,0,3.0
920,7,0,3.0
920,8,0,3.75
920,9,0,4.4
920,10,0,4.4
920,11,0,4.0
920,12,1,5.25
920,13,1,5.0
920,14,1,5.6
920,15,1,5.833333333333333
920,16,3,5.833333333333333
920,17,3,6.285714285714286
920,18,3,6.285714285714286
920,19,4,6.6875
920,20,0,7.235294117647059
920,21,0,7.578947368421052
920,22,0,7.3
920,23,2,7.434782608695652
920,24,5,7.434782608695652
920,25,5,8.192307692307692
920,26,6,7.962962962962963
920,27,9,8.107142857142858
920,28,9,8.551724137931034
920,29,9,9.096774193548388
920,30,10,9.53125
920,31,11,10.117647058823529
920,32,12,10.117647058823529
920,33,11,11.054054054054054
920,34,13,11.054054054054054
921,0,0,0
921,1,0,0
921,2,0,0
921,3,0,0
921,4,0,0
921,5,0,4.0
921,6,0,4.0
921,7,0,4.0
921,8,0,4.75
921,9,0,4.75
921,10,0,4.75
921,11,0,5.6
921,12,0,5.666666666666667
921,13,0,5.666666666666667
921,14,0,6.0
921,15,0,6.75
921,16,0,7.0
921,17,0,7.6
921,18,0,7.7272727272727275
921,19,0,8.25
921,20,0,8.25
921,21,0,8.461538461538462
921,22,0,9.071428571428571
921,23,0,9.333333333333334
921,24,0,9.333333333333334
921,25,0,9.9375
921,26,0,9.9375
921,27,0,10.88888888888889
921,28,0,10.88888888888889
921,29,2,10.88888888888889
921,30,2,10.8
921,31,3,10.954545454545455
921,32,5,10.954545454545455
921,33,5,11.44
921,34,7,11.44
922,0,0,0
922,1,0,0
922,2,0,0
922,3,0,3.0
922,4,0,3.5
922,5,0,4.0
922,6,0,4.0
922,7,0,4.0
922,8,0,4.0
922,9,0,4.0
922,10,0,4.285714285714286
922,11,0,4.285714285714286
922,12,0,4.625
922,13,0,4.625
922,14,0,5.0
922,15,0,5.2
922,16,0,5.2
922,17,0,5.2
922,18,0,6.083333333333333
922,19,0,6.083333333333333
922,20,0,6.615384615384615
922,21,0,6.285714285714286
922,22,0,6.4
922,23,0,6.4
922,24,0,7.0
922,25,0,7.0
922,26,0,7.0
922,27,0,7.578947368421052
922,28,0,7.35
922,29,1,7.857142857142857
922,30,2,7.739130434782608
922,31,1,8.04
922,32,2,8.04
922,33,2,8.074074074074074
922,34,3,8.074074074074074
923,0,0,0
923,1,0,0
923,2,0,0
923,3,0,3.0
923,4,0,3.0
923,5,0,3.0
923,6,0,3.0
923,7,0,4.0
923,8,0,4.25
923,9,0,4.25
923,10,0,4.25
923,11,0,5.2
923,12,0,5.666666666666667
923,13,0,6.428571428571429
923,14,0,6.428571428571429
923,15,0,6.428571428571429
923,16,0,6.555555555555555
923,17,0,7.3
923,18,0,7.25
923,19,0,7.25
923,20,0,7.846153846153846
923,21,0,7.846153846153846
923,22,1,7.5625
923,23,3,8.117647058823529
923,24,2,7.578947368421052
923,25,2,8.1
923,26,2,8.217391304347826
923,27,5,8.666666666666666
923,28,6,8.56
923,29,8,9.481481481481481
923,30,7,9.392857142857142
923,31,9,10.2
923,32,8,10.129032258064516
923,33,8,10.03125
923,34,9,10.484848484848484
924,0,0,0
924,1,0,0
924,2,0,0
924,3,0,0
924,4,0,4.0
924,5,0,4.0
924,6,0,4.0
924,7,0,4.666666666666667
924,8,0,5.5
924,9,0,5.5
924,10,0,6.2
924,11,0,6.2
924,12,0,7.0
924,13,0,6.285714285714286
924,14,0,7.0
924,15,0,7.0
924,16,1,7.0
924,17,4,7.333333333333333
924,18,8,7.333333333333333
924,19,8,7.714285714285714
924,20,0,8.333333333333334
924,21,0,8.125
924,22,1,8.125
924,23,1,8.947368421052632
924,24,2,8.947368421052632
924,25,4,9.238095238095237
924,26,10,9.458333333333334
924,27,11,9.458333333333334
924,28,12,9.44
924,29,16,10.481481481481481
924,30,17,10.607142857142858
924,31,19,11.137931034482758
924,32,20,11.774193548387096
924,33,21,11.774193548387096
924,34,20,12.333333333333334
925,0,0,0
925,1,0,0
925,2,0,2.0
925,3,0,2.0
925,4,0,2.0
925,5,0,3.0
925,6,0,3.0
925,7,0,2.75
925,8,0,3.6
925,9,0,3.1666666666666665
925,10,0,3.0
925,11,0,3.75
925,12,0,3.75
925,13,0,3.6666666666666665
925,14,0,3.6666666666666665
925,15,0,4.6
925,16,0,4.7272727272727275
925,17,0,5.5
925,18,0,5.5
925,19,0,5.615384615384615
925,20,0,6.357142857142857
925,21,0,6.357142857142857
925,22,0,6.357142857142857
925,23,1,6.375
925,24,1,6.888888888888889
925,25,2,6.888888888888889
925,26,1,6.5
925,27,3,7.454545454545454
925,28,4,7.3478260869565215
925,29,5,7.666666666666667
925,30,6,7.6
925,31,8,8.192307692307692
925,32,9,8.428571428571429
925,33,9,8.379310344827585
925,34,9,8.379310344827585
926,0,0,0
926,1,0,0
926,2,0,0
926,3,0,3.0
926,4,0,3.0
926,5,0,3.0
926,6,0,3.0
926,7,0,4.0
926,8,0,4.0
926,9,0,4.2
926,10,0,5.0
926,11,0,5.0
926,12,0,6.0
926,13,0,5.555555555555555
926,14,0,5.555555555555555
926,15,0,6.0
926,16,0,6.416666666666667
926,17,0,6.416666666666667
926,18,0,6.416666666666667
926,19,0,6.866666666666666
926,20,0,6.866666666666666
926,21,0,6.866666666666666
926,22,0,7.5
926,23,0,7.5
926,24,0,7.5
926,25,1,8.45
926,26,2,7.863636363636363
926,27,4,7.863636363636363
926,28,4,8.6
926,29,6,8.6
926,30,7,8.777777777777779
926,31,7,8.777777777777779
926,32,7,9.533333333333333
926,33,8,9.533333333333333
926,34,7,9.483870967741936
927,0,0,0
927,1,0,0
927,2,0,2.0
927,3,0,2.0
927,4,0,2.5
927,5,0,2.5
927,6,0,3.0
927,7,0,3.6
927,8,0,3.6
927,9,0,3.8333333333333335
927,10,0,4.428571428571429
927,11,0,4.428571428571429
927,12,0,4.875
927,13,0,4.875
927,14,0,5.666666666666667
927,15,0,6.1
927,16,0,6.25
927,17,0,6.6923076923076925
927,18,0,6.357142857142857
927,19,0,6.933333333333334
927,20,0,7.25
927,21,1,6.9411764705882355
927,22,1,6.666666666666667
927,23,3,7.6
927,24,2,7.428571428571429
927,25,3,7.428571428571429
927,26,5,7.5
927,27,6,8.04
927,28,5,8.37037037037037
927,29,9,8.857142857142858
927,30,10,8.827586206896552
927,31,10,9.2
927,32,10,9.65625
927,33,10,10.030303030303031
927,34,10,10.457142857142857
928,0,0,0
928,1,0,0
928,2,0,0
928,3,0,3.0
928,4,0,3.5
928,5,0,4.0
928,6,0,4.25
928,7,0,4.6
928,8,0,4.6
928,9,0,4.6
928,10,0,5.571428571428571
928,11,0,5.571428571428571
928,12,0,5.571428571428571
928,13,0,6.25
928,14,0,6.777777777777778
928,15,0,6.777777777777778
928,16,0,7.3
928,17,0,7.3
928,18,0,7.846153846153846
928,19,0,7.846153846153846
928,20,0,7.428571428571429
928,21,1,7.428571428571429
928,22,1,7.888888888888889
928,23,2,7.888888888888889
928,24,3,8.454545454545455
928,25,1,8.454545454545455
928,26,4,8.56
928,27,10,8.56
928,28,11,8.88888888888889
928,29,12,8.714285714285714
928,30,14,9.172413793103448
928,31,15,9.066666666666666
928,32,16,10.0
928,33,17,9.93939393939394
928,34,17,9.93939393939394
929,0,0,0
929,1,0,0
929,2,0,0
929,3,0,3.0
929,4,0,3.0
929,5,0,3.0
929,6,0,3.25
929,7,0,3.2
929,8,0,3.2
929,9,0,3.857142857142857
929,10,0,3.857142857142857
929,11,0,4.375
929,12,0,4.375
929,13,0,4.777777777777778
929,14,0,5.2
929,15,0,5.2
929,16,0,5.7272727272727275
929,17,0,6.25
929,18,1,6.25
929,19,2,5.923076923076923
929,20,0,7.0
929,21,1,6.470588235294118
929,22,3,7.0
929,23,4,7.0476190476190474
929,24,4,7.5
929,25,5,7.375
929,26,6,7.84
929,27,6,8.107142857142858
929,28,10,8.107142857142858
929,29,10,8.068965517241379
929,30,14,8.5
929,31,13,9.09375
929,32,15,9.09375
929,33,15,9.242424242424242
929,34,17,10.17142857142857
930,0,0,0
930,1,0,0
930,2,0,0
930,3,0,3.0
930,4,0,3.0
930,5,0,3.6666666666666665
930,6,0,4.0
930,7,0,4.0
930,8,0,4.4
930,9,0,5.0
930,10,0,5.0
930,11,0,5.428571428571429
930,12,0,6.0
930,13,0,5.555555555555555
930,14,1,5.555555555555555
930,15,1,5.909090909090909
930,16,1,6.5
930,17,0,6.785714285714286
930,18,2,7.2
930,19,2,7.0625
930,20,0,7.588235294117647
930,21,0,7.7894736842105265
930,22,3,7.5
930,23,4,8.08695652173913
930,24,4,8.041666666666666
930,25,4,7.88
930,26,7,7.884615384615385
930,27,8,8.586206896551724
930,28,7,8.6
930,29,7,8.6
930,30,7,9.363636363636363
930,31,9,9.363636363636363
930,32,8,9.742857142857142
930,33,8,10.13888888888889
930,34,7,10.526315789473685
931,0,0,0
931,1,0,0
931,2,0,2.0
931,3,0,2.0
931,4,0,3.0
931,5,0,3.6666666666666665
931,6,0,3.6666666666666665
931,7,0,3.5
931,8,0,3.5
931,9,0,4.4
931,10,0,4.4
931,11,0,4.666666666666667
931,12,0,4.666666666666667
931,13,0,5.714285714285714
931,14,0,6.0
931,15,0,6.777777777777778
931,16,0,7.1
931,17,0,7.1
931,18,0,7.909090909090909
931,19,0,7.909090909090909
931,20,0,8.333333333333334
931,21,0,9.0
931,22,0,9.0
931,23,0,8.5
931,24,0,9.5625
931,25,0,9.5625
931,26,0,9.5625
931,27,3,9.61111111111111
931,28,4,10.052631578947368
931,29,4,9.7
931,30,4,10.142857142857142
931,31,4,10.391304347826088
931,32,6,10.391304347826088
931,33,6,10.25
931,34,6,10.615384615384615
932,0,0,0
932,1,0,0
932,2,0,0
932,3,0,3.0
932,4,0,3.0
932,5,0,3.0
932,6,0,4.0
932,7,0,4.0
932,8,0,4.0
932,9,0,4.0
932,10,0,5.6
932,11,0,5.6
932,12,0,5.6
932,13,0,6.333333333333333
932,14,0,6.5
932,15,2,6.5
932,16,3,7.2727272727272725
932,17,3,7.2727272727272725
932,18,2,7.0
932,19,4,7.615384615384615
932,20,0,8.066666666666666
932,21,0,7.9375
932,22,0,8.11111111111111
932,23,4,8.105263157894736
932,24,4,8.681818181818182
932,25,5,8.391304347826088
932,26,5,8.375
932,27,7,8.16
932,28,9,9.178571428571429
932,29,10,9.178571428571429
932,30,10,9.241379310344827
932,31,10,9.733333333333333
932,32,10,10.28125
932,33,9,10.272727272727273
932,34,9,10.272727272727273
933,0,0,0
933,1,0,0
933,2,0,0
933,3,0,0
933,4,0,4.0
933,5,0,4.0
933,6,0,4.666666666666667
933,7,0,4.666666666666667
933,8,0,5.25
933,9,0,5.8
933,10,0,5.8
933,11,0,6.5
933,12,0,6.5
933,13,0,7.285714285714286
933,14,0,6.625
933,15,0,7.9
933,16,0,7.9
933,17,0,8.545454545454545
933,18,0,9.083333333333334
933,19,0,8.538461538461538
933,20,0,8.538461538461538
933,21,0,9.3125
933,22,3,8.882352941176471
933,23,5,9.6
933,24,4,9.380952380952381
933,25,4,9.380952380952381
933,26,5,9.458333333333334
933,27,7,9.88
933,28,9,9.846153846153847
933,29,12,9.846153846153847
933,30,11,10.357142857142858
933,31,13,10.793103448275861
933,32,12,10.766666666666667
933,33,13,11.225806451612904
933,34,13,11.25
934,0,0,0
934,1,0,0
934,2,0,2.0
934,3,0,2.5
934,4,0,2.5
934,5,0,3.3333333333333335
934,6,0,3.3333333333333335
934,7,0,4.0
934,8,0,4.0
934,9,0,4.8
934,10,0,5.166666666666667
934,11,0,5.166666666666667
934,12,0,5.857142857142857
934,13,0,5.857142857142857
934,14,0,6.5
934,15,0,7.0
934,16,0,7.0
934,17,0,7.6
934,18,0,8.181818181818182
934,19,0,7.666666666666667
934,20,0,8.076923076923077
934,21,0,8.133333333333333
934,22,0,8.375
934,23,0,8.375
934,24,0,8.277777777777779
934,25,0,8.19047619047619
934,26,0,8.19047619047619
934,27,2,7.695652173913044
934,28,3,7.8
934,29,4,8.346153846153847
934,30,7,8.185185185185185
934,31,8,8.071428571428571
934,32,8,8.448275862068966
934,33,7,8.935483870967742
934,34,7,8.875
935,0,0,0
935,1,0,0
935,2,0,0
935,3,0,3.0
935,4,0,3.0
935,5,0,3.0
935,6,0,4.25
935,7,0,4.25
935,8,0,4.6
935,9,0,4.6
935,10,0,5.714285714285714
935,11,0,5.714285714285714
935,12,0,6.125
935,13,0,6.125
935,14,0,6.888888888888889
935,15,0,7.3
935,16,0,7.636363636363637
935,17,0,7.636363636363637
935,18,0,7.916666666666667
935,19,0,8.0
935,20,0,8.0
935,21,0,8.333333333333334
935,22,0,7.9375
935,23,0,8.166666666666666
935,24,0,8.2
935,25,0,7.9523809523809526
935,26,0,8.583333333333334
935,27,1,8.36
935,28,1,8.115384615384615
935,29,1,9.0
935,30,0,8.827586206896552
935,31,1,8.827586206896552
935,32,2,9.129032258064516
935,33,4,9.625
935,34,4,9.852941176470589
936,0,0,0
936,1,0,0
936,2,0,0
936,3,0,3.0
936,4,0,3.0
936,5,0,3.6666666666666665
936,6,0,3.6666666666666665
936,7,0,3.6666666666666665
936,8,0,4.25
936,9,0,4.25
936,10,0,4.2
936,11,0,4.833333333333333
936,12,0,4.833333333333333
936,13,0,5.5
936,14,0,5.5
936,15,0,5.5
936,16,0,6.4
936,17,0,6.4
936,18,0,6.333333333333333
936,19,0,6.333333333333333
936,20,0,7.0
936,21,0,7.0
936,22,0,7.625
936,23,0,7.294117647058823
936,24,0,7.0
936,25,0,7.3
936,26,3,7.454545454545454
936,27,6,7.708333333333333
936,28,6,7.52
936,29,6,7.814814814814815
936,30,6,8.137931034482758
936,31,5,8.1
936,32,5,8.548387096774194
936,33,4,8.909090909090908
936,34,3,9.285714285714286
937,0,0,0
937,1,0,0
937,2,0,0
937,3,0,3.0
937,4,0,3.5
937,5,0,3.5
937,6,0,4.75
937,7,0,4.75
937,8,0,5.166666666666667
937,9,0,5.166666666666667
937,10,0,5.714285714285714
937,11,0,5.714285714285714
937,12,0,6.125
937,13,0,6.555555555555555
937,14,0,6.555555555555555
937,15,0,7.454545454545454
937,16,0,7.0
937,17,0,7.0
937,18,0,7.142857142857143
937,19,1,7.666666666666667
937,20,0,7.823529411764706
937,21,1,7.823529411764706
937,22,0,8.0
937,23,0,8.5
937,24,1,8.285714285714286
937,25,0,8.727272727272727
937,26,2,8.72
937,27,4,8.72
937,28,7,9.357142857142858
937,29,8,9.241379310344827
937,30,9,9.7
937,31,10,10.03125
937,32,11,10.454545454545455
937,33,10,10.352941176470589
937,34,10,11.194444444444445
938,0,0,0
938,1,0,0
938,2,0,2.0
938,3,0,2.0
938,4,0,3.0
938,5,0,3.6666666666666665
938,6,0,3.6666666666666665
938,7,0,4.5
938,8,0,4.5
938,9,0,5.666666666666667
938,10,0,5.666666666666667
938,11,0,5.857142857142857
938,12,0,6.375
938,13,0,6.375
938,14,0,6.777777777777778
938,15,0,6.777777777777778
938,16,1,7.0
938,17,4,7.416666666666667
938,18,3,7.076923076923077
938,19,4,7.714285714285714
938,20,0,7.533333333333333
938,21,1,8.0
938,22,0,7.555555555555555
938,23,4,8.0
938,24,5,7.809523809523809
938,25,5,8.08695652173913
938,26,7,8.08695652173913
938,27,8,8.76
938,28,11,8.76
938,29,10,9.296296296296296
938,30,12,9.296296296296296
938,31,12,9.96551724137931
938,32,13,10.466666666666667
938,33,14,10.580645161290322
938,34,14,11.09375
939,0,0,0
939,1,0,0
939,2,0,0
939,3,0,2.0
939,4,0,2.3333333333333335
939,5,0,2.3333333333333335
939,6,0,3.0
939,7,0,3.4
939,8,0,4.0
939,9,0,4.428571428571429
939,10,0,4.428571428571429
939,11,0,4.428571428571429
939,12,0,5.125
939,13,0,5.444444444444445
939,14,0,5.444444444444445
939,15,0,5.444444444444445
939,16,0,6.333333333333333
939,17,0,6.333333333333333
939,18,0,5.923076923076923
939,19,1,7.066666666666666
939,20,0,6.8125
939,21,0,7.235294117647059
939,22,0,7.4
939,23,2,7.4
939,24,3,7.478260869565218
939,25,1,7.76
939,26,5,7.615384615384615
939,27,7,7.481481481481482
939,28,7,8.266666666666667
939,29,9,8.266666666666667
939,30,10,8.161290322580646
939,31,12,8.625
939,32,12,9.029411764705882
939,33,13,9.029411764705882
939,34,12,9.028571428571428
940,0,0,0
940,1,0,0
940,2,0,2.0
940,3,0,2.0
940,4,0,3.0
940,5,0,3.0
940,6,0,4.0
940,7,0,4.75
940,8,0,4.75
940,9,0,4.75
940,10,0,5.6
940,11,0,6.333333333333333
940,12,0,7.0
940,13,0,7.625
940,14,0,7.625
940,15,1,7.888888888888889
940,16,0,7.909090909090909
940,17,1,7.5
940,18,1,7.230769230769231
940,19,1,7.857142857142857
940,20,0,7.5
940,21,0,8.117647058823529
940,22,0,7.684210526315789
940,23,0,7.684210526315789
940,24,0,7.65
940,25,0,7.954545454545454
940,26,1,7.954545454545454
940,27,2,7.5
940,28,5,7.6
940,29,6,8.11111111111111
940,30,5,7.964285714285714
940,31,5,7.964285714285714
940,32,6,8.066666666666666
940,33,6,8.53125
940,34,6,8.53125
941,0,0,0
941,1,0,0
941,2,0,0
941,3,0,3.0
941,4,0,3.5
941,5,0,4.0
941,6,0,4.0
941,7,0,4.75
941,8,0,5.2
941,9,0,5.2
941,10,0,5.833333333333333
941,11,0,5.875
941,12,0,5.444444444444445
941,13,0,6.0
941,14,0,6.545454545454546
941,15,0,6.166666666666667
941,16,1,6.166666666666667
941,17,2,7.133333333333334
941,18,1,6.875
941,19,1,6.875
941,20,0,7.277777777777778
941,21,2,7.631578947368421
941,22,2,7.285714285714286
941,23,4,7.681818181818182
941,24,3,8.125
941,25,4,8.44
941,26,4,8.88888888888889
941,27,6,8.88888888888889
941,28,8,9.137931034482758
941,29,8,9.137931034482758
941,30,9,9.64516129032258
941,31,11,10.0
941,32,11,10.0
941,33,11,10.529411764705882
941,34,12,10.75
942,0,0,0
942,1,0,0
942,2,0,0
942,3,0,3.0
942,4,0,3.0
942,5,0,4.0
942,6,0,4.0
942,7,0,4.0
942,8,0,4.0
942,9,0,5.166666666666667
942,10,0,5.166666666666667
942,11,0,5.166666666666667
942,12,0,5.714285714285714
942,13,0,6.375
942,14,0,6.375
942,15,0,6.375
942,16,1,7.0
942,17,2,7.181818181818182
942,18,4,7.666666666666667
942,19,5,7.384615384615385
942,20,0,7.857142857142857
942,21,1,8.125
942,22,1,8.125
942,23,4,8.105263157894736
942,24,4,8.105263157894736
942,25,3,8.454545454545455
942,26,6,8.454545454545455
942,27,8,8.84
942,28,10,8.84
942,29,13,9.444444444444445
942,30,15,9.892857142857142
942,31,14,10.0
942,32,14,10.433333333333334
942,33,13,10.387096774193548
942,34,13,10.875
943,0,0,0
943,1,0,0
943,2,0,2.0
943,3,0,2.0
943,4,0,3.0
943,5,0,3.0
943,6,0,3.0
943,7,0,3.75
943,8,0,3.75
943,9,0,4.0
943,10,0,4.666666666666667
943,11,0,4.666666666666667
943,12,0,4.857142857142857
943,13,0,4.857142857142857
943,14,0,5.375
943,15,0,5.777777777777778
943,16,0,6.0
943,17,0,6.0
943,18,0,6.0
943,19,0,6.545454545454546
943,20,0,6.916666666666667
943,21,0,6.916666666666667
943,22,0,6.916666666666667
943,23,0,7.384615384615385
943,24,0,7.928571428571429
943,25,0,7.928571428571429
943,26,1,7.928571428571429
943,27,2,8.647058823529411
943,28,3,8.647058823529411
943,29,4,8.842105263157896
943,30,6,9.4
943,31,5,9.19047619047619
943,32,6,9.727272727272727
943,33,5,10.041666666666666
943,34,6,10.041666666666666
944,0,0,0
944,1,0,0
944,2,0,2.0
944,3,0,2.0
944,4,0,2.3333333333333335
944,5,0,2.3333333333333335
944,6,0,3.0
944,7,0,3.6
944,8,0,3.6
944,9,0,4.166666666666667
944,10,0,4.714285714285714
944,11,0,4.714285714285714
944,12,0,5.375
944,13,0,5.888888888888889
944,14,0,5.888888888888889
944,15,0,6.5
944,16,0,6.5
944,17,0,7.0
944,18,0,7.230769230769231
944,19,0,7.230769230769231
944,20,0,7.785714285714286
944,21,0,7.9375
944,22,0,7.9375
944,23,0,7.647058823529412
944,24,1,8.166666666666666
944,25,0,8.45
944,26,3,8.142857142857142
944,27,6,7.954545454545454
944,28,8,8.64
944,29,9,8.64
944,30,9,8.5
944,31,10,8.962962962962964
944,32,9,9.379310344827585
944,33,9,9.379310344827585
944,34,10,9.806451612903226
945,0,0,0
945,1,0,0
945,2,0,2.0
945,3,0,2.5
945,4,0,2.5
945,5,0,3.25
945,6,0,3.25
945,7,0,3.25
945,8,0,3.25
945,9,0,4.666666666666667
945,10,0,4.666666666666667
945,11,0,5.285714285714286
945,12,0,5.875
945,13,0,5.875
945,14,0,5.875
945,15,0,7.1
945,16,0,6.636363636363637
945,17,0,6.636363636363637
945,18,1,6.923076923076923
945,19,3,7.5
945,20,0,7.75
945,21,0,7.529411764705882
945,22,1,8.578947368421053
945,23,0,8.4
945,24,1,8.4
945,25,2,8.863636363636363
945,26,2,8.84
945,27,2,9.074074074074074
945,28,5,9.074074074074074
945,29,6,8.928571428571429
945,30,8,9.482758620689655
945,31,8,9.806451612903226
945,32,8,9.806451612903226
945,33,7,9.71875
945,34,8,10.176470588235293
946,0,0,0
946,1,0,0
946,2,0,2.0
946,3,0,2.0
946,4,0,2.5
946,5,0,2.5
946,6,0,3.6666666666666665
946,7,0,3.75
946,8,0,3.75
946,9,0,4.4
946,10,0,4.833333333333333
946,11,0,4.833333333333333
946,12,0,4.714285714285714
946,13,0,4.714285714285714
946,14,0,5.444444444444445
946,15,0,5.444444444444445
946,16,0,5.444444444444445
946,17,0,5.7
946,18,0,6.454545454545454
946,19,0,6.454545454545454
946,20,0,6.454545454545454
946,21,0,7.615384615384615
946,22,0,7.615384615384615
946,23,0,8.285714285714286
946,24,0,8.285714285714286
946,25,0,8.666666666666666
946,26,2,8.25
946,27,2,8.555555555555555
946,28,2,9.0
946,29,2,8.75
946,30,5,9.380952380952381
946,31,6,9.695652173913043
946,32,7,9.695652173913043
946,33,6,10.2
946,34,6,10.038461538461538
947,0,0,0
947,1,0,0
947,2,0,2.0
947,3,0,2.0
947,4,0,3.0
947,5,0,3.3333333333333335
947,6,0,3.3333333333333335
947,7,0,3.75
947,8,0,4.4
947,9,0,4.4
947,10,0,4.4
947,11,0,5.571428571428571
947,12,0,5.571428571428571
947,13,0,6.666666666666667
947,14,0,6.666666666666667
947,15,1,6.666666666666667
947,16,1,7.25
947,17,1,7.25
947,18,0,7.428571428571429
947,19,0,8.0
947,20,0,7.8125
947,21,0,7.8125
947,22,0,8.88888888888889
947,23,1,8.88888888888889
947,24,0,9.1
947,25,2,9.523809523809524
947,26,3,9.782608695652174
947,27,4,10.166666666666666
947,28,4,10.423076923076923
947,29,5,10.423076923076923
947,30,7,10.75
947,31,7,11.172413793103448
947,32,7,11.451612903225806
947,33,7,11.451612903225806
947,34,6,11.787878787878787
948,0,0,0
948,1,0,0
948,2,0,2.0
948,3,0,2.0
948,4,0,3.0
948,5,0,3.0
948,6,0,3.0
948,7,0,3.3333333333333335
948,8,0,4.25
948,9,0,4.25
948,10,0,4.8
948,11,0,4.8
948,12,0,5.666666666666667
948,13,0,5.666666666666667
948,14,0,6.285714285714286
948,15,0,6.285714285714286
948,16,0,6.666666666666667
948,17,0,6.666666666666667
948,18,0,7.636363636363637
948,19,0,7.636363636363637
948,20,0,7.636363636363637
948,21,0,7.769230769230769
948,22,0,8.285714285714286
948,23,0,8.4375
948,24,0,8.4375
948,25,0,9.105263157894736
948,26,2,9.105263157894736
948,27,1,8.909090909090908
948,28,3,8.909090909090908
948,29,4,9.6
948,30,7,9.6
948,31,7,9.461538461538462
948,32,7,10.206896551724139
948,33,9,10.206896551724139
948,34,10,10.1
949,0,0,0
949,1,0,0
949,2,0,0
949,3,0,0
949,4,0,3.5
949,5,0,3.5
949,6,0,4.0
949,7,0,4.0
949,8,0,4.5
949,9,0,4.5
949,10,0,5.2
949,11,0,5.666666666666667
949,12,0,5.666666666666667
949,13,0,6.625
949,14,0,6.625
949,15,0,7.111111111111111
949,16,0,7.6
949,17,0,7.6
949,18,0,8.0
949,19,0,8.5
949,20,0,8.76923076923077
949,21,0,8.285714285714286
949,22,0,8.25
949,23,0,8.823529411764707
949,24,0,8.444444444444445
949,25,0,8.842105263157896
949,26,3,8.238095238095237
949,27,5,9.173913043478262
949,28,4,8.916666666666666
949,29,7,9.28
949,30,8,9.115384615384615
949,31,9,9.62962962962963
949,32,8,9.89655172413793
949,33,8,9.89655172413793
949,34,7,10.290322580645162
950,0,0,0
950,1,0,0
950,2,0,0
950,3,0,3.0
950,4,0,3.0
950,5,0,3.0
950,6,0,3.0
950,7,0,4.333333333333333
950,8,0,4.25
950,9,0,4.25
950,10,0,4.25
950,11,0,5.166666666666667
950,12,0,5.166666666666667
950,13,0,5.571428571428571
950,14,0,5.75
950,15,0,5.75
950,16,0,6.333333333333333
950,17,0,6.4
950,18,0,6.4
950,19,0,6.7272727272727275
950,20,0,7.0
950,21,0,7.0
950,22,0,7.461538461538462
950,23,0,7.461538461538462
950,24,0,7.8125
950,25,0,7.8125
950,26,1,7.8125
950,27,2,7.944444444444445
950,28,4,8.421052631578947
950,29,3,8.2
950,30,4,8.2
950,31,4,8.826086956521738
950,32,6,8.826086956521738
950,33,6,9.16
950,34,6,9.538461538461538
951,0,0,0
951,1,0,0
951,2,0,0
951,3,0,0
951,4,0,4.0
951,5,0,4.0
951,6,0,4.0
951,7,0,4.75
951,8,0,4.75
951,9,0,4.75
951,10,0,5.4
951,11,0,5.5
951,12,0,6.142857142857143
951,13,0,6.142857142857143
951,14,0,6.5
951,15,0,7.111111111111111
951,16,0,6.6
951,17,0,7.0
951,18,0,7.666666666666667
951,19,0,7.666666666666667
951,20,0,7.230769230769231
951,21,2,8.4
951,22,1,8.0625
951,23,3,8.0625
951,24,2,8.333333333333334
951,25,0,8.947368421052632
951,26,2,9.285714285714286
951,27,3,8.954545454545455
951,28,4,9.958333333333334
951,29,3,9.72
951,30,4,10.592592592592593
951,31,3,10.535714285714286
951,32,3,10.535714285714286
951,33,4,10.833333333333334
951,34,5,11.32258064516129
952,0,0,0
952,1,0,0
952,2,0,2.0
952,3,0,2.0
952,4,0,2.0
952,5,0,3.0
952,6,0,3.3333333333333335
952,7,0,3.3333333333333335
952,8,0,4.0
952,9,0,4.4
952,10,0,4.666666666666667
952,11,0,4.666666666666667
952,12,0,4.666666666666667
952,13,0,5.285714285714286
952,14,0,5.75
952,15,0,5.75
952,16,0,6.8
952,17,0,6.8
952,18,0,6.8
952,19,0,7.833333333333333
952,20,0,7.833333333333333
952,21,0,7.833333333333333
952,22,0,8.928571428571429
952,23,0,8.928571428571429
952,24,0,8.928571428571429
952,25,0,9.466666666666667
952,26,0,9.647058823529411
952,27,1,9.222222222222221
952,28,3,9.736842105263158
952,29,6,9.4
952,30,6,10.545454545454545
952,31,7,10.304347826086957
952,32,7,10.791666666666666
952,33,7,11.192307692307692
952,34,7,11.037037037037036
953,0,0,0
953,1,0,0
953,2,0,0
953,3,0,2.0
953,4,0,2.0
953,5,0,3.0
953,6,0,3.0
953,7,0,3.6666666666666665
953,8,0,4.25
953,9,0,4.25
953,10,0,4.8
953,11,0,5.5
953,12,0,6.0
953,13,0,6.0
953,14,0,6.0
953,15,0,6.625
953,16,0,7.222222222222222
953,17,0,7.6
953,18,0,7.6
953,19,0,8.181818181818182
953,20,0,8.5
953,21,0,8.5
953,22,0,8.0
953,23,0,8.266666666666667
953,24,0,8.6875
953,25,0,8.6875
953,26,1,8.578947368421053
953,27,5,8.578947368421053
953,28,6,8.80952380952381
953,29,6,8.80952380952381
953,30,8,9.26086956521739
953,31,9,9.666666666666666
953,32,9,9.52
953,33,10,10.481481481481481
953,34,10,10.392857142857142
954,0,0,0
954,1,0,0
954,2,0,2.0
954,3,0,2.0
954,4,0,2.0
954,5,0,3.6666666666666665
954,6,0,3.6666666666666665
954,7,0,3.6666666666666665
954,8,0,3.6666666666666665
954,9,0,5.2
954,10,0,5.2
954,11,0,5.2
954,12,0,5.666666666666667
954,13,0,6.571428571428571
954,14,0,6.571428571428571
954,15,0,7.25
954,16,0,7.666666666666667
954,17,0,8.3
954,18,0,8.3
954,19,0,8.818181818181818
954,20,0,8.818181818181818
954,21,0,9.846153846153847
954,22,0,9.846153846153847
954,23,0,10.6
954,24,0,10.0625
954,25,0,10.421052631578947
954,26,0,10.421052631578947
954,27,0,10.523809523809524
954,28,0,10.523809523809524
954,29,0,10.565217391304348
954,30,1,11.083333333333334
954,31,0,10.72
954,32,1,11.444444444444445
954,33,0,11.178571428571429
954,34,0,11.178571428571429
955,0,0,0
955,1,0,0
955,2,0,2.0
955,3,0,2.0
955,4,0,2.0
955,5,0,2.3333333333333335
955,6,0,3.25
955,7,0,3.25
955,8,0,4.0
955,9,0,4.5
955,10,0,4.5
955,11,0,4.5
955,12,0,5.142857142857143
955,13,0,5.75
955,14,0,5.75
955,15,0,6.454545454545454
955,16,0,6.454545454545454
955,17,0,6.454545454545454
955,18,0,7.083333333333333
955,19,0,7.6923076923076925
955,20,0,7.285714285714286
955,21,0,7.285714285714286
955,22,0,7.352941176470588
955,23,0,7.944444444444445
955,24,0,7.944444444444445
955,25,0,8.578947368421053
955,26,1,8.578947368421053
955,27,2,8.904761904761905
955,28,3,8.904761904761905
955,29,4,9.347826086956522
955,30,7,9.958333333333334
955,31,6,9.76
955,32,7,10.88888888888889
955,33,6,10.75
955,34,6,11.310344827586206
956,0,0,0
956,1,0,0
956,2,0,0
956,3,0,3.0
956,4,0,3.5
956,5,0,4.0
956,6,0,4.0
956,7,0,4.0
956,8,0,4.0
956,9,0,4.8
956,10,0,4.8
956,11,0,5.857142857142857
956,12,0,5.857142857142857
956,13,0,6.555555555555555
956,14,0,6.555555555555555
956,15,0,6.555555555555555
956,16,0,7.545454545454546
956,17,0,7.545454545454546
956,18,0,8.0
956,19,1,7.538461538461538
956,20,0,8.4
956,21,1,8.0625
956,22,2,7.705882352941177
956,23,2,7.65
956,24,4,8.19047619047619
956,25,0,7.913043478260869
956,26,0,8.333333333333334
956,27,6,8.192307692307692
956,28,10,8.703703703703704
956,29,10,8.89655172413793
956,30,11,8.733333333333333
956,31,13,9.161290322580646
956,32,12,9.545454545454545
956,33,13,9.545454545454545
956,34,13,9.885714285714286
957,0,0,0
957,1,0,0
957,2,0,0
957,3,0,3.0
957,4,0,3.5
957,5,0,3.5
957,6,0,4.0
957,7,0,4.75
957,8,0,5.0
957,9,0,5.0
957,10,0,5.0
957,11,0,5.666666666666667
957,12,0,6.0
957,13,0,6.0
957,14,0,6.0
957,15,0,6.8
957,16,0,6.8
957,17,0,6.8
957,18,0,8.0
957,19,0,7.538461538461538
957,20,0,7.538461538461538
957,21,0,7.8
957,22,2,8.375
957,23,2,8.61111111111111
957,24,3,8.75
957,25,2,8.619047619047619
957,26,5,8.782608695652174
957,27,7,8.75
957,28,8,9.28
957,29,9,9.592592592592593
957,30,10,9.592592592592593
957,31,10,9.5
957,32,11,10.466666666666667
957,33,11,10.387096774193548
957,34,13,10.387096774193548
958,0,0,0
958,1,0,0
958,2,0,0
958,3,0,0
958,4,0,4.0
958,5,0,4.0
958,6,0,4.0
958,7,0,5.25
958,8,0,5.25
958,9,0,5.6
958,10,0,6.166666666666667
958,11,0,6.166666666666667
958,12,0,6.714285714285714
958,13,0,7.25
958,14,0,7.25
958,15,0,7.777777777777778
958,16,0,8.4
958,17,0,8.4
958,18,1,8.25
958,19,2,8.76923076923077
958,20,0,8.357142857142858
958,21,0,7.75
958,22,1,8.722222222222221
958,23,0,8.2
958,24,0,8.666666666666666
958,25,0,8.454545454545455
958,26,0,9.0
958,27,1,9.0
958,28,3,9.576923076923077
958,29,4,9.576923076923077
958,30,5,9.37037037037037
958,31,5,10.241379310344827
958,32,5,10.066666666666666
958,33,4,9.935483870967742
958,34,3,9.84375
959,0,0,0
959,1,0,0
959,2,0,0
959,3,0,3.0
959,4,0,3.0
959,5,0,3.0
959,6,0,3.0
959,7,0,4.0
959,8,0,4.5
959,9,0,4.5
959,10,0,4.8
959,11,0,5.333333333333333
959,12,0,5.333333333333333
959,13,0,5.571428571428571
959,14,0,5.571428571428571
959,15,0,6.25
959,16,0,6.25
959,17,0,6.555555555555555
959,18,0,7.3
959,19,0,7.3
959,20,0,7.7272727272727275
959,21,0,7.7272727272727275
959,22,0,8.357142857142858
959,23,0,8.357142857142858
959,24,0,8.357142857142858
959,25,0,9.4375
959,26,0,9.0
959,27,0,9.5
959,28,0,9.55
959,29,0,9.55
959,30,0,9.727272727272727
959,31,1,9.727272727272727
959,32,0,9.958333333333334
959,33,0,9.958333333333334
959,34,0,10.26923076923077
960,0,0,0
960,1,0,0
960,2,0,0
960,3,0,0
960,4,0,4.0
960,5,0,4.0
960,6,0,4.0
960,7,0,4.0
960,8,0,5.0
960,9,0,4.5
960,10,0,4.5
960,11,0,4.5
960,12,0,5.166666666666667
960,13,0,5.166666666666667
960,14,0,5.166666666666667
960,15,0,6.125
960,16,0,5.666666666666667
960,17,0,6.0
960,18,0,6.0
960,19,0,6.7272727272727275
960,20,0,6.25
960,21,0,6.6923076923076925
960,22,0,7.0
960,23,1,7.375
960,24,1,7.117647058823529
960,25,1,7.117647058823529
960,26,0,8.0
960,27,1,8.0
960,28,2,7.857142857142857
960,29,2,8.318181818181818
960,30,2,8.75
960,31,2,8.75
960,32,1,9.555555555555555
960,33,2,9.555555555555555
960,34,1,9.862068965517242
961,0,0,0
961,1,0,0
961,2,0,0
961,3,0,3.0
961,4,0,3.5
961,5,0,3.5
961,6,0,4.333333333333333
961,7,0,5.0
961,8,0,5.0
961,9,0,5.333333333333333
961,10,0,5.428571428571429
961,11,0,5.875
961,12,0,5.875
961,13,0,6.111111111111111
961,14,0,6.111111111111111
961,15,0,6.7
961,16,0,6.5
961,17,0,6.5
961,18,1,7.153846153846154
961,19,0,7.133333333333334
961,20,0,7.133333333333334
961,21,0,6.9375
961,22,0,7.333333333333333
961,23,0,7.45
961,24,1,7.45
961,25,0,7.521739130434782
961,26,0,7.916666666666667
961,27,0,7.576923076923077
961,28,1,8.074074074074074
961,29,1,7.892857142857143
961,30,3,8.310344827586206
961,31,3,8.612903225806452
961,32,4,8.96875
961,33,3,9.294117647058824
961,34,2,9.17142857142857
962,0,0,0
962,1,0,0
962,2,0,0
962,3,0,0
962,4,0,3.5
962,5,0,3.5
962,6,0,3.5
962,7,0,3.5
962,8,0,5.0
962,9,0,5.0
962,10,0,5.8
962,11,0,5.8
962,12,0,6.166666666666667
962,13,0,7.0
962,14,0,7.0
962,15,0,7.25
962,16,0,8.0
962,17,0,7.4
962,18,0,8.083333333333334
962,19,1,7.6923076923076925
962,20,0,8.333333333333334
962,21,0,8.0
962,22,3,8.411764705882353
962,23,3,8.31578947368421
962,24,3,8.75
962,25,3,8.227272727272727
962,26,3,8.521739130434783
962,27,4,8.541666666666666
962,28,6,9.0
962,29,7,9.37037037037037
962,30,9,9.37037037037037
962,31,8,9.689655172413794
962,32,10,10.166666666666666
962,33,10,10.129032258064516
962,34,12,10.129032258064516
963,0,0,0
963,1,0,0
963,2,0,0
963,3,0,0
963,4,0,4.0
963,5,0,4.0
963,6,0,4.0
963,7,0,4.0
963,8,0,5.5
963,9,0,5.5
963,10,0,5.5
963,11,0,6.0
963,12,0,6.5
963,13,0,6.714285714285714
963,14,0,6.666666666666667
963,15,0,6.666666666666667
963,16,0,6.7272727272727275
963,17,1,6.7272727272727275
963,18,1,7.0
963,19,3,7.428571428571429
963,20,0,7.2
963,21,0,7.2
963,22,5,7.388888888888889
963,23,7,7.894736842105263
963,24,7,7.428571428571429
963,25,7,8.434782608695652
963,26,7,8.16
963,27,8,8.16
963,28,11,8.703703703703704
963,29,12,9.25
963,30,12,9.310344827586206
963,31,12,9.310344827586206
963,32,13,9.903225806451612
963,33,14,10.4375
963,34,15,10.606060606060606
964,0,0,0
964,1,0,0
964,2,0,0
964,3,0,3.0
964,4,0,3.0
964,5,0,3.5
964,6,0,3.5
964,7,0,4.666666666666667
964,8,0,5.0
964,9,0,5.6
964,10,0,5.833333333333333
964,11,0,5.833333333333333
964,12,0,6.142857142857143
964,13,0,6.75
964,14,0,6.75
964,15,0,6.75
964,16,0,7.333333333333333
964,17,0,7.8
964,18,0,8.090909090909092
964,19,0,8.583333333333334
964,20,0,8.583333333333334
964,21,0,8.5
964,22,0,8.133333333333333
964,23,0,8.235294117647058
964,24,0,8.61111111111111
964,25,0,8.380952380952381
964,26,1,8.380952380952381
964,27,4,8.136363636363637
964,28,6,8.565217391304348
964,29,9,8.92
964,30,11,8.92
964,31,12,9.714285714285714
964,32,14,9.714285714285714
964,33,13,10.133333333333333
964,34,13,10.516129032258064
965,0,0,0
965,1,0,0
965,2,0,2.0
965,3,0,2.0
965,4,0,2.0
965,5,0,3.0
965,6,0,3.3333333333333335
965,7,0,3.3333333333333335
965,8,0,4.0
965,9,0,4.0
965,10,0,4.8
965,11,0,5.0
965,12,0,5.0
965,13,0,5.555555555555555
965,14,0,5.555555555555555
965,15,0,5.3
965,16,0,6.0
965,17,1,6.0
965,18,1,6.0
965,19,1,6.4
965,20,0,6.4
965,21,0,6.705882352941177
965,22,2,6.705882352941177
965,23,1,7.2631578947368425
965,24,2,7.0
965,25,1,7.363636363636363
965,26,2,7.75
965,27,2,8.115384615384615
965,28,5,8.115384615384615
965,29,5,8.571428571428571
965,30,6,8.89655172413793
965,31,5,8.833333333333334
965,32,6,8.833333333333334
965,33,6,9.34375
965,34,7,9.727272727272727
966,0,0,0
966,1,0,0
966,2,0,0
966,3,0,2.5
966,4,0,2.5
966,5,0,3.3333333333333335
966,6,0,3.3333333333333335
966,7,0,4.2
966,8,0,4.2
966,9,0,5.142857142857143
966,10,0,5.142857142857143
966,11,0,5.142857142857143
966,12,0,5.142857142857143
966,13,0,6.333333333333333
966,14,0,6.333333333333333
966,15,0,6.9
966,16,0,7.545454545454546
966,17,1,7.545454545454546
966,18,0,7.6923076923076925
966,19,2,8.214285714285714
966,20,0,8.5
966,21,2,8.61111111111111
966,22,1,8.368421052631579
966,23,2,8.15
966,24,1,8.5
966,25,0,8.708333333333334
966,26,4,8.6
966,27,5,8.851851851851851
966,28,7,9.392857142857142
966,29,7,9.206896551724139
966,30,9,9.7
966,31,9,10.09375
966,32,8,10.090909090909092
966,33,7,10.571428571428571
966,34,6,10.945945945945946
967,0,0,0
967,1,0,0
967,2,0,2.0
967,3,0,2.5
967,4,0,3.0
967,5,0,3.0
967,6,0,3.5
967,7,0,4.0
967,8,0,4.0
967,9,0,4.5
967,10,0,4.5
967,11,0,5.285714285714286
967,12,0,5.75
967,13,0,5.75
967,14,0,6.9
967,15,0,6.9
967,16,0,7.545454545454546
967,17,0,7.545454545454546
967,18,0,8.083333333333334
967,19,1,8.692307692307692
967,20,0,8.214285714285714
967,21,0,8.214285714285714
967,22,1,9.117647058823529
967,23,1,8.722222222222221
967,24,1,8.722222222222221
967,25,2,8.15
967,26,3,9.318181818181818
967,27,3,8.875
967,28,3,8.875
967,29,4,8.72
967,30,5,9.925925925925926
967,31,5,9.821428571428571
967,32,5,10.344827586206897
967,33,4,10.774193548387096
967,34,5,10.774193548387096
968,0,0,0
968,1,0,0
968,2,0,0
968,3,0,3.0
968,4,0,3.0
968,5,0,4.0
968,6,0,4.0
968,7,0,4.0
968,8,0,4.5
968,9,0,5.0
968,10,0,5.333333333333333
968,11,0,5.333333333333333
968,12,0,5.333333333333333
968,13,0,6.0
968,14,0,6.5
968,15,0,7.111111111111111
968,16,0,7.111111111111111
968,17,0,7.4
968,18,0,6.909090909090909
968,19,0,7.076923076923077
968,20,0,7.428571428571429
968,21,1,7.066666666666666
968,22,1,7.411764705882353
968,23,0,7.526315789473684
968,24,1,7.857142857142857
968,25,0,7.681818181818182
968,26,0,7.833333333333333
968,27,1,8.153846153846153
968,28,1,8.285714285714286
968,29,1,8.285714285714286
968,30,1,8.137931034482758
968,31,2,9.03225806451613
968,32,2,8.90625
968,33,3,9.676470588235293
968,34,4,9.542857142857143
969,0,0,0
969,1,0,0
969,2,0,2.0
969,3,0,2.5
969,4,0,2.5
969,5,0,2.5
969,6,0,4.25
969,7,0,4.25
969,8,0,4.4
969,9,0,4.4
969,10,0,5.166666666666667
969,11,0,5.571428571428571
969,12,0,6.25
969,13,0,5.777777777777778
969,14,0,6.4
969,15,0,6.818181818181818
969,16,0,7.416666666666667
969,17,0,7.214285714285714
969,18,0,7.214285714285714
969,19,1,7.8
969,20,0,7.4375
969,21,1,8.277777777777779
969,22,2,8.052631578947368
969,23,2,8.052631578947368
969,24,1,8.238095238095237
969,25,0,8.391304347826088
969,26,0,8.25
969,27,2,8.0
969,28,2,8.185185185185185
969,29,4,8.642857142857142
969,30,4,8.655172413793103
969,31,4,8.655172413793103
969,32,4,9.5625
969,33,5,9.5625
969,34,4,9.484848484848484
970,0,0,0
970,1,0,0
970,2,0,2.0
970,3,0,2.5
970,4,0,2.5
970,5,0,3.3333333333333335
970,6,0,3.75
970,7,0,3.75
970,8,0,3.75
970,9,0,4.666666666666667
970,10,0,4.666666666666667
970,11,0,4.571428571428571
970,12,0,4.571428571428571
970,13,0,5.222222222222222
970,14,0,5.222222222222222
970,15,0,5.222222222222222
970,16,0,5.5
970,17,0,6.090909090909091
970,18,0,6.25
970,19,0,6.25
970,20,0,6.923076923076923
970,21,0,6.923076923076923
970,22,0,7.285714285714286
970,23,0,7.285714285714286
970,24,0,8.0
970,25,0,8.0
970,26,0,9.117647058823529
970,27,0,9.117647058823529
970,28,0,9.117647058823529
970,29,2,9.555555555555555
970,30,1,9.85
970,31,2,9.909090909090908
970,32,2,10.434782608695652
970,33,2,10.208333333333334
970,34,3,10.208333333333334
971,0,0,0
971,1,0,0
971,2,0,0
971,3,0,0
971,4,0,4.0
971,5,0,4.0
971,6,0,4.0
971,7,0,5.25
971,8,0,5.25
971,9,0,5.8
971,10,0,5.8
971,11,0,6.333333333333333
971,12,0,6.857142857142857
971,13,0,6.857142857142857
971,14,0,7.25
971,15,0,7.777777777777778
971,16,0,7.777777777777778
971,17,0,7.7272727272727275
971,18,0,8.166666666666666
971,19,0,7.6923076923076925
971,20,0,7.214285714285714
971,21,0,7.866666666666666
971,22,0,7.722222222222222
971,23,0,7.722222222222222
971,24,0,8.210526315789474
971,25,0,8.428571428571429
971,26,1,8.565217391304348
971,27,4,8.565217391304348
971,28,3,8.88
971,29,3,8.88
971,30,3,9.222222222222221
971,31,5,9.222222222222221
971,32,4,10.1
971,33,3,10.0
971,34,4,10.454545454545455
972,0,0,0
972,1,0,0
972,2,0,0
972,3,0,3.0
972,4,0,3.0
972,5,0,3.0
972,6,0,3.0
972,7,0,4.333333333333333
972,8,0,5.0
972,9,0,5.0
972,10,0,5.8
972,11,0,6.333333333333333
972,12,0,6.333333333333333
972,13,0,6.375
972,14,0,6.888888888888889
972,15,0,7.3
972,16,0,7.818181818181818
972,17,0,8.166666666666666
972,18,0,8.166666666666666
972,19,0,8.466666666666667
972,20,0,8.466666666666667
972,21,0,8.0625
972,22,0,8.411764705882353
972,23,0,8.25
972,24,0,8.25
972,25,0,8.409090909090908
972,26,0,8.625
972,27,0,8.625
972,28,2,8.4
972,29,5,9.333333333333334
972,30,5,9.107142857142858
972,31,5,9.620689655172415
972,32,5,9.466666666666667
972,33,5,10.375
972,34,5,10.272727272727273
973,0,0,0
973,1,0,0
973,2,0,2.0
973,3,0,2.0
973,4,0,3.0
973,5,0,3.6666666666666665
973,6,0,3.6666666666666665
973,7,0,4.25
973,8,0,4.8
973,9,0,4.8
973,10,0,6.0
973,11,0,6.0
973,12,0,6.5
973,13,0,6.5
973,14,0,7.111111111111111
973,15,0,6.6
973,16,0,6.666666666666667
973,17,0,6.846153846153846
973,18,1,6.846153846153846
973,19,1,6.5
973,20,0,7.4375
973,21,0,7.235294117647059
973,22,0,7.157894736842105
973,23,1,7.75
973,24,0,7.636363636363637
973,25,0,8.08695652173913
973,26,1,7.916666666666667
973,27,2,8.4
973,28,3,8.37037037037037
973,29,5,8.37037037037037
973,30,5,8.25
973,31,6,8.758620689655173
973,32,5,8.838709677419354
973,33,6,8.838709677419354
973,34,5,9.272727272727273
974,0,0,0
974,1,0,0
974,2,0,0
974,3,0,3.0
974,4,0,3.0
974,5,0,3.0
974,6,0,3.6666666666666665
974,7,0,4.25
974,8,0,4.25
974,9,0,4.25
974,10,0,5.833333333333333
974,11,0,5.285714285714286
974,12,0,5.285714285714286
974,13,0,5.285714285714286
974,14,0,6.777777777777778
974,15,2,6.777777777777778
974,16,2,6.3
974,17,5,7.75
974,18,4,7.461538461538462
974,19,6,8.071428571428571
974,20,0,7.933333333333334
974,21,1,8.944444444444445
974,22,3,8.578947368421053
974,23,6,8.761904761904763
974,24,9,9.08695652173913
974,25,9,9.08695652173913
974,26,9,9.115384615384615
974,27,10,9.678571428571429
974,28,10,9.758620689655173
974,29,13,10.67741935483871
974,30,13,10.59375
974,31,14,10.93939393939394
974,32,13,11.088235294117647
974,33,14,11.571428571428571
974,34,14,11.694444444444445
975,0,0,0
975,1,0,0
975,2,0,0
975,3,0,3.0
975,4,0,3.0
975,5,0,3.0
975,6,0,3.75
975,7,0,3.75
975,8,0,4.2
975,9,0,4.5
975,10,0,4.5
975,11,0,4.5
975,12,0,5.5
975,13,0,5.5
975,14,0,5.5
975,15,0,5.888888888888889
975,16,0,6.5
975,17,0,6.5
975,18,0,6.5
975,19,0,7.583333333333333
975,20,0,7.583333333333333
975,21,0,7.583333333333333
975,22,0,7.583333333333333
975,23,0,8.4
975,24,0,8.0
975,25,0,8.0
975,26,0,7.7894736842105265
975,27,1,8.35
975,28,0,8.047619047619047
975,29,0,7.818181818181818
975,30,0,8.347826086956522
975,31,0,8.75
975,32,0,8.75
975,33,0,9.2
975,34,0,9.444444444444445
976,0,0,0
976,1,0,0
976,2,0,0
976,3,0,0
976,4,0,4.0
976,5,0,4.0
976,6,0,4.75
976,7,0,4.75
976,8,0,4.75
976,9,0,4.75
976,10,0,6.0
976,11,0,6.0
976,12,0,6.0
976,13,0,6.571428571428571
976,14,0,7.125
976,15,0,7.125
976,16,0,7.666666666666667
976,17,0,8.3
976,18,0,7.7272727272727275
976,19,1,8.25
976,20,0,7.846153846153846
976,21,2,8.133333333333333
976,22,2,8.294117647058824
976,23,2,8.526315789473685
976,24,1,8.3
976,25,0,8.391304347826088
976,26,1,8.64
976,27,3,8.615384615384615
976,28,3,9.11111111111111
976,29,3,8.928571428571429
976,30,5,9.833333333333334
976,31,4,9.67741935483871
976,32,4,9.67741935483871
976,33,3,10.030303030303031
976,34,3,10.5
977,0,0,0
977,1,0,0
977,2,0,2.0
977,3,0,2.5
977,4,0,2.5
977,5,0,3.3333333333333335
977,6,0,3.75
977,7,0,3.75
977,8,0,4.4
977,9,0,4.833333333333333
977,10,0,5.0
977,11,0,5.0
977,12,0,5.8
977,13,0,5.454545454545454
977,14,0,5.454545454545454
977,15,1,5.25
977,16,5,6.214285714285714
977,17,5,6.0
977,18,6,6.5
977,19,6,6.833333333333333
977,20,0,7.15
977,21,1,7.15
977,22,1,7.304347826086956
977,23,1,7.166666666666667
977,24,5,7.5
977,25,6,7.444444444444445
977,26,10,7.793103448275862
977,27,11,8.35483870967742
977,28,12,8.35483870967742
977,29,15,8.969696969696969
977,30,18,9.382352941176471
977,31,18,9.542857142857143
977,32,20,9.972222222222221
977,33,19,10.135135135135135
977,34,19,10.526315789473685
978,0,0,0
978,1,0,0
978,2,0,0
978,3,0,3.0
978,4,0,3.0
978,5,0,3.5
978,6,0,3.5
978,7,0,4.75
978,8,0,4.75
978,9,0,4.75
978,10,0,5.2
978,11,0,6.0
978,12,0,6.0
978,13,0,6.0
978,14,0,6.888888888888889
978,15,0,6.888888888888889
978,16,0,6.888888888888889
978,17,0,6.888888888888889
978,18,1,8.363636363636363
978,19,1,7.833333333333333
978,20,0,7.833333333333333
978,21,1,7.538461538461538
978,22,1,8.6875
978,23,0,8.352941176470589
978,24,1,8.352941176470589
978,25,0,8.45
978,26,0,8.727272727272727
978,27,0,8.727272727272727
978,28,0,9.52
978,29,0,9.52
978,30,0,9.23076923076923
978,31,2,10.178571428571429
978,32,2,9.931034482758621
978,33,2,10.870967741935484
978,34,1,10.65625
979,0,0,0
979,1,0,0
979,2,0,2.0
979,3,0,2.5
979,4,0,2.5
979,5,0,2.5
979,6,0,4.25
979,7,0,4.25
979,8,0,4.25
979,9,0,4.833333333333333
979,10,0,4.833333333333333
979,11,0,4.833333333333333
979,12,0,4.833333333333333
979,13,0,5.75
979,14,0,5.75
979,15,0,6.111111111111111
979,16,0,6.5
979,17,0,6.5
979,18,0,6.5
979,19,0,6.909090909090909
979,20,0,7.416666666666667
979,21,0,7.416666666666667
979,22,0,7.428571428571429
979,23,0,7.666666666666667
979,24,0,7.666666666666667
979,25,0,7.9375
979,26,0,8.470588235294118
979,27,0,8.421052631578947
979,28,0,8.421052631578947
979,29,0,8.9
979,30,1,9.238095238095237
979,31,0,9.347826086956522
979,32,0,9.347826086956522
979,33,0,9.125
979,34,1,9.56
980,0,0,0
980,1,0,0
980,2,0,0
980,3,0,0
980,4,0,4.0
980,5,0,4.0
980,6,0,4.666666666666667
980,7,0,4.666666666666667
980,8,0,5.5
980,9,0,5.4
980,10,0,5.4
980,11,0,6.166666666666667
980,12,0,6.428571428571429
980,13,0,6.428571428571429
980,14,0,6.428571428571429
980,15,0,7.444444444444445
980,16,0,7.444444444444445
980,17,0,7.444444444444445
980,18,0,8.545454545454545
980,19,0,8.545454545454545
980,20,0,8.545454545454545
980,21,0,9.0
980,22,0,9.214285714285714
980,23,0,9.214285714285714
980,24,0,8.764705882352942
980,25,0,9.277777777777779
980,26,3,8.947368421052632
980,27,4,9.047619047619047
980,28,5,9.5
980,29,5,9.26086956521739
980,30,5,9.708333333333334
980,31,4,9.56
980,32,6,10.038461538461538
980,33,6,9.962962962962964
980,34,8,10.392857142857142
981,0,0,0
981,1,0,0
981,2,0,2.0
981,3,0,2.0
981,4,0,2.0
981,5,0,3.0
981,6,0,3.0
981,7,0,3.75
981,8,0,4.2
981,9,0,4.2
981,10,0,4.2
981,11,0,4.833333333333333
981,12,0,5.125
981,13,1,5.125
981,14,1,4.888888888888889
981,15,2,6.090909090909091
981,16,1,5.916666666666667
981,17,2,6.461538461538462
981,18,2,6.933333333333334
981,19,2,6.933333333333334
981,20,0,7.411764705882353
981,21,0,7.888888888888889
981,22,0,8.095238095238095
981,23,0,8.095238095238095
981,24,0,8.26086956521739
981,25,0,8.26086956521739
981,26,2,8.923076923076923
981,27,3,8.923076923076923
981,28,2,9.178571428571429
981,29,5,9.620689655172415
981,30,6,9.466666666666667
981,31,8,9.870967741935484
981,32,7,10.272727272727273
981,33,7,10.272727272727273
981,34,7,10.205882352941176
982,0,0,0
982,1,0,0
982,2,0,0
982,3,0,2.5
982,4,0,2.5
982,5,0,2.5
982,6,0,3.0
982,7,0,3.75
982,8,0,3.4
982,9,0,4.0
982,10,0,4.0
982,11,0,4.428571428571429
982,12,0,5.0
982,13,0,5.444444444444445
982,14,0,5.444444444444445
982,15,0,5.9
982,16,0,5.9
982,17,0,6.454545454545454
982,18,0,6.615384615384615
982,19,0,6.615384615384615
982,20,0,6.8
982,21,0,7.3125
982,22,0,7.444444444444445
982,23,0,7.444444444444445
982,24,0,8.0
982,25,0,8.142857142857142
982,26,0,8.142857142857142
982,27,0,8.833333333333334
982,28,1,8.833333333333334
982,29,0,9.518518518518519
982,30,1,9.518518518518519
982,31,0,9.321428571428571
982,32,0,9.758620689655173
982,33,0,10.064516129032258
982,34,0,10.064516129032258
983,0,0,0
983,1,0,0
983,2,0,2.0
983,3,0,1.6666666666666667
983,4,0,1.6666666666666667
983,5,0,3.0
983,6,0,3.0
983,7,0,3.0
983,8,0,3.0
983,9,0,4.285714285714286
983,10,0,4.285714285714286
983,11,0,4.5
983,12,0,4.666666666666667
983,13,0,4.666666666666667
983,14,0,4.666666666666667
983,15,0,5.25
983,16,0,5.25
983,17,0,5.25
983,18,0,5.5
983,19,1,5.933333333333334
983,20,0,6.176470588235294
983,21,0,6.176470588235294
983,22,0,6.35
983,23,0,6.809523809523809
983,24,0,6.809523809523809
983,25,0,7.6521739130434785
983,26,0,7.6521739130434785
983,27,1,7.6521739130434785
983,28,2,7.8
983,29,4,8.26923076923077
983,30,3,8.11111111111111
983,31,4,8.464285714285714
983,32,3,8.344827586206897
983,33,2,8.741935483870968
983,34,3,8.741935483870968
984,0,0,0
984,1,0,0
984,2,0,0
984,3,0,3.0
984,4,0,2.5
984,5,0,2.5
984,6,0,3.75
984,7,0,3.75
984,8,0,4.0
984,9,0,4.666666666666667
984,10,0,4.666666666666667
984,11,0,4.666666666666667
984,12,0,5.285714285714286
984,13,0,6.0
984,14,0,6.0
984,15,0,6.555555555555555
984,16,0,6.9
984,17,0,6.9
984,18,0,6.9
984,19,0,8.083333333333334
984,20,0,8.083333333333334
984,21,0,8.083333333333334
984,22,0,8.538461538461538
984,23,0,8.6
984,24,0,9.0625
984,25,0,9.588235294117647
984,26,0,9.588235294117647
984,27,1,9.588235294117647
984,28,0,9.68421052631579
984,29,2,10.2
984,30,1,9.904761904761905
984,31,3,9.904761904761905
984,32,3,10.583333333333334
984,33,4,10.583333333333334
984,34,4,10.846153846153847
985,0,0,0
985,1,0,0
985,2,0,0
985,3,0,0
985,4,0,3.5
985,5,0,3.5
985,6,0,3.5
985,7,0,4.333333333333333
985,8,0,5.25
985,9,0,5.25
985,10,0,5.25
985,11,0,5.8
985,12,0,6.666666666666667
985,13,0,6.666666666666667
985,14,0,6.5
985,15,0,7.333333333333333
985,16,0,6.9
985,17,1,6.9
985,18,3,7.769230769230769
985,19,3,7.769230769230769
985,20,0,8.0
985,21,1,8.6875
985,22,0,8.88888888888889
985,23,4,8.88888888888889
985,24,4,9.095238095238095
985,25,5,9.095238095238095
985,26,4,9.521739130434783
985,27,7,9.521739130434783
985,28,6,10.0
985,29,7,10.0
985,30,6,10.481481481481481
985,31,6,11.0
985,32,5,11.068965517241379
985,33,5,11.068965517241379
985,34,5,11.516129032258064
986,0,0,0
986,1,0,0
986,2,0,0
986,3,0,0
986,4,0,3.5
986,5,0,3.5
986,6,0,4.0
986,7,0,4.0
986,8,0,5.0
986,9,0,5.0
986,10,0,5.666666666666667
986,11,0,5.666666666666667
986,12,0,5.5
986,13,0,5.5
986,14,0,6.5
986,15,0,6.5
986,16,0,7.0
986,17,0,6.923076923076923
986,18,1,6.923076923076923
986,19,3,7.4375
986,20,0,7.176470588235294
986,21,0,6.888888888888889
986,22,2,6.7368421052631575
986,23,1,7.454545454545454
986,24,1,7.260869565217392
986,25,1,7.25
986,26,2,7.576923076923077
986,27,5,8.035714285714286
986,28,5,8.517241379310345
986,29,5,8.4
986,30,8,9.28125
986,31,8,9.181818181818182
986,32,8,9.181818181818182
986,33,9,9.514285714285714
986,34,8,9.945945945945946
987,0,0,0
987,1,0,0
987,2,0,0
987,3,0,2.0
987,4,0,3.0
987,5,0,3.0
987,6,0,3.0
987,7,0,4.0
987,8,0,4.75
987,9,0,5.0
987,10,0,5.0
987,11,0,5.857142857142857
987,12,0,5.857142857142857
987,13,0,6.5
987,14,0,6.5
987,15,0,6.5
987,16,0,7.0
987,17,0,7.0
987,18,0,7.5
987,19,0,7.5
987,20,0,8.5
987,21,0,8.066666666666666
987,22,0,7.6875
987,23,2,8.722222222222221
987,24,1,8.421052631578947
987,25,3,8.421052631578947
987,26,4,8.571428571428571
987,27,8,9.045454545454545
987,28,8,8.91304347826087
987,29,9,8.91304347826087
987,30,9,9.73076923076923
987,31,9,9.73076923076923
987,32,8,10.071428571428571
987,33,8,10.551724137931034
987,34,7,10.870967741935484
988,0,0,0
988,1,0,0
988,2,0,2.0
988,3,0,2.0
988,4,0,2.0
988,5,0,2.0
988,6,0,3.0
988,7,0,3.0
988,8,0,3.4
988,9,0,3.4
988,10,0,3.8333333333333335
988,11,0,4.428571428571429
988,12,0,4.625
988,13,0,5.0
988,14,0,5.0
988,15,0,4.7
988,16,0,5.090909090909091
988,17,0,5.666666666666667
988,18,0,5.785714285714286
988,19,0,5.785714285714286
988,20,0,6.2
988,21,1,6.235294117647059
988,22,0,6.0
988,23,0,6.0
988,24,0,6.761904761904762
988,25,0,6.761904761904762
988,26,0,6.590909090909091
988,27,1,7.0
988,28,0,7.32
988,29,2,7.461538461538462
988,30,3,7.333333333333333
988,31,3,8.0
988,32,2,7.866666666666666
988,33,3,7.866666666666666
988,34,2,8.28125
989,0,0,0
989,1,0,0
989,2,0,0
989,3,0,2.0
989,4,0,3.0
989,5,0,3.0
989,6,0,3.0
989,7,0,3.0
989,8,0,4.25
989,9,0,4.25
989,10,0,4.6
989,11,0,5.333333333333333
989,12,0,5.333333333333333
989,13,0,6.125
989,14,0,6.125
989,15,0,6.1
989,16,0,6.636363636363637
989,17,0,6.636363636363637
989,18,0,7.142857142857143
989,19,0,7.142857142857143
989,20,0,7.3125
989,21,0,7.823529411764706
989,22,0,7.823529411764706
989,23,0,8.222222222222221
989,24,1,8.222222222222221
989,25,0,8.761904761904763
989,26,4,8.761904761904763
989,27,5,8.26086956521739
989,28,7,8.26086956521739
989,29,9,9.038461538461538
989,30,9,9.038461538461538
989,31,10,8.925925925925926
989,32,9,9.833333333333334
989,33,9,9.806451612903226
989,34,9,9.806451612903226
990,0,0,0
990,1,0,0
990,2,0,2.0
990,3,0,2.0
990,4,0,2.0
990,5,0,2.0
990,6,0,3.0
990,7,0,3.4
990,8,0,3.4
990,9,0,4.166666666666667
990,10,0,3.857142857142857
990,11,0,4.777777777777778
990,12,0,4.777777777777778
990,13,0,4.777777777777778
990,14,0,5.5
990,15,0,5.909090909090909
990,16,0,6.153846153846154
990,17,0,6.571428571428571
990,18,0,6.8125
990,19,0,7.176470588235294
990,20,0,6.944444444444445
990,21,1,7.421052631578948
990,22,0,7.409090909090909
990,23,0,7.409090909090909
990,24,0,7.52
990,25,0,7.884615384615385
990,26,0,7.428571428571429
990,27,3,7.896551724137931
990,28,5,7.7
990,29,6,8.59375
990,30,7,8.454545454545455
990,31,7,8.882352941176471
990,32,8,8.8
990,33,9,9.194444444444445
990,34,9,9.162162162162161
991,0,0,0
991,1,0,0
991,2,0,0
991,3,0,2.0
991,4,0,2.0
991,5,0,2.0
991,6,0,2.5
991,7,0,3.6666666666666665
991,8,0,3.6666666666666665
991,9,0,4.25
991,10,0,4.8
991,11,0,4.8
991,12,0,5.857142857142857
991,13,0,5.375
991,14,0,5.375
991,15,0,6.5
991,16,0,6.5
991,17,0,6.090909090909091
991,18,2,6.583333333333333
991,19,1,6.928571428571429
991,20,0,7.4
991,21,0,7.1875
991,22,0,7.444444444444445
991,23,0,7.894736842105263
991,24,1,7.571428571428571
991,25,0,7.739130434782608
991,26,3,7.8076923076923075
991,27,3,7.592592592592593
991,28,5,8.071428571428571
991,29,6,8.366666666666667
991,30,8,8.366666666666667
991,31,9,8.71875
991,32,9,8.71875
991,33,9,9.176470588235293
991,34,10,9.6
992,0,0,0
992,1,0,0
992,2,0,2.0
992,3,0,2.0
992,4,0,2.0
992,5,0,2.0
992,6,0,3.0
992,7,0,3.75
992,8,0,3.75
992,9,0,4.6
992,10,0,4.6
992,11,0,5.166666666666667
992,12,0,5.166666666666667
992,13,0,5.714285714285714
992,14,0,6.375
992,15,0,6.1
992,16,0,6.636363636363637
992,17,0,6.916666666666667
992,18,0,6.916666666666667
992,19,0,6.916666666666667
992,20,0,7.214285714285714
992,21,0,7.6
992,22,0,8.125
992,23,0,8.125
992,24,0,7.764705882352941
992,25,0,8.277777777777779
992,26,0,8.6
992,27,0,8.285714285714286
992,28,2,8.285714285714286
992,29,3,8.875
992,30,5,8.875
992,31,4,9.192307692307692
992,32,4,9.481481481481481
992,33,3,9.357142857142858
992,34,3,9.862068965517242
993,0,0,0
993,1,0,0
993,2,0,0
993,3,0,0
993,4,0,0
993,5,0,3.5
993,6,0,3.5
993,7,0,3.5
993,8,0,4.0
993,9,0,4.75
993,10,0,5.2
993,11,0,5.2
993,12,0,5.666666666666667
993,13,0,5.625
993,14,0,5.625
993,15,0,6.222222222222222
993,16,0,6.8
993,17,0,6.8
993,18,0,6.8
993,19,1,7.0
993,20,0,7.615384615384615
993,21,0,7.285714285714286
993,22,4,8.5
993,23,2,7.833333333333333
993,24,2,8.368421052631579
993,25,1,8.590909090909092
993,26,3,8.304347826086957
993,27,5,8.8
993,28,7,9.307692307692308
993,29,9,9.333333333333334
993,30,13,9.333333333333334
993,31,12,10.2
993,32,12,10.2
993,33,12,11.06060606060606
993,34,12,11.06060606060606
994,0,0,0
994,1,0,0
994,2,0,0
994,3,0,3.0
994,4,0,3.0
994,5,0,3.0
994,6,0,3.0
994,7,0,3.6666666666666665
994,8,0,4.0
994,9,0,4.0
994,10,0,4.6
994,11,0,4.6
994,12,0,5.166666666666667
994,13,0,5.166666666666667
994,14,0,5.777777777777778
994,15,0,5.777777777777778
994,16,0,5.777777777777778
994,17,0,5.777777777777778
994,18,1,7.090909090909091
994,19,0,6.666666666666667
994,20,0,6.666666666666667
994,21,0,6.071428571428571
994,22,1,7.3125
994,23,0,7.117647058823529
994,24,1,6.777777777777778
994,25,1,7.0476190476190474
994,26,5,7.636363636363637
994,27,6,7.291666666666667
994,28,9,7.291666666666667
994,29,12,8.25925925925926
994,30,15,8.25925925925926
994,31,15,8.689655172413794
994,32,16,8.689655172413794
994,33,15,9.225806451612904
994,34,15,9.6875
995,0,0,0
995,1,0,0
995,2,0,0
995,3,0,0
995,4,0,4.0
995,5,0,4.0
995,6,0,4.0
995,7,0,5.0
995,8,0,5.5
995,9,0,5.5
995,10,0,5.5
995,11,0,6.666666666666667
995,12,0,6.666666666666667
995,13,0,7.142857142857143
995,14,0,7.625
995,15,0,7.0
995,16,1,7.7272727272727275
995,17,1,7.25
995,18,1,8.071428571428571
995,19,1,7.8
995,20,0,8.1875
995,21,0,8.0
995,22,1,8.105263157894736
995,23,2,8.55
995,24,1,8.391304347826088
995,25,1,8.791666666666666
995,26,0,8.851851851851851
995,27,2,8.851851851851851
995,28,2,8.75
995,29,3,9.206896551724139
995,30,4,9.451612903225806
995,31,5,9.8125
995,32,5,9.696969696969697
995,33,6,10.117647058823529
995,34,5,10.028571428571428
996,0,0,0
996,1,0,0
996,2,0,0
996,3,0,3.0
996,4,0,3.0
996,5,0,3.6666666666666665
996,6,0,3.6666666666666665
996,7,0,3.6666666666666665
996,8,0,4.0
996,9,0,4.8
996,10,0,5.166666666666667
996,11,0,5.166666666666667
996,12,0,6.0
996,13,0,6.125
996,14,0,6.125
996,15,0,6.777777777777778
996,16,0,6.9
996,17,0,7.363636363636363
996,18,0,6.916666666666667
996,19,1,6.916666666666667
996,20,0,7.2
996,21,1,7.2
996,22,1,7.222222222222222
996,23,1,7.526315789473684
996,24,2,7.238095238095238
996,25,0,7.913043478260869
996,26,1,7.791666666666667
996,27,3,7.56
996,28,6,7.777777777777778
996,29,7,8.178571428571429
996,30,6,8.03448275862069
996,31,7,8.0
996,32,7,8.8125
996,33,6,8.818181818181818
996,34,6,9.058823529411764
997,0,0,0
997,1,0,0
997,2,0,2.0
997,3,0,2.0
997,4,0,3.0
997,5,0,3.0
997,6,0,3.6666666666666665
997,7,0,4.25
997,8,0,4.25
997,9,0,5.5
997,10,0,5.5
997,11,0,5.5
997,12,0,6.0
997,13,0,6.111111111111111
997,14,0,6.111111111111111
997,15,0,6.2727272727272725
997,16,1,6.2727272727272725
997,17,0,6.928571428571429
997,18,1,6.928571428571429
997,19,2,6.733333333333333
997,20,0,6.733333333333333
997,21,1,7.555555555555555
997,22,4,7.2631578947368425
997,23,4,7.05
997,24,4,6.857142857142857
997,25,5,7.833333333333333
997,26,4,7.84
997,27,5,8.384615384615385
997,28,5,8.444444444444445
997,29,8,8.892857142857142
997,30,9,9.466666666666667
997,31,9,9.466666666666667
997,32,8,9.9375
997,33,9,10.424242424242424
997,34,9,10.441176470588236
998,0,0,0
998,1,0,0
998,2,0,0
998,3,0,2.5
998,4,0,2.5
998,5,0,2.5
998,6,0,3.6666666666666665
998,7,0,4.25
998,8,0,4.25
998,9,0,5.0
998,10,0,5.0
998,11,0,6.0
998,12,0,6.0
998,13,0,6.0
998,14,0,7.111111111111111
998,15,0,7.111111111111111
998,16,0,7.6
998,17,0,7.6
998,18,0,8.5
998,19,0,8.5
998,20,0,8.923076923076923
998,21,0,8.928571428571429
998,22,0,8.928571428571429
998,23,0,9.4375
998,24,0,9.4375
998,25,0,9.473684210526315
998,26,0,9.473684210526315
998,27,0,9.473684210526315
998,28,0,10.095238095238095
998,29,0,10.095238095238095
998,30,0,9.727272727272727
998,31,1,9.391304347826088
998,32,1,10.16
998,33,0,9.884615384615385
998,34,1,9.666666666666666
999,0,0,0
999,1,0,0
999,2,0,0
999,3,0,0
999,4,0,4.0
999,5,0,4.0
999,6,0,4.0
999,7,0,4.0
999,8,0,4.333333333333333
999,9,0,5.0
999,10,0,5.0
999,11,0,5.0
999,12,0,5.0
999,13,0,5.571428571428571
999,14,0,5.571428571428571
999,15,0,6.125
999,16,0,6.3
999,17,0,6.3
999,18,1,6.3
999,19,0,7.0
999,20,0,7.0
999,21,0,7.266666666666667
999,22,0,7.75
999,23,0,7.411764705882353
999,24,0,7.888888888888889
999,25,0,7.578947368421052
999,26,0,8.318181818181818
999,27,0,8.318181818181818
999,28,1,8.318181818181818
999,29,0,9.0
999,30,1,9.0
999,31,2,8.807692307692308
999,32,4,9.821428571428571
999,33,4,9.620689655172415
999,34,5,10.133333333333333
